tournament_year,tournament_name,team,team_code,player_name,position,age,birth_year,goals
1930,1930 FIFA World Cup,Argentina,ARG,Ángel Bossio,GK,25.0,1905.0,0.0
1930,1930 FIFA World Cup,Argentina,ARG,Juan Botasso,GK,21.0,1908.0,0.0
1930,1930 FIFA World Cup,Argentina,ARG,Roberto Cherro,FW,23.0,1907.0,0.0
1930,1930 FIFA World Cup,Argentina,ARG,Alberto Chividini,DF,23.0,1907.0,0.0
1930,1930 FIFA World Cup,Argentina,ARG,José Della Torre,DF,24.0,1906.0,0.0
1930,1930 FIFA World Cup,Argentina,ARG,Attilio Demaría,FW,21.0,1909.0,0.0
1930,1930 FIFA World Cup,Argentina,ARG,Juan Evaristo,MF,28.0,1902.0,0.0
1930,1930 FIFA World Cup,Argentina,ARG,Mario Evaristo,FW,21.0,1908.0,1.0
1930,1930 FIFA World Cup,Argentina,ARG,Manuel Ferreira,FW,24.0,1905.0,0.0
1930,1930 FIFA World Cup,Argentina,ARG,Luis Monti,MF,29.0,1901.0,2.0
1930,1930 FIFA World Cup,Argentina,ARG,Ramón Muttis,DF,31.0,1899.0,0.0
1930,1930 FIFA World Cup,Argentina,ARG,Rodolfo Orlandini,MF,25.0,1905.0,0.0
1930,1930 FIFA World Cup,Argentina,ARG,Fernando Paternoster,DF,27.0,1903.0,0.0
1930,1930 FIFA World Cup,Argentina,ARG,Natalio Perinetti,FW,29.0,1900.0,0.0
1930,1930 FIFA World Cup,Argentina,ARG,Carlos Peucelle,FW,21.0,1908.0,3.0
1930,1930 FIFA World Cup,Argentina,ARG,Edmundo Piaggio,DF,24.0,1905.0,0.0
1930,1930 FIFA World Cup,Argentina,ARG,Alejandro Scopelli,FW,22.0,1908.0,1.0
1930,1930 FIFA World Cup,Argentina,ARG,Carlos Spadaro,FW,28.0,1902.0,0.0
1930,1930 FIFA World Cup,Argentina,ARG,Guillermo Stábile,FW,25.0,1905.0,8.0
1930,1930 FIFA World Cup,Argentina,ARG,Arico Suárez,MF,22.0,1908.0,0.0
1930,1930 FIFA World Cup,Argentina,ARG,Francisco Varallo,FW,20.0,1910.0,1.0
1930,1930 FIFA World Cup,Argentina,ARG,Adolfo Zumelzú,MF,28.0,1902.0,2.0
1930,1930 FIFA World Cup,Belgium,BEL,Ferdinand Adams,FW,27.0,1903.0,0.0
1930,1930 FIFA World Cup,Belgium,BEL,Arnold Badjou,GK,21.0,1909.0,0.0
1930,1930 FIFA World Cup,Belgium,BEL,Pierre Braine,MF,29.0,1900.0,0.0
1930,1930 FIFA World Cup,Belgium,BEL,Alexis Chantraine,MF,29.0,1901.0,0.0
1930,1930 FIFA World Cup,Belgium,BEL,Jean De Bie,GK,38.0,1892.0,0.0
1930,1930 FIFA World Cup,Belgium,BEL,Jean De Clercq,MF,25.0,1905.0,0.0
1930,1930 FIFA World Cup,Belgium,BEL,Henri De Deken,DF,22.0,1907.0,0.0
1930,1930 FIFA World Cup,Belgium,BEL,Gérard Delbeke,MF,26.0,1903.0,0.0
1930,1930 FIFA World Cup,Belgium,BEL,Jan Diddens,FW,21.0,1908.0,0.0
1930,1930 FIFA World Cup,Belgium,BEL,August Hellemans,MF,22.0,1907.0,0.0
1930,1930 FIFA World Cup,Belgium,BEL,Nic Hoydonckx,DF,29.0,1900.0,0.0
1930,1930 FIFA World Cup,Belgium,BEL,Jacques Moeschal,FW,29.0,1900.0,0.0
1930,1930 FIFA World Cup,Belgium,BEL,Theodore Nouwens,DF,22.0,1908.0,0.0
1930,1930 FIFA World Cup,Belgium,BEL,André Saeys,FW,19.0,1911.0,0.0
1930,1930 FIFA World Cup,Belgium,BEL,Louis Versyp,FW,21.0,1908.0,0.0
1930,1930 FIFA World Cup,Belgium,BEL,Bernard Voorhoof,FW,20.0,1910.0,0.0
1930,1930 FIFA World Cup,Bolivia,BOL,Mario Alborta,FW,19.0,1910.0,0.0
1930,1930 FIFA World Cup,Bolivia,BOL,Juan Argote,MF,23.0,1906.0,0.0
1930,1930 FIFA World Cup,Bolivia,BOL,Jesús Bermúdez,GK,28.0,1902.0,0.0
1930,1930 FIFA World Cup,Bolivia,BOL,Miguel Brito,MF,29.0,1901.0,0.0
1930,1930 FIFA World Cup,Bolivia,BOL,José Bustamante,FW,23.0,1907.0,0.0
1930,1930 FIFA World Cup,Bolivia,BOL,Casiano Chavarría,DF,28.0,1901.0,0.0
1930,1930 FIFA World Cup,Bolivia,BOL,Segundo Durandal,DF,18.0,1912.0,0.0
1930,1930 FIFA World Cup,Bolivia,BOL,René Fernández,FW,24.0,1906.0,0.0
1930,1930 FIFA World Cup,Bolivia,BOL,Gumercindo Gómez,FW,23.0,1907.0,0.0
1930,1930 FIFA World Cup,Bolivia,BOL,Diógenes Lara,MF,27.0,1903.0,0.0
1930,1930 FIFA World Cup,Bolivia,BOL,Rafael Méndez,FW,26.0,1904.0,0.0
1930,1930 FIFA World Cup,Bolivia,BOL,Miguel Murillo,GK,32.0,1898.0,0.0
1930,1930 FIFA World Cup,Bolivia,BOL,Constantino Noya,MF,,,0.0
1930,1930 FIFA World Cup,Bolivia,BOL,Eduardo Reyes Ortiz,FW,23.0,1907.0,0.0
1930,1930 FIFA World Cup,Bolivia,BOL,Luis Reyes Peñaranda,DF,19.0,1911.0,0.0
1930,1930 FIFA World Cup,Bolivia,BOL,Renato Sáinz,MF,30.0,1899.0,0.0
1930,1930 FIFA World Cup,Bolivia,BOL,Jorge Valderrama,MF,23.0,1906.0,0.0
1930,1930 FIFA World Cup,Brazil,BRA,Araken,FW,24.0,1905.0,0.0
1930,1930 FIFA World Cup,Brazil,BRA,Benedicto,FW,23.0,1906.0,0.0
1930,1930 FIFA World Cup,Brazil,BRA,Benvenuto,MF,26.0,1903.0,0.0
1930,1930 FIFA World Cup,Brazil,BRA,Brilhante,DF,25.0,1904.0,0.0
1930,1930 FIFA World Cup,Brazil,BRA,Doca,FW,27.0,1903.0,0.0
1930,1930 FIFA World Cup,Brazil,BRA,Fausto,DF,25.0,1905.0,0.0
1930,1930 FIFA World Cup,Brazil,BRA,Fernando,MF,24.0,1906.0,0.0
1930,1930 FIFA World Cup,Brazil,BRA,Fortes,MF,28.0,1901.0,0.0
1930,1930 FIFA World Cup,Brazil,BRA,Hermógenes,DF,21.0,1908.0,0.0
1930,1930 FIFA World Cup,Brazil,BRA,Itália,DF,23.0,1907.0,0.0
1930,1930 FIFA World Cup,Brazil,BRA,Joel,GK,26.0,1904.0,0.0
1930,1930 FIFA World Cup,Brazil,BRA,Carvalho Leite,FW,18.0,1912.0,0.0
1930,1930 FIFA World Cup,Brazil,BRA,Manoelzinho,FW,22.0,1907.0,0.0
1930,1930 FIFA World Cup,Brazil,BRA,Ivan Mariz,MF,20.0,1910.0,0.0
1930,1930 FIFA World Cup,Brazil,BRA,Moderato,FW,27.0,1902.0,2.0
1930,1930 FIFA World Cup,Brazil,BRA,Nilo,FW,27.0,1903.0,0.0
1930,1930 FIFA World Cup,Brazil,BRA,Oscarino,MF,23.0,1907.0,0.0
1930,1930 FIFA World Cup,Brazil,BRA,Pamplona,MF,26.0,1904.0,0.0
1930,1930 FIFA World Cup,Brazil,BRA,Poly,FW,21.0,1909.0,0.0
1930,1930 FIFA World Cup,Brazil,BRA,Preguinho,FW,25.0,1905.0,3.0
1930,1930 FIFA World Cup,Brazil,BRA,Russinho,FW,27.0,1902.0,0.0
1930,1930 FIFA World Cup,Brazil,BRA,Teóphilo,FW,30.0,1900.0,0.0
1930,1930 FIFA World Cup,Brazil,BRA,Velloso,GK,21.0,1908.0,0.0
1930,1930 FIFA World Cup,Brazil,BRA,Zé Luiz,DF,25.0,1904.0,0.0
1930,1930 FIFA World Cup,Chile,CHL,Juan Aguilera,FW,26.0,1903.0,0.0
1930,1930 FIFA World Cup,Chile,CHL,Guillermo Arellano,FW,21.0,1908.0,0.0
1930,1930 FIFA World Cup,Chile,CHL,Ernesto Chaparro,DF,29.0,1901.0,0.0
1930,1930 FIFA World Cup,Chile,CHL,Arturo Coddou,MF,25.0,1905.0,0.0
1930,1930 FIFA World Cup,Chile,CHL,Roberto Cortés,GK,25.0,1905.0,0.0
1930,1930 FIFA World Cup,Chile,CHL,Humberto Elgueta,MF,25.0,1904.0,0.0
1930,1930 FIFA World Cup,Chile,CHL,César Espinoza,GK,29.0,1900.0,0.0
1930,1930 FIFA World Cup,Chile,CHL,Víctor Morales,DF,25.0,1905.0,0.0
1930,1930 FIFA World Cup,Chile,CHL,Horacio Muñoz,FW,30.0,1900.0,0.0
1930,1930 FIFA World Cup,Chile,CHL,Tomás Ojeda,FW,20.0,1910.0,0.0
1930,1930 FIFA World Cup,Chile,CHL,Ulises Poirier,DF,33.0,1897.0,0.0
1930,1930 FIFA World Cup,Chile,CHL,Guillermo Riveros,DF,28.0,1902.0,0.0
1930,1930 FIFA World Cup,Chile,CHL,Guillermo Saavedra,MF,26.0,1903.0,0.0
1930,1930 FIFA World Cup,Chile,CHL,Carlos Schneeberger,FW,28.0,1902.0,0.0
1930,1930 FIFA World Cup,Chile,CHL,Guillermo Subiabre,FW,28.0,1902.0,2.0
1930,1930 FIFA World Cup,Chile,CHL,Arturo Torres,MF,23.0,1906.0,0.0
1930,1930 FIFA World Cup,Chile,CHL,Casimiro Torres,MF,24.0,1906.0,0.0
1930,1930 FIFA World Cup,Chile,CHL,Carlos Vidal,FW,28.0,1902.0,2.0
1930,1930 FIFA World Cup,Chile,CHL,Eberardo Villalobos,FW,22.0,1908.0,0.0
1930,1930 FIFA World Cup,France,FRA,Numa Andoire,DF,22.0,1908.0,0.0
1930,1930 FIFA World Cup,France,FRA,Marcel Capelle,DF,25.0,1904.0,0.0
1930,1930 FIFA World Cup,France,FRA,Augustin Chantrel,MF,23.0,1906.0,0.0
1930,1930 FIFA World Cup,France,FRA,Edmond Delfour,MF,22.0,1907.0,0.0
1930,1930 FIFA World Cup,France,FRA,Célestin Delmer,MF,23.0,1907.0,0.0
1930,1930 FIFA World Cup,France,FRA,Marcel Langiller,FW,22.0,1908.0,1.0
1930,1930 FIFA World Cup,France,FRA,Jean Laurent,DF,23.0,1906.0,0.0
1930,1930 FIFA World Cup,France,FRA,Lucien Laurent,FW,22.0,1907.0,1.0
1930,1930 FIFA World Cup,France,FRA,Ernest Libérati,FW,24.0,1906.0,0.0
1930,1930 FIFA World Cup,France,FRA,André Maschinot,FW,27.0,1903.0,2.0
1930,1930 FIFA World Cup,France,FRA,Étienne Mattler,DF,24.0,1905.0,0.0
1930,1930 FIFA World Cup,France,FRA,Marcel Pinel,FW,22.0,1908.0,0.0
1930,1930 FIFA World Cup,France,FRA,André Tassin,GK,27.0,1902.0,0.0
1930,1930 FIFA World Cup,France,FRA,Alex Thépot,GK,23.0,1906.0,0.0
1930,1930 FIFA World Cup,France,FRA,Émile Veinante,FW,23.0,1907.0,0.0
1930,1930 FIFA World Cup,France,FRA,Alexandre Villaplane,MF,25.0,1904.0,0.0
1930,1930 FIFA World Cup,Mexico,MEX,Efraín Amézcua,MF,22.0,1907.0,0.0
1930,1930 FIFA World Cup,Mexico,MEX,Oscar Bonfiglio,GK,24.0,1905.0,0.0
1930,1930 FIFA World Cup,Mexico,MEX,Juan Carreño,FW,22.0,1907.0,1.0
1930,1930 FIFA World Cup,Mexico,MEX,Jesús Castro,FW,30.0,1900.0,0.0
1930,1930 FIFA World Cup,Mexico,MEX,Rafael Garza Gutiérrez,DF,33.0,1896.0,0.0
1930,1930 FIFA World Cup,Mexico,MEX,Francisco Garza Gutiérrez,DF,26.0,1904.0,0.0
1930,1930 FIFA World Cup,Mexico,MEX,Roberto Gayón,FW,25.0,1905.0,1.0
1930,1930 FIFA World Cup,Mexico,MEX,Hilario López,FW,22.0,1907.0,0.0
1930,1930 FIFA World Cup,Mexico,MEX,Dionisio Mejía,FW,23.0,1907.0,0.0
1930,1930 FIFA World Cup,Mexico,MEX,Felipe Olivares,FW,22.0,1907.0,0.0
1930,1930 FIFA World Cup,Mexico,MEX,Luis Pérez,FW,23.0,1907.0,0.0
1930,1930 FIFA World Cup,Mexico,MEX,Raymundo Rodríguez,MF,25.0,1905.0,0.0
1930,1930 FIFA World Cup,Mexico,MEX,Felipe Rosas,MF,20.0,1910.0,0.0
1930,1930 FIFA World Cup,Mexico,MEX,Manuel Rosas,DF,18.0,1912.0,2.0
1930,1930 FIFA World Cup,Mexico,MEX,José Ruíz,FW,26.0,1904.0,0.0
1930,1930 FIFA World Cup,Mexico,MEX,Alfredo Viejo Sánchez,MF,22.0,1908.0,0.0
1930,1930 FIFA World Cup,Mexico,MEX,Isidoro Sota,GK,28.0,1902.0,0.0
1930,1930 FIFA World Cup,Paraguay,PRY,Francisco Aguirre,MF,,,0.0
1930,1930 FIFA World Cup,Paraguay,PRY,Pedro Benítez,GK,29.0,1901.0,0.0
1930,1930 FIFA World Cup,Paraguay,PRY,Santiago Benítez,MF,,,0.0
1930,1930 FIFA World Cup,Paraguay,PRY,Delfín Benítez Cáceres,FW,19.0,1910.0,0.0
1930,1930 FIFA World Cup,Paraguay,PRY,Saguier Carreras,FW,,,0.0
1930,1930 FIFA World Cup,Paraguay,PRY,Eustacio Chamorro,DF,,,0.0
1930,1930 FIFA World Cup,Paraguay,PRY,Modesto Denis,GK,,,0.0
1930,1930 FIFA World Cup,Paraguay,PRY,Eusebio Díaz,MF,,,0.0
1930,1930 FIFA World Cup,Paraguay,PRY,Diógenes Domínguez,FW,,,0.0
1930,1930 FIFA World Cup,Paraguay,PRY,Romildo Etcheverry,MF,,,0.0
1930,1930 FIFA World Cup,Paraguay,PRY,Diego Florentín,MF,,,0.0
1930,1930 FIFA World Cup,Paraguay,PRY,Salvador Flores,DF,,,0.0
1930,1930 FIFA World Cup,Paraguay,PRY,Tranquilino Garcete,MF,,,0.0
1930,1930 FIFA World Cup,Paraguay,PRY,Aurelio González,FW,24.0,1905.0,0.0
1930,1930 FIFA World Cup,Paraguay,PRY,José Miracca,DF,26.0,1903.0,0.0
1930,1930 FIFA World Cup,Paraguay,PRY,Lino Nessi,FW,,,0.0
1930,1930 FIFA World Cup,Paraguay,PRY,Quiterio Olmedo,DF,22.0,1907.0,0.0
1930,1930 FIFA World Cup,Paraguay,PRY,Amadeo Ortega,FW,,,0.0
1930,1930 FIFA World Cup,Paraguay,PRY,Bernabé Rivera,FW,,,0.0
1930,1930 FIFA World Cup,Paraguay,PRY,Gerardo Romero,FW,,,0.0
1930,1930 FIFA World Cup,Paraguay,PRY,Luis Vargas Peña,FW,23.0,1907.0,1.0
1930,1930 FIFA World Cup,Paraguay,PRY,Jacinto Villalba,FW,,,0.0
1930,1930 FIFA World Cup,Peru,PER,Eduardo Astengo,MF,24.0,1905.0,0.0
1930,1930 FIFA World Cup,Peru,PER,Carlos Cillóniz,MF,20.0,1910.0,0.0
1930,1930 FIFA World Cup,Peru,PER,Mario de las Casas,DF,29.0,1901.0,0.0
1930,1930 FIFA World Cup,Peru,PER,Alberto Denegri,MF,23.0,1906.0,0.0
1930,1930 FIFA World Cup,Peru,PER,Arturo Fernández,DF,20.0,1910.0,0.0
1930,1930 FIFA World Cup,Peru,PER,Plácido Galindo,MF,24.0,1906.0,0.0
1930,1930 FIFA World Cup,Peru,PER,Domingo García,MF,,,0.0
1930,1930 FIFA World Cup,Peru,PER,Jorge Góngora,FW,23.0,1906.0,0.0
1930,1930 FIFA World Cup,Peru,PER,José María Lavalle,FW,19.0,1911.0,0.0
1930,1930 FIFA World Cup,Peru,PER,Julio Lores,FW,21.0,1908.0,0.0
1930,1930 FIFA World Cup,Peru,PER,Antonio Maquilón,DF,27.0,1902.0,0.0
1930,1930 FIFA World Cup,Peru,PER,Demetrio Neyra,FW,21.0,1908.0,0.0
1930,1930 FIFA World Cup,Peru,PER,Pablo Pacheco,FW,,,0.0
1930,1930 FIFA World Cup,Peru,PER,Jorge Pardon,GK,20.0,1909.0,0.0
1930,1930 FIFA World Cup,Peru,PER,Julio Quintana,MF,26.0,1904.0,0.0
1930,1930 FIFA World Cup,Peru,PER,Lizardo Rodríguez Nue,FW,19.0,1910.0,0.0
1930,1930 FIFA World Cup,Peru,PER,Jorge Sarmiento,FW,29.0,1900.0,0.0
1930,1930 FIFA World Cup,Peru,PER,Alberto Soria,DF,24.0,1906.0,0.0
1930,1930 FIFA World Cup,Peru,PER,Luis Souza Ferreira,FW,26.0,1904.0,1.0
1930,1930 FIFA World Cup,Peru,PER,Juan Valdivieso,GK,20.0,1910.0,0.0
1930,1930 FIFA World Cup,Peru,PER,Juan Alfonso Valle,MF,,,0.0
1930,1930 FIFA World Cup,Peru,PER,Alejandro Villanueva,FW,22.0,1908.0,0.0
1930,1930 FIFA World Cup,Romania,ROU,Ştefan Barbu,FW,22.0,1908.0,0.0
1930,1930 FIFA World Cup,Romania,ROU,Rudolf Bürger,DF,21.0,1908.0,0.0
1930,1930 FIFA World Cup,Romania,ROU,Iosif Czako,DF,24.0,1906.0,0.0
1930,1930 FIFA World Cup,Romania,ROU,Adalbert Deşu,FW,21.0,1909.0,1.0
1930,1930 FIFA World Cup,Romania,ROU,Alfred Eisenbeisser,MF,22.0,1908.0,0.0
1930,1930 FIFA World Cup,Romania,ROU,Miklós Kovács,FW,18.0,1911.0,1.0
1930,1930 FIFA World Cup,Romania,ROU,Ion Lǎpuşneanu,GK,21.0,1908.0,0.0
1930,1930 FIFA World Cup,Romania,ROU,László Raffinsky,MF,25.0,1905.0,0.0
1930,1930 FIFA World Cup,Romania,ROU,Corneliu Robe,MF,22.0,1908.0,0.0
1930,1930 FIFA World Cup,Romania,ROU,Constantin Stanciu,FW,19.0,1911.0,1.0
1930,1930 FIFA World Cup,Romania,ROU,Adalbert Steiner,DF,23.0,1907.0,0.0
1930,1930 FIFA World Cup,Romania,ROU,Ilie Subăşeanu,FW,24.0,1906.0,0.0
1930,1930 FIFA World Cup,Romania,ROU,Emerich Vogl,DF,24.0,1905.0,0.0
1930,1930 FIFA World Cup,Romania,ROU,Rudolf Wetzer,FW,29.0,1901.0,0.0
1930,1930 FIFA World Cup,Romania,ROU,Samuel Zauber,GK,29.0,1900.0,0.0
1930,1930 FIFA World Cup,United States,USA,Andy Auld,MF,30.0,1900.0,0.0
1930,1930 FIFA World Cup,United States,USA,Mike Bookie,FW,25.0,1904.0,0.0
1930,1930 FIFA World Cup,United States,USA,Jim Brown,FW,21.0,1908.0,1.0
1930,1930 FIFA World Cup,United States,USA,Jimmy Douglas,GK,32.0,1898.0,0.0
1930,1930 FIFA World Cup,United States,USA,Tom Florie,FW,32.0,1897.0,1.0
1930,1930 FIFA World Cup,United States,USA,Jimmy Gallagher,MF,29.0,1901.0,0.0
1930,1930 FIFA World Cup,United States,USA,James Gentle,FW,25.0,1904.0,0.0
1930,1930 FIFA World Cup,United States,USA,Billy Gonsalves,FW,21.0,1908.0,0.0
1930,1930 FIFA World Cup,United States,USA,Bart McGhee,FW,31.0,1899.0,1.0
1930,1930 FIFA World Cup,United States,USA,George Moorhouse,DF,29.0,1901.0,0.0
1930,1930 FIFA World Cup,United States,USA,Arnie Oliver,FW,23.0,1907.0,0.0
1930,1930 FIFA World Cup,United States,USA,Bert Patenaude,FW,20.0,1909.0,4.0
1930,1930 FIFA World Cup,United States,USA,Philip Slone,MF,23.0,1907.0,0.0
1930,1930 FIFA World Cup,United States,USA,Raphael Tracey,FW,26.0,1904.0,0.0
1930,1930 FIFA World Cup,United States,USA,Frank Vaughn,DF,28.0,1902.0,0.0
1930,1930 FIFA World Cup,United States,USA,Alexander Wood,DF,23.0,1907.0,0.0
1930,1930 FIFA World Cup,Uruguay,URY,José Leandro Andrade,MF,28.0,1901.0,0.0
1930,1930 FIFA World Cup,Uruguay,URY,Peregrino Anselmo,FW,28.0,1902.0,3.0
1930,1930 FIFA World Cup,Uruguay,URY,Enrique Ballesteros,GK,25.0,1905.0,0.0
1930,1930 FIFA World Cup,Uruguay,URY,Juan Carlos Calvo,FW,24.0,1906.0,0.0
1930,1930 FIFA World Cup,Uruguay,URY,Miguel Capuccini,GK,26.0,1904.0,0.0
1930,1930 FIFA World Cup,Uruguay,URY,Héctor Castro,FW,25.0,1904.0,2.0
1930,1930 FIFA World Cup,Uruguay,URY,Pedro Cea,FW,29.0,1900.0,5.0
1930,1930 FIFA World Cup,Uruguay,URY,Pablo Dorado,FW,22.0,1908.0,2.0
1930,1930 FIFA World Cup,Uruguay,URY,Lorenzo Fernández,MF,30.0,1900.0,0.0
1930,1930 FIFA World Cup,Uruguay,URY,Álvaro Gestido,MF,23.0,1907.0,0.0
1930,1930 FIFA World Cup,Uruguay,URY,Santos Iriarte,FW,27.0,1902.0,2.0
1930,1930 FIFA World Cup,Uruguay,URY,Ernesto Mascheroni,DF,22.0,1907.0,0.0
1930,1930 FIFA World Cup,Uruguay,URY,Ángel Melogno,MF,25.0,1905.0,0.0
1930,1930 FIFA World Cup,Uruguay,URY,José Nasazzi,DF,29.0,1901.0,0.0
1930,1930 FIFA World Cup,Uruguay,URY,Pedro Petrone,FW,25.0,1905.0,0.0
1930,1930 FIFA World Cup,Uruguay,URY,Conduelo Píriz,MF,25.0,1905.0,0.0
1930,1930 FIFA World Cup,Uruguay,URY,Emilio Recoba,DF,25.0,1904.0,0.0
1930,1930 FIFA World Cup,Uruguay,URY,Carlos Riolfo,MF,24.0,1905.0,0.0
1930,1930 FIFA World Cup,Uruguay,URY,Zoilo Saldombide,FW,25.0,1905.0,0.0
1930,1930 FIFA World Cup,Uruguay,URY,Héctor Scarone,FW,31.0,1898.0,1.0
1930,1930 FIFA World Cup,Uruguay,URY,Domingo Tejera,DF,30.0,1899.0,0.0
1930,1930 FIFA World Cup,Uruguay,URY,Santos Urdinarán,FW,30.0,1900.0,0.0
1930,1930 FIFA World Cup,Yugoslavia,YUG,Milorad Arsenijević,MF,24.0,1906.0,0.0
1930,1930 FIFA World Cup,Yugoslavia,YUG,Ivan Bek,FW,20.0,1909.0,3.0
1930,1930 FIFA World Cup,Yugoslavia,YUG,Momčilo Đokić,MF,19.0,1911.0,0.0
1930,1930 FIFA World Cup,Yugoslavia,YUG,Branislav Hrnjiček,MF,22.0,1908.0,0.0
1930,1930 FIFA World Cup,Yugoslavia,YUG,Milutin Ivković,DF,24.0,1906.0,0.0
1930,1930 FIFA World Cup,Yugoslavia,YUG,Milovan Jakšić,GK,20.0,1909.0,0.0
1930,1930 FIFA World Cup,Yugoslavia,YUG,Blagoje Marjanović,FW,22.0,1907.0,1.0
1930,1930 FIFA World Cup,Yugoslavia,YUG,Bozidar Marković,FW,30.0,1900.0,0.0
1930,1930 FIFA World Cup,Yugoslavia,YUG,Dragoslav Mihajlović,DF,23.0,1906.0,0.0
1930,1930 FIFA World Cup,Yugoslavia,YUG,Dragutin Najdanović,FW,22.0,1908.0,0.0
1930,1930 FIFA World Cup,Yugoslavia,YUG,Branislav Sekulić,FW,23.0,1906.0,0.0
1930,1930 FIFA World Cup,Yugoslavia,YUG,Teofilo Spasojević,MF,21.0,1909.0,0.0
1930,1930 FIFA World Cup,Yugoslavia,YUG,Ljubiša Stefanović,DF,20.0,1910.0,0.0
1930,1930 FIFA World Cup,Yugoslavia,YUG,Milan Stojanović,GK,18.0,1911.0,0.0
1930,1930 FIFA World Cup,Yugoslavia,YUG,Aleksandar Tirnanić,FW,18.0,1911.0,1.0
1930,1930 FIFA World Cup,Yugoslavia,YUG,Dragomir Tošić,DF,20.0,1909.0,0.0
1930,1930 FIFA World Cup,Yugoslavia,YUG,Đorđe Vujadinović,FW,20.0,1909.0,2.0
1934,1934 FIFA World Cup,Argentina,ARG,Ernesto Albarracín,MF,26.0,1907.0,0.0
1934,1934 FIFA World Cup,Argentina,ARG,Ramón Astudillo,DF,,,0.0
1934,1934 FIFA World Cup,Argentina,ARG,Ernesto Belis,DF,25.0,1909.0,1.0
1934,1934 FIFA World Cup,Argentina,ARG,Enrique Chimento,DF,,,0.0
1934,1934 FIFA World Cup,Argentina,ARG,Alfredo Devincenzi,FW,23.0,1911.0,0.0
1934,1934 FIFA World Cup,Argentina,ARG,Héctor Freschi,GK,23.0,1911.0,0.0
1934,1934 FIFA World Cup,Argentina,ARG,Alberto Galateo,FW,22.0,1912.0,1.0
1934,1934 FIFA World Cup,Argentina,ARG,Ángel Grippa,GK,20.0,1914.0,0.0
1934,1934 FIFA World Cup,Argentina,ARG,Roberto Irañeta,FW,19.0,1915.0,0.0
1934,1934 FIFA World Cup,Argentina,ARG,Luis Izzeta,FW,,,0.0
1934,1934 FIFA World Cup,Argentina,ARG,Arcadio López,MF,23.0,1910.0,0.0
1934,1934 FIFA World Cup,Argentina,ARG,Alfonso Lorenzo,MF,,,0.0
1934,1934 FIFA World Cup,Argentina,ARG,José Nehin,MF,28.0,1905.0,0.0
1934,1934 FIFA World Cup,Argentina,ARG,Juan Pedevilla,DF,24.0,1909.0,0.0
1934,1934 FIFA World Cup,Argentina,ARG,Francisco Pérez,FW,,,0.0
1934,1934 FIFA World Cup,Argentina,ARG,Francisco Rúa,FW,23.0,1911.0,0.0
1934,1934 FIFA World Cup,Argentina,ARG,Constantino Urbieta Sosa,MF,26.0,1907.0,0.0
1934,1934 FIFA World Cup,Argentina,ARG,Federico Wilde,FW,,,0.0
1934,1934 FIFA World Cup,Austria,AUT,Josef Bican,FW,20.0,1913.0,1.0
1934,1934 FIFA World Cup,Austria,AUT,Georg Braun,FW,27.0,1907.0,0.0
1934,1934 FIFA World Cup,Austria,AUT,Franz Cisar,DF,25.0,1908.0,0.0
1934,1934 FIFA World Cup,Austria,AUT,Friederich Franzl,GK,29.0,1905.0,0.0
1934,1934 FIFA World Cup,Austria,AUT,Josef Hassmann,FW,24.0,1910.0,0.0
1934,1934 FIFA World Cup,Austria,AUT,Leopold Hofmann,MF,28.0,1905.0,0.0
1934,1934 FIFA World Cup,Austria,AUT,Johann Horvath,FW,31.0,1903.0,2.0
1934,1934 FIFA World Cup,Austria,AUT,Anton Janda,DF,30.0,1904.0,0.0
1934,1934 FIFA World Cup,Austria,AUT,Matthias Kaburek,FW,23.0,1911.0,0.0
1934,1934 FIFA World Cup,Austria,AUT,Peter Platzer,GK,23.0,1910.0,0.0
1934,1934 FIFA World Cup,Austria,AUT,Rudolf Raftl,GK,23.0,1911.0,0.0
1934,1934 FIFA World Cup,Austria,AUT,Anton Schall,FW,26.0,1907.0,1.0
1934,1934 FIFA World Cup,Austria,AUT,Willibald Schmaus,DF,22.0,1911.0,0.0
1934,1934 FIFA World Cup,Austria,AUT,Karl Sesta,DF,28.0,1906.0,1.0
1934,1934 FIFA World Cup,Austria,AUT,Matthias Sindelar,FW,31.0,1903.0,1.0
1934,1934 FIFA World Cup,Austria,AUT,Josef Smistik,MF,28.0,1905.0,0.0
1934,1934 FIFA World Cup,Austria,AUT,Josef Stroh,FW,21.0,1913.0,0.0
1934,1934 FIFA World Cup,Austria,AUT,Johann Urbanek,MF,23.0,1910.0,0.0
1934,1934 FIFA World Cup,Austria,AUT,Rudolf Viertl,FW,31.0,1902.0,0.0
1934,1934 FIFA World Cup,Austria,AUT,Franz Wagner,MF,22.0,1911.0,0.0
1934,1934 FIFA World Cup,Austria,AUT,Hans Walzhofer,FW,28.0,1906.0,0.0
1934,1934 FIFA World Cup,Austria,AUT,Karl Zischek,FW,23.0,1910.0,1.0
1934,1934 FIFA World Cup,Belgium,BEL,Arnold Badjou,GK,24.0,1909.0,0.0
1934,1934 FIFA World Cup,Belgium,BEL,Désiré Bourgeois,MF,25.0,1908.0,0.0
1934,1934 FIFA World Cup,Belgium,BEL,Jean Brichaut,FW,22.0,1911.0,0.0
1934,1934 FIFA World Cup,Belgium,BEL,Jean Capelle,FW,20.0,1913.0,0.0
1934,1934 FIFA World Cup,Belgium,BEL,Jean Claessens,MF,25.0,1908.0,0.0
1934,1934 FIFA World Cup,Belgium,BEL,François Devries,FW,20.0,1913.0,0.0
1934,1934 FIFA World Cup,Belgium,BEL,Laurent Grimmonprez,FW,31.0,1902.0,0.0
1934,1934 FIFA World Cup,Belgium,BEL,August Hellemans,MF,26.0,1907.0,0.0
1934,1934 FIFA World Cup,Belgium,BEL,Albert Heremans,FW,28.0,1906.0,0.0
1934,1934 FIFA World Cup,Belgium,BEL,Constant Joacim,DF,26.0,1908.0,0.0
1934,1934 FIFA World Cup,Belgium,BEL,Robert Lamoot,FW,23.0,1911.0,0.0
1934,1934 FIFA World Cup,Belgium,BEL,François Ledent,FW,25.0,1908.0,0.0
1934,1934 FIFA World Cup,Belgium,BEL,Jules Pappaert,DF,28.0,1905.0,0.0
1934,1934 FIFA World Cup,Belgium,BEL,Frans Peeraer,MF,21.0,1913.0,0.0
1934,1934 FIFA World Cup,Belgium,BEL,Victor Putmans,MF,19.0,1914.0,0.0
1934,1934 FIFA World Cup,Belgium,BEL,René Simons,MF,30.0,1904.0,0.0
1934,1934 FIFA World Cup,Belgium,BEL,Philibert Smellinckx,DF,23.0,1911.0,0.0
1934,1934 FIFA World Cup,Belgium,BEL,Joseph Van Ingelgem,MF,22.0,1912.0,0.0
1934,1934 FIFA World Cup,Belgium,BEL,André Vandewyer,GK,24.0,1909.0,0.0
1934,1934 FIFA World Cup,Belgium,BEL,Louis Versyp,FW,25.0,1908.0,0.0
1934,1934 FIFA World Cup,Belgium,BEL,Bernard Voorhoof,FW,24.0,1910.0,2.0
1934,1934 FIFA World Cup,Belgium,BEL,Félix Welkenhuysen,MF,25.0,1908.0,0.0
1934,1934 FIFA World Cup,Brazil,BRA,Almeida,FW,23.0,1910.0,0.0
1934,1934 FIFA World Cup,Brazil,BRA,Ariel,MF,24.0,1910.0,0.0
1934,1934 FIFA World Cup,Brazil,BRA,Armandinho,FW,23.0,1911.0,0.0
1934,1934 FIFA World Cup,Brazil,BRA,Áttila,FW,23.0,1910.0,0.0
1934,1934 FIFA World Cup,Brazil,BRA,Canalli,MF,27.0,1907.0,0.0
1934,1934 FIFA World Cup,Brazil,BRA,Waldemar de Brito,FW,21.0,1913.0,0.0
1934,1934 FIFA World Cup,Brazil,BRA,Germano,GK,23.0,1911.0,0.0
1934,1934 FIFA World Cup,Brazil,BRA,Sylvio Hoffmann,DF,26.0,1908.0,0.0
1934,1934 FIFA World Cup,Brazil,BRA,Carvalho Leite,FW,21.0,1912.0,0.0
1934,1934 FIFA World Cup,Brazil,BRA,Leônidas,FW,20.0,1913.0,1.0
1934,1934 FIFA World Cup,Brazil,BRA,Luisinho,FW,23.0,1911.0,0.0
1934,1934 FIFA World Cup,Brazil,BRA,Luiz Luz,DF,24.0,1909.0,0.0
1934,1934 FIFA World Cup,Brazil,BRA,Martim,MF,23.0,1911.0,0.0
1934,1934 FIFA World Cup,Brazil,BRA,Octacílio,DF,24.0,1909.0,0.0
1934,1934 FIFA World Cup,Brazil,BRA,Pamplona,MF,30.0,1904.0,0.0
1934,1934 FIFA World Cup,Brazil,BRA,Patesko,FW,23.0,1910.0,0.0
1934,1934 FIFA World Cup,Brazil,BRA,Pedrosa,GK,20.0,1913.0,0.0
1934,1934 FIFA World Cup,Brazil,BRA,Tinoco,MF,29.0,1904.0,0.0
1934,1934 FIFA World Cup,Brazil,BRA,Waldyr,MF,22.0,1912.0,0.0
1934,1934 FIFA World Cup,Czechoslovakia,CSK,Jaroslav Bouček,MF,21.0,1912.0,0.0
1934,1934 FIFA World Cup,Czechoslovakia,CSK,Jaroslav Burgr,DF,28.0,1906.0,0.0
1934,1934 FIFA World Cup,Czechoslovakia,CSK,Štefan Čambal,MF,25.0,1908.0,0.0
1934,1934 FIFA World Cup,Czechoslovakia,CSK,Josef Čtyřoký,DF,27.0,1906.0,0.0
1934,1934 FIFA World Cup,Czechoslovakia,CSK,Ferdinand Daučík,DF,23.0,1910.0,0.0
1934,1934 FIFA World Cup,Czechoslovakia,CSK,František Junek,FW,27.0,1907.0,0.0
1934,1934 FIFA World Cup,Czechoslovakia,CSK,Géza Kalocsay,FW,20.0,1913.0,0.0
1934,1934 FIFA World Cup,Czechoslovakia,CSK,Vlastimil Kopecký,MF,21.0,1912.0,0.0
1934,1934 FIFA World Cup,Czechoslovakia,CSK,Josef Košťálek,MF,24.0,1909.0,0.0
1934,1934 FIFA World Cup,Czechoslovakia,CSK,Rudolf Krčil,MF,28.0,1906.0,0.0
1934,1934 FIFA World Cup,Czechoslovakia,CSK,Oldřich Nejedlý,FW,24.0,1909.0,5.0
1934,1934 FIFA World Cup,Czechoslovakia,CSK,Čestmír Patzel,GK,19.0,1914.0,0.0
1934,1934 FIFA World Cup,Czechoslovakia,CSK,František Plánička,GK,29.0,1904.0,0.0
1934,1934 FIFA World Cup,Czechoslovakia,CSK,Antonín Puč,FW,27.0,1907.0,2.0
1934,1934 FIFA World Cup,Czechoslovakia,CSK,Josef Silný,FW,32.0,1902.0,0.0
1934,1934 FIFA World Cup,Czechoslovakia,CSK,Adolf Šimperský,MF,24.0,1909.0,0.0
1934,1934 FIFA World Cup,Czechoslovakia,CSK,Jiří Sobotka,FW,22.0,1911.0,1.0
1934,1934 FIFA World Cup,Czechoslovakia,CSK,Erich Srbek,FW,25.0,1908.0,0.0
1934,1934 FIFA World Cup,Czechoslovakia,CSK,František Šterc,FW,22.0,1912.0,0.0
1934,1934 FIFA World Cup,Czechoslovakia,CSK,František Svoboda,FW,28.0,1905.0,1.0
1934,1934 FIFA World Cup,Czechoslovakia,CSK,Antonín Vodička,MF,27.0,1907.0,0.0
1934,1934 FIFA World Cup,Czechoslovakia,CSK,Ladislav Ženíšek,DF,30.0,1904.0,0.0
1934,1934 FIFA World Cup,Egypt,EGY,Mohammed Bakhati,MF,,,0.0
1934,1934 FIFA World Cup,Egypt,EGY,Hassan El-Far,MF,21.0,1913.0,0.0
1934,1934 FIFA World Cup,Egypt,EGY,Ali El-Kaf,DF,27.0,1906.0,0.0
1934,1934 FIFA World Cup,Egypt,EGY,Mahmoud El-Nigero,FW,,,0.0
1934,1934 FIFA World Cup,Egypt,EGY,Yacout El-Soury,DF,,,0.0
1934,1934 FIFA World Cup,Egypt,EGY,Aziz Fahmy,GK,,,0.0
1934,1934 FIFA World Cup,Egypt,EGY,Abdulrahman Fawzi,FW,24.0,1909.0,2.0
1934,1934 FIFA World Cup,Egypt,EGY,Ahmed Halim Ibrahim,MF,24.0,1910.0,0.0
1934,1934 FIFA World Cup,Egypt,EGY,Hamidu,DF,,,0.0
1934,1934 FIFA World Cup,Egypt,EGY,Mohammed Hassan,FW,29.0,1905.0,0.0
1934,1934 FIFA World Cup,Egypt,EGY,Hafez Kasseb,MF,,,0.0
1934,1934 FIFA World Cup,Egypt,EGY,Mohamed Latif,FW,24.0,1909.0,0.0
1934,1934 FIFA World Cup,Egypt,EGY,Labib Mahmoud,FW,,,0.0
1934,1934 FIFA World Cup,Egypt,EGY,Mustafa Mansour,GK,19.0,1914.0,0.0
1934,1934 FIFA World Cup,Egypt,EGY,Mahmoud Mokhtar,FW,26.0,1907.0,0.0
1934,1934 FIFA World Cup,Egypt,EGY,Kamel Mosaoud,FW,19.0,1914.0,0.0
1934,1934 FIFA World Cup,Egypt,EGY,Ismail Rafaat,MF,26.0,1908.0,0.0
1934,1934 FIFA World Cup,Egypt,EGY,Hassan Raghab,MF,25.0,1909.0,0.0
1934,1934 FIFA World Cup,Egypt,EGY,Mostafa Taha,FW,24.0,1910.0,0.0
1934,1934 FIFA World Cup,Egypt,EGY,Moustafa Helmi Youssef,MF,22.0,1911.0,0.0
1934,1934 FIFA World Cup,France,FRA,Joseph Alcazar,FW,22.0,1911.0,0.0
1934,1934 FIFA World Cup,France,FRA,Alfred Aston,FW,22.0,1912.0,0.0
1934,1934 FIFA World Cup,France,FRA,Georges Beaucourt,MF,22.0,1912.0,0.0
1934,1934 FIFA World Cup,France,FRA,Roger Courtois,FW,21.0,1912.0,0.0
1934,1934 FIFA World Cup,France,FRA,Robert Défossé,GK,24.0,1909.0,0.0
1934,1934 FIFA World Cup,France,FRA,Edmond Delfour,MF,26.0,1907.0,0.0
1934,1934 FIFA World Cup,France,FRA,Célestin Delmer,MF,27.0,1907.0,0.0
1934,1934 FIFA World Cup,France,FRA,Louis Gabrillargues,MF,19.0,1914.0,0.0
1934,1934 FIFA World Cup,France,FRA,Joseph Gonzales,DF,27.0,1907.0,0.0
1934,1934 FIFA World Cup,France,FRA,Fritz Keller,FW,20.0,1913.0,0.0
1934,1934 FIFA World Cup,France,FRA,Pierre Korb,FW,26.0,1908.0,0.0
1934,1934 FIFA World Cup,France,FRA,Lucien Laurent,FW,26.0,1907.0,0.0
1934,1934 FIFA World Cup,France,FRA,Noël Liétaer,MF,25.0,1908.0,0.0
1934,1934 FIFA World Cup,France,FRA,René Llense,GK,20.0,1913.0,0.0
1934,1934 FIFA World Cup,France,FRA,Jacques Mairesse,DF,29.0,1905.0,0.0
1934,1934 FIFA World Cup,France,FRA,Étienne Mattler,DF,28.0,1905.0,0.0
1934,1934 FIFA World Cup,France,FRA,Jean Nicolas,FW,20.0,1913.0,1.0
1934,1934 FIFA World Cup,France,FRA,Roger Rio,MF,21.0,1913.0,0.0
1934,1934 FIFA World Cup,France,FRA,Alex Thépot,GK,27.0,1906.0,0.0
1934,1934 FIFA World Cup,France,FRA,Jules Vandooren,DF,25.0,1908.0,0.0
1934,1934 FIFA World Cup,France,FRA,Émile Veinante,FW,26.0,1907.0,0.0
1934,1934 FIFA World Cup,France,FRA,Georges Verriest,MF,24.0,1909.0,1.0
1934,1934 FIFA World Cup,Germany,DEU,Ernst Albrecht,MF,26.0,1907.0,0.0
1934,1934 FIFA World Cup,Germany,DEU,Jakob Bender,MF,24.0,1910.0,0.0
1934,1934 FIFA World Cup,Germany,DEU,Fritz Buchloh,GK,24.0,1909.0,0.0
1934,1934 FIFA World Cup,Germany,DEU,Willy Busch,DF,27.0,1907.0,0.0
1934,1934 FIFA World Cup,Germany,DEU,Edmund Conen,FW,19.0,1914.0,4.0
1934,1934 FIFA World Cup,Germany,DEU,Franz Dienert,FW,34.0,1900.0,0.0
1934,1934 FIFA World Cup,Germany,DEU,Rudolf Gramlich,MF,25.0,1908.0,0.0
1934,1934 FIFA World Cup,Germany,DEU,Sigmund Haringer,DF,25.0,1908.0,0.0
1934,1934 FIFA World Cup,Germany,DEU,Matthias Heidemann,FW,22.0,1912.0,0.0
1934,1934 FIFA World Cup,Germany,DEU,Karl Hohmann,MF,25.0,1908.0,2.0
1934,1934 FIFA World Cup,Germany,DEU,Hans Jakob,GK,25.0,1908.0,0.0
1934,1934 FIFA World Cup,Germany,DEU,Paul Janes,DF,22.0,1912.0,0.0
1934,1934 FIFA World Cup,Germany,DEU,Stanislaus Kobierski,FW,23.0,1910.0,1.0
1934,1934 FIFA World Cup,Germany,DEU,Willibald Kreß,GK,27.0,1906.0,0.0
1934,1934 FIFA World Cup,Germany,DEU,Ernst Lehner,FW,21.0,1912.0,2.0
1934,1934 FIFA World Cup,Germany,DEU,Reinhold Münzenberg,DF,25.0,1909.0,0.0
1934,1934 FIFA World Cup,Germany,DEU,Rudolf Noack,FW,21.0,1913.0,1.0
1934,1934 FIFA World Cup,Germany,DEU,Hans Schwartz,DF,21.0,1913.0,0.0
1934,1934 FIFA World Cup,Germany,DEU,Otto Siffling,FW,21.0,1912.0,1.0
1934,1934 FIFA World Cup,Germany,DEU,Josef Streb,FW,22.0,1912.0,0.0
1934,1934 FIFA World Cup,Germany,DEU,Fritz Szepan,FW,26.0,1907.0,0.0
1934,1934 FIFA World Cup,Germany,DEU,Paul Zielinski,MF,22.0,1911.0,0.0
1934,1934 FIFA World Cup,Hungary,HUN,István Avar,FW,28.0,1905.0,0.0
1934,1934 FIFA World Cup,Hungary,HUN,Sándor Bíró,DF,22.0,1911.0,0.0
1934,1934 FIFA World Cup,Hungary,HUN,János Dudás,MF,23.0,1911.0,0.0
1934,1934 FIFA World Cup,Hungary,HUN,Gyula Futó,DF,25.0,1908.0,0.0
1934,1934 FIFA World Cup,Hungary,HUN,József Háda,GK,23.0,1911.0,0.0
1934,1934 FIFA World Cup,Hungary,HUN,Tibor Kemény,FW,21.0,1913.0,0.0
1934,1934 FIFA World Cup,Hungary,HUN,Gyula Lázár,MF,23.0,1911.0,0.0
1934,1934 FIFA World Cup,Hungary,HUN,Imre Markos,FW,25.0,1908.0,0.0
1934,1934 FIFA World Cup,Hungary,HUN,István Palotás,MF,26.0,1908.0,0.0
1934,1934 FIFA World Cup,Hungary,HUN,Gyula Polgár,MF,22.0,1912.0,0.0
1934,1934 FIFA World Cup,Hungary,HUN,György Sárosi,FW,21.0,1912.0,1.0
1934,1934 FIFA World Cup,Hungary,HUN,Rezső Somlai,MF,23.0,1911.0,0.0
1934,1934 FIFA World Cup,Hungary,HUN,László Sternberg,DF,28.0,1905.0,0.0
1934,1934 FIFA World Cup,Hungary,HUN,Antal Szabó,GK,23.0,1910.0,0.0
1934,1934 FIFA World Cup,Hungary,HUN,Gábor Szabó,FW,31.0,1902.0,0.0
1934,1934 FIFA World Cup,Hungary,HUN,Antal Szalay,MF,22.0,1912.0,0.0
1934,1934 FIFA World Cup,Hungary,HUN,György Szűcs,MF,22.0,1912.0,0.0
1934,1934 FIFA World Cup,Hungary,HUN,István Tamássy,FW,27.0,1906.0,0.0
1934,1934 FIFA World Cup,Hungary,HUN,Pál Teleki,FW,28.0,1906.0,1.0
1934,1934 FIFA World Cup,Hungary,HUN,Géza Toldi,FW,25.0,1909.0,2.0
1934,1934 FIFA World Cup,Hungary,HUN,József Vágó,DF,27.0,1906.0,0.0
1934,1934 FIFA World Cup,Hungary,HUN,Jenő Vincze,FW,25.0,1908.0,1.0
1934,1934 FIFA World Cup,Italy,ITA,Luigi Allemandi,DF,30.0,1903.0,0.0
1934,1934 FIFA World Cup,Italy,ITA,Pietro Arcari,FW,24.0,1909.0,0.0
1934,1934 FIFA World Cup,Italy,ITA,Luigi Bertolini,MF,29.0,1904.0,0.0
1934,1934 FIFA World Cup,Italy,ITA,Felice Borel,FW,20.0,1914.0,0.0
1934,1934 FIFA World Cup,Italy,ITA,Umberto Caligaris,DF,32.0,1901.0,0.0
1934,1934 FIFA World Cup,Italy,ITA,Armando Castellazzi,MF,29.0,1904.0,0.0
1934,1934 FIFA World Cup,Italy,ITA,Giuseppe Cavanna,GK,28.0,1905.0,0.0
1934,1934 FIFA World Cup,Italy,ITA,Gianpiero Combi,GK,31.0,1902.0,0.0
1934,1934 FIFA World Cup,Italy,ITA,Attilio Demaría,FW,25.0,1909.0,0.0
1934,1934 FIFA World Cup,Italy,ITA,Giovanni Ferrari,FW,26.0,1907.0,2.0
1934,1934 FIFA World Cup,Italy,ITA,Attilio Ferraris,MF,30.0,1904.0,0.0
1934,1934 FIFA World Cup,Italy,ITA,Enrique Guaita,FW,23.0,1910.0,1.0
1934,1934 FIFA World Cup,Italy,ITA,Anfilogino Guarisi,FW,28.0,1905.0,0.0
1934,1934 FIFA World Cup,Italy,ITA,Guido Masetti,GK,26.0,1907.0,0.0
1934,1934 FIFA World Cup,Italy,ITA,Giuseppe Meazza,MF,23.0,1910.0,2.0
1934,1934 FIFA World Cup,Italy,ITA,Luis Monti,MF,33.0,1901.0,0.0
1934,1934 FIFA World Cup,Italy,ITA,Eraldo Monzeglio,DF,27.0,1906.0,0.0
1934,1934 FIFA World Cup,Italy,ITA,Raimundo Orsi,FW,32.0,1901.0,3.0
1934,1934 FIFA World Cup,Italy,ITA,Mario Pizziolo,MF,24.0,1909.0,0.0
1934,1934 FIFA World Cup,Italy,ITA,Virginio Rosetta,DF,32.0,1902.0,0.0
1934,1934 FIFA World Cup,Italy,ITA,Angelo Schiavio,FW,28.0,1905.0,4.0
1934,1934 FIFA World Cup,Italy,ITA,Mario Varglien,MF,28.0,1905.0,0.0
1934,1934 FIFA World Cup,Netherlands,NLD,Wim Anderiesen,MF,30.0,1903.0,0.0
1934,1934 FIFA World Cup,Netherlands,NLD,Beb Bakhuys,FW,25.0,1909.0,0.0
1934,1934 FIFA World Cup,Netherlands,NLD,Jan Graafland,FW,24.0,1909.0,0.0
1934,1934 FIFA World Cup,Netherlands,NLD,Leo Halle,GK,31.0,1903.0,0.0
1934,1934 FIFA World Cup,Netherlands,NLD,Wim Langendaal,FW,25.0,1909.0,0.0
1934,1934 FIFA World Cup,Netherlands,NLD,Kees Mijnders,FW,21.0,1912.0,0.0
1934,1934 FIFA World Cup,Netherlands,NLD,Jaap Mol,FW,22.0,1912.0,0.0
1934,1934 FIFA World Cup,Netherlands,NLD,Toon Oprinsen,MF,23.0,1910.0,0.0
1934,1934 FIFA World Cup,Netherlands,NLD,Bas Paauwe,MF,22.0,1911.0,0.0
1934,1934 FIFA World Cup,Netherlands,NLD,Henk Pellikaan,MF,23.0,1910.0,0.0
1934,1934 FIFA World Cup,Netherlands,NLD,Arend Schoemaker,FW,22.0,1911.0,0.0
1934,1934 FIFA World Cup,Netherlands,NLD,Kick Smit,FW,22.0,1911.0,1.0
1934,1934 FIFA World Cup,Netherlands,NLD,Gejus van der Meulen,GK,31.0,1903.0,0.0
1934,1934 FIFA World Cup,Netherlands,NLD,Jan van Diepenbeek,DF,30.0,1903.0,0.0
1934,1934 FIFA World Cup,Netherlands,NLD,Puck van Heel,MF,30.0,1904.0,0.0
1934,1934 FIFA World Cup,Netherlands,NLD,Adri van Male,GK,23.0,1910.0,0.0
1934,1934 FIFA World Cup,Netherlands,NLD,Joop van Nellen,FW,24.0,1910.0,0.0
1934,1934 FIFA World Cup,Netherlands,NLD,Sjef van Run,DF,30.0,1904.0,0.0
1934,1934 FIFA World Cup,Netherlands,NLD,Leen Vente,FW,23.0,1911.0,1.0
1934,1934 FIFA World Cup,Netherlands,NLD,Manus Vrauwdeunt,FW,19.0,1915.0,0.0
1934,1934 FIFA World Cup,Netherlands,NLD,Mauk Weber,DF,20.0,1914.0,0.0
1934,1934 FIFA World Cup,Netherlands,NLD,Frank Wels,FW,25.0,1909.0,0.0
1934,1934 FIFA World Cup,Romania,ROU,Gheorghe Albu,DF,24.0,1909.0,0.0
1934,1934 FIFA World Cup,Romania,ROU,Iuliu Baratky,FW,24.0,1910.0,0.0
1934,1934 FIFA World Cup,Romania,ROU,Silviu Bindea,FW,21.0,1912.0,0.0
1934,1934 FIFA World Cup,Romania,ROU,Iuliu Bodola,FW,22.0,1912.0,0.0
1934,1934 FIFA World Cup,Romania,ROU,Rudolf Bürger,DF,25.0,1908.0,0.0
1934,1934 FIFA World Cup,Romania,ROU,Gheorghe Ciolac,FW,25.0,1908.0,0.0
1934,1934 FIFA World Cup,Romania,ROU,Alexandru Cuedan,DF,23.0,1910.0,0.0
1934,1934 FIFA World Cup,Romania,ROU,Vasile Deheleanu,MF,23.0,1910.0,0.0
1934,1934 FIFA World Cup,Romania,ROU,Ștefan Dobay,FW,24.0,1909.0,1.0
1934,1934 FIFA World Cup,Romania,ROU,Gusztáv Juhász,MF,22.0,1911.0,0.0
1934,1934 FIFA World Cup,Romania,ROU,István Klimek,FW,21.0,1913.0,0.0
1934,1934 FIFA World Cup,Romania,ROU,Stanislau Konrad,GK,20.0,1913.0,0.0
1934,1934 FIFA World Cup,Romania,ROU,Rudolf Kotormány,MF,23.0,1911.0,0.0
1934,1934 FIFA World Cup,Romania,ROU,Nicolae Kovács,FW,22.0,1911.0,0.0
1934,1934 FIFA World Cup,Romania,ROU,József Moravetz,MF,23.0,1911.0,0.0
1934,1934 FIFA World Cup,Romania,ROU,Adalbert Püllöck,GK,27.0,1907.0,0.0
1934,1934 FIFA World Cup,Romania,ROU,Sándor Schwartz,FW,25.0,1909.0,0.0
1934,1934 FIFA World Cup,Romania,ROU,Grațian Sepi,FW,23.0,1910.0,0.0
1934,1934 FIFA World Cup,Romania,ROU,Lazăr Sfera,DF,25.0,1909.0,0.0
1934,1934 FIFA World Cup,Romania,ROU,Emerich Vogl,DF,28.0,1905.0,0.0
1934,1934 FIFA World Cup,Romania,ROU,Károly Weichelt,MF,28.0,1906.0,0.0
1934,1934 FIFA World Cup,Romania,ROU,Vilmos Zombori,GK,28.0,1906.0,0.0
1934,1934 FIFA World Cup,Spain,ESP,Crisant Bosch,MF,26.0,1907.0,0.0
1934,1934 FIFA World Cup,Spain,ESP,Chacho,FW,23.0,1911.0,0.0
1934,1934 FIFA World Cup,Spain,ESP,Leonardo Cilaurren,MF,21.0,1912.0,0.0
1934,1934 FIFA World Cup,Spain,ESP,Ciriaco,DF,29.0,1904.0,0.0
1934,1934 FIFA World Cup,Spain,ESP,Fede,MF,21.0,1912.0,0.0
1934,1934 FIFA World Cup,Spain,ESP,Guillermo Gorostiza,FW,25.0,1909.0,0.0
1934,1934 FIFA World Cup,Spain,ESP,Hilario,MF,28.0,1905.0,0.0
1934,1934 FIFA World Cup,Spain,ESP,Campanal I,FW,22.0,1912.0,0.0
1934,1934 FIFA World Cup,Spain,ESP,José Iraragorri,FW,22.0,1912.0,2.0
1934,1934 FIFA World Cup,Spain,ESP,Lafuente,FW,26.0,1907.0,0.0
1934,1934 FIFA World Cup,Spain,ESP,Isidro Lángara,FW,22.0,1912.0,1.0
1934,1934 FIFA World Cup,Spain,ESP,Simón Lecue,MF,22.0,1912.0,0.0
1934,1934 FIFA World Cup,Spain,ESP,Martín Marculeta,MF,26.0,1907.0,0.0
1934,1934 FIFA World Cup,Spain,ESP,Luis Marín Sabater,FW,27.0,1906.0,0.0
1934,1934 FIFA World Cup,Spain,ESP,José Muguerza,MF,22.0,1911.0,0.0
1934,1934 FIFA World Cup,Spain,ESP,Juan José Nogués,GK,25.0,1909.0,0.0
1934,1934 FIFA World Cup,Spain,ESP,Jacinto Quincoces,DF,28.0,1905.0,0.0
1934,1934 FIFA World Cup,Spain,ESP,Luis Regueiro,FW,25.0,1908.0,1.0
1934,1934 FIFA World Cup,Spain,ESP,Pedro Solé,MF,29.0,1905.0,0.0
1934,1934 FIFA World Cup,Spain,ESP,Martí Ventolrà,MF,27.0,1906.0,0.0
1934,1934 FIFA World Cup,Spain,ESP,Ramón Zabalo,DF,23.0,1910.0,0.0
1934,1934 FIFA World Cup,Spain,ESP,Ricardo Zamora,GK,33.0,1901.0,0.0
1934,1934 FIFA World Cup,Sweden,SWE,Ernst Andersson,MF,25.0,1909.0,0.0
1934,1934 FIFA World Cup,Sweden,SWE,Otto Andersson,DF,24.0,1910.0,0.0
1934,1934 FIFA World Cup,Sweden,SWE,Sven Andersson,DF,27.0,1907.0,0.0
1934,1934 FIFA World Cup,Sweden,SWE,Nils Axelsson,DF,28.0,1906.0,0.0
1934,1934 FIFA World Cup,Sweden,SWE,Lennart Bunke,FW,22.0,1912.0,0.0
1934,1934 FIFA World Cup,Sweden,SWE,Rune Carlsson,MF,24.0,1909.0,0.0
1934,1934 FIFA World Cup,Sweden,SWE,Victor Carlund,MF,28.0,1906.0,0.0
1934,1934 FIFA World Cup,Sweden,SWE,Gösta Dunker,FW,28.0,1905.0,1.0
1934,1934 FIFA World Cup,Sweden,SWE,Erik Granath,MF,,,0.0
1934,1934 FIFA World Cup,Sweden,SWE,Ragnar Gustavsson,FW,26.0,1907.0,0.0
1934,1934 FIFA World Cup,Sweden,SWE,Carl-Erik Holmberg,FW,27.0,1906.0,0.0
1934,1934 FIFA World Cup,Sweden,SWE,Sture Hult,GK,23.0,1910.0,0.0
1934,1934 FIFA World Cup,Sweden,SWE,Gunnar Jansson,FW,26.0,1907.0,0.0
1934,1934 FIFA World Cup,Sweden,SWE,Carl Johnsson,MF,,,0.0
1934,1934 FIFA World Cup,Sweden,SWE,Sven Jonasson,FW,24.0,1909.0,2.0
1934,1934 FIFA World Cup,Sweden,SWE,Tore Keller,FW,29.0,1905.0,0.0
1934,1934 FIFA World Cup,Sweden,SWE,Knut Kroon,FW,27.0,1906.0,1.0
1934,1934 FIFA World Cup,Sweden,SWE,Harry Lundahl,FW,28.0,1905.0,0.0
1934,1934 FIFA World Cup,Sweden,SWE,Gunnar Olsson,FW,25.0,1908.0,0.0
1934,1934 FIFA World Cup,Sweden,SWE,Nils Rosén,MF,32.0,1902.0,0.0
1934,1934 FIFA World Cup,Sweden,SWE,Anders Rydberg,GK,31.0,1903.0,0.0
1934,1934 FIFA World Cup,Sweden,SWE,Arvid Thörn,FW,27.0,1906.0,0.0
1934,1934 FIFA World Cup,Sweden,SWE,Eivar Widlund,GK,28.0,1905.0,0.0
1934,1934 FIFA World Cup,Switzerland,CHE,André Abegglen,FW,25.0,1909.0,1.0
1934,1934 FIFA World Cup,Switzerland,CHE,Renato Bizzozero,GK,21.0,1912.0,0.0
1934,1934 FIFA World Cup,Switzerland,CHE,Joseph Bossi,FW,22.0,1911.0,0.0
1934,1934 FIFA World Cup,Switzerland,CHE,Albert Büche,FW,,,0.0
1934,1934 FIFA World Cup,Switzerland,CHE,Otto Bühler,FW,,,0.0
1934,1934 FIFA World Cup,Switzerland,CHE,Ernst Frick,MF,,,0.0
1934,1934 FIFA World Cup,Switzerland,CHE,Louis Gobet,DF,25.0,1908.0,0.0
1934,1934 FIFA World Cup,Switzerland,CHE,Albert Guinchard,MF,19.0,1914.0,0.0
1934,1934 FIFA World Cup,Switzerland,CHE,Erwin Hochsträsser,FW,,,0.0
1934,1934 FIFA World Cup,Switzerland,CHE,Willy Huber,GK,20.0,1913.0,0.0
1934,1934 FIFA World Cup,Switzerland,CHE,Ernst Hufschmid,MF,21.0,1913.0,0.0
1934,1934 FIFA World Cup,Switzerland,CHE,Fernand Jaccard,MF,26.0,1907.0,0.0
1934,1934 FIFA World Cup,Switzerland,CHE,Alfred Jäck,FW,22.0,1911.0,0.0
1934,1934 FIFA World Cup,Switzerland,CHE,Willy Jäggi,FW,27.0,1906.0,1.0
1934,1934 FIFA World Cup,Switzerland,CHE,Leopold Kielholz,FW,22.0,1911.0,3.0
1934,1934 FIFA World Cup,Switzerland,CHE,Edmond Loichot,MF,,,0.0
1934,1934 FIFA World Cup,Switzerland,CHE,Severino Minelli,DF,24.0,1909.0,0.0
1934,1934 FIFA World Cup,Switzerland,CHE,Arnaldo Ortelli,DF,20.0,1913.0,0.0
1934,1934 FIFA World Cup,Switzerland,CHE,Raymond Passello,FW,29.0,1905.0,0.0
1934,1934 FIFA World Cup,Switzerland,CHE,Frank Séchehaye,GK,26.0,1907.0,0.0
1934,1934 FIFA World Cup,Switzerland,CHE,Willy von Känel,FW,24.0,1909.0,0.0
1934,1934 FIFA World Cup,Switzerland,CHE,Walter Weiler,DF,30.0,1903.0,0.0
1934,1934 FIFA World Cup,Switzerland,CHE,Max Weiler,DF,33.0,1900.0,0.0
1934,1934 FIFA World Cup,United States,USA,Tom Amrhein,MF,,,0.0
1934,1934 FIFA World Cup,United States,USA,Ed Czerkiewicz,DF,21.0,1912.0,0.0
1934,1934 FIFA World Cup,United States,USA,Walter Dick,FW,28.0,1905.0,0.0
1934,1934 FIFA World Cup,United States,USA,Aldo Donelli,FW,26.0,1907.0,1.0
1934,1934 FIFA World Cup,United States,USA,Bill Fiedler,MF,24.0,1910.0,0.0
1934,1934 FIFA World Cup,United States,USA,Tom Florie,MF,36.0,1897.0,0.0
1934,1934 FIFA World Cup,United States,USA,Jimmy Gallagher,MF,32.0,1901.0,0.0
1934,1934 FIFA World Cup,United States,USA,Billy Gonsalves,MF,25.0,1908.0,0.0
1934,1934 FIFA World Cup,United States,USA,Al Harker,DF,24.0,1910.0,0.0
1934,1934 FIFA World Cup,United States,USA,Julius Hjulian,GK,31.0,1903.0,0.0
1934,1934 FIFA World Cup,United States,USA,William Lehman,MF,32.0,1901.0,0.0
1934,1934 FIFA World Cup,United States,USA,Tom Lynch,MF,,,0.0
1934,1934 FIFA World Cup,United States,USA,Joe Martinelli,DF,17.0,1916.0,0.0
1934,1934 FIFA World Cup,United States,USA,Willie McLean,FW,30.0,1904.0,0.0
1934,1934 FIFA World Cup,United States,USA,George Moorhouse,DF,33.0,1901.0,0.0
1934,1934 FIFA World Cup,United States,USA,Werner Nilsen,FW,30.0,1904.0,0.0
1934,1934 FIFA World Cup,United States,USA,Peter Pietras,MF,26.0,1908.0,0.0
1934,1934 FIFA World Cup,United States,USA,Herman Rapp,DF,,,0.0
1934,1934 FIFA World Cup,United States,USA,Francis Ryan,FW,26.0,1908.0,0.0
1938,1938 FIFA World Cup,Belgium,BEL,Arnold Badjou,GK,28.0,1909.0,0.0
1938,1938 FIFA World Cup,Belgium,BEL,Robert Braet,GK,26.0,1912.0,0.0
1938,1938 FIFA World Cup,Belgium,BEL,Raymond Braine,FW,31.0,1907.0,0.0
1938,1938 FIFA World Cup,Belgium,BEL,Fernand Buyle,FW,20.0,1918.0,0.0
1938,1938 FIFA World Cup,Belgium,BEL,Jean Capelle,FW,24.0,1913.0,0.0
1938,1938 FIFA World Cup,Belgium,BEL,Arthur Ceuleers,FW,22.0,1916.0,0.0
1938,1938 FIFA World Cup,Belgium,BEL,Pierre Dalem,MF,26.0,1912.0,0.0
1938,1938 FIFA World Cup,Belgium,BEL,Alfons De Winter,MF,29.0,1908.0,0.0
1938,1938 FIFA World Cup,Belgium,BEL,Jean Fievez,FW,27.0,1910.0,0.0
1938,1938 FIFA World Cup,Belgium,BEL,Frans Gommers,DF,21.0,1917.0,0.0
1938,1938 FIFA World Cup,Belgium,BEL,Paul Henry,MF,25.0,1912.0,0.0
1938,1938 FIFA World Cup,Belgium,BEL,Hendrik Isemborghs,FW,24.0,1914.0,1.0
1938,1938 FIFA World Cup,Belgium,BEL,Joseph Nelis,FW,21.0,1917.0,0.0
1938,1938 FIFA World Cup,Belgium,BEL,Robert Paverick,DF,25.0,1912.0,0.0
1938,1938 FIFA World Cup,Belgium,BEL,Jean Petit,DF,24.0,1914.0,0.0
1938,1938 FIFA World Cup,Belgium,BEL,Corneel Seys,DF,26.0,1912.0,0.0
1938,1938 FIFA World Cup,Belgium,BEL,Philibert Smellinckx,DF,27.0,1911.0,0.0
1938,1938 FIFA World Cup,Belgium,BEL,Émile Stijnen,MF,30.0,1907.0,0.0
1938,1938 FIFA World Cup,Belgium,BEL,John Van Alphen,MF,23.0,1914.0,0.0
1938,1938 FIFA World Cup,Belgium,BEL,Charles Vanden Wouwer,FW,21.0,1916.0,0.0
1938,1938 FIFA World Cup,Belgium,BEL,André Vandewyer,GK,28.0,1909.0,0.0
1938,1938 FIFA World Cup,Belgium,BEL,Bernard Voorhoof,FW,28.0,1910.0,0.0
1938,1938 FIFA World Cup,Brazil,BRA,Afonsinho,MF,24.0,1914.0,0.0
1938,1938 FIFA World Cup,Brazil,BRA,Argemiro,MF,23.0,1915.0,0.0
1938,1938 FIFA World Cup,Brazil,BRA,Batatais,GK,28.0,1910.0,0.0
1938,1938 FIFA World Cup,Brazil,BRA,Brandão,MF,27.0,1911.0,0.0
1938,1938 FIFA World Cup,Brazil,BRA,Britto,MF,24.0,1914.0,0.0
1938,1938 FIFA World Cup,Brazil,BRA,Domingos da Guia,DF,25.0,1912.0,0.0
1938,1938 FIFA World Cup,Brazil,BRA,Hércules,FW,25.0,1912.0,0.0
1938,1938 FIFA World Cup,Brazil,BRA,Jaú,DF,28.0,1909.0,0.0
1938,1938 FIFA World Cup,Brazil,BRA,Leônidas,FW,24.0,1913.0,7.0
1938,1938 FIFA World Cup,Brazil,BRA,Lopes,FW,27.0,1910.0,0.0
1938,1938 FIFA World Cup,Brazil,BRA,Luisinho,FW,27.0,1911.0,0.0
1938,1938 FIFA World Cup,Brazil,BRA,Machado,DF,29.0,1909.0,0.0
1938,1938 FIFA World Cup,Brazil,BRA,Martim,MF,27.0,1911.0,0.0
1938,1938 FIFA World Cup,Brazil,BRA,Nariz,DF,25.0,1912.0,0.0
1938,1938 FIFA World Cup,Brazil,BRA,Niginho,FW,26.0,1912.0,0.0
1938,1938 FIFA World Cup,Brazil,BRA,Patesko,FW,27.0,1910.0,0.0
1938,1938 FIFA World Cup,Brazil,BRA,Perácio,FW,20.0,1917.0,3.0
1938,1938 FIFA World Cup,Brazil,BRA,Roberto,FW,25.0,1912.0,1.0
1938,1938 FIFA World Cup,Brazil,BRA,Romeu,FW,27.0,1911.0,3.0
1938,1938 FIFA World Cup,Brazil,BRA,Tim,FW,23.0,1915.0,0.0
1938,1938 FIFA World Cup,Brazil,BRA,Walter,GK,25.0,1912.0,0.0
1938,1938 FIFA World Cup,Brazil,BRA,Zezé Procópio,MF,24.0,1913.0,0.0
1938,1938 FIFA World Cup,Cuba,CUB,Juan Alonzo,FW,26.0,1911.0,0.0
1938,1938 FIFA World Cup,Cuba,CUB,Joaquín Arias,MF,23.0,1914.0,0.0
1938,1938 FIFA World Cup,Cuba,CUB,Juan Ayra,GK,26.0,1911.0,0.0
1938,1938 FIFA World Cup,Cuba,CUB,Jacinto Barquín,DF,22.0,1915.0,0.0
1938,1938 FIFA World Cup,Cuba,CUB,Pedro Bergés,MF,,,0.0
1938,1938 FIFA World Cup,Cuba,CUB,Benito Carvajales,GK,24.0,1913.0,0.0
1938,1938 FIFA World Cup,Cuba,CUB,Manuel Chorens,DF,22.0,1916.0,0.0
1938,1938 FIFA World Cup,Cuba,CUB,Tomás Fernández,FW,,,1.0
1938,1938 FIFA World Cup,Cuba,CUB,Pedro Ferrer,FW,,,0.0
1938,1938 FIFA World Cup,Cuba,CUB,José Magriñá,FW,20.0,1917.0,1.0
1938,1938 FIFA World Cup,Cuba,CUB,Carlos Oliveira,FW,,,0.0
1938,1938 FIFA World Cup,Cuba,CUB,José Antonio Rodríguez,MF,,,0.0
1938,1938 FIFA World Cup,Cuba,CUB,Héctor Socorro,FW,25.0,1912.0,3.0
1938,1938 FIFA World Cup,Cuba,CUB,Mario Sosa,FW,,,0.0
1938,1938 FIFA World Cup,Cuba,CUB,Juan Tuñas,FW,20.0,1917.0,0.0
1938,1938 FIFA World Cup,Czechoslovakia,CSK,Jaroslav Bouček,MF,25.0,1912.0,0.0
1938,1938 FIFA World Cup,Czechoslovakia,CSK,Vojtěch Bradáč,FW,24.0,1913.0,0.0
1938,1938 FIFA World Cup,Czechoslovakia,CSK,Jaroslav Burgr,DF,32.0,1906.0,0.0
1938,1938 FIFA World Cup,Czechoslovakia,CSK,Karel Burkert,GK,28.0,1909.0,0.0
1938,1938 FIFA World Cup,Czechoslovakia,CSK,Karel Černý,DF,28.0,1910.0,0.0
1938,1938 FIFA World Cup,Czechoslovakia,CSK,Ferdinand Daučík,DF,28.0,1910.0,0.0
1938,1938 FIFA World Cup,Czechoslovakia,CSK,Václav Horák,FW,25.0,1912.0,0.0
1938,1938 FIFA World Cup,Czechoslovakia,CSK,Karel Kolský,MF,23.0,1914.0,0.0
1938,1938 FIFA World Cup,Czechoslovakia,CSK,Vlastimil Kopecký,MF,25.0,1912.0,1.0
1938,1938 FIFA World Cup,Czechoslovakia,CSK,Josef Košťálek,MF,28.0,1909.0,1.0
1938,1938 FIFA World Cup,Czechoslovakia,CSK,Arnošt Kreuz,FW,26.0,1912.0,0.0
1938,1938 FIFA World Cup,Czechoslovakia,CSK,Josef Ludl,FW,22.0,1916.0,0.0
1938,1938 FIFA World Cup,Czechoslovakia,CSK,Oldřich Nejedlý,FW,28.0,1909.0,2.0
1938,1938 FIFA World Cup,Czechoslovakia,CSK,Otakar Nožíř,MF,21.0,1917.0,0.0
1938,1938 FIFA World Cup,Czechoslovakia,CSK,Josef Orth,DF,22.0,1916.0,0.0
1938,1938 FIFA World Cup,Czechoslovakia,CSK,František Plánička,GK,34.0,1904.0,0.0
1938,1938 FIFA World Cup,Czechoslovakia,CSK,Antonín Puč,FW,31.0,1907.0,0.0
1938,1938 FIFA World Cup,Czechoslovakia,CSK,Jan Říha,FW,22.0,1915.0,0.0
1938,1938 FIFA World Cup,Czechoslovakia,CSK,Oldřich Rulc,FW,27.0,1911.0,0.0
1938,1938 FIFA World Cup,Czechoslovakia,CSK,Karel Senecký,FW,19.0,1919.0,0.0
1938,1938 FIFA World Cup,Czechoslovakia,CSK,Ladislav Šimůnek,FW,21.0,1916.0,0.0
1938,1938 FIFA World Cup,Czechoslovakia,CSK,Josef Zeman,FW,23.0,1915.0,1.0
1938,1938 FIFA World Cup,Dutch East Indies,IDN,Sutan Anwar,MF,24.0,1914.0,0.0
1938,1938 FIFA World Cup,Dutch East Indies,IDN,Dorst,DF,,,0.0
1938,1938 FIFA World Cup,Dutch East Indies,IDN,Gerrit Faulhaber,MF,25.0,1912.0,0.0
1938,1938 FIFA World Cup,Dutch East Indies,IDN,Jan Harting,DF,,,0.0
1938,1938 FIFA World Cup,Dutch East Indies,IDN,Frans Hu Kon,DF,,,0.0
1938,1938 FIFA World Cup,Dutch East Indies,IDN,Frans Alfred Meeng,MF,28.0,1910.0,0.0
1938,1938 FIFA World Cup,Dutch East Indies,IDN,Achmad Nawir,MF,27.0,1911.0,0.0
1938,1938 FIFA World Cup,Dutch East Indies,IDN,Isaak Pattiwael,FW,24.0,1914.0,0.0
1938,1938 FIFA World Cup,Dutch East Indies,IDN,Jack Samuels,DF,,,0.0
1938,1938 FIFA World Cup,Dutch East Indies,IDN,Suvarte Soedarmadji,FW,22.0,1915.0,0.0
1938,1938 FIFA World Cup,Dutch East Indies,IDN,Hans Taihuttu,FW,,,0.0
1938,1938 FIFA World Cup,Dutch East Indies,IDN,Mo Heng Tan,GK,25.0,1913.0,0.0
1938,1938 FIFA World Cup,Dutch East Indies,IDN,See Han Tan,FW,,,0.0
1938,1938 FIFA World Cup,Dutch East Indies,IDN,Teilherber,FW,,,0.0
1938,1938 FIFA World Cup,Dutch East Indies,IDN,Rudi Telwe,FW,,,0.0
1938,1938 FIFA World Cup,Dutch East Indies,IDN,Hong Djien The,FW,22.0,1916.0,0.0
1938,1938 FIFA World Cup,Dutch East Indies,IDN,Leen van Beuzekom,GK,,,0.0
1938,1938 FIFA World Cup,Dutch East Indies,IDN,Van Den Burgh,MF,,,0.0
1938,1938 FIFA World Cup,Dutch East Indies,IDN,Hendrikus Zomers,FW,,,0.0
1938,1938 FIFA World Cup,France,FRA,Alfred Aston,FW,26.0,1912.0,0.0
1938,1938 FIFA World Cup,France,FRA,Jean Bastien,MF,22.0,1915.0,0.0
1938,1938 FIFA World Cup,France,FRA,Abdelkader Ben Bouali,DF,25.0,1912.0,0.0
1938,1938 FIFA World Cup,France,FRA,François Bourbotte,MF,25.0,1913.0,0.0
1938,1938 FIFA World Cup,France,FRA,Michel Brusseaux,FW,25.0,1913.0,0.0
1938,1938 FIFA World Cup,France,FRA,Hector Cazenave,DF,24.0,1914.0,0.0
1938,1938 FIFA World Cup,France,FRA,Roger Courtois,FW,26.0,1912.0,0.0
1938,1938 FIFA World Cup,France,FRA,Julien Darui,GK,22.0,1916.0,0.0
1938,1938 FIFA World Cup,France,FRA,Edmond Delfour,FW,30.0,1907.0,0.0
1938,1938 FIFA World Cup,France,FRA,Laurent Di Lorto,GK,29.0,1909.0,0.0
1938,1938 FIFA World Cup,France,FRA,Raoul Diagne,MF,27.0,1910.0,0.0
1938,1938 FIFA World Cup,France,FRA,Oscar Heisserer,FW,23.0,1914.0,1.0
1938,1938 FIFA World Cup,France,FRA,Lucien Jasseron,MF,24.0,1913.0,0.0
1938,1938 FIFA World Cup,France,FRA,Auguste Jordan,MF,29.0,1909.0,0.0
1938,1938 FIFA World Cup,France,FRA,Ignace Kowalczyk,FW,24.0,1913.0,0.0
1938,1938 FIFA World Cup,France,FRA,René Llense,GK,24.0,1913.0,0.0
1938,1938 FIFA World Cup,France,FRA,Étienne Mattler,DF,32.0,1905.0,0.0
1938,1938 FIFA World Cup,France,FRA,Jean Nicolas,FW,24.0,1913.0,2.0
1938,1938 FIFA World Cup,France,FRA,Martin Povolny,DF,23.0,1914.0,0.0
1938,1938 FIFA World Cup,France,FRA,Jules Vandooren,DF,29.0,1908.0,0.0
1938,1938 FIFA World Cup,France,FRA,Émile Veinante,FW,30.0,1907.0,1.0
1938,1938 FIFA World Cup,France,FRA,Mario Zatelli,FW,25.0,1912.0,0.0
1938,1938 FIFA World Cup,Germany,DEU,Fritz Buchloh,GK,28.0,1909.0,0.0
1938,1938 FIFA World Cup,Germany,DEU,Josef Gauchel,FW,21.0,1916.0,1.0
1938,1938 FIFA World Cup,Germany,DEU,Rudolf Gellesch,FW,24.0,1914.0,0.0
1938,1938 FIFA World Cup,Germany,DEU,Ludwig Goldbrunner,DF,30.0,1908.0,0.0
1938,1938 FIFA World Cup,Germany,DEU,Wilhelm Hahnemann,FW,24.0,1914.0,1.0
1938,1938 FIFA World Cup,Germany,DEU,Hans Jakob,GK,29.0,1908.0,0.0
1938,1938 FIFA World Cup,Germany,DEU,Paul Janes,DF,26.0,1912.0,0.0
1938,1938 FIFA World Cup,Germany,DEU,Albin Kitzinger,MF,26.0,1912.0,0.0
1938,1938 FIFA World Cup,Germany,DEU,Andreas Kupfer,MF,24.0,1914.0,0.0
1938,1938 FIFA World Cup,Germany,DEU,Ernst Lehner,FW,25.0,1912.0,0.0
1938,1938 FIFA World Cup,Germany,DEU,Hans Mock,MF,31.0,1906.0,0.0
1938,1938 FIFA World Cup,Germany,DEU,Reinhold Münzenberg,DF,29.0,1909.0,0.0
1938,1938 FIFA World Cup,Germany,DEU,Leopold Neumer,FW,19.0,1919.0,0.0
1938,1938 FIFA World Cup,Germany,DEU,Hans Pesser,FW,26.0,1911.0,0.0
1938,1938 FIFA World Cup,Germany,DEU,Rudolf Raftl,GK,27.0,1911.0,0.0
1938,1938 FIFA World Cup,Germany,DEU,Willibald Schmaus,DF,26.0,1911.0,0.0
1938,1938 FIFA World Cup,Germany,DEU,Otto Siffling,FW,25.0,1912.0,0.0
1938,1938 FIFA World Cup,Germany,DEU,Stefan Skoumal,MF,28.0,1909.0,0.0
1938,1938 FIFA World Cup,Germany,DEU,Jakob Streitle,DF,21.0,1916.0,0.0
1938,1938 FIFA World Cup,Germany,DEU,Josef Stroh,FW,25.0,1913.0,0.0
1938,1938 FIFA World Cup,Germany,DEU,Fritz Szepan,FW,30.0,1907.0,0.0
1938,1938 FIFA World Cup,Germany,DEU,Franz Wagner,MF,26.0,1911.0,0.0
1938,1938 FIFA World Cup,Hungary,HUN,István Balogh,MF,25.0,1912.0,0.0
1938,1938 FIFA World Cup,Hungary,HUN,Mihály Bíró,FW,23.0,1914.0,0.0
1938,1938 FIFA World Cup,Hungary,HUN,Sándor Bíró,DF,26.0,1911.0,0.0
1938,1938 FIFA World Cup,Hungary,HUN,László Cseh,FW,28.0,1910.0,0.0
1938,1938 FIFA World Cup,Hungary,HUN,János Dudás,MF,27.0,1911.0,0.0
1938,1938 FIFA World Cup,Hungary,HUN,József Háda,GK,27.0,1911.0,0.0
1938,1938 FIFA World Cup,Hungary,HUN,Vilmos Kohut,FW,31.0,1906.0,1.0
1938,1938 FIFA World Cup,Hungary,HUN,Lajos Korányi,DF,31.0,1907.0,0.0
1938,1938 FIFA World Cup,Hungary,HUN,Gyula Lázár,MF,27.0,1911.0,0.0
1938,1938 FIFA World Cup,Hungary,HUN,József Pálinkás,GK,26.0,1912.0,0.0
1938,1938 FIFA World Cup,Hungary,HUN,Gyula Polgár,DF,26.0,1912.0,0.0
1938,1938 FIFA World Cup,Hungary,HUN,Béla Sárosi,MF,19.0,1919.0,0.0
1938,1938 FIFA World Cup,Hungary,HUN,György Sárosi,FW,25.0,1912.0,5.0
1938,1938 FIFA World Cup,Hungary,HUN,Ferenc Sas,FW,23.0,1915.0,0.0
1938,1938 FIFA World Cup,Hungary,HUN,Antal Szabó,GK,27.0,1910.0,0.0
1938,1938 FIFA World Cup,Hungary,HUN,Antal Szalay,MF,26.0,1912.0,0.0
1938,1938 FIFA World Cup,Hungary,HUN,György Szűcs,MF,26.0,1912.0,0.0
1938,1938 FIFA World Cup,Hungary,HUN,Pál Titkos,FW,30.0,1908.0,2.0
1938,1938 FIFA World Cup,Hungary,HUN,Géza Toldi,FW,29.0,1909.0,1.0
1938,1938 FIFA World Cup,Hungary,HUN,József Turay,MF,33.0,1905.0,0.0
1938,1938 FIFA World Cup,Hungary,HUN,Jenő Vincze,FW,29.0,1908.0,0.0
1938,1938 FIFA World Cup,Hungary,HUN,Gyula Zsengellér,FW,22.0,1915.0,5.0
1938,1938 FIFA World Cup,Italy,ITA,Michele Andreolo,MF,25.0,1912.0,0.0
1938,1938 FIFA World Cup,Italy,ITA,Sergio Bertoni,FW,22.0,1915.0,0.0
1938,1938 FIFA World Cup,Italy,ITA,Amedeo Biavati,FW,23.0,1915.0,0.0
1938,1938 FIFA World Cup,Italy,ITA,Carlo Ceresoli,GK,28.0,1910.0,0.0
1938,1938 FIFA World Cup,Italy,ITA,Bruno Chizzo,MF,22.0,1916.0,0.0
1938,1938 FIFA World Cup,Italy,ITA,Gino Colaussi,FW,24.0,1914.0,4.0
1938,1938 FIFA World Cup,Italy,ITA,Aldo Donati,MF,27.0,1910.0,0.0
1938,1938 FIFA World Cup,Italy,ITA,Giovanni Ferrari,FW,30.0,1907.0,0.0
1938,1938 FIFA World Cup,Italy,ITA,Pietro Ferraris,FW,26.0,1912.0,1.0
1938,1938 FIFA World Cup,Italy,ITA,Alfredo Foni,DF,26.0,1911.0,0.0
1938,1938 FIFA World Cup,Italy,ITA,Mario Genta,MF,26.0,1912.0,0.0
1938,1938 FIFA World Cup,Italy,ITA,Ugo Locatelli,MF,22.0,1916.0,0.0
1938,1938 FIFA World Cup,Italy,ITA,Guido Masetti,GK,30.0,1907.0,0.0
1938,1938 FIFA World Cup,Italy,ITA,Giuseppe Meazza,MF,27.0,1910.0,1.0
1938,1938 FIFA World Cup,Italy,ITA,Eraldo Monzeglio,DF,31.0,1906.0,0.0
1938,1938 FIFA World Cup,Italy,ITA,Aldo Olivieri,GK,27.0,1910.0,0.0
1938,1938 FIFA World Cup,Italy,ITA,Renato Olmi,MF,23.0,1914.0,0.0
1938,1938 FIFA World Cup,Italy,ITA,Piero Pasinati,FW,27.0,1910.0,0.0
1938,1938 FIFA World Cup,Italy,ITA,Mario Perazzolo,MF,26.0,1911.0,0.0
1938,1938 FIFA World Cup,Italy,ITA,Silvio Piola,FW,24.0,1913.0,5.0
1938,1938 FIFA World Cup,Italy,ITA,Pietro Rava,DF,22.0,1916.0,0.0
1938,1938 FIFA World Cup,Italy,ITA,Pietro Serantoni,MF,31.0,1906.0,0.0
1938,1938 FIFA World Cup,Netherlands,NLD,Wim Anderiesen,MF,34.0,1903.0,0.0
1938,1938 FIFA World Cup,Netherlands,NLD,Dick Been,DF,28.0,1909.0,0.0
1938,1938 FIFA World Cup,Netherlands,NLD,Bertus Caldenhove,DF,24.0,1914.0,0.0
1938,1938 FIFA World Cup,Netherlands,NLD,Piet de Boer,FW,18.0,1919.0,0.0
1938,1938 FIFA World Cup,Netherlands,NLD,Bertus de Harder,FW,18.0,1920.0,0.0
1938,1938 FIFA World Cup,Netherlands,NLD,Arie de Winter,FW,24.0,1913.0,0.0
1938,1938 FIFA World Cup,Netherlands,NLD,Daaf Drok,FW,24.0,1914.0,0.0
1938,1938 FIFA World Cup,Netherlands,NLD,Frans Hogenbirk,MF,19.0,1919.0,0.0
1938,1938 FIFA World Cup,Netherlands,NLD,Niek Michel,GK,25.0,1912.0,0.0
1938,1938 FIFA World Cup,Netherlands,NLD,Klaas Ooms,FW,21.0,1916.0,0.0
1938,1938 FIFA World Cup,Netherlands,NLD,Bas Paauwe,MF,26.0,1911.0,0.0
1938,1938 FIFA World Cup,Netherlands,NLD,Rene Pijpers,MF,20.0,1917.0,0.0
1938,1938 FIFA World Cup,Netherlands,NLD,Hendrikus Plenter,DF,24.0,1913.0,0.0
1938,1938 FIFA World Cup,Netherlands,NLD,Piet Punt,FW,29.0,1909.0,0.0
1938,1938 FIFA World Cup,Netherlands,NLD,Kick Smit,FW,26.0,1911.0,0.0
1938,1938 FIFA World Cup,Netherlands,NLD,Frans van der Veen,FW,20.0,1918.0,0.0
1938,1938 FIFA World Cup,Netherlands,NLD,Puck van Heel,MF,34.0,1904.0,0.0
1938,1938 FIFA World Cup,Netherlands,NLD,Adri van Male,GK,27.0,1910.0,0.0
1938,1938 FIFA World Cup,Netherlands,NLD,Henk van Spaandonck,FW,24.0,1913.0,0.0
1938,1938 FIFA World Cup,Netherlands,NLD,Leen Vente,FW,27.0,1911.0,0.0
1938,1938 FIFA World Cup,Netherlands,NLD,Mauk Weber,DF,24.0,1914.0,0.0
1938,1938 FIFA World Cup,Netherlands,NLD,Frank Wels,FW,29.0,1909.0,0.0
1938,1938 FIFA World Cup,Norway,NOR,Roald Amundsen,DF,24.0,1913.0,0.0
1938,1938 FIFA World Cup,Norway,NOR,Oddmund Andersen,DF,22.0,1915.0,0.0
1938,1938 FIFA World Cup,Norway,NOR,Gunnar Andreassen,MF,25.0,1913.0,0.0
1938,1938 FIFA World Cup,Norway,NOR,Hjalmar Andresen,FW,23.0,1914.0,0.0
1938,1938 FIFA World Cup,Norway,NOR,Sverre Berglie,MF,27.0,1910.0,0.0
1938,1938 FIFA World Cup,Norway,NOR,Arne Brustad,FW,26.0,1912.0,1.0
1938,1938 FIFA World Cup,Norway,NOR,Knut Brynildsen,FW,20.0,1917.0,0.0
1938,1938 FIFA World Cup,Norway,NOR,Nils Eriksen,DF,27.0,1911.0,0.0
1938,1938 FIFA World Cup,Norway,NOR,Odd Frantzen,FW,25.0,1913.0,0.0
1938,1938 FIFA World Cup,Norway,NOR,Sigurd Hansen,MF,24.0,1913.0,0.0
1938,1938 FIFA World Cup,Norway,NOR,Kristian Henriksen,MF,27.0,1911.0,0.0
1938,1938 FIFA World Cup,Norway,NOR,Rolf Holmberg,MF,23.0,1914.0,0.0
1938,1938 FIFA World Cup,Norway,NOR,Øivind Holmsen,DF,26.0,1912.0,0.0
1938,1938 FIFA World Cup,Norway,NOR,Arne Ileby,FW,24.0,1913.0,0.0
1938,1938 FIFA World Cup,Norway,NOR,Magnar Isaksen,FW,27.0,1910.0,0.0
1938,1938 FIFA World Cup,Norway,NOR,Rolf Johannessen,DF,28.0,1910.0,0.0
1938,1938 FIFA World Cup,Norway,NOR,Henry Johansen,GK,33.0,1904.0,0.0
1938,1938 FIFA World Cup,Norway,NOR,Jørgen Juve,DF,31.0,1906.0,0.0
1938,1938 FIFA World Cup,Norway,NOR,Anker Kihle,GK,21.0,1917.0,0.0
1938,1938 FIFA World Cup,Norway,NOR,Reidar Kvammen,FW,23.0,1914.0,0.0
1938,1938 FIFA World Cup,Norway,NOR,Alf Martinsen,FW,26.0,1911.0,0.0
1938,1938 FIFA World Cup,Norway,NOR,Sverre Nordby,GK,28.0,1910.0,0.0
1938,1938 FIFA World Cup,Poland,POL,Stanisław Baran,FW,18.0,1920.0,0.0
1938,1938 FIFA World Cup,Poland,POL,Walter Brom,GK,17.0,1921.0,0.0
1938,1938 FIFA World Cup,Poland,POL,Ewald Cebula,FW,21.0,1917.0,0.0
1938,1938 FIFA World Cup,Poland,POL,Ewald Dytko,MF,23.0,1914.0,0.0
1938,1938 FIFA World Cup,Poland,POL,Antoni Gałecki,DF,32.0,1906.0,0.0
1938,1938 FIFA World Cup,Poland,POL,Edmund Giemsa,DF,25.0,1912.0,0.0
1938,1938 FIFA World Cup,Poland,POL,Wilhelm Góra,MF,22.0,1916.0,0.0
1938,1938 FIFA World Cup,Poland,POL,Bolesław Habowski,FW,23.0,1914.0,0.0
1938,1938 FIFA World Cup,Poland,POL,Józef Korbas,FW,23.0,1914.0,0.0
1938,1938 FIFA World Cup,Poland,POL,Kazimierz Lis,MF,28.0,1910.0,0.0
1938,1938 FIFA World Cup,Poland,POL,Antoni Łyko,FW,31.0,1907.0,0.0
1938,1938 FIFA World Cup,Poland,POL,Edward Madejski,GK,23.0,1914.0,0.0
1938,1938 FIFA World Cup,Poland,POL,Erwin Nyc,MF,24.0,1914.0,0.0
1938,1938 FIFA World Cup,Poland,POL,Leonard Piątek,FW,24.0,1913.0,0.0
1938,1938 FIFA World Cup,Poland,POL,Ryszard Piec,FW,24.0,1913.0,0.0
1938,1938 FIFA World Cup,Poland,POL,Wilhelm Piec,MF,23.0,1915.0,0.0
1938,1938 FIFA World Cup,Poland,POL,Fryderyk Scherfke,FW,28.0,1909.0,1.0
1938,1938 FIFA World Cup,Poland,POL,Władysław Szczepaniak,DF,28.0,1910.0,0.0
1938,1938 FIFA World Cup,Poland,POL,Edmund Twórz,DF,24.0,1914.0,0.0
1938,1938 FIFA World Cup,Poland,POL,Jan Wasiewicz,MF,27.0,1911.0,0.0
1938,1938 FIFA World Cup,Poland,POL,Ernst Wilimowski,FW,21.0,1916.0,4.0
1938,1938 FIFA World Cup,Poland,POL,Gerard Wodarz,FW,24.0,1913.0,0.0
1938,1938 FIFA World Cup,Romania,ROU,Iuliu Baratky,FW,28.0,1910.0,1.0
1938,1938 FIFA World Cup,Romania,ROU,Andrei Bărbulescu,MF,21.0,1917.0,0.0
1938,1938 FIFA World Cup,Romania,ROU,Silviu Bindea,FW,25.0,1912.0,1.0
1938,1938 FIFA World Cup,Romania,ROU,Iuliu Bodola,FW,26.0,1912.0,0.0
1938,1938 FIFA World Cup,Romania,ROU,Ion Bogdan,FW,23.0,1915.0,0.0
1938,1938 FIFA World Cup,Romania,ROU,Gheorghe Brandabura,MF,25.0,1913.0,0.0
1938,1938 FIFA World Cup,Romania,ROU,Coloman Braun-Bogdan,FW,32.0,1905.0,0.0
1938,1938 FIFA World Cup,Romania,ROU,Rudolf Bürger,DF,29.0,1908.0,0.0
1938,1938 FIFA World Cup,Romania,ROU,Vasile Chiroiu,DF,27.0,1910.0,0.0
1938,1938 FIFA World Cup,Romania,ROU,Vintilă Cossini,MF,24.0,1913.0,0.0
1938,1938 FIFA World Cup,Romania,ROU,Mircea David,GK,23.0,1914.0,0.0
1938,1938 FIFA World Cup,Romania,ROU,Ștefan Dobay,FW,28.0,1909.0,2.0
1938,1938 FIFA World Cup,Romania,ROU,Iacob Felecan,DF,24.0,1914.0,0.0
1938,1938 FIFA World Cup,Romania,ROU,Nicolae Kovács,FW,26.0,1911.0,0.0
1938,1938 FIFA World Cup,Romania,ROU,Ioachim Moldoveanu,FW,24.0,1913.0,0.0
1938,1938 FIFA World Cup,Romania,ROU,Miklós Nagy,FW,20.0,1918.0,0.0
1938,1938 FIFA World Cup,Romania,ROU,Dumitru Pavlovici,GK,26.0,1912.0,0.0
1938,1938 FIFA World Cup,Romania,ROU,Gyula Prassler,FW,22.0,1916.0,0.0
1938,1938 FIFA World Cup,Romania,ROU,László Raffinsky,MF,33.0,1905.0,0.0
1938,1938 FIFA World Cup,Romania,ROU,Gheorghe Rășinaru,MF,23.0,1915.0,0.0
1938,1938 FIFA World Cup,Romania,ROU,Robert Sadowski,GK,23.0,1914.0,0.0
1938,1938 FIFA World Cup,Romania,ROU,Lazăr Sfera,DF,29.0,1909.0,0.0
1938,1938 FIFA World Cup,Sweden,SWE,Henock Abrahamsson,GK,28.0,1909.0,0.0
1938,1938 FIFA World Cup,Sweden,SWE,Erik Almgren,MF,30.0,1908.0,0.0
1938,1938 FIFA World Cup,Sweden,SWE,Åke Andersson,FW,21.0,1917.0,0.0
1938,1938 FIFA World Cup,Sweden,SWE,Harry Andersson,FW,25.0,1913.0,3.0
1938,1938 FIFA World Cup,Sweden,SWE,Curt Bergsten,FW,22.0,1915.0,0.0
1938,1938 FIFA World Cup,Sweden,SWE,Lennart Bunke,FW,26.0,1912.0,0.0
1938,1938 FIFA World Cup,Sweden,SWE,Ivar Eriksson,DF,28.0,1909.0,0.0
1938,1938 FIFA World Cup,Sweden,SWE,Karl-Erik Grahn,MF,23.0,1914.0,0.0
1938,1938 FIFA World Cup,Sweden,SWE,Knut Hansson,FW,27.0,1911.0,0.0
1938,1938 FIFA World Cup,Sweden,SWE,Sven Jacobsson,MF,24.0,1914.0,0.0
1938,1938 FIFA World Cup,Sweden,SWE,Sven Jonasson,FW,28.0,1909.0,1.0
1938,1938 FIFA World Cup,Sweden,SWE,Olle Källgren,DF,30.0,1907.0,0.0
1938,1938 FIFA World Cup,Sweden,SWE,Tore Keller,FW,33.0,1905.0,1.0
1938,1938 FIFA World Cup,Sweden,SWE,Arne Linderholm,MF,22.0,1916.0,0.0
1938,1938 FIFA World Cup,Sweden,SWE,Erik Nilsson,DF,21.0,1916.0,0.0
1938,1938 FIFA World Cup,Sweden,SWE,Harry Nilsson,DF,,,0.0
1938,1938 FIFA World Cup,Sweden,SWE,Arne Nyberg,FW,24.0,1913.0,3.0
1938,1938 FIFA World Cup,Sweden,SWE,Erik Persson,FW,28.0,1909.0,0.0
1938,1938 FIFA World Cup,Sweden,SWE,Gustav Sjöberg,GK,25.0,1913.0,0.0
1938,1938 FIFA World Cup,Sweden,SWE,Kurt Svanström,MF,23.0,1915.0,0.0
1938,1938 FIFA World Cup,Sweden,SWE,Sven Unger,FW,,,0.0
1938,1938 FIFA World Cup,Sweden,SWE,Gustav Wetterström,FW,26.0,1911.0,3.0
1938,1938 FIFA World Cup,Switzerland,CHE,André Abegglen,FW,29.0,1909.0,3.0
1938,1938 FIFA World Cup,Switzerland,CHE,Georges Aeby,FW,27.0,1910.0,0.0
1938,1938 FIFA World Cup,Switzerland,CHE,Paul Aeby,FW,27.0,1910.0,0.0
1938,1938 FIFA World Cup,Switzerland,CHE,Lauro Amadò,FW,26.0,1912.0,0.0
1938,1938 FIFA World Cup,Switzerland,CHE,Erwin Ballabio,GK,19.0,1918.0,0.0
1938,1938 FIFA World Cup,Switzerland,CHE,Alfred Bickel,FW,20.0,1918.0,1.0
1938,1938 FIFA World Cup,Switzerland,CHE,Renato Bizzozero,GK,25.0,1912.0,0.0
1938,1938 FIFA World Cup,Switzerland,CHE,Alessandro Frigerio,FW,23.0,1914.0,0.0
1938,1938 FIFA World Cup,Switzerland,CHE,Tullio Grassi,FW,28.0,1910.0,0.0
1938,1938 FIFA World Cup,Switzerland,CHE,Albert Guinchard,MF,23.0,1914.0,0.0
1938,1938 FIFA World Cup,Switzerland,CHE,Willy Huber,GK,24.0,1913.0,0.0
1938,1938 FIFA World Cup,Switzerland,CHE,Leopold Kielholz,FW,26.0,1911.0,0.0
1938,1938 FIFA World Cup,Switzerland,CHE,August Lehmann,DF,29.0,1909.0,0.0
1938,1938 FIFA World Cup,Switzerland,CHE,Ernst Lörtscher,MF,25.0,1913.0,0.0
1938,1938 FIFA World Cup,Switzerland,CHE,Severino Minelli,DF,28.0,1909.0,0.0
1938,1938 FIFA World Cup,Switzerland,CHE,Oscar Rauch,MF,24.0,1914.0,0.0
1938,1938 FIFA World Cup,Switzerland,CHE,Eugen Rupf,FW,,,0.0
1938,1938 FIFA World Cup,Switzerland,CHE,Hermann Springer,MF,29.0,1908.0,0.0
1938,1938 FIFA World Cup,Switzerland,CHE,Adolf Stelzer,DF,29.0,1908.0,0.0
1938,1938 FIFA World Cup,Switzerland,CHE,Sirio Vernati,MF,31.0,1907.0,0.0
1938,1938 FIFA World Cup,Switzerland,CHE,Fritz Wagner,FW,,,0.0
1938,1938 FIFA World Cup,Switzerland,CHE,Eugen Walaschek,FW,21.0,1916.0,1.0
1950,1950 FIFA World Cup,Bolivia,BOL,Alberto Achá,DF,33.0,1917.0,0.0
1950,1950 FIFA World Cup,Bolivia,BOL,Víctor Celestino Algarañaz,FW,24.0,1926.0,0.0
1950,1950 FIFA World Cup,Bolivia,BOL,Alberto Aparicio,MF,26.0,1923.0,0.0
1950,1950 FIFA World Cup,Bolivia,BOL,Duberty Aráoz,MF,29.0,1920.0,0.0
1950,1950 FIFA World Cup,Bolivia,BOL,Vicente Arraya,GK,29.0,1921.0,0.0
1950,1950 FIFA World Cup,Bolivia,BOL,Juan Arricio,MF,26.0,1923.0,0.0
1950,1950 FIFA World Cup,Bolivia,BOL,Víctor Brown,FW,23.0,1927.0,0.0
1950,1950 FIFA World Cup,Bolivia,BOL,José Bustamante,DF,28.0,1922.0,0.0
1950,1950 FIFA World Cup,Bolivia,BOL,René Cabrera,MF,24.0,1925.0,0.0
1950,1950 FIFA World Cup,Bolivia,BOL,Roberto Capparelli,FW,26.0,1923.0,0.0
1950,1950 FIFA World Cup,Bolivia,BOL,Leonardo Ferrel,MF,26.0,1923.0,0.0
1950,1950 FIFA World Cup,Bolivia,BOL,Benedicto Godoy Véizaga,FW,25.0,1924.0,0.0
1950,1950 FIFA World Cup,Bolivia,BOL,Antonio Greco,DF,26.0,1923.0,0.0
1950,1950 FIFA World Cup,Bolivia,BOL,Juan Guerra,FW,23.0,1927.0,0.0
1950,1950 FIFA World Cup,Bolivia,BOL,Benigno Gutiérrez,FW,24.0,1925.0,0.0
1950,1950 FIFA World Cup,Bolivia,BOL,Eduardo Gutiérrez,GK,25.0,1925.0,0.0
1950,1950 FIFA World Cup,Bolivia,BOL,Benjamin Maldonado,FW,22.0,1928.0,0.0
1950,1950 FIFA World Cup,Bolivia,BOL,Mario Mena,FW,23.0,1927.0,0.0
1950,1950 FIFA World Cup,Bolivia,BOL,Humberto Saavedra,MF,26.0,1923.0,0.0
1950,1950 FIFA World Cup,Bolivia,BOL,Eulogio Sandoval,MF,27.0,1922.0,0.0
1950,1950 FIFA World Cup,Bolivia,BOL,Víctor Agustín Ugarte,FW,24.0,1926.0,0.0
1950,1950 FIFA World Cup,Bolivia,BOL,Antonio Valencia,MF,25.0,1925.0,0.0
1950,1950 FIFA World Cup,Brazil,BRA,Adãozinho,FW,27.0,1923.0,0.0
1950,1950 FIFA World Cup,Brazil,BRA,Ademir,FW,27.0,1922.0,9.0
1950,1950 FIFA World Cup,Brazil,BRA,Alfredo,FW,30.0,1920.0,1.0
1950,1950 FIFA World Cup,Brazil,BRA,Augusto,DF,29.0,1920.0,0.0
1950,1950 FIFA World Cup,Brazil,BRA,Baltazar,FW,24.0,1926.0,2.0
1950,1950 FIFA World Cup,Brazil,BRA,Barbosa,GK,29.0,1921.0,0.0
1950,1950 FIFA World Cup,Brazil,BRA,Bauer,MF,24.0,1925.0,0.0
1950,1950 FIFA World Cup,Brazil,BRA,Bigode,MF,28.0,1922.0,0.0
1950,1950 FIFA World Cup,Brazil,BRA,Carlos José Castilho,GK,22.0,1927.0,0.0
1950,1950 FIFA World Cup,Brazil,BRA,Chico,FW,28.0,1922.0,4.0
1950,1950 FIFA World Cup,Brazil,BRA,Danilo,MF,29.0,1920.0,0.0
1950,1950 FIFA World Cup,Brazil,BRA,Ely,MF,29.0,1921.0,0.0
1950,1950 FIFA World Cup,Brazil,BRA,Friaça,FW,25.0,1924.0,1.0
1950,1950 FIFA World Cup,Brazil,BRA,Jair,FW,29.0,1921.0,2.0
1950,1950 FIFA World Cup,Brazil,BRA,Juvenal,DF,26.0,1923.0,0.0
1950,1950 FIFA World Cup,Brazil,BRA,Maneca,FW,24.0,1926.0,1.0
1950,1950 FIFA World Cup,Brazil,BRA,Nena,DF,29.0,1921.0,0.0
1950,1950 FIFA World Cup,Brazil,BRA,Noronha,MF,31.0,1918.0,0.0
1950,1950 FIFA World Cup,Brazil,BRA,Rodrigues,FW,24.0,1925.0,0.0
1950,1950 FIFA World Cup,Brazil,BRA,Rui,MF,27.0,1922.0,0.0
1950,1950 FIFA World Cup,Brazil,BRA,Nílton Santos,DF,25.0,1925.0,0.0
1950,1950 FIFA World Cup,Brazil,BRA,Zizinho,FW,27.0,1922.0,2.0
1950,1950 FIFA World Cup,Chile,CHL,Manuel Álvarez Jiménez,DF,22.0,1928.0,0.0
1950,1950 FIFA World Cup,Chile,CHL,Miguel Busquets,MF,29.0,1920.0,0.0
1950,1950 FIFA World Cup,Chile,CHL,Fernando Campos,MF,26.0,1923.0,0.0
1950,1950 FIFA World Cup,Chile,CHL,Hernán Carvallo,MF,27.0,1922.0,0.0
1950,1950 FIFA World Cup,Chile,CHL,Atilio Cremaschi,FW,27.0,1923.0,2.0
1950,1950 FIFA World Cup,Chile,CHL,Guillermo Díaz,FW,19.0,1930.0,0.0
1950,1950 FIFA World Cup,Chile,CHL,Arturo Farías,DF,22.0,1927.0,0.0
1950,1950 FIFA World Cup,Chile,CHL,Miguel Flores,DF,29.0,1920.0,0.0
1950,1950 FIFA World Cup,Chile,CHL,Carlos Ibáñez,FW,19.0,1930.0,0.0
1950,1950 FIFA World Cup,Chile,CHL,Raimundo Infante,FW,22.0,1928.0,0.0
1950,1950 FIFA World Cup,Chile,CHL,Sergio Livingstone,GK,30.0,1920.0,0.0
1950,1950 FIFA World Cup,Chile,CHL,Manuel Machuca,DF,26.0,1924.0,0.0
1950,1950 FIFA World Cup,Chile,CHL,Luis Mayanés,FW,25.0,1925.0,0.0
1950,1950 FIFA World Cup,Chile,CHL,Manuel Muñoz,FW,22.0,1928.0,0.0
1950,1950 FIFA World Cup,Chile,CHL,Andrés Prieto,FW,21.0,1928.0,1.0
1950,1950 FIFA World Cup,Chile,CHL,René Quitral,GK,25.0,1924.0,0.0
1950,1950 FIFA World Cup,Chile,CHL,Fernando Riera,FW,29.0,1920.0,1.0
1950,1950 FIFA World Cup,Chile,CHL,George Robledo,FW,24.0,1926.0,1.0
1950,1950 FIFA World Cup,Chile,CHL,Carlos Rojas,MF,21.0,1928.0,0.0
1950,1950 FIFA World Cup,Chile,CHL,Fernando Roldán,DF,19.0,1930.0,0.0
1950,1950 FIFA World Cup,Chile,CHL,Osvaldo Saez,MF,26.0,1923.0,0.0
1950,1950 FIFA World Cup,Chile,CHL,Francisco Urroz,DF,29.0,1920.0,0.0
1950,1950 FIFA World Cup,England,ENG,John Aston,DF,28.0,1921.0,0.0
1950,1950 FIFA World Cup,England,ENG,Eddie Baily,FW,24.0,1925.0,0.0
1950,1950 FIFA World Cup,England,ENG,Roy Bentley,FW,26.0,1924.0,0.0
1950,1950 FIFA World Cup,England,ENG,Henry Cockburn,MF,28.0,1921.0,0.0
1950,1950 FIFA World Cup,England,ENG,Jimmy Dickinson,MF,25.0,1925.0,0.0
1950,1950 FIFA World Cup,England,ENG,Ted Ditchburn,GK,28.0,1921.0,0.0
1950,1950 FIFA World Cup,England,ENG,Bill Eckersley,DF,24.0,1925.0,0.0
1950,1950 FIFA World Cup,England,ENG,Tom Finney,FW,28.0,1922.0,0.0
1950,1950 FIFA World Cup,England,ENG,Laurie Hughes,DF,26.0,1924.0,0.0
1950,1950 FIFA World Cup,England,ENG,Wilf Mannion,FW,32.0,1918.0,1.0
1950,1950 FIFA World Cup,England,ENG,Stanley Matthews,FW,35.0,1915.0,0.0
1950,1950 FIFA World Cup,England,ENG,Jackie Milburn,FW,26.0,1924.0,0.0
1950,1950 FIFA World Cup,England,ENG,Stan Mortensen,FW,29.0,1921.0,1.0
1950,1950 FIFA World Cup,England,ENG,Jimmy Mullen,FW,27.0,1923.0,0.0
1950,1950 FIFA World Cup,England,ENG,Bill Nicholson,MF,31.0,1919.0,0.0
1950,1950 FIFA World Cup,England,ENG,Alf Ramsey,DF,30.0,1920.0,0.0
1950,1950 FIFA World Cup,England,ENG,Laurie Scott,DF,33.0,1917.0,0.0
1950,1950 FIFA World Cup,England,ENG,Jim Taylor,DF,32.0,1917.0,0.0
1950,1950 FIFA World Cup,England,ENG,Willie Watson,MF,30.0,1920.0,0.0
1950,1950 FIFA World Cup,England,ENG,Bert Williams,GK,30.0,1920.0,0.0
1950,1950 FIFA World Cup,England,ENG,Billy Wright,MF,26.0,1924.0,0.0
1950,1950 FIFA World Cup,Italy,ITA,Amedeo Amadei,FW,28.0,1921.0,0.0
1950,1950 FIFA World Cup,Italy,ITA,Carlo Annovazzi,DF,25.0,1925.0,0.0
1950,1950 FIFA World Cup,Italy,ITA,Ivano Blason,DF,27.0,1923.0,0.0
1950,1950 FIFA World Cup,Italy,ITA,Giampiero Boniperti,FW,21.0,1928.0,0.0
1950,1950 FIFA World Cup,Italy,ITA,Aldo Campatelli,FW,31.0,1919.0,0.0
1950,1950 FIFA World Cup,Italy,ITA,Gino Cappello,FW,30.0,1920.0,0.0
1950,1950 FIFA World Cup,Italy,ITA,Emilio Caprile,FW,21.0,1928.0,0.0
1950,1950 FIFA World Cup,Italy,ITA,Riccardo Carapellese,FW,27.0,1922.0,2.0
1950,1950 FIFA World Cup,Italy,ITA,Giuseppe Casari,GK,28.0,1922.0,0.0
1950,1950 FIFA World Cup,Italy,ITA,Osvaldo Fattori,DF,28.0,1922.0,0.0
1950,1950 FIFA World Cup,Italy,ITA,Zeffiro Furiassi,DF,27.0,1923.0,0.0
1950,1950 FIFA World Cup,Italy,ITA,Attilio Giovannini,DF,25.0,1924.0,0.0
1950,1950 FIFA World Cup,Italy,ITA,Benito Lorenzi,FW,24.0,1925.0,0.0
1950,1950 FIFA World Cup,Italy,ITA,Augusto Magli,MF,27.0,1923.0,0.0
1950,1950 FIFA World Cup,Italy,ITA,Giacomo Mari,MF,25.0,1924.0,0.0
1950,1950 FIFA World Cup,Italy,ITA,Giuseppe Moro,GK,29.0,1921.0,0.0
1950,1950 FIFA World Cup,Italy,ITA,Ermes Muccinelli,FW,22.0,1927.0,1.0
1950,1950 FIFA World Cup,Italy,ITA,Egisto Pandolfini,FW,24.0,1926.0,1.0
1950,1950 FIFA World Cup,Italy,ITA,Carlo Parola,MF,28.0,1921.0,0.0
1950,1950 FIFA World Cup,Italy,ITA,Leandro Remondini,MF,32.0,1917.0,0.0
1950,1950 FIFA World Cup,Italy,ITA,Lucidio Sentimenti,GK,29.0,1920.0,0.0
1950,1950 FIFA World Cup,Italy,ITA,Omero Tognon,MF,26.0,1924.0,0.0
1950,1950 FIFA World Cup,Mexico,MEX,José Luis Borbolla,FW,30.0,1920.0,0.0
1950,1950 FIFA World Cup,Mexico,MEX,Antonio Carbajal,GK,21.0,1929.0,0.0
1950,1950 FIFA World Cup,Mexico,MEX,Horacio Casarín,FW,32.0,1918.0,1.0
1950,1950 FIFA World Cup,Mexico,MEX,Raúl Córdoba,GK,26.0,1924.0,0.0
1950,1950 FIFA World Cup,Mexico,MEX,Samuel Cuburu,MF,22.0,1928.0,0.0
1950,1950 FIFA World Cup,Mexico,MEX,Antonio Flores,MF,26.0,1923.0,0.0
1950,1950 FIFA World Cup,Mexico,MEX,Gregorio Gómez,DF,25.0,1924.0,0.0
1950,1950 FIFA World Cup,Mexico,MEX,Carlos Guevara,MF,,,0.0
1950,1950 FIFA World Cup,Mexico,MEX,Manuel Gutiérrez,DF,30.0,1920.0,0.0
1950,1950 FIFA World Cup,Mexico,MEX,Francisco Hernández,MF,26.0,1924.0,0.0
1950,1950 FIFA World Cup,Mexico,MEX,Alfonso Montemayor,DF,28.0,1922.0,0.0
1950,1950 FIFA World Cup,Mexico,MEX,José Naranjo,FW,24.0,1926.0,0.0
1950,1950 FIFA World Cup,Mexico,MEX,Leonardo Navarro,FW,,,0.0
1950,1950 FIFA World Cup,Mexico,MEX,Mario Ochoa,MF,22.0,1927.0,0.0
1950,1950 FIFA World Cup,Mexico,MEX,Héctor Ortiz,MF,21.0,1928.0,1.0
1950,1950 FIFA World Cup,Mexico,MEX,Mario Pérez,MF,23.0,1927.0,0.0
1950,1950 FIFA World Cup,Mexico,MEX,Max Prieto,FW,31.0,1919.0,0.0
1950,1950 FIFA World Cup,Mexico,MEX,José Antonio Roca,DF,22.0,1928.0,0.0
1950,1950 FIFA World Cup,Mexico,MEX,Rodrigo Ruiz,DF,27.0,1923.0,0.0
1950,1950 FIFA World Cup,Mexico,MEX,Carlos Septién,FW,27.0,1923.0,0.0
1950,1950 FIFA World Cup,Mexico,MEX,José Velázquez,FW,26.0,1923.0,0.0
1950,1950 FIFA World Cup,Mexico,MEX,Felipe Zetter,DF,26.0,1923.0,0.0
1950,1950 FIFA World Cup,Paraguay,PRY,Enrique Avalos,FW,,,0.0
1950,1950 FIFA World Cup,Paraguay,PRY,Marcial Avalos,FW,28.0,1921.0,0.0
1950,1950 FIFA World Cup,Paraguay,PRY,Melanio Baez,MF,,,0.0
1950,1950 FIFA World Cup,Paraguay,PRY,Ángel Berni,FW,19.0,1931.0,0.0
1950,1950 FIFA World Cup,Paraguay,PRY,Antonio Cabrera,DF,,,0.0
1950,1950 FIFA World Cup,Paraguay,PRY,Lorenzo Calonga,FW,20.0,1929.0,0.0
1950,1950 FIFA World Cup,Paraguay,PRY,Juan Cañete,FW,20.0,1929.0,0.0
1950,1950 FIFA World Cup,Paraguay,PRY,Castor Cantero,MF,32.0,1918.0,0.0
1950,1950 FIFA World Cup,Paraguay,PRY,Pablo Centurión,GK,,,0.0
1950,1950 FIFA World Cup,Paraguay,PRY,Casiano Céspedes,DF,,,0.0
1950,1950 FIFA World Cup,Paraguay,PRY,César López Fretes,FW,27.0,1923.0,1.0
1950,1950 FIFA World Cup,Paraguay,PRY,Manuel Gavilán,DF,29.0,1920.0,0.0
1950,1950 FIFA World Cup,Paraguay,PRY,Alberto González,DF,,,0.0
1950,1950 FIFA World Cup,Paraguay,PRY,Armando González,MF,,,0.0
1950,1950 FIFA World Cup,Paraguay,PRY,Darío Jara Saguier,FW,20.0,1930.0,0.0
1950,1950 FIFA World Cup,Paraguay,PRY,Victoriano Leguizamón,MF,28.0,1922.0,0.0
1950,1950 FIFA World Cup,Paraguay,PRY,Atilio López,FW,25.0,1925.0,1.0
1950,1950 FIFA World Cup,Paraguay,PRY,Hilarión Osorio,FW,21.0,1928.0,0.0
1950,1950 FIFA World Cup,Paraguay,PRY,Elioro Paredes,DF,29.0,1921.0,0.0
1950,1950 FIFA World Cup,Paraguay,PRY,Francisco Sosa,FW,,,0.0
1950,1950 FIFA World Cup,Paraguay,PRY,Leongino Unzaim,FW,25.0,1925.0,0.0
1950,1950 FIFA World Cup,Paraguay,PRY,Marcelino Vargas,GK,,,0.0
1950,1950 FIFA World Cup,Spain,ESP,Juan Acuña,GK,27.0,1923.0,0.0
1950,1950 FIFA World Cup,Spain,ESP,Gabriel Alonso,DF,26.0,1923.0,0.0
1950,1950 FIFA World Cup,Spain,ESP,Francisco Antúnez,DF,27.0,1922.0,0.0
1950,1950 FIFA World Cup,Spain,ESP,Vicente Asensi,DF,31.0,1919.0,0.0
1950,1950 FIFA World Cup,Spain,ESP,Estanislau Basora,FW,23.0,1926.0,4.0
1950,1950 FIFA World Cup,Spain,ESP,César,FW,29.0,1920.0,0.0
1950,1950 FIFA World Cup,Spain,ESP,Ignacio Eizaguirre,GK,29.0,1920.0,0.0
1950,1950 FIFA World Cup,Spain,ESP,Agustín Gaínza,FW,28.0,1922.0,0.0
1950,1950 FIFA World Cup,Spain,ESP,Josep Gonzalvo,DF,30.0,1920.0,0.0
1950,1950 FIFA World Cup,Spain,ESP,Marià Gonzalvo,MF,28.0,1922.0,0.0
1950,1950 FIFA World Cup,Spain,ESP,Rosendo Hernández,FW,29.0,1921.0,0.0
1950,1950 FIFA World Cup,Spain,ESP,Silvestre Igoa,FW,29.0,1920.0,2.0
1950,1950 FIFA World Cup,Spain,ESP,José Juncosa,FW,28.0,1922.0,0.0
1950,1950 FIFA World Cup,Spain,ESP,Rafael Lesmes,DF,23.0,1926.0,0.0
1950,1950 FIFA World Cup,Spain,ESP,Luis Molowny,MF,25.0,1925.0,0.0
1950,1950 FIFA World Cup,Spain,ESP,Nando,MF,29.0,1921.0,0.0
1950,1950 FIFA World Cup,Spain,ESP,José Luis Panizo,MF,28.0,1922.0,0.0
1950,1950 FIFA World Cup,Spain,ESP,José Parra,DF,24.0,1925.0,0.0
1950,1950 FIFA World Cup,Spain,ESP,Antonio Puchades,MF,25.0,1925.0,0.0
1950,1950 FIFA World Cup,Spain,ESP,Antoni Ramallets,GK,26.0,1924.0,0.0
1950,1950 FIFA World Cup,Spain,ESP,Alfonso Silva,MF,24.0,1926.0,0.0
1950,1950 FIFA World Cup,Spain,ESP,Telmo Zarra,FW,29.0,1921.0,4.0
1950,1950 FIFA World Cup,Sweden,SWE,Olle Åhlund,MF,29.0,1920.0,0.0
1950,1950 FIFA World Cup,Sweden,SWE,Sune Andersson,MF,29.0,1921.0,2.0
1950,1950 FIFA World Cup,Sweden,SWE,Ingvar Gärd,MF,28.0,1921.0,0.0
1950,1950 FIFA World Cup,Sweden,SWE,Hasse Jeppson,FW,25.0,1925.0,2.0
1950,1950 FIFA World Cup,Sweden,SWE,Gunnar Johansson,DF,26.0,1924.0,0.0
1950,1950 FIFA World Cup,Sweden,SWE,Egon Jönsson,FW,28.0,1921.0,0.0
1950,1950 FIFA World Cup,Sweden,SWE,Torsten Lindberg,GK,33.0,1917.0,0.0
1950,1950 FIFA World Cup,Sweden,SWE,Arne Månsson,DF,24.0,1925.0,0.0
1950,1950 FIFA World Cup,Sweden,SWE,Bror Mellberg,FW,26.0,1923.0,1.0
1950,1950 FIFA World Cup,Sweden,SWE,Erik Nilsson,DF,33.0,1916.0,0.0
1950,1950 FIFA World Cup,Sweden,SWE,Stellan Nilsson,FW,28.0,1922.0,0.0
1950,1950 FIFA World Cup,Sweden,SWE,Knut Nordahl,MF,30.0,1920.0,0.0
1950,1950 FIFA World Cup,Sweden,SWE,Karl-Erik Palmér,FW,21.0,1929.0,3.0
1950,1950 FIFA World Cup,Sweden,SWE,Kjell Rosén,MF,29.0,1921.0,0.0
1950,1950 FIFA World Cup,Sweden,SWE,Ingvar Rydell,FW,28.0,1922.0,0.0
1950,1950 FIFA World Cup,Sweden,SWE,Lennart Samuelsson,DF,25.0,1924.0,0.0
1950,1950 FIFA World Cup,Sweden,SWE,Lennart Skoglund,FW,20.0,1929.0,0.0
1950,1950 FIFA World Cup,Sweden,SWE,Stig Sundqvist,FW,27.0,1922.0,3.0
1950,1950 FIFA World Cup,Sweden,SWE,Kalle Svensson,GK,24.0,1925.0,0.0
1950,1950 FIFA World Cup,Sweden,SWE,Kurt Svensson,FW,23.0,1927.0,0.0
1950,1950 FIFA World Cup,Sweden,SWE,Tore Svensson,GK,22.0,1927.0,0.0
1950,1950 FIFA World Cup,Sweden,SWE,Börje Tapper,FW,28.0,1922.0,0.0
1950,1950 FIFA World Cup,Switzerland,CHE,Charles Antenen,FW,20.0,1929.0,1.0
1950,1950 FIFA World Cup,Switzerland,CHE,René Bader,FW,27.0,1922.0,1.0
1950,1950 FIFA World Cup,Switzerland,CHE,Walter Beerli,FW,21.0,1928.0,0.0
1950,1950 FIFA World Cup,Switzerland,CHE,Alfred Bickel,FW,32.0,1918.0,0.0
1950,1950 FIFA World Cup,Switzerland,CHE,Roger Bocquet,DF,29.0,1921.0,0.0
1950,1950 FIFA World Cup,Switzerland,CHE,Eugen Corrodi,GK,27.0,1922.0,0.0
1950,1950 FIFA World Cup,Switzerland,CHE,Oliver Eggimann,MF,31.0,1919.0,0.0
1950,1950 FIFA World Cup,Switzerland,CHE,Jacques Fatton,FW,24.0,1925.0,2.0
1950,1950 FIFA World Cup,Switzerland,CHE,Hans-Peter Friedländer,FW,29.0,1920.0,0.0
1950,1950 FIFA World Cup,Switzerland,CHE,Rudolf Gyger,DF,30.0,1920.0,0.0
1950,1950 FIFA World Cup,Switzerland,CHE,Adolphe Hug,GK,26.0,1923.0,0.0
1950,1950 FIFA World Cup,Switzerland,CHE,Willy Kernen,DF,20.0,1929.0,0.0
1950,1950 FIFA World Cup,Switzerland,CHE,Gerhard Lusenti,FW,29.0,1921.0,0.0
1950,1950 FIFA World Cup,Switzerland,CHE,André Neury,DF,28.0,1921.0,0.0
1950,1950 FIFA World Cup,Switzerland,CHE,Roger Quinche,MF,27.0,1922.0,0.0
1950,1950 FIFA World Cup,Switzerland,CHE,Kurt Rey,DF,26.0,1923.0,0.0
1950,1950 FIFA World Cup,Switzerland,CHE,Walter Schneiter,FW,32.0,1918.0,0.0
1950,1950 FIFA World Cup,Switzerland,CHE,Hans Siegenthaler,FW,27.0,1923.0,0.0
1950,1950 FIFA World Cup,Switzerland,CHE,Felice Soldini,MF,34.0,1915.0,0.0
1950,1950 FIFA World Cup,Switzerland,CHE,Willi Steffen,DF,27.0,1923.0,0.0
1950,1950 FIFA World Cup,Switzerland,CHE,Georges Stuber,GK,25.0,1925.0,0.0
1950,1950 FIFA World Cup,Switzerland,CHE,Jean Tamini,FW,30.0,1919.0,0.0
1950,1950 FIFA World Cup,United States,USA,Robert Annis,DF,21.0,1928.0,0.0
1950,1950 FIFA World Cup,United States,USA,Walter Bahr,MF,23.0,1927.0,0.0
1950,1950 FIFA World Cup,United States,USA,Frank Borghi,GK,25.0,1925.0,0.0
1950,1950 FIFA World Cup,United States,USA,Charlie Colombo,MF,29.0,1920.0,0.0
1950,1950 FIFA World Cup,United States,USA,Geoff Coombes,DF,31.0,1919.0,0.0
1950,1950 FIFA World Cup,United States,USA,Robert Craddock,FW,26.0,1923.0,0.0
1950,1950 FIFA World Cup,United States,USA,Nicholas DiOrio,FW,29.0,1921.0,0.0
1950,1950 FIFA World Cup,United States,USA,Joe Gaetjens,FW,26.0,1924.0,1.0
1950,1950 FIFA World Cup,United States,USA,Gino Gardassanich,GK,27.0,1922.0,0.0
1950,1950 FIFA World Cup,United States,USA,Harry Keough,DF,22.0,1927.0,0.0
1950,1950 FIFA World Cup,United States,USA,Joe Maca,DF,29.0,1920.0,1.0
1950,1950 FIFA World Cup,United States,USA,Ed McIlvenny,MF,25.0,1924.0,0.0
1950,1950 FIFA World Cup,United States,USA,Frank Moniz,FW,38.0,1911.0,0.0
1950,1950 FIFA World Cup,United States,USA,Gino Pariani,FW,22.0,1928.0,1.0
1950,1950 FIFA World Cup,United States,USA,Ed Souza,FW,28.0,1921.0,0.0
1950,1950 FIFA World Cup,United States,USA,John Souza,FW,29.0,1920.0,0.0
1950,1950 FIFA World Cup,United States,USA,Frank Wallace,FW,27.0,1922.0,1.0
1950,1950 FIFA World Cup,United States,USA,Adam Wolanin,FW,30.0,1919.0,0.0
1950,1950 FIFA World Cup,Uruguay,URY,Julio César Britos,FW,24.0,1926.0,0.0
1950,1950 FIFA World Cup,Uruguay,URY,Juan Burgueño,FW,27.0,1923.0,0.0
1950,1950 FIFA World Cup,Uruguay,URY,Schubert Gambetta,DF,30.0,1920.0,0.0
1950,1950 FIFA World Cup,Uruguay,URY,Alcides Ghiggia,FW,23.0,1926.0,4.0
1950,1950 FIFA World Cup,Uruguay,URY,Juan Carlos González,DF,25.0,1924.0,0.0
1950,1950 FIFA World Cup,Uruguay,URY,Matías González,DF,24.0,1925.0,0.0
1950,1950 FIFA World Cup,Uruguay,URY,William Martínez,DF,22.0,1928.0,0.0
1950,1950 FIFA World Cup,Uruguay,URY,Roque Máspoli,GK,32.0,1917.0,0.0
1950,1950 FIFA World Cup,Uruguay,URY,Oscar Míguez,FW,22.0,1927.0,5.0
1950,1950 FIFA World Cup,Uruguay,URY,Rubén Morán,FW,19.0,1930.0,0.0
1950,1950 FIFA World Cup,Uruguay,URY,Washington Ortuño,MF,22.0,1928.0,0.0
1950,1950 FIFA World Cup,Uruguay,URY,Aníbal Paz,GK,33.0,1917.0,0.0
1950,1950 FIFA World Cup,Uruguay,URY,Julio Pérez,FW,24.0,1926.0,1.0
1950,1950 FIFA World Cup,Uruguay,URY,Rodolfo Pini,MF,23.0,1926.0,0.0
1950,1950 FIFA World Cup,Uruguay,URY,Luis Rijo,FW,22.0,1927.0,0.0
1950,1950 FIFA World Cup,Uruguay,URY,Víctor Rodríguez Andrade,MF,23.0,1927.0,0.0
1950,1950 FIFA World Cup,Uruguay,URY,Carlos Romero,FW,22.0,1927.0,0.0
1950,1950 FIFA World Cup,Uruguay,URY,Juan Alberto Schiaffino,FW,24.0,1925.0,3.0
1950,1950 FIFA World Cup,Uruguay,URY,Eusebio Tejera,DF,28.0,1922.0,0.0
1950,1950 FIFA World Cup,Uruguay,URY,Obdulio Varela,MF,32.0,1917.0,1.0
1950,1950 FIFA World Cup,Uruguay,URY,Ernesto Vidal,FW,28.0,1921.0,1.0
1950,1950 FIFA World Cup,Uruguay,URY,Héctor Vilches,DF,24.0,1926.0,0.0
1950,1950 FIFA World Cup,Yugoslavia,YUG,Aleksandar Atanacković,MF,30.0,1920.0,0.0
1950,1950 FIFA World Cup,Yugoslavia,YUG,Vladimir Beara,GK,21.0,1928.0,0.0
1950,1950 FIFA World Cup,Yugoslavia,YUG,Stjepan Bobek,FW,26.0,1923.0,1.0
1950,1950 FIFA World Cup,Yugoslavia,YUG,Božo Broketa,DF,28.0,1921.0,0.0
1950,1950 FIFA World Cup,Yugoslavia,YUG,Željko Čajkovski,FW,25.0,1925.0,2.0
1950,1950 FIFA World Cup,Yugoslavia,YUG,Zlatko Čajkovski,MF,26.0,1923.0,0.0
1950,1950 FIFA World Cup,Yugoslavia,YUG,Ratko Čolić,DF,32.0,1918.0,0.0
1950,1950 FIFA World Cup,Yugoslavia,YUG,Predrag Đajić,MF,28.0,1922.0,0.0
1950,1950 FIFA World Cup,Yugoslavia,YUG,Vladimir Firm,FW,27.0,1923.0,0.0
1950,1950 FIFA World Cup,Yugoslavia,YUG,Ivica Horvat,DF,23.0,1926.0,0.0
1950,1950 FIFA World Cup,Yugoslavia,YUG,Miodrag Jovanović,DF,28.0,1922.0,0.0
1950,1950 FIFA World Cup,Yugoslavia,YUG,Ervin Katnić,MF,28.0,1921.0,0.0
1950,1950 FIFA World Cup,Yugoslavia,YUG,Prvoslav Mihajlović,FW,29.0,1921.0,0.0
1950,1950 FIFA World Cup,Yugoslavia,YUG,Rajko Mitić,FW,27.0,1922.0,1.0
1950,1950 FIFA World Cup,Yugoslavia,YUG,Srđan Mrkušić,GK,34.0,1915.0,0.0
1950,1950 FIFA World Cup,Yugoslavia,YUG,Tihomir Ognjanov,FW,23.0,1927.0,1.0
1950,1950 FIFA World Cup,Yugoslavia,YUG,Bela Palfi,MF,27.0,1923.0,0.0
1950,1950 FIFA World Cup,Yugoslavia,YUG,Ivo Radovniković,MF,32.0,1918.0,0.0
1950,1950 FIFA World Cup,Yugoslavia,YUG,Branko Stanković,DF,28.0,1921.0,0.0
1950,1950 FIFA World Cup,Yugoslavia,YUG,Kosta Tomašević,FW,26.0,1923.0,2.0
1950,1950 FIFA World Cup,Yugoslavia,YUG,Bernard Vukas,FW,23.0,1927.0,0.0
1950,1950 FIFA World Cup,Yugoslavia,YUG,Siniša Zlatković,DF,26.0,1924.0,0.0
1954,1954 FIFA World Cup,Austria,AUT,Kurt Schmied,GK,28.0,1926.0,0.0
1954,1954 FIFA World Cup,Austria,AUT,Gerhard Hanappi,DF,25.0,1929.0,0.0
1954,1954 FIFA World Cup,Austria,AUT,Ernst Happel,DF,28.0,1925.0,0.0
1954,1954 FIFA World Cup,Austria,AUT,Leopold Barschandt,DF,28.0,1925.0,0.0
1954,1954 FIFA World Cup,Austria,AUT,Ernst Ocwirk,MF,28.0,1926.0,2.0
1954,1954 FIFA World Cup,Austria,AUT,Karl Koller,MF,25.0,1929.0,0.0
1954,1954 FIFA World Cup,Austria,AUT,Robert Körner,FW,29.0,1924.0,0.0
1954,1954 FIFA World Cup,Austria,AUT,Walter Schleger,FW,24.0,1929.0,0.0
1954,1954 FIFA World Cup,Austria,AUT,Theodor Wagner,FW,26.0,1927.0,3.0
1954,1954 FIFA World Cup,Austria,AUT,Erich Probst,MF,26.0,1927.0,6.0
1954,1954 FIFA World Cup,Austria,AUT,Alfred Körner,FW,28.0,1926.0,2.0
1954,1954 FIFA World Cup,Austria,AUT,Karl Stotz,MF,27.0,1927.0,0.0
1954,1954 FIFA World Cup,Austria,AUT,Walter Kollmann,MF,21.0,1932.0,0.0
1954,1954 FIFA World Cup,Austria,AUT,Karl Giesser,MF,25.0,1928.0,0.0
1954,1954 FIFA World Cup,Austria,AUT,Franz Pelikan,GK,28.0,1925.0,0.0
1954,1954 FIFA World Cup,Austria,AUT,Walter Zeman,GK,27.0,1927.0,0.0
1954,1954 FIFA World Cup,Austria,AUT,Alfred Teinitzer,MF,24.0,1929.0,0.0
1954,1954 FIFA World Cup,Austria,AUT,Johann Riegler,MF,24.0,1929.0,0.0
1954,1954 FIFA World Cup,Austria,AUT,Robert Dienst,FW,26.0,1928.0,0.0
1954,1954 FIFA World Cup,Austria,AUT,Paul Halla,DF,23.0,1931.0,0.0
1954,1954 FIFA World Cup,Austria,AUT,Ernst Stojaspal,FW,29.0,1925.0,3.0
1954,1954 FIFA World Cup,Austria,AUT,Walter Haummer,FW,25.0,1928.0,0.0
1954,1954 FIFA World Cup,Belgium,BEL,Léopold Gernaey,GK,27.0,1927.0,0.0
1954,1954 FIFA World Cup,Belgium,BEL,Marcel Dries,DF,24.0,1929.0,0.0
1954,1954 FIFA World Cup,Belgium,BEL,Alfons Van Brandt,DF,26.0,1927.0,0.0
1954,1954 FIFA World Cup,Belgium,BEL,Constant Huysmans,DF,25.0,1928.0,0.0
1954,1954 FIFA World Cup,Belgium,BEL,Louis Carré,MF,29.0,1925.0,0.0
1954,1954 FIFA World Cup,Belgium,BEL,Victor Mees,MF,27.0,1927.0,0.0
1954,1954 FIFA World Cup,Belgium,BEL,Jozef Vliers,MF,21.0,1932.0,0.0
1954,1954 FIFA World Cup,Belgium,BEL,Denis Houf,FW,22.0,1932.0,0.0
1954,1954 FIFA World Cup,Belgium,BEL,Henri Coppens,FW,24.0,1930.0,1.0
1954,1954 FIFA World Cup,Belgium,BEL,Léopold Anoul,FW,31.0,1922.0,3.0
1954,1954 FIFA World Cup,Belgium,BEL,Joseph Mermans,FW,32.0,1922.0,0.0
1954,1954 FIFA World Cup,Belgium,BEL,Charles Geerts,GK,23.0,1930.0,0.0
1954,1954 FIFA World Cup,Belgium,BEL,Henri Dirickx,DF,26.0,1927.0,0.0
1954,1954 FIFA World Cup,Belgium,BEL,Robert Van Kerkhoven,MF,29.0,1924.0,0.0
1954,1954 FIFA World Cup,Belgium,BEL,Hippolyte Van Den Bosch,FW,28.0,1926.0,0.0
1954,1954 FIFA World Cup,Belgium,BEL,Pieter Van Den Bosch,FW,26.0,1927.0,0.0
1954,1954 FIFA World Cup,Belgium,BEL,Raymond Ausloos,GK,26.0,1928.0,0.0
1954,1954 FIFA World Cup,Belgium,BEL,Jef Van Der Linden,DF,26.0,1927.0,0.0
1954,1954 FIFA World Cup,Belgium,BEL,Jo Backaert,MF,32.0,1921.0,0.0
1954,1954 FIFA World Cup,Belgium,BEL,Robert Maertens,MF,24.0,1930.0,0.0
1954,1954 FIFA World Cup,Belgium,BEL,Jean Van Steen,MF,25.0,1929.0,0.0
1954,1954 FIFA World Cup,Belgium,BEL,Luc Van Hoyweghen,FW,25.0,1929.0,0.0
1954,1954 FIFA World Cup,Brazil,BRA,Carlos José Castilho,GK,26.0,1927.0,0.0
1954,1954 FIFA World Cup,Brazil,BRA,Djalma Santos,DF,25.0,1929.0,1.0
1954,1954 FIFA World Cup,Brazil,BRA,Nílton Santos,DF,29.0,1925.0,0.0
1954,1954 FIFA World Cup,Brazil,BRA,Brandãozinho,DF,29.0,1925.0,0.0
1954,1954 FIFA World Cup,Brazil,BRA,Pinheiro,MF,22.0,1932.0,0.0
1954,1954 FIFA World Cup,Brazil,BRA,Bauer,MF,28.0,1925.0,0.0
1954,1954 FIFA World Cup,Brazil,BRA,Julinho,FW,24.0,1929.0,2.0
1954,1954 FIFA World Cup,Brazil,BRA,Didi,MF,25.0,1928.0,2.0
1954,1954 FIFA World Cup,Brazil,BRA,Baltazar,FW,28.0,1926.0,1.0
1954,1954 FIFA World Cup,Brazil,BRA,Pinga,FW,30.0,1924.0,2.0
1954,1954 FIFA World Cup,Brazil,BRA,Rodrigues,FW,28.0,1925.0,0.0
1954,1954 FIFA World Cup,Brazil,BRA,Paulinho,DF,22.0,1932.0,0.0
1954,1954 FIFA World Cup,Brazil,BRA,Alfredo,DF,29.0,1924.0,0.0
1954,1954 FIFA World Cup,Brazil,BRA,Ely,MF,33.0,1921.0,0.0
1954,1954 FIFA World Cup,Brazil,BRA,Mauro Ramos,DF,23.0,1930.0,0.0
1954,1954 FIFA World Cup,Brazil,BRA,Dequinha,MF,26.0,1928.0,0.0
1954,1954 FIFA World Cup,Brazil,BRA,Maurinho,FW,21.0,1933.0,0.0
1954,1954 FIFA World Cup,Brazil,BRA,Humberto,FW,20.0,1934.0,0.0
1954,1954 FIFA World Cup,Brazil,BRA,Índio,FW,23.0,1931.0,0.0
1954,1954 FIFA World Cup,Brazil,BRA,Rubens,FW,25.0,1928.0,0.0
1954,1954 FIFA World Cup,Brazil,BRA,Veludo,GK,23.0,1930.0,0.0
1954,1954 FIFA World Cup,Brazil,BRA,Cabeção,GK,23.0,1930.0,0.0
1954,1954 FIFA World Cup,Czechoslovakia,CSK,Theodor Reimann,GK,33.0,1921.0,0.0
1954,1954 FIFA World Cup,Czechoslovakia,CSK,František Šafránek,DF,23.0,1931.0,0.0
1954,1954 FIFA World Cup,Czechoslovakia,CSK,Svatopluk Pluskal,MF,23.0,1930.0,0.0
1954,1954 FIFA World Cup,Czechoslovakia,CSK,Ladislav Novák,DF,22.0,1931.0,0.0
1954,1954 FIFA World Cup,Czechoslovakia,CSK,Jiří Trnka,DF,27.0,1926.0,0.0
1954,1954 FIFA World Cup,Czechoslovakia,CSK,Michal Benedikovič,MF,31.0,1923.0,0.0
1954,1954 FIFA World Cup,Czechoslovakia,CSK,Ladislav Hlaváček,FW,28.0,1925.0,0.0
1954,1954 FIFA World Cup,Czechoslovakia,CSK,Otto Hemele,FW,28.0,1926.0,0.0
1954,1954 FIFA World Cup,Czechoslovakia,CSK,Anton Malatinský,FW,34.0,1920.0,0.0
1954,1954 FIFA World Cup,Czechoslovakia,CSK,Emil Pažický,FW,26.0,1927.0,0.0
1954,1954 FIFA World Cup,Czechoslovakia,CSK,Jiří Pešek,FW,27.0,1927.0,0.0
1954,1954 FIFA World Cup,Czechoslovakia,CSK,Anton Krásnohorský,DF,28.0,1925.0,0.0
1954,1954 FIFA World Cup,Czechoslovakia,CSK,Jiří Hledík,MF,25.0,1929.0,0.0
1954,1954 FIFA World Cup,Czechoslovakia,CSK,Jan Hertl,MF,25.0,1929.0,0.0
1954,1954 FIFA World Cup,Czechoslovakia,CSK,Ladislav Kačáni,FW,23.0,1931.0,0.0
1954,1954 FIFA World Cup,Czechoslovakia,CSK,Zdeněk Procházka,MF,26.0,1928.0,0.0
1954,1954 FIFA World Cup,Czechoslovakia,CSK,Tadeáš Kraus,FW,21.0,1932.0,0.0
1954,1954 FIFA World Cup,Czechoslovakia,CSK,Josef Majer,FW,29.0,1925.0,0.0
1954,1954 FIFA World Cup,Czechoslovakia,CSK,Jaroslav Košnar,FW,23.0,1930.0,0.0
1954,1954 FIFA World Cup,Czechoslovakia,CSK,Kazimír Gajdoš,FW,20.0,1934.0,0.0
1954,1954 FIFA World Cup,Czechoslovakia,CSK,Imrich Stacho,GK,22.0,1931.0,0.0
1954,1954 FIFA World Cup,Czechoslovakia,CSK,Viliam Schrojf,GK,22.0,1931.0,0.0
1954,1954 FIFA World Cup,England,ENG,Gil Merrick,GK,32.0,1922.0,0.0
1954,1954 FIFA World Cup,England,ENG,Ron Staniforth,DF,30.0,1924.0,0.0
1954,1954 FIFA World Cup,England,ENG,Roger Byrne,DF,24.0,1929.0,0.0
1954,1954 FIFA World Cup,England,ENG,Billy Wright,MF,30.0,1924.0,0.0
1954,1954 FIFA World Cup,England,ENG,Syd Owen,MF,32.0,1922.0,0.0
1954,1954 FIFA World Cup,England,ENG,Jimmy Dickinson,MF,29.0,1925.0,0.0
1954,1954 FIFA World Cup,England,ENG,Stanley Matthews,FW,39.0,1915.0,0.0
1954,1954 FIFA World Cup,England,ENG,Ivor Broadis,FW,31.0,1922.0,2.0
1954,1954 FIFA World Cup,England,ENG,Nat Lofthouse,FW,28.0,1925.0,3.0
1954,1954 FIFA World Cup,England,ENG,Tommy Taylor,FW,22.0,1932.0,0.0
1954,1954 FIFA World Cup,England,ENG,Tom Finney,FW,32.0,1922.0,1.0
1954,1954 FIFA World Cup,England,ENG,Ted Burgin,GK,27.0,1927.0,0.0
1954,1954 FIFA World Cup,England,ENG,Ken Green,DF,30.0,1924.0,0.0
1954,1954 FIFA World Cup,England,ENG,Bill McGarry,MF,27.0,1927.0,0.0
1954,1954 FIFA World Cup,England,ENG,Dennis Wilshaw,FW,28.0,1926.0,1.0
1954,1954 FIFA World Cup,England,ENG,Albert Quixall,MF,20.0,1933.0,0.0
1954,1954 FIFA World Cup,England,ENG,Jimmy Mullen,FW,31.0,1923.0,1.0
1954,1954 FIFA World Cup,England,ENG,Allenby Chilton,MF,35.0,1918.0,0.0
1954,1954 FIFA World Cup,England,ENG,Ken Armstrong,MF,30.0,1924.0,0.0
1954,1954 FIFA World Cup,England,ENG,Bedford Jezzard,FW,26.0,1927.0,0.0
1954,1954 FIFA World Cup,England,ENG,Johnny Haynes,FW,19.0,1934.0,0.0
1954,1954 FIFA World Cup,England,ENG,Harry Hooper,FW,21.0,1933.0,0.0
1954,1954 FIFA World Cup,France,FRA,François Remetter,GK,25.0,1928.0,0.0
1954,1954 FIFA World Cup,France,FRA,César Ruminski,GK,30.0,1924.0,0.0
1954,1954 FIFA World Cup,France,FRA,Claude Abbes,GK,27.0,1927.0,0.0
1954,1954 FIFA World Cup,France,FRA,Lazare Gianessi,DF,28.0,1925.0,0.0
1954,1954 FIFA World Cup,France,FRA,Jacques Grimonpon,DF,28.0,1925.0,0.0
1954,1954 FIFA World Cup,France,FRA,Raymond Kaelbel,DF,22.0,1932.0,0.0
1954,1954 FIFA World Cup,France,FRA,Roger Marche,DF,30.0,1924.0,0.0
1954,1954 FIFA World Cup,France,FRA,Guillaume Bieganski,MF,21.0,1932.0,0.0
1954,1954 FIFA World Cup,France,FRA,Antoine Cuissard,MF,29.0,1924.0,0.0
1954,1954 FIFA World Cup,France,FRA,Robert Jonquet,DF,29.0,1925.0,0.0
1954,1954 FIFA World Cup,France,FRA,Xercès Louis,MF,27.0,1926.0,0.0
1954,1954 FIFA World Cup,France,FRA,Jean-Jacques Marcel,MF,23.0,1931.0,0.0
1954,1954 FIFA World Cup,France,FRA,Abderrahmane Mahjoub,FW,25.0,1929.0,0.0
1954,1954 FIFA World Cup,France,FRA,Armand Penverne,MF,27.0,1926.0,0.0
1954,1954 FIFA World Cup,France,FRA,Abdelaziz Ben Tifour,FW,26.0,1927.0,0.0
1954,1954 FIFA World Cup,France,FRA,René Dereuddre,FW,23.0,1930.0,0.0
1954,1954 FIFA World Cup,France,FRA,Léon Glovacki,FW,26.0,1928.0,0.0
1954,1954 FIFA World Cup,France,FRA,Raymond Kopa,FW,22.0,1931.0,1.0
1954,1954 FIFA World Cup,France,FRA,Michel Leblond,FW,22.0,1932.0,0.0
1954,1954 FIFA World Cup,France,FRA,Ernest Schultz,FW,23.0,1931.0,0.0
1954,1954 FIFA World Cup,France,FRA,André Strappe,FW,26.0,1928.0,0.0
1954,1954 FIFA World Cup,France,FRA,Jean Vincent,FW,23.0,1930.0,1.0
1954,1954 FIFA World Cup,Hungary,HUN,Gyula Grosics,GK,28.0,1926.0,0.0
1954,1954 FIFA World Cup,Hungary,HUN,Jenő Buzánszky,DF,29.0,1925.0,0.0
1954,1954 FIFA World Cup,Hungary,HUN,Gyula Lóránt,DF,31.0,1923.0,0.0
1954,1954 FIFA World Cup,Hungary,HUN,Mihály Lantos,DF,25.0,1928.0,2.0
1954,1954 FIFA World Cup,Hungary,HUN,József Bozsik,MF,28.0,1925.0,0.0
1954,1954 FIFA World Cup,Hungary,HUN,József Zakariás,MF,30.0,1924.0,0.0
1954,1954 FIFA World Cup,Hungary,HUN,József Tóth,FW,25.0,1929.0,1.0
1954,1954 FIFA World Cup,Hungary,HUN,Sándor Kocsis,FW,24.0,1929.0,11.0
1954,1954 FIFA World Cup,Hungary,HUN,Nándor Hidegkuti,FW,32.0,1922.0,4.0
1954,1954 FIFA World Cup,Hungary,HUN,Ferenc Puskás,FW,27.0,1927.0,4.0
1954,1954 FIFA World Cup,Hungary,HUN,Zoltán Czibor,FW,24.0,1929.0,3.0
1954,1954 FIFA World Cup,Hungary,HUN,Béla Kárpáti,DF,24.0,1929.0,0.0
1954,1954 FIFA World Cup,Hungary,HUN,Pál Várhidi,DF,22.0,1931.0,0.0
1954,1954 FIFA World Cup,Hungary,HUN,Imre Kovács,MF,32.0,1921.0,0.0
1954,1954 FIFA World Cup,Hungary,HUN,Ferenc Szojka,MF,23.0,1931.0,0.0
1954,1954 FIFA World Cup,Hungary,HUN,László Budai,MF,25.0,1928.0,0.0
1954,1954 FIFA World Cup,Hungary,HUN,Ferenc Machos,FW,21.0,1932.0,0.0
1954,1954 FIFA World Cup,Hungary,HUN,Lajos Csordás,FW,21.0,1932.0,0.0
1954,1954 FIFA World Cup,Hungary,HUN,Péter Palotás,FW,24.0,1929.0,2.0
1954,1954 FIFA World Cup,Hungary,HUN,Mihály Tóth,FW,27.0,1926.0,0.0
1954,1954 FIFA World Cup,Hungary,HUN,Sándor Gellér,GK,28.0,1925.0,0.0
1954,1954 FIFA World Cup,Hungary,HUN,Géza Gulyás,GK,23.0,1931.0,0.0
1954,1954 FIFA World Cup,Italy,ITA,Giorgio Ghezzi,GK,23.0,1930.0,0.0
1954,1954 FIFA World Cup,Italy,ITA,Guido Vincenzi,DF,21.0,1932.0,0.0
1954,1954 FIFA World Cup,Italy,ITA,Giovanni Giacomazzi,DF,26.0,1928.0,0.0
1954,1954 FIFA World Cup,Italy,ITA,Maino Neri,MF,29.0,1924.0,0.0
1954,1954 FIFA World Cup,Italy,ITA,Omero Tognon,MF,30.0,1924.0,0.0
1954,1954 FIFA World Cup,Italy,ITA,Fulvio Nesti,MF,29.0,1925.0,1.0
1954,1954 FIFA World Cup,Italy,ITA,Ermes Muccinelli,FW,26.0,1927.0,0.0
1954,1954 FIFA World Cup,Italy,ITA,Egisto Pandolfini,FW,28.0,1926.0,1.0
1954,1954 FIFA World Cup,Italy,ITA,Carlo Galli,FW,23.0,1931.0,1.0
1954,1954 FIFA World Cup,Italy,ITA,Gino Cappello,FW,34.0,1920.0,0.0
1954,1954 FIFA World Cup,Italy,ITA,Benito Lorenzi,FW,28.0,1925.0,1.0
1954,1954 FIFA World Cup,Italy,ITA,Giovanni Viola,GK,27.0,1926.0,0.0
1954,1954 FIFA World Cup,Italy,ITA,Ardico Magnini,DF,25.0,1928.0,0.0
1954,1954 FIFA World Cup,Italy,ITA,Sergio Cervato,DF,25.0,1929.0,0.0
1954,1954 FIFA World Cup,Italy,ITA,Giacomo Mari,MF,29.0,1924.0,0.0
1954,1954 FIFA World Cup,Italy,ITA,Rino Ferrario,MF,27.0,1926.0,0.0
1954,1954 FIFA World Cup,Italy,ITA,Armando Segato,FW,24.0,1930.0,0.0
1954,1954 FIFA World Cup,Italy,ITA,Gino Pivatelli,FW,21.0,1933.0,0.0
1954,1954 FIFA World Cup,Italy,ITA,Giampiero Boniperti,FW,25.0,1928.0,1.0
1954,1954 FIFA World Cup,Italy,ITA,Guido Gratton,MF,21.0,1932.0,0.0
1954,1954 FIFA World Cup,Italy,ITA,Amleto Frignani,FW,22.0,1932.0,1.0
1954,1954 FIFA World Cup,Italy,ITA,Leonardo Costagliola,GK,32.0,1921.0,0.0
1954,1954 FIFA World Cup,Mexico,MEX,Antonio Carbajal,GK,25.0,1929.0,0.0
1954,1954 FIFA World Cup,Mexico,MEX,Narciso López,DF,25.0,1928.0,0.0
1954,1954 FIFA World Cup,Mexico,MEX,Jorge Romo,DF,31.0,1923.0,0.0
1954,1954 FIFA World Cup,Mexico,MEX,Saturnino Martínez,DF,26.0,1928.0,0.0
1954,1954 FIFA World Cup,Mexico,MEX,Raúl Cárdenas,MF,25.0,1928.0,0.0
1954,1954 FIFA World Cup,Mexico,MEX,Rafael Ávalos,MF,28.0,1925.0,0.0
1954,1954 FIFA World Cup,Mexico,MEX,Alfredo Torres,FW,23.0,1931.0,0.0
1954,1954 FIFA World Cup,Mexico,MEX,José Naranjo,FW,28.0,1926.0,0.0
1954,1954 FIFA World Cup,Mexico,MEX,José Luis Lamadrid,FW,23.0,1930.0,1.0
1954,1954 FIFA World Cup,Mexico,MEX,Tomás Balcázar,FW,22.0,1931.0,1.0
1954,1954 FIFA World Cup,Mexico,MEX,Raúl Arellano,FW,19.0,1935.0,0.0
1954,1954 FIFA World Cup,Mexico,MEX,Salvador Mota,GK,31.0,1922.0,0.0
1954,1954 FIFA World Cup,Mexico,MEX,Sergio Bravo,DF,26.0,1927.0,0.0
1954,1954 FIFA World Cup,Mexico,MEX,Juan Gómez,DF,29.0,1924.0,0.0
1954,1954 FIFA World Cup,Mexico,MEX,Carlos Blanco,FW,27.0,1927.0,0.0
1954,1954 FIFA World Cup,Mexico,MEX,Pedro Nájera,MF,25.0,1929.0,0.0
1954,1954 FIFA World Cup,Mexico,MEX,Carlos Septién,FW,31.0,1923.0,0.0
1954,1954 FIFA World Cup,Mexico,MEX,Carlos Carus,FW,23.0,1930.0,0.0
1954,1954 FIFA World Cup,Mexico,MEX,Moises Jinich,FW,26.0,1927.0,0.0
1954,1954 FIFA World Cup,Mexico,MEX,José Antonio Roca,FW,26.0,1928.0,0.0
1954,1954 FIFA World Cup,Mexico,MEX,Mario Ochoa,MF,26.0,1927.0,0.0
1954,1954 FIFA World Cup,Mexico,MEX,Ranulfo Cortés,FW,19.0,1934.0,0.0
1954,1954 FIFA World Cup,Scotland,SCO,Fred Martin,GK,25.0,1929.0,0.0
1954,1954 FIFA World Cup,Scotland,SCO,Willie Cunningham,DF,29.0,1925.0,0.0
1954,1954 FIFA World Cup,Scotland,SCO,Jock Aird,DF,28.0,1926.0,0.0
1954,1954 FIFA World Cup,Scotland,SCO,Bobby Evans,DF,26.0,1927.0,0.0
1954,1954 FIFA World Cup,Scotland,SCO,Tommy Docherty,DF,26.0,1928.0,0.0
1954,1954 FIFA World Cup,Scotland,SCO,Jimmy Davidson,MF,28.0,1925.0,0.0
1954,1954 FIFA World Cup,Scotland,SCO,Doug Cowie,MF,28.0,1926.0,0.0
1954,1954 FIFA World Cup,Scotland,SCO,John Mackenzie,FW,28.0,1925.0,0.0
1954,1954 FIFA World Cup,Scotland,SCO,George Hamilton,FW,36.0,1917.0,0.0
1954,1954 FIFA World Cup,Scotland,SCO,Allan Brown,FW,27.0,1926.0,0.0
1954,1954 FIFA World Cup,Scotland,SCO,Neil Mochan,FW,27.0,1927.0,0.0
1954,1954 FIFA World Cup,Scotland,SCO,Willie Fernie,FW,25.0,1928.0,0.0
1954,1954 FIFA World Cup,Scotland,SCO,Willie Ormond,FW,27.0,1927.0,0.0
1954,1954 FIFA World Cup,Scotland,SCO,John Anderson,GK,24.0,1929.0,0.0
1954,1954 FIFA World Cup,Scotland,SCO,Bobby Johnstone,FW,24.0,1929.0,0.0
1954,1954 FIFA World Cup,Scotland,SCO,Jackie Henderson,FW,22.0,1932.0,0.0
1954,1954 FIFA World Cup,Scotland,SCO,David Mathers,MF,22.0,1931.0,0.0
1954,1954 FIFA World Cup,Scotland,SCO,Alex Wilson,DF,20.0,1933.0,0.0
1954,1954 FIFA World Cup,Scotland,SCO,Jimmy Binning,FW,26.0,1927.0,0.0
1954,1954 FIFA World Cup,Scotland,SCO,Bobby Combe,FW,30.0,1924.0,0.0
1954,1954 FIFA World Cup,Scotland,SCO,Ernie Copland,FW,27.0,1927.0,0.0
1954,1954 FIFA World Cup,Scotland,SCO,Ian McMillan,FW,23.0,1931.0,0.0
1954,1954 FIFA World Cup,Korea Republic,KOR,Deok-young Hong,GK,33.0,1921.0,0.0
1954,1954 FIFA World Cup,Korea Republic,KOR,Kyu-chung Park,DF,30.0,1924.0,0.0
1954,1954 FIFA World Cup,Korea Republic,KOR,Jae-seung Park,DF,31.0,1923.0,0.0
1954,1954 FIFA World Cup,Korea Republic,KOR,Chang-gi Kang,MF,26.0,1927.0,0.0
1954,1954 FIFA World Cup,Korea Republic,KOR,Sang-yi Lee,MF,32.0,1922.0,0.0
1954,1954 FIFA World Cup,Korea Republic,KOR,Byung-dae Min,DF,36.0,1918.0,0.0
1954,1954 FIFA World Cup,Korea Republic,KOR,Soo-nam Lee,FW,27.0,1927.0,0.0
1954,1954 FIFA World Cup,Korea Republic,KOR,Chung-min Choi,FW,23.0,1930.0,0.0
1954,1954 FIFA World Cup,Korea Republic,KOR,Sang-kwon Woo,FW,28.0,1926.0,0.0
1954,1954 FIFA World Cup,Korea Republic,KOR,Nak-woon Sung,FW,28.0,1926.0,0.0
1954,1954 FIFA World Cup,Korea Republic,KOR,Nam-sik Chung,MF,37.0,1917.0,0.0
1954,1954 FIFA World Cup,Korea Republic,KOR,Heung-chul Ham,GK,23.0,1930.0,0.0
1954,1954 FIFA World Cup,Korea Republic,KOR,Jong-kap Li,DF,34.0,1920.0,0.0
1954,1954 FIFA World Cup,Korea Republic,KOR,Chang-wha Han,DF,31.0,1922.0,0.0
1954,1954 FIFA World Cup,Korea Republic,KOR,Ji-sung Kim,MF,29.0,1924.0,0.0
1954,1954 FIFA World Cup,Korea Republic,KOR,Yung-kwang Chu,MF,22.0,1931.0,0.0
1954,1954 FIFA World Cup,Korea Republic,KOR,Il-kap Park,FW,28.0,1926.0,0.0
1954,1954 FIFA World Cup,Korea Republic,KOR,Yung-keun Choi,FW,31.0,1923.0,0.0
1954,1954 FIFA World Cup,Korea Republic,KOR,Ki-joo Li,FW,27.0,1926.0,0.0
1954,1954 FIFA World Cup,Korea Republic,KOR,Kook-chin Chung,FW,37.0,1917.0,0.0
1954,1954 FIFA World Cup,Switzerland,CHE,Walter Eich,GK,29.0,1925.0,0.0
1954,1954 FIFA World Cup,Switzerland,CHE,Eugene Parlier,GK,25.0,1929.0,0.0
1954,1954 FIFA World Cup,Switzerland,CHE,Georges Stuber,GK,29.0,1925.0,0.0
1954,1954 FIFA World Cup,Switzerland,CHE,Roger Bocquet,MF,33.0,1921.0,0.0
1954,1954 FIFA World Cup,Switzerland,CHE,Marcel Flückiger,DF,24.0,1929.0,0.0
1954,1954 FIFA World Cup,Switzerland,CHE,Roger Mathis,DF,33.0,1921.0,0.0
1954,1954 FIFA World Cup,Switzerland,CHE,André Neury,DF,32.0,1921.0,0.0
1954,1954 FIFA World Cup,Switzerland,CHE,Heinz Bigler,MF,28.0,1925.0,0.0
1954,1954 FIFA World Cup,Switzerland,CHE,Charles Casali,MF,31.0,1923.0,0.0
1954,1954 FIFA World Cup,Switzerland,CHE,Oliver Eggimann,MF,35.0,1919.0,0.0
1954,1954 FIFA World Cup,Switzerland,CHE,Norbert Eschmann,MF,20.0,1933.0,0.0
1954,1954 FIFA World Cup,Switzerland,CHE,Gilbert Fesselet,MF,26.0,1928.0,0.0
1954,1954 FIFA World Cup,Switzerland,CHE,Ivo Frosio,MF,24.0,1930.0,0.0
1954,1954 FIFA World Cup,Switzerland,CHE,Willy Kernen,DF,24.0,1929.0,0.0
1954,1954 FIFA World Cup,Switzerland,CHE,Charles Antenen,FW,24.0,1929.0,0.0
1954,1954 FIFA World Cup,Switzerland,CHE,Robert Ballaman,FW,27.0,1926.0,4.0
1954,1954 FIFA World Cup,Switzerland,CHE,Jacques Fatton,FW,28.0,1925.0,1.0
1954,1954 FIFA World Cup,Switzerland,CHE,Josef Hügi,FW,24.0,1930.0,6.0
1954,1954 FIFA World Cup,Switzerland,CHE,Marcel Mauron,FW,25.0,1929.0,0.0
1954,1954 FIFA World Cup,Switzerland,CHE,Eugen Meier,FW,24.0,1930.0,0.0
1954,1954 FIFA World Cup,Switzerland,CHE,Ferdinando Riva,FW,23.0,1930.0,0.0
1954,1954 FIFA World Cup,Switzerland,CHE,Roger Vonlanthen,FW,23.0,1930.0,0.0
1954,1954 FIFA World Cup,Türkiye,TUR,Turgay Şeren,GK,22.0,1932.0,0.0
1954,1954 FIFA World Cup,Türkiye,TUR,Rıdvan Bolatlı,DF,25.0,1928.0,0.0
1954,1954 FIFA World Cup,Türkiye,TUR,Basri Dirimlili,DF,25.0,1929.0,0.0
1954,1954 FIFA World Cup,Türkiye,TUR,Mustafa Ertan,DF,28.0,1926.0,1.0
1954,1954 FIFA World Cup,Türkiye,TUR,Çetin Zeybek,MF,21.0,1932.0,0.0
1954,1954 FIFA World Cup,Türkiye,TUR,Rober Eryol,MF,23.0,1930.0,0.0
1954,1954 FIFA World Cup,Türkiye,TUR,Erol Keskin,FW,27.0,1927.0,1.0
1954,1954 FIFA World Cup,Türkiye,TUR,Suat Mamat,FW,23.0,1930.0,3.0
1954,1954 FIFA World Cup,Türkiye,TUR,Feridun Buğeker,FW,21.0,1933.0,0.0
1954,1954 FIFA World Cup,Türkiye,TUR,Burhan Sargun,FW,25.0,1929.0,3.0
1954,1954 FIFA World Cup,Türkiye,TUR,Lefter Küçükandonyadis,FW,28.0,1925.0,2.0
1954,1954 FIFA World Cup,Türkiye,TUR,Şükrü Ersoy,GK,20.0,1934.0,0.0
1954,1954 FIFA World Cup,Türkiye,TUR,Bülent Eken,GK,20.0,1934.0,0.0
1954,1954 FIFA World Cup,Türkiye,TUR,Ali Beratlıgil,DF,22.0,1931.0,0.0
1954,1954 FIFA World Cup,Türkiye,TUR,Mehmet Dinçer,MF,30.0,1924.0,0.0
1954,1954 FIFA World Cup,Türkiye,TUR,Nedim Günar,DF,22.0,1932.0,0.0
1954,1954 FIFA World Cup,Türkiye,TUR,Naci Erdem,DF,23.0,1931.0,0.0
1954,1954 FIFA World Cup,Türkiye,TUR,Kaçmaz Akgün,DF,19.0,1935.0,0.0
1954,1954 FIFA World Cup,Türkiye,TUR,Ahmet Berman,DF,22.0,1932.0,0.0
1954,1954 FIFA World Cup,Türkiye,TUR,Necmi Onarıcı,FW,28.0,1925.0,0.0
1954,1954 FIFA World Cup,Türkiye,TUR,Kadri Aytaç,FW,22.0,1931.0,0.0
1954,1954 FIFA World Cup,Türkiye,TUR,Coşkun Taş,FW,19.0,1935.0,0.0
1954,1954 FIFA World Cup,Uruguay,URY,Roque Máspoli,GK,36.0,1917.0,0.0
1954,1954 FIFA World Cup,Uruguay,URY,José Santamaría,DF,24.0,1929.0,0.0
1954,1954 FIFA World Cup,Uruguay,URY,William Martínez,DF,26.0,1928.0,0.0
1954,1954 FIFA World Cup,Uruguay,URY,Víctor Rodríguez Andrade,MF,27.0,1927.0,0.0
1954,1954 FIFA World Cup,Uruguay,URY,Obdulio Varela,MF,36.0,1917.0,1.0
1954,1954 FIFA World Cup,Uruguay,URY,Roberto Leopardi,MF,20.0,1933.0,0.0
1954,1954 FIFA World Cup,Uruguay,URY,Julio Abbadie,FW,23.0,1930.0,2.0
1954,1954 FIFA World Cup,Uruguay,URY,Juan Hohberg,FW,27.0,1926.0,3.0
1954,1954 FIFA World Cup,Uruguay,URY,Oscar Míguez,FW,26.0,1927.0,3.0
1954,1954 FIFA World Cup,Uruguay,URY,Juan Alberto Schiaffino,FW,28.0,1925.0,2.0
1954,1954 FIFA World Cup,Uruguay,URY,Carlos Borges,FW,22.0,1932.0,4.0
1954,1954 FIFA World Cup,Uruguay,URY,Julio Maceiras,GK,28.0,1926.0,0.0
1954,1954 FIFA World Cup,Uruguay,URY,Mirto Davoine,DF,21.0,1933.0,0.0
1954,1954 FIFA World Cup,Uruguay,URY,Eusebio Tejera,DF,32.0,1922.0,0.0
1954,1954 FIFA World Cup,Uruguay,URY,Urbano Rivera,MF,28.0,1926.0,0.0
1954,1954 FIFA World Cup,Uruguay,URY,Néstor Carballo,MF,25.0,1929.0,0.0
1954,1954 FIFA World Cup,Uruguay,URY,Luis Cruz,MF,29.0,1925.0,0.0
1954,1954 FIFA World Cup,Uruguay,URY,Rafael Souto,FW,23.0,1930.0,0.0
1954,1954 FIFA World Cup,Uruguay,URY,Javier Ambrois,FW,22.0,1932.0,1.0
1954,1954 FIFA World Cup,Uruguay,URY,Omar Méndez,FW,19.0,1934.0,0.0
1954,1954 FIFA World Cup,Uruguay,URY,Julio Pérez,FW,27.0,1926.0,0.0
1954,1954 FIFA World Cup,Uruguay,URY,Luis Castro,FW,32.0,1921.0,0.0
1954,1954 FIFA World Cup,West Germany,DEU,Toni Turek,GK,35.0,1919.0,0.0
1954,1954 FIFA World Cup,West Germany,DEU,Fritz Laband,DF,28.0,1925.0,0.0
1954,1954 FIFA World Cup,West Germany,DEU,Werner Kohlmeyer,DF,30.0,1924.0,0.0
1954,1954 FIFA World Cup,West Germany,DEU,Hans Bauer,DF,26.0,1927.0,0.0
1954,1954 FIFA World Cup,West Germany,DEU,Herbert Erhardt,DF,23.0,1930.0,0.0
1954,1954 FIFA World Cup,West Germany,DEU,Horst Eckel,MF,22.0,1932.0,0.0
1954,1954 FIFA World Cup,West Germany,DEU,Josef Posipal,DF,26.0,1927.0,0.0
1954,1954 FIFA World Cup,West Germany,DEU,Karl Mai,MF,25.0,1928.0,0.0
1954,1954 FIFA World Cup,West Germany,DEU,Paul Mebus,MF,34.0,1920.0,0.0
1954,1954 FIFA World Cup,West Germany,DEU,Werner Liebrich,DF,27.0,1927.0,0.0
1954,1954 FIFA World Cup,West Germany,DEU,Karl-Heinz Metzner,MF,31.0,1923.0,0.0
1954,1954 FIFA World Cup,West Germany,DEU,Helmut Rahn,FW,24.0,1929.0,4.0
1954,1954 FIFA World Cup,West Germany,DEU,Max Morlock,FW,29.0,1925.0,6.0
1954,1954 FIFA World Cup,West Germany,DEU,Bernhard Klodt,FW,27.0,1926.0,1.0
1954,1954 FIFA World Cup,West Germany,DEU,Ottmar Walter,FW,30.0,1924.0,4.0
1954,1954 FIFA World Cup,West Germany,DEU,Fritz Walter,FW,33.0,1920.0,3.0
1954,1954 FIFA World Cup,West Germany,DEU,Richard Herrmann,FW,31.0,1923.0,1.0
1954,1954 FIFA World Cup,West Germany,DEU,Ulrich Biesinger,FW,20.0,1933.0,0.0
1954,1954 FIFA World Cup,West Germany,DEU,Alfred Pfaff,MF,27.0,1926.0,1.0
1954,1954 FIFA World Cup,West Germany,DEU,Hans Schäfer,FW,26.0,1927.0,4.0
1954,1954 FIFA World Cup,West Germany,DEU,Heinz Kubsch,GK,23.0,1930.0,0.0
1954,1954 FIFA World Cup,West Germany,DEU,Heinz Kwiatkowski,GK,27.0,1926.0,0.0
1954,1954 FIFA World Cup,Yugoslavia,YUG,Vladimir Beara,GK,25.0,1928.0,0.0
1954,1954 FIFA World Cup,Yugoslavia,YUG,Branko Stanković,DF,32.0,1921.0,0.0
1954,1954 FIFA World Cup,Yugoslavia,YUG,Tomislav Crnković,DF,24.0,1929.0,0.0
1954,1954 FIFA World Cup,Yugoslavia,YUG,Zlatko Čajkovski,MF,30.0,1923.0,0.0
1954,1954 FIFA World Cup,Yugoslavia,YUG,Ivica Horvat,DF,27.0,1926.0,0.0
1954,1954 FIFA World Cup,Yugoslavia,YUG,Vujadin Boškov,DF,23.0,1931.0,0.0
1954,1954 FIFA World Cup,Yugoslavia,YUG,Tihomir Ognjanov,FW,27.0,1927.0,0.0
1954,1954 FIFA World Cup,Yugoslavia,YUG,Rajko Mitić,FW,31.0,1922.0,0.0
1954,1954 FIFA World Cup,Yugoslavia,YUG,Bernard Vukas,FW,27.0,1927.0,0.0
1954,1954 FIFA World Cup,Yugoslavia,YUG,Stjepan Bobek,MF,30.0,1923.0,0.0
1954,1954 FIFA World Cup,Yugoslavia,YUG,Branko Zebec,FW,25.0,1929.0,1.0
1954,1954 FIFA World Cup,Yugoslavia,YUG,Branko Kralj,GK,30.0,1924.0,0.0
1954,1954 FIFA World Cup,Yugoslavia,YUG,Miljan Zeković,DF,28.0,1925.0,0.0
1954,1954 FIFA World Cup,Yugoslavia,YUG,Lav Mantula,MF,25.0,1928.0,0.0
1954,1954 FIFA World Cup,Yugoslavia,YUG,Ljubiša Spajić,MF,28.0,1926.0,0.0
1954,1954 FIFA World Cup,Yugoslavia,YUG,Sima Milovanov,DF,31.0,1923.0,0.0
1954,1954 FIFA World Cup,Yugoslavia,YUG,Bruno Belin,DF,25.0,1929.0,0.0
1954,1954 FIFA World Cup,Yugoslavia,YUG,Miloš Milutinović,FW,21.0,1933.0,1.0
1954,1954 FIFA World Cup,Yugoslavia,YUG,Zlatko Papec,MF,20.0,1934.0,0.0
1954,1954 FIFA World Cup,Yugoslavia,YUG,Dionizije Dvornić,FW,28.0,1926.0,0.0
1954,1954 FIFA World Cup,Yugoslavia,YUG,Todor Veselinović,FW,23.0,1930.0,0.0
1954,1954 FIFA World Cup,Yugoslavia,YUG,Aleksandar Petaković,FW,24.0,1930.0,0.0
1958,1958 FIFA World Cup,Argentina,ARG,Amadeo Carrizo,GK,31.0,1926.0,0.0
1958,1958 FIFA World Cup,Argentina,ARG,Pedro Dellacha,DF,31.0,1926.0,0.0
1958,1958 FIFA World Cup,Argentina,ARG,Federico Vairo,DF,28.0,1930.0,0.0
1958,1958 FIFA World Cup,Argentina,ARG,Juan Lombardo,DF,32.0,1925.0,0.0
1958,1958 FIFA World Cup,Argentina,ARG,Néstor Rossi,DF,33.0,1925.0,0.0
1958,1958 FIFA World Cup,Argentina,ARG,José Varacka,MF,26.0,1932.0,0.0
1958,1958 FIFA World Cup,Argentina,ARG,Oreste Corbatta,FW,22.0,1936.0,3.0
1958,1958 FIFA World Cup,Argentina,ARG,Eliseo Prado,FW,28.0,1929.0,0.0
1958,1958 FIFA World Cup,Argentina,ARG,Norberto Menéndez,FW,21.0,1936.0,1.0
1958,1958 FIFA World Cup,Argentina,ARG,Alfredo Rojas,FW,21.0,1937.0,0.0
1958,1958 FIFA World Cup,Argentina,ARG,Ángel Labruna,FW,39.0,1918.0,0.0
1958,1958 FIFA World Cup,Argentina,ARG,Julio Musimessi,GK,33.0,1924.0,0.0
1958,1958 FIFA World Cup,Argentina,ARG,Alfredo Pérez,DF,29.0,1929.0,0.0
1958,1958 FIFA World Cup,Argentina,ARG,Federico Edwards,DF,27.0,1931.0,0.0
1958,1958 FIFA World Cup,Argentina,ARG,David Acevedo,DF,21.0,1937.0,0.0
1958,1958 FIFA World Cup,Argentina,ARG,Eliseo Mouriño,MF,31.0,1927.0,0.0
1958,1958 FIFA World Cup,Argentina,ARG,José Ramón Delgado,DF,22.0,1935.0,0.0
1958,1958 FIFA World Cup,Argentina,ARG,Norberto Boggio,FW,26.0,1931.0,0.0
1958,1958 FIFA World Cup,Argentina,ARG,Ludovico Avio,FW,25.0,1932.0,1.0
1958,1958 FIFA World Cup,Argentina,ARG,Ricardo Infante,FW,33.0,1924.0,0.0
1958,1958 FIFA World Cup,Argentina,ARG,José Sanfilippo,FW,23.0,1935.0,0.0
1958,1958 FIFA World Cup,Argentina,ARG,Osvaldo Cruz,FW,27.0,1931.0,0.0
1958,1958 FIFA World Cup,Austria,AUT,Rudolf Szanwald,GK,26.0,1931.0,0.0
1958,1958 FIFA World Cup,Austria,AUT,Paul Halla,DF,27.0,1931.0,0.0
1958,1958 FIFA World Cup,Austria,AUT,Ernst Happel,DF,32.0,1925.0,0.0
1958,1958 FIFA World Cup,Austria,AUT,Franz Swoboda,DF,25.0,1933.0,0.0
1958,1958 FIFA World Cup,Austria,AUT,Gerhard Hanappi,DF,29.0,1929.0,0.0
1958,1958 FIFA World Cup,Austria,AUT,Karl Koller,MF,29.0,1929.0,1.0
1958,1958 FIFA World Cup,Austria,AUT,Walter Horak,FW,27.0,1931.0,0.0
1958,1958 FIFA World Cup,Austria,AUT,Paul Kozlicek,FW,20.0,1937.0,0.0
1958,1958 FIFA World Cup,Austria,AUT,Hans Buzek,FW,20.0,1938.0,0.0
1958,1958 FIFA World Cup,Austria,AUT,Alfred Körner,FW,32.0,1926.0,1.0
1958,1958 FIFA World Cup,Austria,AUT,Helmut Senekowitsch,FW,24.0,1933.0,0.0
1958,1958 FIFA World Cup,Austria,AUT,Kurt Schmied,GK,31.0,1926.0,0.0
1958,1958 FIFA World Cup,Austria,AUT,Walter Schleger,FW,28.0,1929.0,0.0
1958,1958 FIFA World Cup,Austria,AUT,Josef Hamerl,FW,27.0,1931.0,0.0
1958,1958 FIFA World Cup,Austria,AUT,Walter Kollmann,DF,25.0,1932.0,0.0
1958,1958 FIFA World Cup,Austria,AUT,Karl Stotz,MF,31.0,1927.0,0.0
1958,1958 FIFA World Cup,Austria,AUT,Ernst Kozlicek,MF,27.0,1931.0,0.0
1958,1958 FIFA World Cup,Austria,AUT,Leopold Barschandt,DF,32.0,1925.0,0.0
1958,1958 FIFA World Cup,Austria,AUT,Robert Dienst,FW,30.0,1928.0,0.0
1958,1958 FIFA World Cup,Austria,AUT,Herbert Ninaus,FW,21.0,1937.0,0.0
1958,1958 FIFA World Cup,Austria,AUT,Ignaz Puschnik,MF,24.0,1934.0,0.0
1958,1958 FIFA World Cup,Austria,AUT,Bruno Engelmeier,GK,30.0,1927.0,0.0
1958,1958 FIFA World Cup,Brazil,BRA,Carlos José Castilho,GK,30.0,1927.0,0.0
1958,1958 FIFA World Cup,Brazil,BRA,Hilderaldo Bellini,DF,28.0,1930.0,0.0
1958,1958 FIFA World Cup,Brazil,BRA,Gilmar,GK,27.0,1930.0,0.0
1958,1958 FIFA World Cup,Brazil,BRA,Djalma Santos,DF,29.0,1929.0,0.0
1958,1958 FIFA World Cup,Brazil,BRA,Dino Sani,MF,26.0,1932.0,0.0
1958,1958 FIFA World Cup,Brazil,BRA,Didi,MF,29.0,1928.0,1.0
1958,1958 FIFA World Cup,Brazil,BRA,Mário Zagallo,FW,26.0,1931.0,1.0
1958,1958 FIFA World Cup,Brazil,BRA,Oreco,MF,25.0,1932.0,0.0
1958,1958 FIFA World Cup,Brazil,BRA,Zózimo,MF,25.0,1932.0,0.0
1958,1958 FIFA World Cup,Brazil,BRA,Pelé,FW,17.0,1940.0,6.0
1958,1958 FIFA World Cup,Brazil,BRA,Garrincha,FW,24.0,1933.0,0.0
1958,1958 FIFA World Cup,Brazil,BRA,Nílton Santos,DF,33.0,1925.0,1.0
1958,1958 FIFA World Cup,Brazil,BRA,Moacir,MF,22.0,1936.0,0.0
1958,1958 FIFA World Cup,Brazil,BRA,De Sordi,DF,27.0,1931.0,0.0
1958,1958 FIFA World Cup,Brazil,BRA,Orlando,DF,22.0,1935.0,0.0
1958,1958 FIFA World Cup,Brazil,BRA,Mauro Ramos,DF,27.0,1930.0,0.0
1958,1958 FIFA World Cup,Brazil,BRA,Joel Antônio Martins,FW,26.0,1931.0,0.0
1958,1958 FIFA World Cup,Brazil,BRA,José Altafini,FW,19.0,1938.0,2.0
1958,1958 FIFA World Cup,Brazil,BRA,Zito,MF,25.0,1932.0,0.0
1958,1958 FIFA World Cup,Brazil,BRA,Vavá,FW,23.0,1934.0,5.0
1958,1958 FIFA World Cup,Brazil,BRA,Dida,FW,24.0,1934.0,0.0
1958,1958 FIFA World Cup,Brazil,BRA,Pepe,FW,23.0,1935.0,0.0
1958,1958 FIFA World Cup,Czechoslovakia,CSK,Imrich Stacho,GK,26.0,1931.0,0.0
1958,1958 FIFA World Cup,Czechoslovakia,CSK,Gustav Mráz,DF,23.0,1934.0,0.0
1958,1958 FIFA World Cup,Czechoslovakia,CSK,Jiří Čadek,MF,22.0,1935.0,0.0
1958,1958 FIFA World Cup,Czechoslovakia,CSK,Ladislav Novák,DF,26.0,1931.0,0.0
1958,1958 FIFA World Cup,Czechoslovakia,CSK,Josef Masopust,MF,27.0,1931.0,0.0
1958,1958 FIFA World Cup,Czechoslovakia,CSK,Svatopluk Pluskal,DF,27.0,1930.0,0.0
1958,1958 FIFA World Cup,Czechoslovakia,CSK,Kazimír Gajdoš,FW,24.0,1934.0,0.0
1958,1958 FIFA World Cup,Czechoslovakia,CSK,Milan Dvořák,FW,23.0,1934.0,2.0
1958,1958 FIFA World Cup,Czechoslovakia,CSK,Pavol Molnár,FW,22.0,1936.0,0.0
1958,1958 FIFA World Cup,Czechoslovakia,CSK,Jaroslav Borovička,FW,27.0,1931.0,0.0
1958,1958 FIFA World Cup,Czechoslovakia,CSK,Tadeáš Kraus,FW,25.0,1932.0,0.0
1958,1958 FIFA World Cup,Czechoslovakia,CSK,Zdeněk Zikán,FW,20.0,1937.0,4.0
1958,1958 FIFA World Cup,Czechoslovakia,CSK,Václav Hovorka,FW,26.0,1931.0,2.0
1958,1958 FIFA World Cup,Czechoslovakia,CSK,Jiří Feureisl,FW,26.0,1931.0,1.0
1958,1958 FIFA World Cup,Czechoslovakia,CSK,Jan Hertl,FW,29.0,1929.0,0.0
1958,1958 FIFA World Cup,Czechoslovakia,CSK,Ján Popluhár,DF,22.0,1935.0,0.0
1958,1958 FIFA World Cup,Czechoslovakia,CSK,Titus Buberník,DF,24.0,1933.0,0.0
1958,1958 FIFA World Cup,Czechoslovakia,CSK,Adolf Scherer,MF,20.0,1938.0,0.0
1958,1958 FIFA World Cup,Czechoslovakia,CSK,Břetislav Dolejší,GK,29.0,1928.0,0.0
1958,1958 FIFA World Cup,Czechoslovakia,CSK,Anton Moravčík,MF,27.0,1931.0,0.0
1958,1958 FIFA World Cup,Czechoslovakia,CSK,František Šafránek,DF,27.0,1931.0,0.0
1958,1958 FIFA World Cup,Czechoslovakia,CSK,Viliam Schrojf,GK,26.0,1931.0,0.0
1958,1958 FIFA World Cup,England,ENG,Colin McDonald,GK,27.0,1930.0,0.0
1958,1958 FIFA World Cup,England,ENG,Don Howe,DF,22.0,1935.0,0.0
1958,1958 FIFA World Cup,England,ENG,Tommy Banks,DF,28.0,1929.0,0.0
1958,1958 FIFA World Cup,England,ENG,Eddie Clamp,MF,23.0,1934.0,0.0
1958,1958 FIFA World Cup,England,ENG,Billy Wright,DF,34.0,1924.0,0.0
1958,1958 FIFA World Cup,England,ENG,Bill Slater,MF,31.0,1927.0,0.0
1958,1958 FIFA World Cup,England,ENG,Bryan Douglas,FW,24.0,1934.0,0.0
1958,1958 FIFA World Cup,England,ENG,Bobby Robson,FW,25.0,1933.0,0.0
1958,1958 FIFA World Cup,England,ENG,Derek Kevan,FW,23.0,1935.0,2.0
1958,1958 FIFA World Cup,England,ENG,Johnny Haynes,FW,23.0,1934.0,1.0
1958,1958 FIFA World Cup,England,ENG,Tom Finney,FW,36.0,1922.0,1.0
1958,1958 FIFA World Cup,England,ENG,Eddie Hopkinson,GK,22.0,1935.0,0.0
1958,1958 FIFA World Cup,England,ENG,Alan Hodgkinson,GK,21.0,1936.0,0.0
1958,1958 FIFA World Cup,England,ENG,Peter Sillett,DF,25.0,1933.0,0.0
1958,1958 FIFA World Cup,England,ENG,Ronnie Clayton,MF,23.0,1934.0,0.0
1958,1958 FIFA World Cup,England,ENG,Maurice Norman,DF,24.0,1934.0,0.0
1958,1958 FIFA World Cup,England,ENG,Peter Brabrook,FW,20.0,1937.0,0.0
1958,1958 FIFA World Cup,England,ENG,Peter Broadbent,FW,25.0,1933.0,0.0
1958,1958 FIFA World Cup,England,ENG,Bobby Smith,FW,25.0,1933.0,0.0
1958,1958 FIFA World Cup,England,ENG,Bobby Charlton,FW,20.0,1937.0,0.0
1958,1958 FIFA World Cup,England,ENG,Alan A'Court,FW,23.0,1934.0,0.0
1958,1958 FIFA World Cup,England,ENG,Maurice Setters,MF,21.0,1936.0,0.0
1958,1958 FIFA World Cup,France,FRA,Claude Abbes,GK,31.0,1927.0,0.0
1958,1958 FIFA World Cup,France,FRA,Dominique Colonna,GK,29.0,1928.0,0.0
1958,1958 FIFA World Cup,France,FRA,François Remetter,GK,29.0,1928.0,0.0
1958,1958 FIFA World Cup,France,FRA,Raymond Kaelbel,DF,26.0,1932.0,0.0
1958,1958 FIFA World Cup,France,FRA,André Lerond,DF,27.0,1930.0,0.0
1958,1958 FIFA World Cup,France,FRA,Roger Marche,DF,34.0,1924.0,0.0
1958,1958 FIFA World Cup,France,FRA,Robert Mouynet,DF,28.0,1930.0,0.0
1958,1958 FIFA World Cup,France,FRA,Bernard Chiarelli,MF,24.0,1934.0,0.0
1958,1958 FIFA World Cup,France,FRA,Kazimir Hnatow,MF,29.0,1929.0,0.0
1958,1958 FIFA World Cup,France,FRA,Robert Jonquet,MF,33.0,1925.0,0.0
1958,1958 FIFA World Cup,France,FRA,Maurice Lafont,MF,30.0,1927.0,0.0
1958,1958 FIFA World Cup,France,FRA,Jean-Jacques Marcel,MF,26.0,1931.0,0.0
1958,1958 FIFA World Cup,France,FRA,Armand Penverne,DF,31.0,1926.0,0.0
1958,1958 FIFA World Cup,France,FRA,Raymond Bellot,MF,28.0,1929.0,0.0
1958,1958 FIFA World Cup,France,FRA,Stéphane Bruey,FW,25.0,1932.0,0.0
1958,1958 FIFA World Cup,France,FRA,Yvon Douis,FW,23.0,1935.0,1.0
1958,1958 FIFA World Cup,France,FRA,Just Fontaine,FW,24.0,1933.0,13.0
1958,1958 FIFA World Cup,France,FRA,Raymond Kopa,MF,26.0,1931.0,3.0
1958,1958 FIFA World Cup,France,FRA,Célestin Oliver,MF,27.0,1930.0,0.0
1958,1958 FIFA World Cup,France,FRA,Roger Piantoni,FW,26.0,1931.0,3.0
1958,1958 FIFA World Cup,France,FRA,Jean Vincent,FW,27.0,1930.0,1.0
1958,1958 FIFA World Cup,France,FRA,Maryan Wisnieski,FW,21.0,1937.0,2.0
1958,1958 FIFA World Cup,Hungary,HUN,Gyula Grosics,GK,32.0,1926.0,0.0
1958,1958 FIFA World Cup,Hungary,HUN,Sándor Mátrai,DF,25.0,1932.0,0.0
1958,1958 FIFA World Cup,Hungary,HUN,Ferenc Sipos,DF,25.0,1932.0,0.0
1958,1958 FIFA World Cup,Hungary,HUN,László Sárosi,DF,26.0,1932.0,0.0
1958,1958 FIFA World Cup,Hungary,HUN,József Bozsik,DF,32.0,1925.0,1.0
1958,1958 FIFA World Cup,Hungary,HUN,Pál Berendy,MF,25.0,1932.0,0.0
1958,1958 FIFA World Cup,Hungary,HUN,László Budai,MF,29.0,1928.0,0.0
1958,1958 FIFA World Cup,Hungary,HUN,Lajos Tichy,FW,23.0,1935.0,4.0
1958,1958 FIFA World Cup,Hungary,HUN,Nándor Hidegkuti,FW,36.0,1922.0,0.0
1958,1958 FIFA World Cup,Hungary,HUN,Dezső Bundzsák,FW,30.0,1928.0,0.0
1958,1958 FIFA World Cup,Hungary,HUN,Károly Sándor,FW,29.0,1928.0,1.0
1958,1958 FIFA World Cup,Hungary,HUN,Béla Kárpáti,DF,28.0,1929.0,0.0
1958,1958 FIFA World Cup,Hungary,HUN,Oszkár Szigeti,DF,24.0,1933.0,0.0
1958,1958 FIFA World Cup,Hungary,HUN,Ferenc Szojka,FW,27.0,1931.0,0.0
1958,1958 FIFA World Cup,Hungary,HUN,Antal Kotász,MF,28.0,1929.0,0.0
1958,1958 FIFA World Cup,Hungary,HUN,László Lachos,FW,25.0,1933.0,0.0
1958,1958 FIFA World Cup,Hungary,HUN,Mihály Vasas,FW,24.0,1933.0,0.0
1958,1958 FIFA World Cup,Hungary,HUN,Tivadar Monostori,FW,21.0,1936.0,0.0
1958,1958 FIFA World Cup,Hungary,HUN,Zoltán Friedmanszky,FW,23.0,1934.0,0.0
1958,1958 FIFA World Cup,Hungary,HUN,József Bencsics,FW,24.0,1933.0,1.0
1958,1958 FIFA World Cup,Hungary,HUN,Máté Fenyvesi,FW,24.0,1933.0,0.0
1958,1958 FIFA World Cup,Hungary,HUN,István Ilku,GK,25.0,1933.0,0.0
1958,1958 FIFA World Cup,Mexico,MEX,Antonio Carbajal,GK,29.0,1929.0,0.0
1958,1958 FIFA World Cup,Mexico,MEX,Jesús del Muro,DF,20.0,1937.0,0.0
1958,1958 FIFA World Cup,Mexico,MEX,Jorge Romo,MF,35.0,1923.0,0.0
1958,1958 FIFA World Cup,Mexico,MEX,José Villegas,DF,23.0,1934.0,0.0
1958,1958 FIFA World Cup,Mexico,MEX,Alfonso Portugal,DF,24.0,1934.0,0.0
1958,1958 FIFA World Cup,Mexico,MEX,Francisco Flores,MF,32.0,1926.0,0.0
1958,1958 FIFA World Cup,Mexico,MEX,Alfredo Hernández,MF,22.0,1935.0,0.0
1958,1958 FIFA World Cup,Mexico,MEX,Salvador Reyes,FW,21.0,1936.0,0.0
1958,1958 FIFA World Cup,Mexico,MEX,Carlos Calderón de la Barca,FW,23.0,1934.0,0.0
1958,1958 FIFA World Cup,Mexico,MEX,Crescencio Gutiérrez,FW,24.0,1933.0,0.0
1958,1958 FIFA World Cup,Mexico,MEX,Enrique Sesma,FW,31.0,1927.0,0.0
1958,1958 FIFA World Cup,Mexico,MEX,Manuel Camacho,GK,29.0,1929.0,0.0
1958,1958 FIFA World Cup,Mexico,MEX,Jaime Gómez,GK,28.0,1929.0,0.0
1958,1958 FIFA World Cup,Mexico,MEX,Miguel Gutiérrez,FW,27.0,1931.0,0.0
1958,1958 FIFA World Cup,Mexico,MEX,Guillermo Sepúlveda,MF,,,0.0
1958,1958 FIFA World Cup,Mexico,MEX,José Antonio Roca,DF,30.0,1928.0,0.0
1958,1958 FIFA World Cup,Mexico,MEX,Raúl Cárdenas,DF,29.0,1928.0,0.0
1958,1958 FIFA World Cup,Mexico,MEX,Jaime Salazar,MF,27.0,1931.0,0.0
1958,1958 FIFA World Cup,Mexico,MEX,Jaime Belmonte,DF,23.0,1934.0,1.0
1958,1958 FIFA World Cup,Mexico,MEX,Carlos Blanco,FW,31.0,1927.0,0.0
1958,1958 FIFA World Cup,Mexico,MEX,Ligorio López,FW,24.0,1933.0,0.0
1958,1958 FIFA World Cup,Mexico,MEX,Carlos González,FW,23.0,1935.0,0.0
1958,1958 FIFA World Cup,Northern Ireland,NIR,Harry Gregg,GK,25.0,1932.0,0.0
1958,1958 FIFA World Cup,Northern Ireland,NIR,Willie Cunningham,DF,28.0,1930.0,0.0
1958,1958 FIFA World Cup,Northern Ireland,NIR,Alf McMichael,DF,30.0,1927.0,0.0
1958,1958 FIFA World Cup,Northern Ireland,NIR,Danny Blanchflower,MF,32.0,1926.0,0.0
1958,1958 FIFA World Cup,Northern Ireland,NIR,Dick Keith,DF,25.0,1933.0,0.0
1958,1958 FIFA World Cup,Northern Ireland,NIR,Bertie Peacock,MF,29.0,1928.0,0.0
1958,1958 FIFA World Cup,Northern Ireland,NIR,Billy Bingham,FW,26.0,1931.0,0.0
1958,1958 FIFA World Cup,Northern Ireland,NIR,Wilbur Cush,FW,29.0,1928.0,1.0
1958,1958 FIFA World Cup,Northern Ireland,NIR,Billy Simpson,FW,28.0,1929.0,0.0
1958,1958 FIFA World Cup,Northern Ireland,NIR,Jimmy McIlroy,FW,26.0,1931.0,0.0
1958,1958 FIFA World Cup,Northern Ireland,NIR,Peter McParland,FW,24.0,1934.0,5.0
1958,1958 FIFA World Cup,Northern Ireland,NIR,Norman Uprichard,GK,30.0,1928.0,0.0
1958,1958 FIFA World Cup,Northern Ireland,NIR,Tommy Casey,FW,28.0,1930.0,0.0
1958,1958 FIFA World Cup,Northern Ireland,NIR,Jackie Scott,FW,24.0,1933.0,0.0
1958,1958 FIFA World Cup,Northern Ireland,NIR,Sammy McCrory,FW,33.0,1924.0,0.0
1958,1958 FIFA World Cup,Northern Ireland,NIR,Derek Dougan,FW,20.0,1938.0,0.0
1958,1958 FIFA World Cup,Northern Ireland,NIR,Fay Coyle,FW,25.0,1933.0,0.0
1958,1958 FIFA World Cup,Northern Ireland,NIR,Roy Rea,GK,23.0,1934.0,0.0
1958,1958 FIFA World Cup,Northern Ireland,NIR,Len Graham,DF,32.0,1925.0,0.0
1958,1958 FIFA World Cup,Northern Ireland,NIR,Sammy Chapman,MF,20.0,1938.0,0.0
1958,1958 FIFA World Cup,Northern Ireland,NIR,Tommy Hamill,DF,24.0,1933.0,0.0
1958,1958 FIFA World Cup,Northern Ireland,NIR,Bobby Trainor,FW,24.0,1934.0,0.0
1958,1958 FIFA World Cup,Paraguay,PRY,Ramón Mayeregger,GK,22.0,1936.0,0.0
1958,1958 FIFA World Cup,Paraguay,PRY,Edelmiro Arévalo,DF,29.0,1929.0,0.0
1958,1958 FIFA World Cup,Paraguay,PRY,Juan Vicente Lezcano,MF,21.0,1937.0,0.0
1958,1958 FIFA World Cup,Paraguay,PRY,Ignacio Achúcarro,DF,21.0,1936.0,0.0
1958,1958 FIFA World Cup,Paraguay,PRY,Salvador Villalba,MF,33.0,1924.0,0.0
1958,1958 FIFA World Cup,Paraguay,PRY,Eligio Echagüe,DF,19.0,1938.0,0.0
1958,1958 FIFA World Cup,Paraguay,PRY,Juan Bautista Agüero,FW,22.0,1935.0,2.0
1958,1958 FIFA World Cup,Paraguay,PRY,José Parodi,FW,25.0,1932.0,2.0
1958,1958 FIFA World Cup,Paraguay,PRY,Jorge Lino Romero,FW,20.0,1937.0,2.0
1958,1958 FIFA World Cup,Paraguay,PRY,Oscar Aguilera,FW,23.0,1935.0,0.0
1958,1958 FIFA World Cup,Paraguay,PRY,Florencio Amarilla,FW,23.0,1935.0,2.0
1958,1958 FIFA World Cup,Paraguay,PRY,Samuel Aguilar,GK,25.0,1933.0,0.0
1958,1958 FIFA World Cup,Paraguay,PRY,Luis Gini,DF,22.0,1935.0,0.0
1958,1958 FIFA World Cup,Paraguay,PRY,Darío Segovia,DF,26.0,1932.0,0.0
1958,1958 FIFA World Cup,Paraguay,PRY,Luis Santos Silva,MF,,,0.0
1958,1958 FIFA World Cup,Paraguay,PRY,Claudio Lezcano,FW,,,0.0
1958,1958 FIFA World Cup,Paraguay,PRY,Agustín Miranda,DF,28.0,1930.0,0.0
1958,1958 FIFA World Cup,Paraguay,PRY,Gilberto Penayo,FW,25.0,1933.0,0.0
1958,1958 FIFA World Cup,Paraguay,PRY,Eliseo Insfrán,FW,22.0,1935.0,0.0
1958,1958 FIFA World Cup,Paraguay,PRY,José Raúl Aveiro,FW,21.0,1936.0,0.0
1958,1958 FIFA World Cup,Paraguay,PRY,Cayetano Ré,FW,20.0,1938.0,1.0
1958,1958 FIFA World Cup,Paraguay,PRY,Eligio Insfrán,FW,22.0,1935.0,0.0
1958,1958 FIFA World Cup,Scotland,SCO,Tommy Younger,GK,28.0,1930.0,0.0
1958,1958 FIFA World Cup,Scotland,SCO,Bill Brown,GK,26.0,1931.0,0.0
1958,1958 FIFA World Cup,Scotland,SCO,Alex Parker,DF,22.0,1935.0,0.0
1958,1958 FIFA World Cup,Scotland,SCO,Eric Caldow,DF,24.0,1934.0,0.0
1958,1958 FIFA World Cup,Scotland,SCO,John Hewie,DF,30.0,1927.0,0.0
1958,1958 FIFA World Cup,Scotland,SCO,Harry Haddock,DF,32.0,1925.0,0.0
1958,1958 FIFA World Cup,Scotland,SCO,Ian McColl,DF,31.0,1927.0,0.0
1958,1958 FIFA World Cup,Scotland,SCO,Eddie Turnbull,MF,35.0,1923.0,0.0
1958,1958 FIFA World Cup,Scotland,SCO,Bobby Evans,DF,30.0,1927.0,0.0
1958,1958 FIFA World Cup,Scotland,SCO,Tommy Docherty,MF,30.0,1928.0,0.0
1958,1958 FIFA World Cup,Scotland,SCO,Dave Mackay,MF,23.0,1934.0,0.0
1958,1958 FIFA World Cup,Scotland,SCO,Doug Cowie,MF,32.0,1926.0,0.0
1958,1958 FIFA World Cup,Scotland,SCO,Sammy Baird,FW,28.0,1930.0,1.0
1958,1958 FIFA World Cup,Scotland,SCO,Graham Leggat,FW,23.0,1934.0,0.0
1958,1958 FIFA World Cup,Scotland,SCO,Alex Scott,FW,-27.0,1984.0,0.0
1958,1958 FIFA World Cup,Scotland,SCO,Jimmy Murray,FW,25.0,1933.0,1.0
1958,1958 FIFA World Cup,Scotland,SCO,Jackie Mudie,FW,28.0,1930.0,1.0
1958,1958 FIFA World Cup,Scotland,SCO,John Coyle,FW,25.0,1932.0,0.0
1958,1958 FIFA World Cup,Scotland,SCO,Bobby Collins,FW,27.0,1931.0,1.0
1958,1958 FIFA World Cup,Scotland,SCO,Archie Robertson,FW,28.0,1929.0,0.0
1958,1958 FIFA World Cup,Scotland,SCO,Stewart Imlach,FW,26.0,1932.0,0.0
1958,1958 FIFA World Cup,Scotland,SCO,Willie Fernie,FW,29.0,1928.0,0.0
1958,1958 FIFA World Cup,Soviet Union,SUN,Lev Yashin,GK,28.0,1929.0,0.0
1958,1958 FIFA World Cup,Soviet Union,SUN,Vladimir Kesarev,DF,28.0,1930.0,0.0
1958,1958 FIFA World Cup,Soviet Union,SUN,Konstantin Krizhevsky,MF,32.0,1926.0,0.0
1958,1958 FIFA World Cup,Soviet Union,SUN,Boris Kuznetsov,DF,29.0,1928.0,0.0
1958,1958 FIFA World Cup,Soviet Union,SUN,Yuri Voinov,DF,26.0,1931.0,0.0
1958,1958 FIFA World Cup,Soviet Union,SUN,Igor Netto,MF,28.0,1930.0,0.0
1958,1958 FIFA World Cup,Soviet Union,SUN,German Apukhtin,FW,21.0,1936.0,0.0
1958,1958 FIFA World Cup,Soviet Union,SUN,Valentin Ivanov,FW,23.0,1934.0,1.0
1958,1958 FIFA World Cup,Soviet Union,SUN,Nikita Simonyan,FW,31.0,1926.0,1.0
1958,1958 FIFA World Cup,Soviet Union,SUN,Sergei Salnikov,FW,32.0,1925.0,0.0
1958,1958 FIFA World Cup,Soviet Union,SUN,Anatoli Ilyin,FW,26.0,1931.0,2.0
1958,1958 FIFA World Cup,Soviet Union,SUN,Vladimir Maslachenko,GK,22.0,1936.0,0.0
1958,1958 FIFA World Cup,Soviet Union,SUN,Vladimir Belyayev,GK,24.0,1933.0,0.0
1958,1958 FIFA World Cup,Soviet Union,SUN,Leonid Ostrovskiy,DF,22.0,1936.0,0.0
1958,1958 FIFA World Cup,Soviet Union,SUN,Anatoli Maslyonkin,DF,27.0,1930.0,0.0
1958,1958 FIFA World Cup,Soviet Union,SUN,Viktor Tsarev,MF,27.0,1931.0,0.0
1958,1958 FIFA World Cup,Soviet Union,SUN,Aleksandr Ivanov,FW,30.0,1928.0,1.0
1958,1958 FIFA World Cup,Soviet Union,SUN,Valentin Bubukin,FW,25.0,1933.0,0.0
1958,1958 FIFA World Cup,Soviet Union,SUN,Gennadi Gusarov,FW,21.0,1937.0,0.0
1958,1958 FIFA World Cup,Soviet Union,SUN,Yuri Falin,FW,21.0,1937.0,0.0
1958,1958 FIFA World Cup,Soviet Union,SUN,Genrich Fedosov,FW,25.0,1932.0,0.0
1958,1958 FIFA World Cup,Soviet Union,SUN,Vladimir Yerokhin,DF,28.0,1930.0,0.0
1958,1958 FIFA World Cup,Sweden,SWE,Kalle Svensson,GK,32.0,1925.0,0.0
1958,1958 FIFA World Cup,Sweden,SWE,Orvar Bergmark,DF,27.0,1930.0,0.0
1958,1958 FIFA World Cup,Sweden,SWE,Sven Axbom,DF,31.0,1926.0,0.0
1958,1958 FIFA World Cup,Sweden,SWE,Nils Liedholm,MF,35.0,1922.0,2.0
1958,1958 FIFA World Cup,Sweden,SWE,Åke Johansson,DF,30.0,1928.0,0.0
1958,1958 FIFA World Cup,Sweden,SWE,Sigge Parling,MF,28.0,1930.0,0.0
1958,1958 FIFA World Cup,Sweden,SWE,Kurt Hamrin,MF,23.0,1934.0,4.0
1958,1958 FIFA World Cup,Sweden,SWE,Gunnar Gren,FW,37.0,1920.0,1.0
1958,1958 FIFA World Cup,Sweden,SWE,Agne Simonsson,FW,22.0,1935.0,4.0
1958,1958 FIFA World Cup,Sweden,SWE,Arne Selmosson,FW,27.0,1931.0,0.0
1958,1958 FIFA World Cup,Sweden,SWE,Lennart Skoglund,MF,28.0,1929.0,1.0
1958,1958 FIFA World Cup,Sweden,SWE,Tore Svensson,GK,30.0,1927.0,0.0
1958,1958 FIFA World Cup,Sweden,SWE,Prawitz Öberg,DF,27.0,1930.0,0.0
1958,1958 FIFA World Cup,Sweden,SWE,Bengt Gustavsson,DF,30.0,1928.0,0.0
1958,1958 FIFA World Cup,Sweden,SWE,Reino Börjesson,MF,29.0,1929.0,0.0
1958,1958 FIFA World Cup,Sweden,SWE,Ingemar Haraldsson,GK,30.0,1928.0,0.0
1958,1958 FIFA World Cup,Sweden,SWE,Olle Håkansson,MF,31.0,1927.0,0.0
1958,1958 FIFA World Cup,Sweden,SWE,Gösta Löfgren,FW,34.0,1923.0,0.0
1958,1958 FIFA World Cup,Sweden,SWE,Henry Källgren,FW,27.0,1931.0,0.0
1958,1958 FIFA World Cup,Sweden,SWE,Bror Mellberg,FW,34.0,1923.0,0.0
1958,1958 FIFA World Cup,Sweden,SWE,Bengt Berndtsson,MF,25.0,1933.0,0.0
1958,1958 FIFA World Cup,Sweden,SWE,Owe Ohlsson,FW,19.0,1938.0,0.0
1958,1958 FIFA World Cup,Wales,WAL,Jack Kelsey,GK,28.0,1929.0,0.0
1958,1958 FIFA World Cup,Wales,WAL,Stuart Williams,DF,27.0,1930.0,0.0
1958,1958 FIFA World Cup,Wales,WAL,Mel Hopkins,DF,23.0,1934.0,0.0
1958,1958 FIFA World Cup,Wales,WAL,Derrick Sullivan,DF,27.0,1930.0,0.0
1958,1958 FIFA World Cup,Wales,WAL,Mel Charles,MF,23.0,1935.0,0.0
1958,1958 FIFA World Cup,Wales,WAL,Dave Bowen,MF,30.0,1928.0,0.0
1958,1958 FIFA World Cup,Wales,WAL,Terry Medwin,FW,25.0,1932.0,1.0
1958,1958 FIFA World Cup,Wales,WAL,Ron Hewitt,FW,29.0,1928.0,0.0
1958,1958 FIFA World Cup,Wales,WAL,John Charles,FW,26.0,1931.0,1.0
1958,1958 FIFA World Cup,Wales,WAL,Ivor Allchurch,FW,28.0,1929.0,2.0
1958,1958 FIFA World Cup,Wales,WAL,Cliff Jones,FW,23.0,1935.0,0.0
1958,1958 FIFA World Cup,Wales,WAL,Ken Jones,GK,22.0,1936.0,0.0
1958,1958 FIFA World Cup,Wales,WAL,Graham Vearncombe,GK,24.0,1934.0,0.0
1958,1958 FIFA World Cup,Wales,WAL,Trevor Edwards,DF,21.0,1937.0,0.0
1958,1958 FIFA World Cup,Wales,WAL,Colin Baker,DF,23.0,1934.0,0.0
1958,1958 FIFA World Cup,Wales,WAL,Vic Crowe,MF,26.0,1932.0,0.0
1958,1958 FIFA World Cup,Wales,WAL,Ken Leek,FW,22.0,1935.0,0.0
1958,1958 FIFA World Cup,Wales,WAL,Roy Vernon,FW,21.0,1937.0,0.0
1958,1958 FIFA World Cup,Wales,WAL,Colin Webster,FW,25.0,1932.0,0.0
1958,1958 FIFA World Cup,Wales,WAL,John Elsworthy,MF,26.0,1931.0,0.0
1958,1958 FIFA World Cup,Wales,WAL,Len Allchurch,MF,24.0,1933.0,0.0
1958,1958 FIFA World Cup,Wales,WAL,George Baker,MF,22.0,1936.0,0.0
1958,1958 FIFA World Cup,West Germany,DEU,Fritz Herkenrath,GK,29.0,1928.0,0.0
1958,1958 FIFA World Cup,West Germany,DEU,Herbert Erhardt,DF,27.0,1930.0,0.0
1958,1958 FIFA World Cup,West Germany,DEU,Erich Juskowiak,DF,31.0,1926.0,0.0
1958,1958 FIFA World Cup,West Germany,DEU,Horst Eckel,MF,26.0,1932.0,0.0
1958,1958 FIFA World Cup,West Germany,DEU,Heinz Wewers,DF,30.0,1927.0,0.0
1958,1958 FIFA World Cup,West Germany,DEU,Horst Szymaniak,MF,23.0,1934.0,0.0
1958,1958 FIFA World Cup,West Germany,DEU,Georg Stollenwerk,DF,27.0,1930.0,0.0
1958,1958 FIFA World Cup,West Germany,DEU,Helmut Rahn,FW,28.0,1929.0,6.0
1958,1958 FIFA World Cup,West Germany,DEU,Fritz Walter,MF,37.0,1920.0,0.0
1958,1958 FIFA World Cup,West Germany,DEU,Aki Schmidt,MF,22.0,1935.0,0.0
1958,1958 FIFA World Cup,West Germany,DEU,Hans Schäfer,FW,30.0,1927.0,3.0
1958,1958 FIFA World Cup,West Germany,DEU,Uwe Seeler,FW,21.0,1936.0,2.0
1958,1958 FIFA World Cup,West Germany,DEU,Bernhard Klodt,FW,31.0,1926.0,0.0
1958,1958 FIFA World Cup,West Germany,DEU,Hans Cieslarczyk,FW,21.0,1937.0,1.0
1958,1958 FIFA World Cup,West Germany,DEU,Alfred Kelbassa,FW,33.0,1925.0,0.0
1958,1958 FIFA World Cup,West Germany,DEU,Hans Sturm,FW,22.0,1935.0,0.0
1958,1958 FIFA World Cup,West Germany,DEU,Karl-Heinz Schnellinger,DF,19.0,1939.0,0.0
1958,1958 FIFA World Cup,West Germany,DEU,Rudi Hoffmann,MF,23.0,1935.0,0.0
1958,1958 FIFA World Cup,West Germany,DEU,Wolfgang Peters,MF,29.0,1929.0,0.0
1958,1958 FIFA World Cup,West Germany,DEU,Hermann Nuber,DF,22.0,1935.0,0.0
1958,1958 FIFA World Cup,West Germany,DEU,Günter Sawitzki,GK,25.0,1932.0,0.0
1958,1958 FIFA World Cup,West Germany,DEU,Heinz Kwiatkowski,GK,31.0,1926.0,0.0
1958,1958 FIFA World Cup,Yugoslavia,YUG,Vladimir Beara,GK,29.0,1928.0,0.0
1958,1958 FIFA World Cup,Yugoslavia,YUG,Srboljub Krivokuća,GK,30.0,1928.0,0.0
1958,1958 FIFA World Cup,Yugoslavia,YUG,Vasilije Šijaković,DF,28.0,1929.0,0.0
1958,1958 FIFA World Cup,Yugoslavia,YUG,Tomislav Crnković,DF,28.0,1929.0,0.0
1958,1958 FIFA World Cup,Yugoslavia,YUG,Novak Tomić,DF,22.0,1936.0,0.0
1958,1958 FIFA World Cup,Yugoslavia,YUG,Branko Zebec,DF,29.0,1929.0,0.0
1958,1958 FIFA World Cup,Yugoslavia,YUG,Miloš Milutinović,FW,25.0,1933.0,0.0
1958,1958 FIFA World Cup,Yugoslavia,YUG,Dobrosav Krstić,MF,26.0,1932.0,0.0
1958,1958 FIFA World Cup,Yugoslavia,YUG,Vujadin Boškov,MF,27.0,1931.0,0.0
1958,1958 FIFA World Cup,Yugoslavia,YUG,Ivan Šantek,MF,26.0,1932.0,0.0
1958,1958 FIFA World Cup,Yugoslavia,YUG,Vladica Popović,DF,23.0,1935.0,0.0
1958,1958 FIFA World Cup,Yugoslavia,YUG,Aleksandar Petaković,FW,28.0,1930.0,2.0
1958,1958 FIFA World Cup,Yugoslavia,YUG,Todor Veselinović,FW,27.0,1930.0,3.0
1958,1958 FIFA World Cup,Yugoslavia,YUG,Milorad Milutinović,DF,23.0,1935.0,0.0
1958,1958 FIFA World Cup,Yugoslavia,YUG,Dragoslav Šekularac,MF,20.0,1937.0,0.0
1958,1958 FIFA World Cup,Yugoslavia,YUG,Ilijas Pašić,FW,24.0,1934.0,0.0
1958,1958 FIFA World Cup,Yugoslavia,YUG,Zdravko Rajkov,MF,30.0,1927.0,1.0
1958,1958 FIFA World Cup,Yugoslavia,YUG,Luka Lipošinović,FW,25.0,1933.0,0.0
1958,1958 FIFA World Cup,Yugoslavia,YUG,Radivoje Ognjanović,FW,24.0,1933.0,1.0
1958,1958 FIFA World Cup,Yugoslavia,YUG,Gordan Irović,GK,23.0,1934.0,0.0
1958,1958 FIFA World Cup,Yugoslavia,YUG,Nikola Radović,DF,25.0,1933.0,0.0
1958,1958 FIFA World Cup,Yugoslavia,YUG,Dražan Jerković,FW,21.0,1936.0,0.0
1962,1962 FIFA World Cup,Argentina,ARG,Antonio Roma,GK,29.0,1932.0,0.0
1962,1962 FIFA World Cup,Argentina,ARG,José Ramón Delgado,DF,26.0,1935.0,0.0
1962,1962 FIFA World Cup,Argentina,ARG,Silvio Marzolini,DF,21.0,1940.0,0.0
1962,1962 FIFA World Cup,Argentina,ARG,Alberto Sainz,DF,24.0,1937.0,0.0
1962,1962 FIFA World Cup,Argentina,ARG,Federico Sacchi,MF,25.0,1936.0,0.0
1962,1962 FIFA World Cup,Argentina,ARG,Raúl Páez,DF,25.0,1937.0,0.0
1962,1962 FIFA World Cup,Argentina,ARG,Héctor Facundo,FW,24.0,1937.0,1.0
1962,1962 FIFA World Cup,Argentina,ARG,Martín Pando,FW,27.0,1934.0,0.0
1962,1962 FIFA World Cup,Argentina,ARG,Marcelo Pagani,FW,20.0,1941.0,0.0
1962,1962 FIFA World Cup,Argentina,ARG,José Sanfilippo,FW,27.0,1935.0,1.0
1962,1962 FIFA World Cup,Argentina,ARG,Raúl Belén,FW,30.0,1931.0,0.0
1962,1962 FIFA World Cup,Argentina,ARG,Rogelio Domínguez,GK,30.0,1932.0,0.0
1962,1962 FIFA World Cup,Argentina,ARG,Oscar Rossi,MF,31.0,1930.0,0.0
1962,1962 FIFA World Cup,Argentina,ARG,Alberto Mariotti,DF,26.0,1935.0,0.0
1962,1962 FIFA World Cup,Argentina,ARG,Rubén Navarro,DF,29.0,1933.0,0.0
1962,1962 FIFA World Cup,Argentina,ARG,Antonio Rattín,MF,25.0,1937.0,0.0
1962,1962 FIFA World Cup,Argentina,ARG,Rafael Albrecht,DF,20.0,1941.0,0.0
1962,1962 FIFA World Cup,Argentina,ARG,Vladislao Cap,DF,27.0,1934.0,0.0
1962,1962 FIFA World Cup,Argentina,ARG,Rubén Sosa,FW,25.0,1936.0,0.0
1962,1962 FIFA World Cup,Argentina,ARG,Juan Carlos Oleniak,FW,20.0,1942.0,0.0
1962,1962 FIFA World Cup,Argentina,ARG,Ramón Abeledo,MF,25.0,1937.0,0.0
1962,1962 FIFA World Cup,Argentina,ARG,Alberto González,FW,20.0,1941.0,0.0
1962,1962 FIFA World Cup,Brazil,BRA,Gilmar,GK,31.0,1930.0,0.0
1962,1962 FIFA World Cup,Brazil,BRA,Djalma Santos,DF,33.0,1929.0,0.0
1962,1962 FIFA World Cup,Brazil,BRA,Mauro Ramos,DF,31.0,1930.0,0.0
1962,1962 FIFA World Cup,Brazil,BRA,Zito,MF,29.0,1932.0,1.0
1962,1962 FIFA World Cup,Brazil,BRA,Zózimo,DF,29.0,1932.0,0.0
1962,1962 FIFA World Cup,Brazil,BRA,Nílton Santos,DF,37.0,1925.0,0.0
1962,1962 FIFA World Cup,Brazil,BRA,Garrincha,FW,28.0,1933.0,4.0
1962,1962 FIFA World Cup,Brazil,BRA,Didi,MF,33.0,1928.0,0.0
1962,1962 FIFA World Cup,Brazil,BRA,Coutinho,FW,18.0,1943.0,0.0
1962,1962 FIFA World Cup,Brazil,BRA,Pelé,FW,21.0,1940.0,1.0
1962,1962 FIFA World Cup,Brazil,BRA,Pepe,FW,27.0,1935.0,0.0
1962,1962 FIFA World Cup,Brazil,BRA,Jair Marinho,DF,25.0,1936.0,0.0
1962,1962 FIFA World Cup,Brazil,BRA,Hilderaldo Bellini,DF,31.0,1930.0,0.0
1962,1962 FIFA World Cup,Brazil,BRA,Jurandir,DF,21.0,1940.0,0.0
1962,1962 FIFA World Cup,Brazil,BRA,Altair,DF,24.0,1938.0,0.0
1962,1962 FIFA World Cup,Brazil,BRA,Zequinha,MF,27.0,1934.0,0.0
1962,1962 FIFA World Cup,Brazil,BRA,Mengálvio,MF,22.0,1939.0,0.0
1962,1962 FIFA World Cup,Brazil,BRA,Jair da Costa,FW,21.0,1940.0,0.0
1962,1962 FIFA World Cup,Brazil,BRA,Vavá,FW,27.0,1934.0,4.0
1962,1962 FIFA World Cup,Brazil,BRA,Amarildo,FW,22.0,1939.0,3.0
1962,1962 FIFA World Cup,Brazil,BRA,Mário Zagallo,FW,30.0,1931.0,1.0
1962,1962 FIFA World Cup,Brazil,BRA,Carlos José Castilho,GK,34.0,1927.0,0.0
1962,1962 FIFA World Cup,Bulgaria,BGR,Georgi Naydenov,GK,30.0,1931.0,0.0
1962,1962 FIFA World Cup,Bulgaria,BGR,Kiril Rakarov,DF,30.0,1932.0,0.0
1962,1962 FIFA World Cup,Bulgaria,BGR,Ivan Dimitrov,DF,27.0,1935.0,0.0
1962,1962 FIFA World Cup,Bulgaria,BGR,Stoyan Kitov,MF,23.0,1938.0,0.0
1962,1962 FIFA World Cup,Bulgaria,BGR,Dimitar Kostov,DF,25.0,1936.0,0.0
1962,1962 FIFA World Cup,Bulgaria,BGR,Nikola Kovachev,MF,27.0,1934.0,0.0
1962,1962 FIFA World Cup,Bulgaria,BGR,Todor Diev,MF,28.0,1934.0,0.0
1962,1962 FIFA World Cup,Bulgaria,BGR,Dimitar Dimov,DF,24.0,1937.0,0.0
1962,1962 FIFA World Cup,Bulgaria,BGR,Hristo Iliev,FW,26.0,1936.0,0.0
1962,1962 FIFA World Cup,Bulgaria,BGR,Ivan Kolev,FW,31.0,1930.0,0.0
1962,1962 FIFA World Cup,Bulgaria,BGR,Dimitar Yakimov,FW,20.0,1941.0,0.0
1962,1962 FIFA World Cup,Bulgaria,BGR,Dobromir Zhechev,DF,19.0,1942.0,0.0
1962,1962 FIFA World Cup,Bulgaria,BGR,Petar Velichkov,FW,21.0,1940.0,0.0
1962,1962 FIFA World Cup,Bulgaria,BGR,Georgi Sokolov,FW,19.0,1942.0,1.0
1962,1962 FIFA World Cup,Bulgaria,BGR,Georgi Asparuhov,FW,19.0,1943.0,0.0
1962,1962 FIFA World Cup,Bulgaria,BGR,Aleksandar Kostov,MF,24.0,1938.0,0.0
1962,1962 FIFA World Cup,Bulgaria,BGR,Panteley Dimitrov,MF,21.0,1940.0,0.0
1962,1962 FIFA World Cup,Bulgaria,BGR,Ivan Ivanov,GK,20.0,1942.0,0.0
1962,1962 FIFA World Cup,Bulgaria,BGR,Dinko Dermendzhiev,FW,20.0,1941.0,0.0
1962,1962 FIFA World Cup,Bulgaria,BGR,Nikola Parshanov,GK,28.0,1934.0,0.0
1962,1962 FIFA World Cup,Bulgaria,BGR,Panayot Panayotov,FW,31.0,1930.0,0.0
1962,1962 FIFA World Cup,Bulgaria,BGR,Georgi Nikolov,FW,31.0,1931.0,0.0
1962,1962 FIFA World Cup,Chile,CHL,Misael Escuti,GK,35.0,1926.0,0.0
1962,1962 FIFA World Cup,Chile,CHL,Luis Eyzaguirre,DF,22.0,1939.0,0.0
1962,1962 FIFA World Cup,Chile,CHL,Raúl Sánchez,DF,28.0,1933.0,0.0
1962,1962 FIFA World Cup,Chile,CHL,Sergio Navarro,DF,25.0,1936.0,0.0
1962,1962 FIFA World Cup,Chile,CHL,Carlos Contreras,DF,23.0,1938.0,0.0
1962,1962 FIFA World Cup,Chile,CHL,Eladio Rojas,MF,27.0,1934.0,2.0
1962,1962 FIFA World Cup,Chile,CHL,Jaime Ramírez,FW,30.0,1931.0,2.0
1962,1962 FIFA World Cup,Chile,CHL,Jorge Toro,MF,23.0,1939.0,2.0
1962,1962 FIFA World Cup,Chile,CHL,Honorino Landa,FW,19.0,1942.0,0.0
1962,1962 FIFA World Cup,Chile,CHL,Alberto Fouilloux,FW,21.0,1940.0,0.0
1962,1962 FIFA World Cup,Chile,CHL,Leonel Sánchez,FW,26.0,1936.0,4.0
1962,1962 FIFA World Cup,Chile,CHL,Adán Godoy,GK,25.0,1936.0,0.0
1962,1962 FIFA World Cup,Chile,CHL,Sergio Valdés,DF,29.0,1933.0,0.0
1962,1962 FIFA World Cup,Chile,CHL,Hugo Lepe,DF,22.0,1940.0,0.0
1962,1962 FIFA World Cup,Chile,CHL,Manuel Rodríguez,DF,24.0,1938.0,0.0
1962,1962 FIFA World Cup,Chile,CHL,Humberto Cruz,DF,22.0,1939.0,0.0
1962,1962 FIFA World Cup,Chile,CHL,Mario Ortiz,MF,26.0,1936.0,0.0
1962,1962 FIFA World Cup,Chile,CHL,Mario Moreno,FW,26.0,1935.0,0.0
1962,1962 FIFA World Cup,Chile,CHL,Braulio Musso,FW,32.0,1930.0,0.0
1962,1962 FIFA World Cup,Chile,CHL,Carlos Campos,FW,25.0,1937.0,0.0
1962,1962 FIFA World Cup,Chile,CHL,Armando Tobar,FW,23.0,1938.0,0.0
1962,1962 FIFA World Cup,Chile,CHL,Manuel Astorga,GK,25.0,1937.0,0.0
1962,1962 FIFA World Cup,Colombia,COL,Efraín Sánchez,GK,36.0,1926.0,0.0
1962,1962 FIFA World Cup,Colombia,COL,Achito Vivas,GK,28.0,1934.0,0.0
1962,1962 FIFA World Cup,Colombia,COL,Francisco Zuluaga,DF,33.0,1929.0,1.0
1962,1962 FIFA World Cup,Colombia,COL,Aníbal Alzate,DF,29.0,1933.0,0.0
1962,1962 FIFA World Cup,Colombia,COL,Jaime González,DF,24.0,1938.0,0.0
1962,1962 FIFA World Cup,Colombia,COL,Ignacio Calle,DF,30.0,1931.0,0.0
1962,1962 FIFA World Cup,Colombia,COL,Carlos Aponte,DF,23.0,1939.0,0.0
1962,1962 FIFA World Cup,Colombia,COL,Héctor Echeverry,DF,24.0,1938.0,0.0
1962,1962 FIFA World Cup,Colombia,COL,Jaime Silva,MF,26.0,1935.0,0.0
1962,1962 FIFA World Cup,Colombia,COL,Rolando Serrano,MF,23.0,1938.0,0.0
1962,1962 FIFA World Cup,Colombia,COL,Óscar López,DF,23.0,1939.0,0.0
1962,1962 FIFA World Cup,Colombia,COL,Hernando Tovar,MF,23.0,1938.0,0.0
1962,1962 FIFA World Cup,Colombia,COL,Germán Aceros,FW,23.0,1938.0,1.0
1962,1962 FIFA World Cup,Colombia,COL,Luis Paz,FW,19.0,1942.0,0.0
1962,1962 FIFA World Cup,Colombia,COL,Marcos Coll,MF,26.0,1935.0,1.0
1962,1962 FIFA World Cup,Colombia,COL,Ignacio Pérez,FW,27.0,1934.0,0.0
1962,1962 FIFA World Cup,Colombia,COL,Marino Klinger,FW,26.0,1936.0,1.0
1962,1962 FIFA World Cup,Colombia,COL,Eusebio Escobar,FW,25.0,1936.0,0.0
1962,1962 FIFA World Cup,Colombia,COL,Delio Gamboa,FW,26.0,1936.0,0.0
1962,1962 FIFA World Cup,Colombia,COL,Antonio Rada,FW,24.0,1937.0,1.0
1962,1962 FIFA World Cup,Colombia,COL,Héctor González,FW,24.0,1937.0,0.0
1962,1962 FIFA World Cup,Colombia,COL,Jairo Arias,FW,23.0,1938.0,0.0
1962,1962 FIFA World Cup,Czechoslovakia,CSK,Viliam Schrojf,GK,30.0,1931.0,0.0
1962,1962 FIFA World Cup,Czechoslovakia,CSK,Jan Lála,DF,25.0,1936.0,0.0
1962,1962 FIFA World Cup,Czechoslovakia,CSK,Ján Popluhár,DF,26.0,1935.0,0.0
1962,1962 FIFA World Cup,Czechoslovakia,CSK,Ladislav Novák,DF,30.0,1931.0,0.0
1962,1962 FIFA World Cup,Czechoslovakia,CSK,Svatopluk Pluskal,DF,31.0,1930.0,0.0
1962,1962 FIFA World Cup,Czechoslovakia,CSK,Josef Masopust,MF,31.0,1931.0,1.0
1962,1962 FIFA World Cup,Czechoslovakia,CSK,Jozef Štibrányi,MF,22.0,1940.0,1.0
1962,1962 FIFA World Cup,Czechoslovakia,CSK,Adolf Scherer,FW,24.0,1938.0,3.0
1962,1962 FIFA World Cup,Czechoslovakia,CSK,Pavol Molnár,FW,26.0,1936.0,0.0
1962,1962 FIFA World Cup,Czechoslovakia,CSK,Jozef Adamec,FW,20.0,1942.0,0.0
1962,1962 FIFA World Cup,Czechoslovakia,CSK,Josef Jelínek,FW,21.0,1941.0,0.0
1962,1962 FIFA World Cup,Czechoslovakia,CSK,Jiří Tichý,DF,28.0,1933.0,0.0
1962,1962 FIFA World Cup,Czechoslovakia,CSK,František Schmucker,GK,22.0,1940.0,0.0
1962,1962 FIFA World Cup,Czechoslovakia,CSK,Václav Mašek,FW,21.0,1941.0,1.0
1962,1962 FIFA World Cup,Czechoslovakia,CSK,Vladimír Kos,FW,26.0,1935.0,0.0
1962,1962 FIFA World Cup,Czechoslovakia,CSK,Titus Buberník,DF,28.0,1933.0,0.0
1962,1962 FIFA World Cup,Czechoslovakia,CSK,Tomáš Pospíchal,FW,25.0,1936.0,0.0
1962,1962 FIFA World Cup,Czechoslovakia,CSK,Josef Kadraba,FW,28.0,1933.0,1.0
1962,1962 FIFA World Cup,Czechoslovakia,CSK,Andrej Kvašňák,FW,26.0,1936.0,0.0
1962,1962 FIFA World Cup,Czechoslovakia,CSK,Jaroslav Borovička,FW,31.0,1931.0,0.0
1962,1962 FIFA World Cup,Czechoslovakia,CSK,Pavel Kouba,GK,23.0,1938.0,0.0
1962,1962 FIFA World Cup,Czechoslovakia,CSK,Jozef Bomba,DF,23.0,1939.0,0.0
1962,1962 FIFA World Cup,England,ENG,Ron Springett,GK,26.0,1935.0,0.0
1962,1962 FIFA World Cup,England,ENG,Jimmy Armfield,DF,26.0,1935.0,0.0
1962,1962 FIFA World Cup,England,ENG,Ray Wilson,DF,27.0,1934.0,0.0
1962,1962 FIFA World Cup,England,ENG,Bobby Robson,MF,29.0,1933.0,0.0
1962,1962 FIFA World Cup,England,ENG,Peter Swan,DF,25.0,1936.0,0.0
1962,1962 FIFA World Cup,England,ENG,Ron Flowers,MF,27.0,1934.0,2.0
1962,1962 FIFA World Cup,England,ENG,John Connelly,MF,23.0,1938.0,0.0
1962,1962 FIFA World Cup,England,ENG,Jimmy Greaves,FW,22.0,1940.0,1.0
1962,1962 FIFA World Cup,England,ENG,Gerry Hitchens,FW,27.0,1934.0,1.0
1962,1962 FIFA World Cup,England,ENG,Johnny Haynes,FW,27.0,1934.0,0.0
1962,1962 FIFA World Cup,England,ENG,Bobby Charlton,FW,24.0,1937.0,1.0
1962,1962 FIFA World Cup,England,ENG,Alan Hodgkinson,GK,25.0,1936.0,0.0
1962,1962 FIFA World Cup,England,ENG,Derek Kevan,FW,27.0,1935.0,0.0
1962,1962 FIFA World Cup,England,ENG,Stan Anderson,MF,29.0,1933.0,0.0
1962,1962 FIFA World Cup,England,ENG,Maurice Norman,DF,28.0,1934.0,0.0
1962,1962 FIFA World Cup,England,ENG,Bobby Moore,DF,21.0,1941.0,0.0
1962,1962 FIFA World Cup,England,ENG,Bryan Douglas,MF,28.0,1934.0,0.0
1962,1962 FIFA World Cup,England,ENG,Roger Hunt,FW,23.0,1938.0,0.0
1962,1962 FIFA World Cup,England,ENG,Alan Peacock,FW,24.0,1937.0,0.0
1962,1962 FIFA World Cup,England,ENG,George Eastham,MF,25.0,1936.0,0.0
1962,1962 FIFA World Cup,England,ENG,Don Howe,DF,26.0,1935.0,0.0
1962,1962 FIFA World Cup,England,ENG,Jimmy Adamson,MF,33.0,1929.0,0.0
1962,1962 FIFA World Cup,Hungary,HUN,Gyula Grosics,GK,36.0,1926.0,0.0
1962,1962 FIFA World Cup,Hungary,HUN,Sándor Mátrai,DF,29.0,1932.0,0.0
1962,1962 FIFA World Cup,Hungary,HUN,Kálmán Mészöly,DF,20.0,1941.0,0.0
1962,1962 FIFA World Cup,Hungary,HUN,László Sárosi,DF,30.0,1932.0,0.0
1962,1962 FIFA World Cup,Hungary,HUN,Ernő Solymosi,DF,21.0,1940.0,1.0
1962,1962 FIFA World Cup,Hungary,HUN,Ferenc Sipos,MF,29.0,1932.0,0.0
1962,1962 FIFA World Cup,Hungary,HUN,Károly Sándor,FW,33.0,1928.0,0.0
1962,1962 FIFA World Cup,Hungary,HUN,János Göröcs,FW,23.0,1939.0,0.0
1962,1962 FIFA World Cup,Hungary,HUN,Flórián Albert,FW,20.0,1941.0,4.0
1962,1962 FIFA World Cup,Hungary,HUN,Lajos Tichy,MF,27.0,1935.0,3.0
1962,1962 FIFA World Cup,Hungary,HUN,Máté Fenyvesi,FW,28.0,1933.0,0.0
1962,1962 FIFA World Cup,Hungary,HUN,Kálmán Sóvári,DF,21.0,1940.0,0.0
1962,1962 FIFA World Cup,Hungary,HUN,Kálmán Ihász,DF,21.0,1941.0,0.0
1962,1962 FIFA World Cup,Hungary,HUN,István Nagy,MF,23.0,1939.0,0.0
1962,1962 FIFA World Cup,Hungary,HUN,János Mencel,MF,20.0,1941.0,0.0
1962,1962 FIFA World Cup,Hungary,HUN,János Farkas,FW,20.0,1942.0,0.0
1962,1962 FIFA World Cup,Hungary,HUN,Gyula Rákosi,FW,23.0,1938.0,0.0
1962,1962 FIFA World Cup,Hungary,HUN,Tivadar Monostori,FW,25.0,1936.0,0.0
1962,1962 FIFA World Cup,Hungary,HUN,Béla Kuharszki,FW,22.0,1940.0,0.0
1962,1962 FIFA World Cup,Hungary,HUN,László Bödör,FW,28.0,1933.0,0.0
1962,1962 FIFA World Cup,Hungary,HUN,Antal Szentmihályi,GK,22.0,1939.0,0.0
1962,1962 FIFA World Cup,Hungary,HUN,István Ilku,GK,29.0,1933.0,0.0
1962,1962 FIFA World Cup,Italy,ITA,Lorenzo Buffon,GK,32.0,1929.0,0.0
1962,1962 FIFA World Cup,Italy,ITA,Giacomo Losi,DF,26.0,1935.0,0.0
1962,1962 FIFA World Cup,Italy,ITA,Luigi Radice,MF,27.0,1935.0,0.0
1962,1962 FIFA World Cup,Italy,ITA,Sandro Salvadore,DF,22.0,1939.0,0.0
1962,1962 FIFA World Cup,Italy,ITA,Cesare Maldini,DF,30.0,1932.0,0.0
1962,1962 FIFA World Cup,Italy,ITA,Giovanni Trapattoni,MF,23.0,1939.0,0.0
1962,1962 FIFA World Cup,Italy,ITA,Bruno Mora,FW,25.0,1937.0,1.0
1962,1962 FIFA World Cup,Italy,ITA,Humberto Maschio,FW,29.0,1933.0,0.0
1962,1962 FIFA World Cup,Italy,ITA,José Altafini,FW,23.0,1938.0,0.0
1962,1962 FIFA World Cup,Italy,ITA,Omar Sívori,FW,26.0,1935.0,0.0
1962,1962 FIFA World Cup,Italy,ITA,Giampaolo Menichelli,FW,23.0,1938.0,0.0
1962,1962 FIFA World Cup,Italy,ITA,Carlo Mattrel,GK,25.0,1937.0,0.0
1962,1962 FIFA World Cup,Italy,ITA,Enrico Albertosi,GK,22.0,1939.0,0.0
1962,1962 FIFA World Cup,Italy,ITA,Gianni Rivera,FW,18.0,1943.0,0.0
1962,1962 FIFA World Cup,Italy,ITA,Angelo Sormani,FW,22.0,1939.0,0.0
1962,1962 FIFA World Cup,Italy,ITA,Enzo Robotti,DF,26.0,1935.0,0.0
1962,1962 FIFA World Cup,Italy,ITA,Ezio Pascutti,FW,24.0,1937.0,0.0
1962,1962 FIFA World Cup,Italy,ITA,Mario David,DF,28.0,1934.0,0.0
1962,1962 FIFA World Cup,Italy,ITA,Francesco Janich,DF,25.0,1937.0,0.0
1962,1962 FIFA World Cup,Italy,ITA,Paride Tumburus,MF,23.0,1939.0,0.0
1962,1962 FIFA World Cup,Italy,ITA,Giorgio Ferrini,MF,22.0,1939.0,0.0
1962,1962 FIFA World Cup,Italy,ITA,Giacomo Bulgarelli,FW,21.0,1940.0,2.0
1962,1962 FIFA World Cup,Mexico,MEX,Antonio Carbajal,GK,32.0,1929.0,0.0
1962,1962 FIFA World Cup,Mexico,MEX,Jesús del Muro,DF,24.0,1937.0,0.0
1962,1962 FIFA World Cup,Mexico,MEX,Guillermo Sepúlveda,DF,,,0.0
1962,1962 FIFA World Cup,Mexico,MEX,José Villegas,DF,27.0,1934.0,0.0
1962,1962 FIFA World Cup,Mexico,MEX,Raúl Cárdenas,DF,33.0,1928.0,0.0
1962,1962 FIFA World Cup,Mexico,MEX,Pedro Nájera,MF,33.0,1929.0,0.0
1962,1962 FIFA World Cup,Mexico,MEX,Alfredo del Águila,FW,27.0,1935.0,1.0
1962,1962 FIFA World Cup,Mexico,MEX,Salvador Reyes,MF,25.0,1936.0,0.0
1962,1962 FIFA World Cup,Mexico,MEX,Héctor Hernández,FW,26.0,1935.0,1.0
1962,1962 FIFA World Cup,Mexico,MEX,Guillermo Ortiz Camargo,FW,22.0,1939.0,0.0
1962,1962 FIFA World Cup,Mexico,MEX,Isidoro Díaz,FW,24.0,1938.0,1.0
1962,1962 FIFA World Cup,Mexico,MEX,Jaime Gómez,GK,32.0,1929.0,0.0
1962,1962 FIFA World Cup,Mexico,MEX,Arturo Chaires,DF,25.0,1937.0,0.0
1962,1962 FIFA World Cup,Mexico,MEX,Pedro Romero,MF,25.0,1937.0,0.0
1962,1962 FIFA World Cup,Mexico,MEX,Ignacio Jáuregui,DF,23.0,1938.0,0.0
1962,1962 FIFA World Cup,Mexico,MEX,Salvador Farfán,MF,29.0,1932.0,0.0
1962,1962 FIFA World Cup,Mexico,MEX,Felipe Ruvalcaba,FW,21.0,1941.0,0.0
1962,1962 FIFA World Cup,Mexico,MEX,Alfredo Hernández,FW,26.0,1935.0,0.0
1962,1962 FIFA World Cup,Mexico,MEX,Antonio Jasso,FW,27.0,1935.0,0.0
1962,1962 FIFA World Cup,Mexico,MEX,Mario Velarde,MF,22.0,1940.0,0.0
1962,1962 FIFA World Cup,Mexico,MEX,Alberto Baeza,FW,23.0,1938.0,0.0
1962,1962 FIFA World Cup,Mexico,MEX,Antonio Mota,GK,23.0,1939.0,0.0
1962,1962 FIFA World Cup,Soviet Union,SUN,Lev Yashin,GK,32.0,1929.0,0.0
1962,1962 FIFA World Cup,Soviet Union,SUN,Vladimir Maslachenko,GK,26.0,1936.0,0.0
1962,1962 FIFA World Cup,Soviet Union,SUN,Sergey Kotrikadze,GK,25.0,1936.0,0.0
1962,1962 FIFA World Cup,Soviet Union,SUN,Eduard Dubinski,DF,27.0,1935.0,0.0
1962,1962 FIFA World Cup,Soviet Union,SUN,Givi Chokheli,DF,24.0,1937.0,0.0
1962,1962 FIFA World Cup,Soviet Union,SUN,Leonid Ostrovskiy,DF,26.0,1936.0,0.0
1962,1962 FIFA World Cup,Soviet Union,SUN,Anatoli Maslyonkin,DF,31.0,1930.0,0.0
1962,1962 FIFA World Cup,Soviet Union,SUN,Albert Shesternyov,MF,20.0,1941.0,0.0
1962,1962 FIFA World Cup,Soviet Union,SUN,Nikolai Manoshin,MF,24.0,1938.0,0.0
1962,1962 FIFA World Cup,Soviet Union,SUN,Igor Netto,MF,32.0,1930.0,0.0
1962,1962 FIFA World Cup,Soviet Union,SUN,Yozhef Sabo,MF,22.0,1940.0,0.0
1962,1962 FIFA World Cup,Soviet Union,SUN,Valery Voronin,DF,22.0,1939.0,0.0
1962,1962 FIFA World Cup,Soviet Union,SUN,Gennadi Gusarov,FW,25.0,1937.0,0.0
1962,1962 FIFA World Cup,Soviet Union,SUN,Valentin Ivanov,FW,27.0,1934.0,4.0
1962,1962 FIFA World Cup,Soviet Union,SUN,Viktor Kanevski,FW,25.0,1936.0,0.0
1962,1962 FIFA World Cup,Soviet Union,SUN,Aleksei Mamykin,FW,26.0,1936.0,1.0
1962,1962 FIFA World Cup,Soviet Union,SUN,Mikhail Meskhi,FW,25.0,1937.0,0.0
1962,1962 FIFA World Cup,Soviet Union,SUN,Slava Metreveli,MF,26.0,1936.0,0.0
1962,1962 FIFA World Cup,Soviet Union,SUN,Viktor Ponedelnik,FW,25.0,1937.0,2.0
1962,1962 FIFA World Cup,Soviet Union,SUN,Viktor Serebryanikov,FW,22.0,1940.0,0.0
1962,1962 FIFA World Cup,Soviet Union,SUN,Galimzyan Khusainov,MF,24.0,1937.0,0.0
1962,1962 FIFA World Cup,Soviet Union,SUN,Igor Chislenko,MF,23.0,1939.0,2.0
1962,1962 FIFA World Cup,Spain,ESP,José Araquistáin,GK,25.0,1937.0,0.0
1962,1962 FIFA World Cup,Spain,ESP,Salvador Sadurní,GK,21.0,1941.0,0.0
1962,1962 FIFA World Cup,Spain,ESP,Carmelo,GK,31.0,1930.0,0.0
1962,1962 FIFA World Cup,Spain,ESP,Enrique Collar,FW,27.0,1934.0,0.0
1962,1962 FIFA World Cup,Spain,ESP,Luis del Sol,MF,27.0,1935.0,0.0
1962,1962 FIFA World Cup,Spain,ESP,Alfredo Di Stéfano,FW,35.0,1926.0,0.0
1962,1962 FIFA World Cup,Spain,ESP,Luis María Echeberría,DF,22.0,1940.0,0.0
1962,1962 FIFA World Cup,Spain,ESP,Jesús Garay,DF,31.0,1930.0,0.0
1962,1962 FIFA World Cup,Spain,ESP,Francisco Gento,FW,28.0,1933.0,0.0
1962,1962 FIFA World Cup,Spain,ESP,Sígfrid Gràcia,DF,30.0,1932.0,0.0
1962,1962 FIFA World Cup,Spain,ESP,Feliciano Rivilla,DF,25.0,1936.0,0.0
1962,1962 FIFA World Cup,Spain,ESP,Joaquín Peiró,MF,26.0,1936.0,1.0
1962,1962 FIFA World Cup,Spain,ESP,Pachín,DF,23.0,1938.0,0.0
1962,1962 FIFA World Cup,Spain,ESP,Ferenc Puskás,FW,35.0,1927.0,0.0
1962,1962 FIFA World Cup,Spain,ESP,Eulogio Martínez,FW,26.0,1935.0,0.0
1962,1962 FIFA World Cup,Spain,ESP,Severino Reija,DF,23.0,1938.0,0.0
1962,1962 FIFA World Cup,Spain,ESP,Rodri,DF,28.0,1934.0,0.0
1962,1962 FIFA World Cup,Spain,ESP,Adelardo,MF,22.0,1939.0,1.0
1962,1962 FIFA World Cup,Spain,ESP,José Santamaría,DF,32.0,1929.0,0.0
1962,1962 FIFA World Cup,Spain,ESP,Joan Segarra,DF,34.0,1927.0,0.0
1962,1962 FIFA World Cup,Spain,ESP,Luis Suárez,FW,27.0,1935.0,0.0
1962,1962 FIFA World Cup,Spain,ESP,Martí Vergés,MF,28.0,1934.0,0.0
1962,1962 FIFA World Cup,Switzerland,CHE,Karl Elsener,GK,27.0,1934.0,0.0
1962,1962 FIFA World Cup,Switzerland,CHE,Antonio Permunian,GK,31.0,1930.0,0.0
1962,1962 FIFA World Cup,Switzerland,CHE,Kurt Stettler,GK,29.0,1932.0,0.0
1962,1962 FIFA World Cup,Switzerland,CHE,Willy Kernen,MF,32.0,1929.0,0.0
1962,1962 FIFA World Cup,Switzerland,CHE,Fritz Morf,DF,34.0,1928.0,0.0
1962,1962 FIFA World Cup,Switzerland,CHE,Peter Rösch,DF,31.0,1930.0,0.0
1962,1962 FIFA World Cup,Switzerland,CHE,Heinz Schneiter,DF,27.0,1935.0,1.0
1962,1962 FIFA World Cup,Switzerland,CHE,Ely Tacchella,DF,26.0,1936.0,0.0
1962,1962 FIFA World Cup,Switzerland,CHE,André Grobéty,DF,28.0,1933.0,0.0
1962,1962 FIFA World Cup,Switzerland,CHE,Fritz Kehl,DF,24.0,1937.0,0.0
1962,1962 FIFA World Cup,Switzerland,CHE,Eugen Meier,DF,32.0,1930.0,0.0
1962,1962 FIFA World Cup,Switzerland,CHE,Marcel Vonlanthen,FW,28.0,1933.0,0.0
1962,1962 FIFA World Cup,Switzerland,CHE,Hans Weber,MF,27.0,1934.0,0.0
1962,1962 FIFA World Cup,Switzerland,CHE,Anton Allemann,MF,26.0,1936.0,0.0
1962,1962 FIFA World Cup,Switzerland,CHE,Charles Antenen,FW,32.0,1929.0,0.0
1962,1962 FIFA World Cup,Switzerland,CHE,Richard Dürr,FW,23.0,1938.0,0.0
1962,1962 FIFA World Cup,Switzerland,CHE,Norbert Eschmann,FW,28.0,1933.0,0.0
1962,1962 FIFA World Cup,Switzerland,CHE,Philippe Pottier,FW,23.0,1938.0,0.0
1962,1962 FIFA World Cup,Switzerland,CHE,Gilbert Rey,FW,31.0,1930.0,0.0
1962,1962 FIFA World Cup,Switzerland,CHE,Roger Vonlanthen,MF,31.0,1930.0,0.0
1962,1962 FIFA World Cup,Switzerland,CHE,Rolf Wüthrich,FW,23.0,1938.0,1.0
1962,1962 FIFA World Cup,Switzerland,CHE,Roberto Frigerio,FW,24.0,1938.0,0.0
1962,1962 FIFA World Cup,Uruguay,URY,Roberto Sosa,GK,26.0,1935.0,0.0
1962,1962 FIFA World Cup,Uruguay,URY,Horacio Troche,DF,26.0,1936.0,0.0
1962,1962 FIFA World Cup,Uruguay,URY,Emilio Álvarez,DF,23.0,1939.0,0.0
1962,1962 FIFA World Cup,Uruguay,URY,Mario Méndez,DF,24.0,1938.0,0.0
1962,1962 FIFA World Cup,Uruguay,URY,Néstor Gonçalves,MF,26.0,1936.0,0.0
1962,1962 FIFA World Cup,Uruguay,URY,Pedro Cubilla,MF,29.0,1933.0,0.0
1962,1962 FIFA World Cup,Uruguay,URY,Domingo Pérez,FW,25.0,1936.0,0.0
1962,1962 FIFA World Cup,Uruguay,URY,Julio César Cortés,MF,21.0,1941.0,0.0
1962,1962 FIFA World Cup,Uruguay,URY,José Sasía,FW,28.0,1933.0,2.0
1962,1962 FIFA World Cup,Uruguay,URY,Pedro Rocha,MF,19.0,1942.0,0.0
1962,1962 FIFA World Cup,Uruguay,URY,Luis Cubilla,FW,22.0,1940.0,1.0
1962,1962 FIFA World Cup,Uruguay,URY,Luis Maidana,GK,28.0,1934.0,0.0
1962,1962 FIFA World Cup,Uruguay,URY,William Martínez,DF,34.0,1928.0,0.0
1962,1962 FIFA World Cup,Uruguay,URY,Rubén Soria,DF,27.0,1935.0,0.0
1962,1962 FIFA World Cup,Uruguay,URY,Edgardo González,MF,25.0,1936.0,0.0
1962,1962 FIFA World Cup,Uruguay,URY,Rubén González,DF,22.0,1939.0,0.0
1962,1962 FIFA World Cup,Uruguay,URY,Eliseo Álvarez,DF,21.0,1940.0,0.0
1962,1962 FIFA World Cup,Uruguay,URY,Ronald Langón,MF,22.0,1939.0,0.0
1962,1962 FIFA World Cup,Uruguay,URY,Mario Bergara,FW,24.0,1937.0,0.0
1962,1962 FIFA World Cup,Uruguay,URY,Héctor Silva,FW,22.0,1940.0,0.0
1962,1962 FIFA World Cup,Uruguay,URY,Ángel Cabrera,FW,22.0,1939.0,1.0
1962,1962 FIFA World Cup,Uruguay,URY,Guillermo Escalada,FW,26.0,1936.0,0.0
1962,1962 FIFA World Cup,West Germany,DEU,Hans Tilkowski,GK,26.0,1935.0,0.0
1962,1962 FIFA World Cup,West Germany,DEU,Herbert Erhardt,DF,31.0,1930.0,0.0
1962,1962 FIFA World Cup,West Germany,DEU,Karl-Heinz Schnellinger,DF,23.0,1939.0,0.0
1962,1962 FIFA World Cup,West Germany,DEU,Willi Schulz,DF,23.0,1938.0,0.0
1962,1962 FIFA World Cup,West Germany,DEU,Leo Wilden,DF,25.0,1936.0,0.0
1962,1962 FIFA World Cup,West Germany,DEU,Horst Szymaniak,MF,27.0,1934.0,1.0
1962,1962 FIFA World Cup,West Germany,DEU,Willi Koslowski,MF,25.0,1937.0,0.0
1962,1962 FIFA World Cup,West Germany,DEU,Helmut Haller,FW,22.0,1939.0,0.0
1962,1962 FIFA World Cup,West Germany,DEU,Uwe Seeler,FW,25.0,1936.0,2.0
1962,1962 FIFA World Cup,West Germany,DEU,Albert Brülls,MF,25.0,1937.0,1.0
1962,1962 FIFA World Cup,West Germany,DEU,Hans Schäfer,FW,34.0,1927.0,0.0
1962,1962 FIFA World Cup,West Germany,DEU,Hans Nowak,DF,24.0,1937.0,0.0
1962,1962 FIFA World Cup,West Germany,DEU,Jürgen Kurbjuhn,DF,21.0,1940.0,0.0
1962,1962 FIFA World Cup,West Germany,DEU,Jürgen Werner,DF,26.0,1935.0,0.0
1962,1962 FIFA World Cup,West Germany,DEU,Willi Giesemann,MF,24.0,1937.0,0.0
1962,1962 FIFA World Cup,West Germany,DEU,Hans Sturm,MF,26.0,1935.0,0.0
1962,1962 FIFA World Cup,West Germany,DEU,Engelbert Kraus,FW,27.0,1934.0,0.0
1962,1962 FIFA World Cup,West Germany,DEU,Günther Herrmann,MF,22.0,1939.0,0.0
1962,1962 FIFA World Cup,West Germany,DEU,Heinz Strehl,FW,23.0,1938.0,0.0
1962,1962 FIFA World Cup,West Germany,DEU,Heinz Vollmar,FW,26.0,1936.0,0.0
1962,1962 FIFA World Cup,West Germany,DEU,Günter Sawitzki,GK,29.0,1932.0,0.0
1962,1962 FIFA World Cup,West Germany,DEU,Wolfgang Fahrian,GK,20.0,1941.0,0.0
1962,1962 FIFA World Cup,Yugoslavia,YUG,Milutin Šoškić,GK,24.0,1937.0,0.0
1962,1962 FIFA World Cup,Yugoslavia,YUG,Vladimir Durković,DF,24.0,1937.0,0.0
1962,1962 FIFA World Cup,Yugoslavia,YUG,Fahrudin Jusufi,DF,22.0,1939.0,0.0
1962,1962 FIFA World Cup,Yugoslavia,YUG,Petar Radaković,MF,25.0,1937.0,1.0
1962,1962 FIFA World Cup,Yugoslavia,YUG,Vlatko Marković,DF,25.0,1937.0,0.0
1962,1962 FIFA World Cup,Yugoslavia,YUG,Vladica Popović,DF,27.0,1935.0,0.0
1962,1962 FIFA World Cup,Yugoslavia,YUG,Andrija Anković,FW,24.0,1937.0,0.0
1962,1962 FIFA World Cup,Yugoslavia,YUG,Dragoslav Šekularac,MF,24.0,1937.0,0.0
1962,1962 FIFA World Cup,Yugoslavia,YUG,Dražan Jerković,FW,25.0,1936.0,4.0
1962,1962 FIFA World Cup,Yugoslavia,YUG,Milan Galić,MF,24.0,1938.0,3.0
1962,1962 FIFA World Cup,Yugoslavia,YUG,Josip Skoblar,FW,21.0,1941.0,1.0
1962,1962 FIFA World Cup,Yugoslavia,YUG,Srboljub Krivokuća,GK,34.0,1928.0,0.0
1962,1962 FIFA World Cup,Yugoslavia,YUG,Slavko Svinjarević,DF,27.0,1935.0,0.0
1962,1962 FIFA World Cup,Yugoslavia,YUG,Vasilije Šijaković,DF,32.0,1929.0,0.0
1962,1962 FIFA World Cup,Yugoslavia,YUG,Željko Matuš,MF,26.0,1935.0,0.0
1962,1962 FIFA World Cup,Yugoslavia,YUG,Muhamed Mujić,FW,29.0,1933.0,0.0
1962,1962 FIFA World Cup,Yugoslavia,YUG,Vojislav Melić,MF,22.0,1940.0,1.0
1962,1962 FIFA World Cup,Yugoslavia,YUG,Vladica Kovačević,MF,22.0,1940.0,0.0
1962,1962 FIFA World Cup,Yugoslavia,YUG,Mirko Stojanović,GK,22.0,1939.0,0.0
1962,1962 FIFA World Cup,Yugoslavia,YUG,Žarko Nikolić,DF,23.0,1938.0,0.0
1962,1962 FIFA World Cup,Yugoslavia,YUG,Nikola Stipić,FW,24.0,1937.0,0.0
1962,1962 FIFA World Cup,Yugoslavia,YUG,Aleksandar Ivoš,MF,30.0,1931.0,0.0
1966,1966 FIFA World Cup,Argentina,ARG,Antonio Roma,GK,33.0,1932.0,0.0
1966,1966 FIFA World Cup,Argentina,ARG,Rolando Irusta,GK,28.0,1938.0,0.0
1966,1966 FIFA World Cup,Argentina,ARG,Hugo Gatti,GK,21.0,1944.0,0.0
1966,1966 FIFA World Cup,Argentina,ARG,Roberto Perfumo,DF,23.0,1942.0,0.0
1966,1966 FIFA World Cup,Argentina,ARG,José Varacka,MF,34.0,1932.0,0.0
1966,1966 FIFA World Cup,Argentina,ARG,Oscar Calics,MF,26.0,1939.0,0.0
1966,1966 FIFA World Cup,Argentina,ARG,Silvio Marzolini,DF,25.0,1940.0,0.0
1966,1966 FIFA World Cup,Argentina,ARG,Roberto Ferreiro,DF,31.0,1935.0,0.0
1966,1966 FIFA World Cup,Argentina,ARG,Carmelo Simeone,MF,31.0,1934.0,0.0
1966,1966 FIFA World Cup,Argentina,ARG,Antonio Rattín,MF,29.0,1937.0,0.0
1966,1966 FIFA World Cup,Argentina,ARG,José Omar Pastoriza,MF,24.0,1942.0,0.0
1966,1966 FIFA World Cup,Argentina,ARG,Rafael Albrecht,MF,24.0,1941.0,0.0
1966,1966 FIFA World Cup,Argentina,ARG,Nelson López,DF,25.0,1941.0,0.0
1966,1966 FIFA World Cup,Argentina,ARG,Mario Chaldú,FW,24.0,1942.0,0.0
1966,1966 FIFA World Cup,Argentina,ARG,Jorge Solari,MF,24.0,1941.0,0.0
1966,1966 FIFA World Cup,Argentina,ARG,Alberto González,FW,24.0,1941.0,0.0
1966,1966 FIFA World Cup,Argentina,ARG,Juan Carlos Sarnari,MF,24.0,1942.0,0.0
1966,1966 FIFA World Cup,Argentina,ARG,Alfredo Rojas,FW,29.0,1937.0,0.0
1966,1966 FIFA World Cup,Argentina,ARG,Luis Artime,FW,27.0,1938.0,3.0
1966,1966 FIFA World Cup,Argentina,ARG,Ermindo Onega,FW,26.0,1940.0,1.0
1966,1966 FIFA World Cup,Argentina,ARG,Oscar Más,FW,19.0,1946.0,0.0
1966,1966 FIFA World Cup,Argentina,ARG,Aníbal Tarabini,FW,24.0,1941.0,0.0
1966,1966 FIFA World Cup,Brazil,BRA,Gilmar,GK,35.0,1930.0,0.0
1966,1966 FIFA World Cup,Brazil,BRA,Djalma Santos,DF,37.0,1929.0,0.0
1966,1966 FIFA World Cup,Brazil,BRA,Fidélis,DF,22.0,1944.0,0.0
1966,1966 FIFA World Cup,Brazil,BRA,Hilderaldo Bellini,DF,36.0,1930.0,0.0
1966,1966 FIFA World Cup,Brazil,BRA,Brito,DF,26.0,1939.0,0.0
1966,1966 FIFA World Cup,Brazil,BRA,Altair,DF,28.0,1938.0,0.0
1966,1966 FIFA World Cup,Brazil,BRA,Orlando,DF,30.0,1935.0,0.0
1966,1966 FIFA World Cup,Brazil,BRA,Paulo Henrique,DF,23.0,1943.0,0.0
1966,1966 FIFA World Cup,Brazil,BRA,Rildo,DF,24.0,1942.0,1.0
1966,1966 FIFA World Cup,Brazil,BRA,Pelé,FW,25.0,1940.0,1.0
1966,1966 FIFA World Cup,Brazil,BRA,Gérson,MF,25.0,1941.0,0.0
1966,1966 FIFA World Cup,Brazil,BRA,Manga,GK,29.0,1937.0,0.0
1966,1966 FIFA World Cup,Brazil,BRA,Denílson,MF,23.0,1943.0,0.0
1966,1966 FIFA World Cup,Brazil,BRA,Lima,MF,24.0,1942.0,0.0
1966,1966 FIFA World Cup,Brazil,BRA,Zito,MF,33.0,1932.0,0.0
1966,1966 FIFA World Cup,Brazil,BRA,Garrincha,FW,32.0,1933.0,1.0
1966,1966 FIFA World Cup,Brazil,BRA,Jairzinho,MF,21.0,1944.0,0.0
1966,1966 FIFA World Cup,Brazil,BRA,Alcindo,FW,20.0,1945.0,0.0
1966,1966 FIFA World Cup,Brazil,BRA,Silva,FW,26.0,1940.0,0.0
1966,1966 FIFA World Cup,Brazil,BRA,Tostão,MF,19.0,1947.0,1.0
1966,1966 FIFA World Cup,Brazil,BRA,Paraná,FW,24.0,1942.0,0.0
1966,1966 FIFA World Cup,Brazil,BRA,Edu,FW,16.0,1949.0,0.0
1966,1966 FIFA World Cup,Bulgaria,BGR,Georgi Naydenov,GK,34.0,1931.0,0.0
1966,1966 FIFA World Cup,Bulgaria,BGR,Aleksandar Shalamanov,DF,24.0,1941.0,0.0
1966,1966 FIFA World Cup,Bulgaria,BGR,Ivan Vutsov,DF,26.0,1939.0,0.0
1966,1966 FIFA World Cup,Bulgaria,BGR,Boris Gaganelov,DF,24.0,1941.0,0.0
1966,1966 FIFA World Cup,Bulgaria,BGR,Dimitar Penev,DF,20.0,1945.0,0.0
1966,1966 FIFA World Cup,Bulgaria,BGR,Dobromir Zhechev,DF,23.0,1942.0,0.0
1966,1966 FIFA World Cup,Bulgaria,BGR,Dinko Dermendzhiev,MF,25.0,1941.0,0.0
1966,1966 FIFA World Cup,Bulgaria,BGR,Stoyan Kitov,MF,27.0,1938.0,0.0
1966,1966 FIFA World Cup,Bulgaria,BGR,Georgi Asparuhov,FW,23.0,1943.0,1.0
1966,1966 FIFA World Cup,Bulgaria,BGR,Petar Zhekov,FW,21.0,1944.0,0.0
1966,1966 FIFA World Cup,Bulgaria,BGR,Ivan Kolev,FW,35.0,1930.0,0.0
1966,1966 FIFA World Cup,Bulgaria,BGR,Vasil Metodiev,MF,31.0,1935.0,0.0
1966,1966 FIFA World Cup,Bulgaria,BGR,Dimitar Yakimov,FW,24.0,1941.0,0.0
1966,1966 FIFA World Cup,Bulgaria,BGR,Nikola Kotkov,FW,27.0,1938.0,0.0
1966,1966 FIFA World Cup,Bulgaria,BGR,Dimitar Largov,DF,29.0,1936.0,0.0
1966,1966 FIFA World Cup,Bulgaria,BGR,Aleksandar Kostov,FW,28.0,1938.0,0.0
1966,1966 FIFA World Cup,Bulgaria,BGR,Stefan Abadzhiev,FW,32.0,1934.0,0.0
1966,1966 FIFA World Cup,Bulgaria,BGR,Evgeni Yanchovski,MF,26.0,1939.0,0.0
1966,1966 FIFA World Cup,Bulgaria,BGR,Vidin Apostolov,DF,24.0,1941.0,0.0
1966,1966 FIFA World Cup,Bulgaria,BGR,Ivan Davidov,MF,22.0,1943.0,0.0
1966,1966 FIFA World Cup,Bulgaria,BGR,Simeon Simeonov,GK,20.0,1946.0,0.0
1966,1966 FIFA World Cup,Bulgaria,BGR,Ivan Deyanov,GK,28.0,1937.0,0.0
1966,1966 FIFA World Cup,Chile,CHL,Pedro Araya,FW,24.0,1942.0,0.0
1966,1966 FIFA World Cup,Chile,CHL,Hugo Berly,DF,24.0,1941.0,0.0
1966,1966 FIFA World Cup,Chile,CHL,Carlos Campos,MF,29.0,1937.0,0.0
1966,1966 FIFA World Cup,Chile,CHL,Humberto Cruz,MF,26.0,1939.0,0.0
1966,1966 FIFA World Cup,Chile,CHL,Humberto Donoso,DF,27.0,1938.0,0.0
1966,1966 FIFA World Cup,Chile,CHL,Luis Eyzaguirre,DF,27.0,1939.0,0.0
1966,1966 FIFA World Cup,Chile,CHL,Elías Figueroa,DF,19.0,1946.0,0.0
1966,1966 FIFA World Cup,Chile,CHL,Alberto Fouilloux,FW,25.0,1940.0,0.0
1966,1966 FIFA World Cup,Chile,CHL,Adán Godoy,GK,29.0,1936.0,0.0
1966,1966 FIFA World Cup,Chile,CHL,Roberto Hodge,MF,21.0,1944.0,0.0
1966,1966 FIFA World Cup,Chile,CHL,Honorino Landa,FW,24.0,1942.0,0.0
1966,1966 FIFA World Cup,Chile,CHL,Rubén Marcos,MF,23.0,1942.0,2.0
1966,1966 FIFA World Cup,Chile,CHL,Juan Olivares,GK,25.0,1941.0,0.0
1966,1966 FIFA World Cup,Chile,CHL,Ignacio Prieto,MF,22.0,1943.0,0.0
1966,1966 FIFA World Cup,Chile,CHL,Jaime Ramírez,MF,34.0,1931.0,0.0
1966,1966 FIFA World Cup,Chile,CHL,Orlando Ramírez,FW,23.0,1943.0,0.0
1966,1966 FIFA World Cup,Chile,CHL,Leonel Sánchez,MF,30.0,1936.0,0.0
1966,1966 FIFA World Cup,Chile,CHL,Armando Tobar,MF,28.0,1938.0,0.0
1966,1966 FIFA World Cup,Chile,CHL,Francisco Valdés,FW,23.0,1943.0,0.0
1966,1966 FIFA World Cup,Chile,CHL,Alberto Valentini,DF,27.0,1938.0,0.0
1966,1966 FIFA World Cup,Chile,CHL,Hugo Villanueva,DF,27.0,1939.0,0.0
1966,1966 FIFA World Cup,Chile,CHL,Guillermo Yávar,FW,23.0,1943.0,0.0
1966,1966 FIFA World Cup,England,ENG,Gordon Banks,GK,28.0,1937.0,0.0
1966,1966 FIFA World Cup,England,ENG,George Cohen,DF,26.0,1939.0,0.0
1966,1966 FIFA World Cup,England,ENG,Ray Wilson,DF,31.0,1934.0,0.0
1966,1966 FIFA World Cup,England,ENG,Nobby Stiles,MF,24.0,1942.0,0.0
1966,1966 FIFA World Cup,England,ENG,Jack Charlton,DF,31.0,1935.0,0.0
1966,1966 FIFA World Cup,England,ENG,Bobby Moore,DF,25.0,1941.0,0.0
1966,1966 FIFA World Cup,England,ENG,Alan Ball,MF,21.0,1945.0,0.0
1966,1966 FIFA World Cup,England,ENG,Jimmy Greaves,FW,26.0,1940.0,0.0
1966,1966 FIFA World Cup,England,ENG,Bobby Charlton,MF,28.0,1937.0,3.0
1966,1966 FIFA World Cup,England,ENG,Geoff Hurst,FW,24.0,1941.0,4.0
1966,1966 FIFA World Cup,England,ENG,John Connelly,FW,27.0,1938.0,0.0
1966,1966 FIFA World Cup,England,ENG,Ron Springett,GK,30.0,1935.0,0.0
1966,1966 FIFA World Cup,England,ENG,Peter Bonetti,GK,24.0,1941.0,0.0
1966,1966 FIFA World Cup,England,ENG,Jimmy Armfield,DF,30.0,1935.0,0.0
1966,1966 FIFA World Cup,England,ENG,Gerry Byrne,DF,27.0,1938.0,0.0
1966,1966 FIFA World Cup,England,ENG,Martin Peters,MF,22.0,1943.0,1.0
1966,1966 FIFA World Cup,England,ENG,Ron Flowers,MF,31.0,1934.0,0.0
1966,1966 FIFA World Cup,England,ENG,Norman Hunter,DF,22.0,1943.0,0.0
1966,1966 FIFA World Cup,England,ENG,Terry Paine,FW,27.0,1939.0,0.0
1966,1966 FIFA World Cup,England,ENG,Ian Callaghan,MF,24.0,1942.0,0.0
1966,1966 FIFA World Cup,England,ENG,Roger Hunt,FW,27.0,1938.0,3.0
1966,1966 FIFA World Cup,England,ENG,George Eastham,MF,29.0,1936.0,0.0
1966,1966 FIFA World Cup,France,FRA,Marcel Aubour,GK,26.0,1940.0,0.0
1966,1966 FIFA World Cup,France,FRA,Marcel Artelesa,DF,28.0,1938.0,0.0
1966,1966 FIFA World Cup,France,FRA,Edmond Baraffe,FW,23.0,1942.0,0.0
1966,1966 FIFA World Cup,France,FRA,Joseph Bonnel,MF,27.0,1939.0,0.0
1966,1966 FIFA World Cup,France,FRA,Bernard Bosquier,DF,24.0,1942.0,0.0
1966,1966 FIFA World Cup,France,FRA,Robert Budzynski,DF,26.0,1940.0,0.0
1966,1966 FIFA World Cup,France,FRA,André Chorda,DF,28.0,1938.0,0.0
1966,1966 FIFA World Cup,France,FRA,Nestor Combin,FW,25.0,1940.0,0.0
1966,1966 FIFA World Cup,France,FRA,Didier Couécou,FW,21.0,1944.0,0.0
1966,1966 FIFA World Cup,France,FRA,Héctor De Bourgoing,DF,31.0,1934.0,1.0
1966,1966 FIFA World Cup,France,FRA,Gabriel De Michele,DF,25.0,1941.0,0.0
1966,1966 FIFA World Cup,France,FRA,Jean Djorkaeff,DF,26.0,1939.0,0.0
1966,1966 FIFA World Cup,France,FRA,Philippe Gondet,FW,24.0,1942.0,0.0
1966,1966 FIFA World Cup,France,FRA,Gérard Hausser,FW,27.0,1939.0,1.0
1966,1966 FIFA World Cup,France,FRA,Yves Herbet,MF,20.0,1945.0,0.0
1966,1966 FIFA World Cup,France,FRA,Robert Herbin,MF,27.0,1939.0,0.0
1966,1966 FIFA World Cup,France,FRA,Lucien Muller,MF,31.0,1934.0,0.0
1966,1966 FIFA World Cup,France,FRA,Jean-Claude Piumi,DF,26.0,1940.0,0.0
1966,1966 FIFA World Cup,France,FRA,Laurent Robuschi,FW,30.0,1935.0,0.0
1966,1966 FIFA World Cup,France,FRA,Jacques Simon,MF,25.0,1941.0,0.0
1966,1966 FIFA World Cup,France,FRA,Georges Carnus,GK,23.0,1942.0,0.0
1966,1966 FIFA World Cup,France,FRA,Johnny Schuth,GK,24.0,1941.0,0.0
1966,1966 FIFA World Cup,Hungary,HUN,Antal Szentmihályi,GK,27.0,1939.0,0.0
1966,1966 FIFA World Cup,Hungary,HUN,Benő Káposzta,DF,24.0,1942.0,0.0
1966,1966 FIFA World Cup,Hungary,HUN,Sándor Mátrai,DF,33.0,1932.0,0.0
1966,1966 FIFA World Cup,Hungary,HUN,Kálmán Sóvári,DF,25.0,1940.0,0.0
1966,1966 FIFA World Cup,Hungary,HUN,Kálmán Mészöly,DF,24.0,1941.0,2.0
1966,1966 FIFA World Cup,Hungary,HUN,Ferenc Sipos,MF,33.0,1932.0,0.0
1966,1966 FIFA World Cup,Hungary,HUN,Ferenc Bene,FW,21.0,1944.0,4.0
1966,1966 FIFA World Cup,Hungary,HUN,Zoltán Varga,MF,21.0,1945.0,0.0
1966,1966 FIFA World Cup,Hungary,HUN,Flórián Albert,MF,24.0,1941.0,0.0
1966,1966 FIFA World Cup,Hungary,HUN,János Farkas,FW,24.0,1942.0,1.0
1966,1966 FIFA World Cup,Hungary,HUN,Gyula Rákosi,FW,27.0,1938.0,0.0
1966,1966 FIFA World Cup,Hungary,HUN,Máté Fenyvesi,FW,32.0,1933.0,0.0
1966,1966 FIFA World Cup,Hungary,HUN,Imre Mathesz,MF,29.0,1937.0,0.0
1966,1966 FIFA World Cup,Hungary,HUN,István Nagy,MF,27.0,1939.0,0.0
1966,1966 FIFA World Cup,Hungary,HUN,Dezső Molnár,FW,26.0,1939.0,0.0
1966,1966 FIFA World Cup,Hungary,HUN,Lajos Tichy,FW,31.0,1935.0,0.0
1966,1966 FIFA World Cup,Hungary,HUN,Gusztáv Szepesi,DF,26.0,1939.0,0.0
1966,1966 FIFA World Cup,Hungary,HUN,Kálmán Ihász,DF,25.0,1941.0,0.0
1966,1966 FIFA World Cup,Hungary,HUN,Lajos Puskás,FW,21.0,1944.0,0.0
1966,1966 FIFA World Cup,Hungary,HUN,Antal Nagy,FW,22.0,1944.0,0.0
1966,1966 FIFA World Cup,Hungary,HUN,József Gelei,GK,28.0,1938.0,0.0
1966,1966 FIFA World Cup,Hungary,HUN,István Géczi,GK,22.0,1944.0,0.0
1966,1966 FIFA World Cup,Italy,ITA,Enrico Albertosi,GK,26.0,1939.0,0.0
1966,1966 FIFA World Cup,Italy,ITA,Roberto Anzolin,GK,28.0,1938.0,0.0
1966,1966 FIFA World Cup,Italy,ITA,Paolo Barison,MF,30.0,1936.0,1.0
1966,1966 FIFA World Cup,Italy,ITA,Giacomo Bulgarelli,MF,25.0,1940.0,0.0
1966,1966 FIFA World Cup,Italy,ITA,Tarcisio Burgnich,DF,27.0,1939.0,0.0
1966,1966 FIFA World Cup,Italy,ITA,Giacinto Facchetti,DF,23.0,1942.0,0.0
1966,1966 FIFA World Cup,Italy,ITA,Romano Fogli,MF,28.0,1938.0,0.0
1966,1966 FIFA World Cup,Italy,ITA,Aristide Guarneri,DF,28.0,1938.0,0.0
1966,1966 FIFA World Cup,Italy,ITA,Francesco Janich,DF,29.0,1937.0,0.0
1966,1966 FIFA World Cup,Italy,ITA,Antonio Juliano,FW,23.0,1943.0,0.0
1966,1966 FIFA World Cup,Italy,ITA,Spartaco Landini,DF,22.0,1944.0,0.0
1966,1966 FIFA World Cup,Italy,ITA,Gianfranco Leoncini,MF,26.0,1939.0,0.0
1966,1966 FIFA World Cup,Italy,ITA,Giovanni Lodetti,MF,23.0,1942.0,0.0
1966,1966 FIFA World Cup,Italy,ITA,Sandro Mazzola,FW,23.0,1942.0,1.0
1966,1966 FIFA World Cup,Italy,ITA,Luigi Meroni,FW,23.0,1943.0,0.0
1966,1966 FIFA World Cup,Italy,ITA,Ezio Pascutti,FW,29.0,1937.0,0.0
1966,1966 FIFA World Cup,Italy,ITA,Marino Perani,MF,26.0,1939.0,0.0
1966,1966 FIFA World Cup,Italy,ITA,Pierluigi Pizzaballa,GK,26.0,1939.0,0.0
1966,1966 FIFA World Cup,Italy,ITA,Gianni Rivera,FW,22.0,1943.0,0.0
1966,1966 FIFA World Cup,Italy,ITA,Francesco Rizzo,FW,23.0,1943.0,0.0
1966,1966 FIFA World Cup,Italy,ITA,Roberto Rosato,DF,22.0,1943.0,0.0
1966,1966 FIFA World Cup,Italy,ITA,Sandro Salvadore,DF,26.0,1939.0,0.0
1966,1966 FIFA World Cup,Mexico,MEX,Antonio Carbajal,GK,37.0,1929.0,0.0
1966,1966 FIFA World Cup,Mexico,MEX,Arturo Chaires,DF,29.0,1937.0,0.0
1966,1966 FIFA World Cup,Mexico,MEX,Gustavo Peña,DF,24.0,1941.0,0.0
1966,1966 FIFA World Cup,Mexico,MEX,Jesús del Muro,DF,28.0,1937.0,0.0
1966,1966 FIFA World Cup,Mexico,MEX,Ignacio Jáuregui,DF,27.0,1938.0,0.0
1966,1966 FIFA World Cup,Mexico,MEX,Isidoro Díaz,MF,28.0,1938.0,0.0
1966,1966 FIFA World Cup,Mexico,MEX,Felipe Ruvalcaba,MF,25.0,1941.0,0.0
1966,1966 FIFA World Cup,Mexico,MEX,Aarón Padilla,FW,24.0,1942.0,0.0
1966,1966 FIFA World Cup,Mexico,MEX,Ernesto Cisneros,FW,25.0,1940.0,0.0
1966,1966 FIFA World Cup,Mexico,MEX,Javier Fragoso,FW,24.0,1942.0,0.0
1966,1966 FIFA World Cup,Mexico,MEX,Francisco Jara,FW,25.0,1941.0,0.0
1966,1966 FIFA World Cup,Mexico,MEX,Ignacio Calderón,GK,22.0,1943.0,0.0
1966,1966 FIFA World Cup,Mexico,MEX,José Luis González,MF,23.0,1942.0,0.0
1966,1966 FIFA World Cup,Mexico,MEX,Gabriel Núñez,DF,24.0,1942.0,0.0
1966,1966 FIFA World Cup,Mexico,MEX,Guillermo Hernández,DF,24.0,1942.0,0.0
1966,1966 FIFA World Cup,Mexico,MEX,Luis Regueiro,MF,22.0,1943.0,0.0
1966,1966 FIFA World Cup,Mexico,MEX,Magdaleno Mercado,MF,22.0,1944.0,0.0
1966,1966 FIFA World Cup,Mexico,MEX,Elías Muñoz,MF,24.0,1941.0,0.0
1966,1966 FIFA World Cup,Mexico,MEX,Salvador Reyes,FW,29.0,1936.0,0.0
1966,1966 FIFA World Cup,Mexico,MEX,Enrique Borja,FW,20.0,1945.0,1.0
1966,1966 FIFA World Cup,Mexico,MEX,Ramiro Navarro,FW,23.0,1943.0,0.0
1966,1966 FIFA World Cup,Mexico,MEX,Javier Vargas,GK,24.0,1941.0,0.0
1966,1966 FIFA World Cup,Korea DPR,PRK,Chang-myung Lee,GK,19.0,1947.0,0.0
1966,1966 FIFA World Cup,Korea DPR,PRK,Li-sup Pak,DF,22.0,1944.0,0.0
1966,1966 FIFA World Cup,Korea DPR,PRK,Yung-kyoo Shin,DF,24.0,1942.0,0.0
1966,1966 FIFA World Cup,Korea DPR,PRK,Bong-chil Kang,MF,22.0,1943.0,0.0
1966,1966 FIFA World Cup,Korea DPR,PRK,Zoong-sun Lim,DF,22.0,1943.0,0.0
1966,1966 FIFA World Cup,Korea DPR,PRK,Seung-hwi Im,MF,20.0,1946.0,0.0
1966,1966 FIFA World Cup,Korea DPR,PRK,Doo-ik Pak,FW,24.0,1942.0,1.0
1966,1966 FIFA World Cup,Korea DPR,PRK,Seung-zin Pak,FW,25.0,1941.0,2.0
1966,1966 FIFA World Cup,Korea DPR,PRK,Keun-hak Lee,GK,26.0,1940.0,0.0
1966,1966 FIFA World Cup,Korea DPR,PRK,Ryong-woon Kang,FW,24.0,1942.0,0.0
1966,1966 FIFA World Cup,Korea DPR,PRK,Bong-zin Han,MF,20.0,1945.0,0.0
1966,1966 FIFA World Cup,Korea DPR,PRK,Seung-Il Kim,FW,20.0,1945.0,0.0
1966,1966 FIFA World Cup,Korea DPR,PRK,Yoon-kyung Oh,DF,24.0,1941.0,0.0
1966,1966 FIFA World Cup,Korea DPR,PRK,Jung-won Ha,DF,24.0,1942.0,0.0
1966,1966 FIFA World Cup,Korea DPR,PRK,Seung-kook Yang,FW,21.0,1944.0,1.0
1966,1966 FIFA World Cup,Korea DPR,PRK,Dong-woon Li,MF,21.0,1945.0,1.0
1966,1966 FIFA World Cup,Korea DPR,PRK,Bong-hwan Kim,MF,27.0,1939.0,0.0
1966,1966 FIFA World Cup,Korea DPR,PRK,Seung-woon Ke,MF,22.0,1943.0,0.0
1966,1966 FIFA World Cup,Korea DPR,PRK,Yung-kil Kim,DF,22.0,1944.0,0.0
1966,1966 FIFA World Cup,Korea DPR,PRK,Chang-kil Ryoo,DF,25.0,1940.0,0.0
1966,1966 FIFA World Cup,Korea DPR,PRK,Se-bok An,MF,19.0,1946.0,0.0
1966,1966 FIFA World Cup,Korea DPR,PRK,Chi-an Li,FW,21.0,1945.0,0.0
1966,1966 FIFA World Cup,Portugal,PRT,Américo,GK,33.0,1933.0,0.0
1966,1966 FIFA World Cup,Portugal,PRT,Joaquim Carvalho,GK,29.0,1937.0,0.0
1966,1966 FIFA World Cup,Portugal,PRT,José Pereira,GK,34.0,1931.0,0.0
1966,1966 FIFA World Cup,Portugal,PRT,Vicente,DF,30.0,1935.0,0.0
1966,1966 FIFA World Cup,Portugal,PRT,Germano,DF,33.0,1933.0,0.0
1966,1966 FIFA World Cup,Portugal,PRT,Fernando Peres,MF,24.0,1942.0,0.0
1966,1966 FIFA World Cup,Portugal,PRT,Ernesto Figueiredo,FW,29.0,1937.0,0.0
1966,1966 FIFA World Cup,Portugal,PRT,João Lourenço,FW,24.0,1942.0,0.0
1966,1966 FIFA World Cup,Portugal,PRT,Hilário,MF,27.0,1939.0,0.0
1966,1966 FIFA World Cup,Portugal,PRT,Mário Coluna,MF,30.0,1935.0,0.0
1966,1966 FIFA World Cup,Portugal,PRT,António Simões,MF,22.0,1943.0,1.0
1966,1966 FIFA World Cup,Portugal,PRT,José Augusto,MF,29.0,1937.0,3.0
1966,1966 FIFA World Cup,Portugal,PRT,Eusébio,FW,24.0,1942.0,9.0
1966,1966 FIFA World Cup,Portugal,PRT,Fernando Cruz,MF,25.0,1940.0,0.0
1966,1966 FIFA World Cup,Portugal,PRT,Manuel Duarte,FW,23.0,1943.0,0.0
1966,1966 FIFA World Cup,Portugal,PRT,Jaime Graça,MF,24.0,1942.0,0.0
1966,1966 FIFA World Cup,Portugal,PRT,João Morais,DF,31.0,1935.0,0.0
1966,1966 FIFA World Cup,Portugal,PRT,José Torres,FW,27.0,1938.0,3.0
1966,1966 FIFA World Cup,Portugal,PRT,Custódio Pinto,MF,24.0,1942.0,0.0
1966,1966 FIFA World Cup,Portugal,PRT,Alexandre Baptista,DF,25.0,1941.0,0.0
1966,1966 FIFA World Cup,Portugal,PRT,José Carlos,DF,24.0,1941.0,0.0
1966,1966 FIFA World Cup,Portugal,PRT,Alberto Festa,DF,26.0,1939.0,0.0
1966,1966 FIFA World Cup,Soviet Union,SUN,Lev Yashin,GK,36.0,1929.0,0.0
1966,1966 FIFA World Cup,Soviet Union,SUN,Viktor Serebryanikov,FW,26.0,1940.0,0.0
1966,1966 FIFA World Cup,Soviet Union,SUN,Leonid Ostrovskiy,DF,30.0,1936.0,0.0
1966,1966 FIFA World Cup,Soviet Union,SUN,Vladimir Ponomaryov,DF,26.0,1940.0,0.0
1966,1966 FIFA World Cup,Soviet Union,SUN,Valentin Afonin,MF,26.0,1939.0,0.0
1966,1966 FIFA World Cup,Soviet Union,SUN,Albert Shesternyov,DF,25.0,1941.0,0.0
1966,1966 FIFA World Cup,Soviet Union,SUN,Murtaz Khurtsilava,MF,23.0,1943.0,0.0
1966,1966 FIFA World Cup,Soviet Union,SUN,Yozhef Sabo,MF,26.0,1940.0,0.0
1966,1966 FIFA World Cup,Soviet Union,SUN,Viktor Getmanov,DF,26.0,1940.0,0.0
1966,1966 FIFA World Cup,Soviet Union,SUN,Vasiliy Danilov,DF,25.0,1941.0,0.0
1966,1966 FIFA World Cup,Soviet Union,SUN,Igor Chislenko,MF,27.0,1939.0,2.0
1966,1966 FIFA World Cup,Soviet Union,SUN,Valery Voronin,MF,26.0,1939.0,0.0
1966,1966 FIFA World Cup,Soviet Union,SUN,Alexey Korneyev,DF,27.0,1939.0,0.0
1966,1966 FIFA World Cup,Soviet Union,SUN,Georgi Sichinava,MF,21.0,1944.0,0.0
1966,1966 FIFA World Cup,Soviet Union,SUN,Galimzyan Khusainov,FW,29.0,1937.0,0.0
1966,1966 FIFA World Cup,Soviet Union,SUN,Slava Metreveli,FW,30.0,1936.0,0.0
1966,1966 FIFA World Cup,Soviet Union,SUN,Valeriy Porkujan,FW,21.0,1944.0,4.0
1966,1966 FIFA World Cup,Soviet Union,SUN,Anatoliy Banishevskiy,FW,20.0,1946.0,1.0
1966,1966 FIFA World Cup,Soviet Union,SUN,Eduard Malofeyev,FW,24.0,1942.0,3.0
1966,1966 FIFA World Cup,Soviet Union,SUN,Eduard Markarov,FW,24.0,1942.0,0.0
1966,1966 FIFA World Cup,Soviet Union,SUN,Anzor Kavazashvili,GK,25.0,1940.0,0.0
1966,1966 FIFA World Cup,Soviet Union,SUN,Viktor Bannikov,GK,28.0,1938.0,0.0
1966,1966 FIFA World Cup,Spain,ESP,José Ángel Iribar,GK,23.0,1943.0,0.0
1966,1966 FIFA World Cup,Spain,ESP,Manuel Sanchís,DF,28.0,1938.0,1.0
1966,1966 FIFA World Cup,Spain,ESP,Eladio,DF,25.0,1940.0,0.0
1966,1966 FIFA World Cup,Spain,ESP,Luis del Sol,MF,31.0,1935.0,0.0
1966,1966 FIFA World Cup,Spain,ESP,Ignacio Zoco,MF,26.0,1939.0,0.0
1966,1966 FIFA World Cup,Spain,ESP,Jesús Glaría,MF,24.0,1942.0,0.0
1966,1966 FIFA World Cup,Spain,ESP,José Ufarte,MF,25.0,1941.0,0.0
1966,1966 FIFA World Cup,Spain,ESP,Amancio,FW,26.0,1939.0,1.0
1966,1966 FIFA World Cup,Spain,ESP,Marcelino,FW,26.0,1940.0,0.0
1966,1966 FIFA World Cup,Spain,ESP,Luis Suárez,FW,31.0,1935.0,0.0
1966,1966 FIFA World Cup,Spain,ESP,Francisco Gento,FW,32.0,1933.0,0.0
1966,1966 FIFA World Cup,Spain,ESP,Antonio Betancort,GK,28.0,1938.0,0.0
1966,1966 FIFA World Cup,Spain,ESP,Miguel Reina,GK,20.0,1946.0,0.0
1966,1966 FIFA World Cup,Spain,ESP,Feliciano Rivilla,DF,29.0,1936.0,0.0
1966,1966 FIFA World Cup,Spain,ESP,Severino Reija,DF,27.0,1938.0,0.0
1966,1966 FIFA World Cup,Spain,ESP,Ferran Olivella,DF,30.0,1936.0,0.0
1966,1966 FIFA World Cup,Spain,ESP,Gallego,DF,22.0,1944.0,0.0
1966,1966 FIFA World Cup,Spain,ESP,Pirri,MF,21.0,1945.0,1.0
1966,1966 FIFA World Cup,Spain,ESP,Josep Maria Fusté,MF,25.0,1941.0,1.0
1966,1966 FIFA World Cup,Spain,ESP,Joaquín Peiró,MF,30.0,1936.0,0.0
1966,1966 FIFA World Cup,Spain,ESP,Adelardo,MF,26.0,1939.0,0.0
1966,1966 FIFA World Cup,Spain,ESP,Carlos Lapetra,FW,27.0,1938.0,0.0
1966,1966 FIFA World Cup,Switzerland,CHE,Karl Elsener,GK,31.0,1934.0,0.0
1966,1966 FIFA World Cup,Switzerland,CHE,Willy Allemann,DF,24.0,1942.0,0.0
1966,1966 FIFA World Cup,Switzerland,CHE,Kurt Armbruster,DF,31.0,1934.0,0.0
1966,1966 FIFA World Cup,Switzerland,CHE,Heinz Bäni,MF,29.0,1936.0,0.0
1966,1966 FIFA World Cup,Switzerland,CHE,René Brodmann,DF,32.0,1933.0,0.0
1966,1966 FIFA World Cup,Switzerland,CHE,Richard Dürr,MF,27.0,1938.0,0.0
1966,1966 FIFA World Cup,Switzerland,CHE,Hansruedi Führer,MF,28.0,1937.0,0.0
1966,1966 FIFA World Cup,Switzerland,CHE,Vittore Gottardi,MF,24.0,1941.0,0.0
1966,1966 FIFA World Cup,Switzerland,CHE,André Grobéty,MF,33.0,1933.0,0.0
1966,1966 FIFA World Cup,Switzerland,CHE,Robert Hosp,FW,26.0,1939.0,0.0
1966,1966 FIFA World Cup,Switzerland,CHE,Köbi Kuhn,FW,22.0,1943.0,0.0
1966,1966 FIFA World Cup,Switzerland,CHE,Léo Eichmann,GK,29.0,1936.0,0.0
1966,1966 FIFA World Cup,Switzerland,CHE,Fritz Künzli,FW,20.0,1946.0,0.0
1966,1966 FIFA World Cup,Switzerland,CHE,Werner Leimgruber,DF,31.0,1934.0,0.0
1966,1966 FIFA World Cup,Switzerland,CHE,Karl Odermatt,MF,23.0,1942.0,0.0
1966,1966 FIFA World Cup,Switzerland,CHE,René-Pierre Quentin,FW,22.0,1943.0,1.0
1966,1966 FIFA World Cup,Switzerland,CHE,Jean-Claude Schindelholz,FW,25.0,1940.0,0.0
1966,1966 FIFA World Cup,Switzerland,CHE,Heinz Schneiter,DF,31.0,1935.0,0.0
1966,1966 FIFA World Cup,Switzerland,CHE,Xavier Stierli,MF,25.0,1940.0,0.0
1966,1966 FIFA World Cup,Switzerland,CHE,Ely Tacchella,DF,30.0,1936.0,0.0
1966,1966 FIFA World Cup,Switzerland,CHE,Georges Vuilleumier,MF,21.0,1944.0,0.0
1966,1966 FIFA World Cup,Switzerland,CHE,Mario Prosperi,GK,20.0,1945.0,0.0
1966,1966 FIFA World Cup,Uruguay,URY,Ladislao Mazurkiewicz,GK,21.0,1945.0,0.0
1966,1966 FIFA World Cup,Uruguay,URY,Horacio Troche,DF,30.0,1936.0,0.0
1966,1966 FIFA World Cup,Uruguay,URY,Jorge Manicera,DF,27.0,1938.0,0.0
1966,1966 FIFA World Cup,Uruguay,URY,Pablo Forlán,MF,20.0,1945.0,0.0
1966,1966 FIFA World Cup,Uruguay,URY,Néstor Gonçalves,DF,30.0,1936.0,0.0
1966,1966 FIFA World Cup,Uruguay,URY,Omar Caetano,MF,27.0,1938.0,0.0
1966,1966 FIFA World Cup,Uruguay,URY,Julio César Cortés,MF,25.0,1941.0,1.0
1966,1966 FIFA World Cup,Uruguay,URY,José Urruzmendi,FW,21.0,1944.0,0.0
1966,1966 FIFA World Cup,Uruguay,URY,José Sasía,FW,32.0,1933.0,0.0
1966,1966 FIFA World Cup,Uruguay,URY,Pedro Rocha,FW,23.0,1942.0,1.0
1966,1966 FIFA World Cup,Uruguay,URY,Domingo Pérez,FW,30.0,1936.0,0.0
1966,1966 FIFA World Cup,Uruguay,URY,Roberto Sosa,GK,31.0,1935.0,0.0
1966,1966 FIFA World Cup,Uruguay,URY,Nelson Díaz,DF,24.0,1942.0,0.0
1966,1966 FIFA World Cup,Uruguay,URY,Emilio Álvarez,DF,27.0,1939.0,0.0
1966,1966 FIFA World Cup,Uruguay,URY,Luis Ubiña,DF,26.0,1940.0,0.0
1966,1966 FIFA World Cup,Uruguay,URY,Eliseo Álvarez,DF,25.0,1940.0,0.0
1966,1966 FIFA World Cup,Uruguay,URY,Héctor Salvá,MF,26.0,1939.0,0.0
1966,1966 FIFA World Cup,Uruguay,URY,Milton Viera,FW,20.0,1946.0,0.0
1966,1966 FIFA World Cup,Uruguay,URY,Héctor Silva,MF,26.0,1940.0,0.0
1966,1966 FIFA World Cup,Uruguay,URY,Luis Ramos,DF,26.0,1939.0,0.0
1966,1966 FIFA World Cup,Uruguay,URY,Víctor Espárrago,MF,21.0,1944.0,0.0
1966,1966 FIFA World Cup,Uruguay,URY,Walter Taibo,GK,35.0,1931.0,0.0
1966,1966 FIFA World Cup,West Germany,DEU,Hans Tilkowski,GK,30.0,1935.0,0.0
1966,1966 FIFA World Cup,West Germany,DEU,Horst-Dieter Höttges,DF,22.0,1943.0,0.0
1966,1966 FIFA World Cup,West Germany,DEU,Karl-Heinz Schnellinger,DF,27.0,1939.0,0.0
1966,1966 FIFA World Cup,West Germany,DEU,Franz Beckenbauer,MF,20.0,1945.0,4.0
1966,1966 FIFA World Cup,West Germany,DEU,Willi Schulz,DF,27.0,1938.0,0.0
1966,1966 FIFA World Cup,West Germany,DEU,Wolfgang Weber,DF,22.0,1944.0,1.0
1966,1966 FIFA World Cup,West Germany,DEU,Albert Brülls,MF,29.0,1937.0,0.0
1966,1966 FIFA World Cup,West Germany,DEU,Helmut Haller,FW,26.0,1939.0,6.0
1966,1966 FIFA World Cup,West Germany,DEU,Uwe Seeler,FW,29.0,1936.0,2.0
1966,1966 FIFA World Cup,West Germany,DEU,Sigfried Held,FW,23.0,1942.0,1.0
1966,1966 FIFA World Cup,West Germany,DEU,Lothar Emmerich,FW,24.0,1941.0,1.0
1966,1966 FIFA World Cup,West Germany,DEU,Wolfgang Overath,MF,22.0,1943.0,0.0
1966,1966 FIFA World Cup,West Germany,DEU,Heinz Hornig,FW,28.0,1937.0,0.0
1966,1966 FIFA World Cup,West Germany,DEU,Friedel Lutz,DF,27.0,1939.0,0.0
1966,1966 FIFA World Cup,West Germany,DEU,Bernd Patzke,DF,23.0,1943.0,0.0
1966,1966 FIFA World Cup,West Germany,DEU,Max Lorenz,MF,26.0,1939.0,0.0
1966,1966 FIFA World Cup,West Germany,DEU,Wolfgang Paul,DF,26.0,1940.0,0.0
1966,1966 FIFA World Cup,West Germany,DEU,Klaus-Dieter Sieloff,DF,24.0,1942.0,0.0
1966,1966 FIFA World Cup,West Germany,DEU,Werner Krämer,FW,26.0,1940.0,0.0
1966,1966 FIFA World Cup,West Germany,DEU,Jürgen Grabowski,FW,22.0,1944.0,0.0
1966,1966 FIFA World Cup,West Germany,DEU,Günter Bernard,GK,26.0,1939.0,0.0
1966,1966 FIFA World Cup,West Germany,DEU,Sepp Maier,GK,22.0,1944.0,0.0
1970,1970 FIFA World Cup,Belgium,BEL,Christian Piot,GK,22.0,1947.0,0.0
1970,1970 FIFA World Cup,Belgium,BEL,Georges Heylens,DF,28.0,1941.0,0.0
1970,1970 FIFA World Cup,Belgium,BEL,Jean Thissen,DF,24.0,1946.0,0.0
1970,1970 FIFA World Cup,Belgium,BEL,Nicolas Dewalque,DF,24.0,1945.0,0.0
1970,1970 FIFA World Cup,Belgium,BEL,Léon Jeck,DF,23.0,1947.0,0.0
1970,1970 FIFA World Cup,Belgium,BEL,Jean Dockx,MF,29.0,1941.0,0.0
1970,1970 FIFA World Cup,Belgium,BEL,Léon Semmeling,MF,30.0,1940.0,0.0
1970,1970 FIFA World Cup,Belgium,BEL,Wilfried Van Moer,MF,25.0,1945.0,2.0
1970,1970 FIFA World Cup,Belgium,BEL,Johan Devrindt,FW,26.0,1944.0,0.0
1970,1970 FIFA World Cup,Belgium,BEL,Paul Van Himst,FW,26.0,1943.0,0.0
1970,1970 FIFA World Cup,Belgium,BEL,Wilfried Puis,FW,27.0,1943.0,0.0
1970,1970 FIFA World Cup,Belgium,BEL,Jean-Marie Trappeniers,GK,28.0,1942.0,0.0
1970,1970 FIFA World Cup,Belgium,BEL,Jacques Beurlet,DF,25.0,1944.0,0.0
1970,1970 FIFA World Cup,Belgium,BEL,Maurice Martens,MF,22.0,1947.0,0.0
1970,1970 FIFA World Cup,Belgium,BEL,Erwin Vandendaele,MF,25.0,1945.0,0.0
1970,1970 FIFA World Cup,Belgium,BEL,Odilon Polleunis,MF,27.0,1943.0,0.0
1970,1970 FIFA World Cup,Belgium,BEL,Jan Verheyen,MF,25.0,1944.0,0.0
1970,1970 FIFA World Cup,Belgium,BEL,Raoul Lambert,FW,25.0,1944.0,2.0
1970,1970 FIFA World Cup,Belgium,BEL,Pierre Carteus,FW,26.0,1943.0,0.0
1970,1970 FIFA World Cup,Belgium,BEL,Alfons Peeters,MF,27.0,1943.0,0.0
1970,1970 FIFA World Cup,Belgium,BEL,Frans Janssens,FW,24.0,1945.0,0.0
1970,1970 FIFA World Cup,Belgium,BEL,Jacques Duquesne,GK,30.0,1940.0,0.0
1970,1970 FIFA World Cup,Brazil,BRA,Félix,GK,32.0,1937.0,0.0
1970,1970 FIFA World Cup,Brazil,BRA,Brito,DF,30.0,1939.0,0.0
1970,1970 FIFA World Cup,Brazil,BRA,Piazza,MF,27.0,1943.0,0.0
1970,1970 FIFA World Cup,Brazil,BRA,Carlos Alberto,DF,25.0,1944.0,1.0
1970,1970 FIFA World Cup,Brazil,BRA,Clodoaldo,MF,20.0,1949.0,1.0
1970,1970 FIFA World Cup,Brazil,BRA,Marco Antônio,DF,19.0,1951.0,0.0
1970,1970 FIFA World Cup,Brazil,BRA,Jairzinho,FW,25.0,1944.0,7.0
1970,1970 FIFA World Cup,Brazil,BRA,Gérson,MF,29.0,1941.0,1.0
1970,1970 FIFA World Cup,Brazil,BRA,Tostão,FW,23.0,1947.0,2.0
1970,1970 FIFA World Cup,Brazil,BRA,Pelé,FW,29.0,1940.0,4.0
1970,1970 FIFA World Cup,Brazil,BRA,Rivellino,MF,24.0,1946.0,3.0
1970,1970 FIFA World Cup,Brazil,BRA,Ado,GK,23.0,1946.0,0.0
1970,1970 FIFA World Cup,Brazil,BRA,Roberto,FW,25.0,1944.0,0.0
1970,1970 FIFA World Cup,Brazil,BRA,Baldocchi,DF,24.0,1946.0,0.0
1970,1970 FIFA World Cup,Brazil,BRA,Fontana,DF,29.0,1940.0,0.0
1970,1970 FIFA World Cup,Brazil,BRA,Everaldo,DF,25.0,1944.0,0.0
1970,1970 FIFA World Cup,Brazil,BRA,Joel,DF,23.0,1946.0,0.0
1970,1970 FIFA World Cup,Brazil,BRA,Caju,MF,20.0,1949.0,0.0
1970,1970 FIFA World Cup,Brazil,BRA,Edu,FW,20.0,1949.0,0.0
1970,1970 FIFA World Cup,Brazil,BRA,Dario,FW,24.0,1946.0,0.0
1970,1970 FIFA World Cup,Brazil,BRA,Zé Maria,DF,21.0,1949.0,0.0
1970,1970 FIFA World Cup,Brazil,BRA,Leão,GK,20.0,1949.0,0.0
1970,1970 FIFA World Cup,Bulgaria,BGR,Simeon Simeonov,GK,24.0,1946.0,0.0
1970,1970 FIFA World Cup,Bulgaria,BGR,Aleksandar Shalamanov,DF,28.0,1941.0,0.0
1970,1970 FIFA World Cup,Bulgaria,BGR,Ivan Dimitrov,DF,35.0,1935.0,0.0
1970,1970 FIFA World Cup,Bulgaria,BGR,Stefan Aladzhov,DF,22.0,1947.0,0.0
1970,1970 FIFA World Cup,Bulgaria,BGR,Ivan Davidov,MF,26.0,1943.0,0.0
1970,1970 FIFA World Cup,Bulgaria,BGR,Dimitar Penev,DF,24.0,1945.0,0.0
1970,1970 FIFA World Cup,Bulgaria,BGR,Georgi Popov,FW,25.0,1944.0,0.0
1970,1970 FIFA World Cup,Bulgaria,BGR,Hristo Bonev,FW,23.0,1947.0,1.0
1970,1970 FIFA World Cup,Bulgaria,BGR,Petar Zhekov,FW,25.0,1944.0,0.0
1970,1970 FIFA World Cup,Bulgaria,BGR,Dimitar Yakimov,FW,28.0,1941.0,0.0
1970,1970 FIFA World Cup,Bulgaria,BGR,Dinko Dermendzhiev,MF,28.0,1941.0,1.0
1970,1970 FIFA World Cup,Bulgaria,BGR,Milko Gaydarski,DF,24.0,1946.0,0.0
1970,1970 FIFA World Cup,Bulgaria,BGR,Stoyan Yordanov,GK,26.0,1944.0,0.0
1970,1970 FIFA World Cup,Bulgaria,BGR,Dobromir Zhechev,DF,27.0,1942.0,1.0
1970,1970 FIFA World Cup,Bulgaria,BGR,Boris Gaganelov,DF,28.0,1941.0,0.0
1970,1970 FIFA World Cup,Bulgaria,BGR,Asparuh Nikodimov,MF,24.0,1945.0,1.0
1970,1970 FIFA World Cup,Bulgaria,BGR,Todor Kolev,DF,28.0,1942.0,1.0
1970,1970 FIFA World Cup,Bulgaria,BGR,Dimitar Marashliev,FW,22.0,1947.0,0.0
1970,1970 FIFA World Cup,Bulgaria,BGR,Georgi Asparuhov,MF,27.0,1943.0,0.0
1970,1970 FIFA World Cup,Bulgaria,BGR,Vasil Mitkov,MF,26.0,1943.0,0.0
1970,1970 FIFA World Cup,Bulgaria,BGR,Bozhidar Grigorov,FW,24.0,1945.0,0.0
1970,1970 FIFA World Cup,Bulgaria,BGR,Georgi Kamenski,GK,23.0,1947.0,0.0
1970,1970 FIFA World Cup,Czechoslovakia,CSK,Ivo Viktor,GK,28.0,1942.0,0.0
1970,1970 FIFA World Cup,Czechoslovakia,CSK,Karol Dobiaš,DF,22.0,1947.0,0.0
1970,1970 FIFA World Cup,Czechoslovakia,CSK,Václav Migas,DF,25.0,1944.0,0.0
1970,1970 FIFA World Cup,Czechoslovakia,CSK,Vladimír Hagara,DF,26.0,1943.0,0.0
1970,1970 FIFA World Cup,Czechoslovakia,CSK,Alexander Horváth,DF,31.0,1938.0,0.0
1970,1970 FIFA World Cup,Czechoslovakia,CSK,Andrej Kvašňák,FW,34.0,1936.0,0.0
1970,1970 FIFA World Cup,Czechoslovakia,CSK,Bohumil Veselý,MF,24.0,1945.0,0.0
1970,1970 FIFA World Cup,Czechoslovakia,CSK,Ladislav Petráš,FW,23.0,1946.0,2.0
1970,1970 FIFA World Cup,Czechoslovakia,CSK,Ladislav Kuna,MF,23.0,1947.0,0.0
1970,1970 FIFA World Cup,Czechoslovakia,CSK,Jozef Adamec,FW,28.0,1942.0,0.0
1970,1970 FIFA World Cup,Czechoslovakia,CSK,Karol Jokl,FW,24.0,1945.0,0.0
1970,1970 FIFA World Cup,Czechoslovakia,CSK,Ján Pivarník,DF,22.0,1947.0,0.0
1970,1970 FIFA World Cup,Czechoslovakia,CSK,Anton Flešár,GK,26.0,1944.0,0.0
1970,1970 FIFA World Cup,Czechoslovakia,CSK,Vladimír Hrivnák,DF,25.0,1945.0,0.0
1970,1970 FIFA World Cup,Czechoslovakia,CSK,Ján Zlocha,DF,28.0,1942.0,0.0
1970,1970 FIFA World Cup,Czechoslovakia,CSK,Ivan Hrdlička,MF,26.0,1943.0,0.0
1970,1970 FIFA World Cup,Czechoslovakia,CSK,Jaroslav Pollák,MF,22.0,1947.0,0.0
1970,1970 FIFA World Cup,Czechoslovakia,CSK,František Veselý,MF,26.0,1943.0,0.0
1970,1970 FIFA World Cup,Czechoslovakia,CSK,Josef Jurkanin,MF,21.0,1949.0,0.0
1970,1970 FIFA World Cup,Czechoslovakia,CSK,Milan Albrecht,FW,19.0,1950.0,0.0
1970,1970 FIFA World Cup,Czechoslovakia,CSK,Ján Čapkovič,FW,22.0,1948.0,0.0
1970,1970 FIFA World Cup,Czechoslovakia,CSK,Alexander Vencel,GK,26.0,1944.0,0.0
1970,1970 FIFA World Cup,El Salvador,SLV,Raúl Magaña,GK,30.0,1940.0,0.0
1970,1970 FIFA World Cup,El Salvador,SLV,Roberto Rivas,DF,28.0,1941.0,0.0
1970,1970 FIFA World Cup,El Salvador,SLV,Salvador Mariona,DF,26.0,1943.0,0.0
1970,1970 FIFA World Cup,El Salvador,SLV,Santiago Cortés,DF,25.0,1945.0,0.0
1970,1970 FIFA World Cup,El Salvador,SLV,Saturnino Osorio,DF,25.0,1945.0,0.0
1970,1970 FIFA World Cup,El Salvador,SLV,José Quintanilla,MF,22.0,1947.0,0.0
1970,1970 FIFA World Cup,El Salvador,SLV,Mauricio Rodríguez,MF,24.0,1945.0,0.0
1970,1970 FIFA World Cup,El Salvador,SLV,Jorge Vásquez,MF,25.0,1945.0,0.0
1970,1970 FIFA World Cup,El Salvador,SLV,Juan Ramón Martínez,MF,22.0,1948.0,0.0
1970,1970 FIFA World Cup,El Salvador,SLV,Salvador Cabezas,FW,23.0,1947.0,0.0
1970,1970 FIFA World Cup,El Salvador,SLV,Ernesto Aparicio,FW,21.0,1948.0,0.0
1970,1970 FIFA World Cup,El Salvador,SLV,Mario Monge,FW,31.0,1938.0,0.0
1970,1970 FIFA World Cup,El Salvador,SLV,Tomás Pineda,GK,24.0,1946.0,0.0
1970,1970 FIFA World Cup,El Salvador,SLV,Mauricio Manzano,DF,26.0,1943.0,0.0
1970,1970 FIFA World Cup,El Salvador,SLV,David Cabrera,FW,24.0,1945.0,0.0
1970,1970 FIFA World Cup,El Salvador,SLV,Genaro Sarmeno,MF,21.0,1948.0,0.0
1970,1970 FIFA World Cup,El Salvador,SLV,Jaime Portillo,FW,22.0,1947.0,0.0
1970,1970 FIFA World Cup,El Salvador,SLV,Guillermo Castro,DF,29.0,1940.0,0.0
1970,1970 FIFA World Cup,El Salvador,SLV,Sergio Méndez,MF,28.0,1942.0,0.0
1970,1970 FIFA World Cup,El Salvador,SLV,Gualberto Fernández,GK,28.0,1941.0,0.0
1970,1970 FIFA World Cup,El Salvador,SLV,Elmer Acevedo,FW,24.0,1946.0,0.0
1970,1970 FIFA World Cup,El Salvador,SLV,Alberto Villalta,MF,22.0,1947.0,0.0
1970,1970 FIFA World Cup,England,ENG,Gordon Banks,GK,32.0,1937.0,0.0
1970,1970 FIFA World Cup,England,ENG,Keith Newton,DF,28.0,1941.0,0.0
1970,1970 FIFA World Cup,England,ENG,Terry Cooper,DF,25.0,1944.0,0.0
1970,1970 FIFA World Cup,England,ENG,Alan Mullery,MF,28.0,1941.0,1.0
1970,1970 FIFA World Cup,England,ENG,Brian Labone,DF,30.0,1940.0,0.0
1970,1970 FIFA World Cup,England,ENG,Bobby Moore,DF,29.0,1941.0,0.0
1970,1970 FIFA World Cup,England,ENG,Francis Lee,FW,26.0,1944.0,0.0
1970,1970 FIFA World Cup,England,ENG,Alan Ball,MF,25.0,1945.0,0.0
1970,1970 FIFA World Cup,England,ENG,Bobby Charlton,MF,32.0,1937.0,0.0
1970,1970 FIFA World Cup,England,ENG,Geoff Hurst,FW,28.0,1941.0,1.0
1970,1970 FIFA World Cup,England,ENG,Martin Peters,MF,26.0,1943.0,1.0
1970,1970 FIFA World Cup,England,ENG,Peter Bonetti,GK,28.0,1941.0,0.0
1970,1970 FIFA World Cup,England,ENG,Alex Stepney,GK,27.0,1942.0,0.0
1970,1970 FIFA World Cup,England,ENG,Tommy Wright,DF,25.0,1944.0,0.0
1970,1970 FIFA World Cup,England,ENG,Nobby Stiles,DF,28.0,1942.0,0.0
1970,1970 FIFA World Cup,England,ENG,Emlyn Hughes,MF,22.0,1947.0,0.0
1970,1970 FIFA World Cup,England,ENG,Jack Charlton,DF,35.0,1935.0,0.0
1970,1970 FIFA World Cup,England,ENG,Norman Hunter,DF,26.0,1943.0,0.0
1970,1970 FIFA World Cup,England,ENG,Colin Bell,MF,24.0,1946.0,0.0
1970,1970 FIFA World Cup,England,ENG,Peter Osgood,FW,23.0,1947.0,0.0
1970,1970 FIFA World Cup,England,ENG,Allan Clarke,FW,23.0,1946.0,1.0
1970,1970 FIFA World Cup,England,ENG,Jeff Astle,FW,28.0,1942.0,0.0
1970,1970 FIFA World Cup,Israel,ISR,Yitzchak Vissoker,GK,25.0,1944.0,0.0
1970,1970 FIFA World Cup,Israel,ISR,Shraga Bar,DF,22.0,1948.0,0.0
1970,1970 FIFA World Cup,Israel,ISR,Menachem Bello,DF,22.0,1947.0,0.0
1970,1970 FIFA World Cup,Israel,ISR,David Primo,MF,24.0,1946.0,0.0
1970,1970 FIFA World Cup,Israel,ISR,Zvi Rosen,DF,22.0,1947.0,0.0
1970,1970 FIFA World Cup,Israel,ISR,Shmuel Rosenthal,DF,23.0,1947.0,0.0
1970,1970 FIFA World Cup,Israel,ISR,Itzhak Shum,MF,21.0,1948.0,0.0
1970,1970 FIFA World Cup,Israel,ISR,Giora Spiegel,FW,22.0,1947.0,0.0
1970,1970 FIFA World Cup,Israel,ISR,Yehoshua Feigenbaum,FW,22.0,1947.0,0.0
1970,1970 FIFA World Cup,Israel,ISR,Mordechai Spiegler,FW,25.0,1944.0,1.0
1970,1970 FIFA World Cup,Israel,ISR,George Borba,MF,25.0,1944.0,0.0
1970,1970 FIFA World Cup,Israel,ISR,Yisha'ayahu Schwager,MF,24.0,1946.0,0.0
1970,1970 FIFA World Cup,Israel,ISR,Yechezekel Chazom,FW,23.0,1947.0,0.0
1970,1970 FIFA World Cup,Israel,ISR,Danny Shmulevich-Rom,MF,29.0,1940.0,0.0
1970,1970 FIFA World Cup,Israel,ISR,Rachamim Talbi,FW,27.0,1943.0,0.0
1970,1970 FIFA World Cup,Israel,ISR,Yochanan Vollach,DF,25.0,1945.0,0.0
1970,1970 FIFA World Cup,Israel,ISR,Eli Ben Rimoz,FW,25.0,1944.0,0.0
1970,1970 FIFA World Cup,Israel,ISR,Moshe Romano,MF,24.0,1946.0,0.0
1970,1970 FIFA World Cup,Israel,ISR,Roni Shuruk,MF,24.0,1946.0,0.0
1970,1970 FIFA World Cup,Israel,ISR,David Karako,DF,25.0,1945.0,0.0
1970,1970 FIFA World Cup,Israel,ISR,Yechiel Hameiri,GK,23.0,1946.0,0.0
1970,1970 FIFA World Cup,Israel,ISR,Yair Nossovsky,GK,32.0,1937.0,0.0
1970,1970 FIFA World Cup,Italy,ITA,Enrico Albertosi,GK,30.0,1939.0,0.0
1970,1970 FIFA World Cup,Italy,ITA,Tarcisio Burgnich,DF,31.0,1939.0,1.0
1970,1970 FIFA World Cup,Italy,ITA,Giacinto Facchetti,DF,27.0,1942.0,0.0
1970,1970 FIFA World Cup,Italy,ITA,Fabrizio Poletti,DF,26.0,1943.0,0.0
1970,1970 FIFA World Cup,Italy,ITA,Pierluigi Cera,DF,29.0,1941.0,0.0
1970,1970 FIFA World Cup,Italy,ITA,Ugo Ferrante,MF,24.0,1945.0,0.0
1970,1970 FIFA World Cup,Italy,ITA,Comunardo Niccolai,MF,23.0,1946.0,0.0
1970,1970 FIFA World Cup,Italy,ITA,Roberto Rosato,DF,26.0,1943.0,0.0
1970,1970 FIFA World Cup,Italy,ITA,Giorgio Puia,DF,32.0,1938.0,0.0
1970,1970 FIFA World Cup,Italy,ITA,Mario Bertini,MF,26.0,1944.0,0.0
1970,1970 FIFA World Cup,Italy,ITA,Gigi Riva,FW,25.0,1944.0,3.0
1970,1970 FIFA World Cup,Italy,ITA,Dino Zoff,GK,28.0,1942.0,0.0
1970,1970 FIFA World Cup,Italy,ITA,Angelo Domenghini,FW,28.0,1941.0,1.0
1970,1970 FIFA World Cup,Italy,ITA,Gianni Rivera,MF,26.0,1943.0,2.0
1970,1970 FIFA World Cup,Italy,ITA,Sandro Mazzola,MF,27.0,1942.0,0.0
1970,1970 FIFA World Cup,Italy,ITA,Giancarlo De Sisti,MF,27.0,1943.0,0.0
1970,1970 FIFA World Cup,Italy,ITA,Lido Vieri,GK,30.0,1939.0,0.0
1970,1970 FIFA World Cup,Italy,ITA,Antonio Juliano,DF,27.0,1943.0,0.0
1970,1970 FIFA World Cup,Italy,ITA,Sergio Gori,FW,24.0,1946.0,0.0
1970,1970 FIFA World Cup,Italy,ITA,Roberto Boninsegna,FW,26.0,1943.0,2.0
1970,1970 FIFA World Cup,Italy,ITA,Giuseppe Furino,DF,23.0,1946.0,0.0
1970,1970 FIFA World Cup,Italy,ITA,Pierino Prati,FW,23.0,1946.0,0.0
1970,1970 FIFA World Cup,Mexico,MEX,Ignacio Calderón,GK,26.0,1943.0,0.0
1970,1970 FIFA World Cup,Mexico,MEX,Juan Manuel Alejandrez,DF,26.0,1944.0,0.0
1970,1970 FIFA World Cup,Mexico,MEX,Gustavo Peña,DF,28.0,1941.0,1.0
1970,1970 FIFA World Cup,Mexico,MEX,Francisco Montes,DF,27.0,1943.0,0.0
1970,1970 FIFA World Cup,Mexico,MEX,Mario Pérez,DF,23.0,1946.0,0.0
1970,1970 FIFA World Cup,Mexico,MEX,Guillermo Hernández,DF,27.0,1942.0,0.0
1970,1970 FIFA World Cup,Mexico,MEX,Marcos Rivas,MF,22.0,1947.0,0.0
1970,1970 FIFA World Cup,Mexico,MEX,Antonio Munguía,MF,27.0,1942.0,0.0
1970,1970 FIFA World Cup,Mexico,MEX,Enrique Borja,FW,24.0,1945.0,0.0
1970,1970 FIFA World Cup,Mexico,MEX,Horacio López Salgado,FW,21.0,1948.0,0.0
1970,1970 FIFA World Cup,Mexico,MEX,Aarón Padilla,FW,27.0,1942.0,0.0
1970,1970 FIFA World Cup,Mexico,MEX,Antonio Mota,GK,31.0,1939.0,0.0
1970,1970 FIFA World Cup,Mexico,MEX,José Vantolrá,DF,27.0,1943.0,0.0
1970,1970 FIFA World Cup,Mexico,MEX,Javier Guzmán,DF,25.0,1945.0,0.0
1970,1970 FIFA World Cup,Mexico,MEX,Héctor Pulido,MF,27.0,1942.0,0.0
1970,1970 FIFA World Cup,Mexico,MEX,Isidoro Díaz,FW,32.0,1938.0,0.0
1970,1970 FIFA World Cup,Mexico,MEX,José Luis González,MF,27.0,1942.0,1.0
1970,1970 FIFA World Cup,Mexico,MEX,Mario Velarde,MF,30.0,1940.0,0.0
1970,1970 FIFA World Cup,Mexico,MEX,Javier Valdivia,FW,28.0,1941.0,2.0
1970,1970 FIFA World Cup,Mexico,MEX,Juan Ignacio Basaguren,MF,25.0,1944.0,1.0
1970,1970 FIFA World Cup,Mexico,MEX,Javier Fragoso,FW,28.0,1942.0,1.0
1970,1970 FIFA World Cup,Mexico,MEX,Francisco Castrejón,GK,22.0,1947.0,0.0
1970,1970 FIFA World Cup,Morocco,MAR,Allal Ben Kassou,GK,28.0,1941.0,0.0
1970,1970 FIFA World Cup,Morocco,MAR,Abdallah Lamrani,DF,24.0,1946.0,0.0
1970,1970 FIFA World Cup,Morocco,MAR,Boujemaa Benkhrif,DF,22.0,1947.0,0.0
1970,1970 FIFA World Cup,Morocco,MAR,Moulay Khanousi,DF,30.0,1939.0,0.0
1970,1970 FIFA World Cup,Morocco,MAR,Kacem Slimani,DF,21.0,1948.0,0.0
1970,1970 FIFA World Cup,Morocco,MAR,Mohammed Mahroufi,MF,23.0,1947.0,0.0
1970,1970 FIFA World Cup,Morocco,MAR,Said Ghandi,MF,21.0,1948.0,0.0
1970,1970 FIFA World Cup,Morocco,MAR,Driss Bamous,MF,27.0,1942.0,0.0
1970,1970 FIFA World Cup,Morocco,MAR,Ahmed Faras,FW,23.0,1946.0,0.0
1970,1970 FIFA World Cup,Morocco,MAR,Mohammed El Filali,FW,24.0,1945.0,0.0
1970,1970 FIFA World Cup,Morocco,MAR,Maouhoub Ghazouani,MF,24.0,1946.0,1.0
1970,1970 FIFA World Cup,Morocco,MAR,Mohammed Hazzaz,GK,25.0,1944.0,0.0
1970,1970 FIFA World Cup,Morocco,MAR,Jalili Fadili,DF,30.0,1940.0,0.0
1970,1970 FIFA World Cup,Morocco,MAR,Houmane Jarir,FW,25.0,1944.0,1.0
1970,1970 FIFA World Cup,Morocco,MAR,Hadi Dahane,MF,24.0,1946.0,0.0
1970,1970 FIFA World Cup,Morocco,MAR,Moustapha Choukri,MF,25.0,1945.0,0.0
1970,1970 FIFA World Cup,Morocco,MAR,Ahmed Alaoui,FW,21.0,1949.0,0.0
1970,1970 FIFA World Cup,Morocco,MAR,Abdelkader El Khiati,DF,25.0,1945.0,0.0
1970,1970 FIFA World Cup,Morocco,MAR,Abdelkader Ouaraghli,GK,27.0,1943.0,0.0
1970,1970 FIFA World Cup,Peru,PER,Luis Rubiños,GK,29.0,1940.0,0.0
1970,1970 FIFA World Cup,Peru,PER,Eloy Campos,DF,28.0,1942.0,0.0
1970,1970 FIFA World Cup,Peru,PER,Orlando de la Torre,DF,26.0,1943.0,0.0
1970,1970 FIFA World Cup,Peru,PER,Héctor Chumpitaz,DF,26.0,1944.0,1.0
1970,1970 FIFA World Cup,Peru,PER,Nicolás Fuentes,DF,28.0,1941.0,0.0
1970,1970 FIFA World Cup,Peru,PER,Ramón Mifflin,MF,23.0,1947.0,0.0
1970,1970 FIFA World Cup,Peru,PER,Roberto Challe,MF,23.0,1946.0,1.0
1970,1970 FIFA World Cup,Peru,PER,Julio Baylón,MF,22.0,1947.0,0.0
1970,1970 FIFA World Cup,Peru,PER,Pedro Pablo León,FW,27.0,1943.0,0.0
1970,1970 FIFA World Cup,Peru,PER,Teófilo Cubillas,FW,21.0,1949.0,5.0
1970,1970 FIFA World Cup,Peru,PER,Alberto Gallardo,MF,29.0,1940.0,2.0
1970,1970 FIFA World Cup,Peru,PER,Rubén Correa,GK,28.0,1941.0,0.0
1970,1970 FIFA World Cup,Peru,PER,Pedro González,MF,27.0,1943.0,0.0
1970,1970 FIFA World Cup,Peru,PER,José Fernández,DF,31.0,1939.0,0.0
1970,1970 FIFA World Cup,Peru,PER,Javier González,MF,31.0,1939.0,0.0
1970,1970 FIFA World Cup,Peru,PER,Félix Salinas,DF,31.0,1939.0,0.0
1970,1970 FIFA World Cup,Peru,PER,Luis Cruzado,MF,28.0,1941.0,0.0
1970,1970 FIFA World Cup,Peru,PER,José del Castillo,FW,27.0,1943.0,0.0
1970,1970 FIFA World Cup,Peru,PER,Eladio Reyes,FW,22.0,1948.0,0.0
1970,1970 FIFA World Cup,Peru,PER,Hugo Sotil,FW,21.0,1949.0,0.0
1970,1970 FIFA World Cup,Peru,PER,Jesus Goyzueta,GK,23.0,1947.0,0.0
1970,1970 FIFA World Cup,Peru,PER,Oswaldo Ramírez,FW,23.0,1947.0,0.0
1970,1970 FIFA World Cup,Romania,ROU,Necula Răducanu,GK,24.0,1946.0,0.0
1970,1970 FIFA World Cup,Romania,ROU,Lajos Sătmăreanu,DF,26.0,1944.0,0.0
1970,1970 FIFA World Cup,Romania,ROU,Nicolae Lupescu,DF,29.0,1940.0,0.0
1970,1970 FIFA World Cup,Romania,ROU,Mihai Mocanu,DF,28.0,1942.0,0.0
1970,1970 FIFA World Cup,Romania,ROU,Cornel Dinu,MF,21.0,1948.0,0.0
1970,1970 FIFA World Cup,Romania,ROU,Dan Coe,MF,28.0,1941.0,0.0
1970,1970 FIFA World Cup,Romania,ROU,Emerich Dembrovschi,MF,24.0,1945.0,1.0
1970,1970 FIFA World Cup,Romania,ROU,Nicolae Dobrin,FW,22.0,1947.0,0.0
1970,1970 FIFA World Cup,Romania,ROU,Florea Dumitrache,FW,22.0,1948.0,2.0
1970,1970 FIFA World Cup,Romania,ROU,Radu Nunweiller,MF,25.0,1944.0,0.0
1970,1970 FIFA World Cup,Romania,ROU,Mircea Lucescu,FW,24.0,1945.0,0.0
1970,1970 FIFA World Cup,Romania,ROU,Mihai Ivăncescu,DF,28.0,1942.0,0.0
1970,1970 FIFA World Cup,Romania,ROU,Augustin Deleanu,DF,25.0,1944.0,0.0
1970,1970 FIFA World Cup,Romania,ROU,Vasile Gergely,DF,28.0,1941.0,0.0
1970,1970 FIFA World Cup,Romania,ROU,Ion Dumitru,DF,20.0,1950.0,0.0
1970,1970 FIFA World Cup,Romania,ROU,Alexandru Neagu,MF,21.0,1948.0,1.0
1970,1970 FIFA World Cup,Romania,ROU,Gheorghe Tătaru,MF,22.0,1948.0,0.0
1970,1970 FIFA World Cup,Romania,ROU,Marin Tufan,FW,27.0,1942.0,0.0
1970,1970 FIFA World Cup,Romania,ROU,Flavius Domide,FW,24.0,1946.0,0.0
1970,1970 FIFA World Cup,Romania,ROU,Nicolae Pescaru,DF,27.0,1943.0,0.0
1970,1970 FIFA World Cup,Romania,ROU,Stere Adamache,GK,28.0,1941.0,0.0
1970,1970 FIFA World Cup,Romania,ROU,Gheorghe Gornea,GK,25.0,1944.0,0.0
1970,1970 FIFA World Cup,Soviet Union,SUN,Leonid Shmuts,GK,21.0,1948.0,0.0
1970,1970 FIFA World Cup,Soviet Union,SUN,Anzor Kavazashvili,GK,29.0,1940.0,0.0
1970,1970 FIFA World Cup,Soviet Union,SUN,Valentin Afonin,DF,30.0,1939.0,0.0
1970,1970 FIFA World Cup,Soviet Union,SUN,Revaz Dzodzuashvili,DF,25.0,1945.0,0.0
1970,1970 FIFA World Cup,Soviet Union,SUN,Vladimir Kaplichny,DF,26.0,1944.0,0.0
1970,1970 FIFA World Cup,Soviet Union,SUN,Evgeny Lovchev,DF,21.0,1949.0,0.0
1970,1970 FIFA World Cup,Soviet Union,SUN,Gennady Logofet,DF,28.0,1942.0,0.0
1970,1970 FIFA World Cup,Soviet Union,SUN,Murtaz Khurtsilava,DF,27.0,1943.0,0.0
1970,1970 FIFA World Cup,Soviet Union,SUN,Albert Shesternyov,DF,28.0,1941.0,0.0
1970,1970 FIFA World Cup,Soviet Union,SUN,Valery Zykov,MF,26.0,1944.0,0.0
1970,1970 FIFA World Cup,Soviet Union,SUN,Kakhi Asatiani,MF,23.0,1947.0,1.0
1970,1970 FIFA World Cup,Soviet Union,SUN,Nikolay Kiselyov,MF,24.0,1946.0,0.0
1970,1970 FIFA World Cup,Soviet Union,SUN,Lev Yashin,GK,40.0,1929.0,0.0
1970,1970 FIFA World Cup,Soviet Union,SUN,Vladimir Muntyan,MF,23.0,1946.0,0.0
1970,1970 FIFA World Cup,Soviet Union,SUN,Viktor Serebryanikov,MF,30.0,1940.0,0.0
1970,1970 FIFA World Cup,Soviet Union,SUN,Anatoliy Byshovets,FW,24.0,1946.0,4.0
1970,1970 FIFA World Cup,Soviet Union,SUN,Gennady Yevriuzhikin,FW,26.0,1944.0,0.0
1970,1970 FIFA World Cup,Soviet Union,SUN,Slava Metreveli,FW,34.0,1936.0,0.0
1970,1970 FIFA World Cup,Soviet Union,SUN,Givi Nodia,FW,22.0,1948.0,0.0
1970,1970 FIFA World Cup,Soviet Union,SUN,Anatoliy Puzach,FW,28.0,1941.0,0.0
1970,1970 FIFA World Cup,Soviet Union,SUN,Vitaly Khmelnitsky,FW,26.0,1943.0,1.0
1970,1970 FIFA World Cup,Soviet Union,SUN,Valeriy Porkujan,FW,25.0,1944.0,0.0
1970,1970 FIFA World Cup,Sweden,SWE,Ronnie Hellström,GK,21.0,1949.0,0.0
1970,1970 FIFA World Cup,Sweden,SWE,Hans Selander,DF,25.0,1945.0,0.0
1970,1970 FIFA World Cup,Sweden,SWE,Kurt Axelsson,DF,28.0,1941.0,0.0
1970,1970 FIFA World Cup,Sweden,SWE,Björn Nordqvist,DF,27.0,1942.0,0.0
1970,1970 FIFA World Cup,Sweden,SWE,Roland Grip,DF,29.0,1941.0,0.0
1970,1970 FIFA World Cup,Sweden,SWE,Tommy Svensson,MF,25.0,1945.0,0.0
1970,1970 FIFA World Cup,Sweden,SWE,Bo Larsson,MF,26.0,1944.0,0.0
1970,1970 FIFA World Cup,Sweden,SWE,Leif Eriksson,MF,28.0,1942.0,0.0
1970,1970 FIFA World Cup,Sweden,SWE,Ove Kindvall,MF,27.0,1943.0,0.0
1970,1970 FIFA World Cup,Sweden,SWE,Ove Grahn,MF,27.0,1943.0,1.0
1970,1970 FIFA World Cup,Sweden,SWE,Örjan Persson,MF,27.0,1942.0,0.0
1970,1970 FIFA World Cup,Sweden,SWE,Sven-Gunnar Larsson,GK,30.0,1940.0,0.0
1970,1970 FIFA World Cup,Sweden,SWE,Claes Cronqvist,MF,25.0,1944.0,0.0
1970,1970 FIFA World Cup,Sweden,SWE,Krister Kristensson,DF,27.0,1942.0,0.0
1970,1970 FIFA World Cup,Sweden,SWE,Leif Målberg,DF,24.0,1945.0,0.0
1970,1970 FIFA World Cup,Sweden,SWE,Tomas Nordahl,FW,24.0,1946.0,0.0
1970,1970 FIFA World Cup,Sweden,SWE,Ronney Pettersson,GK,30.0,1940.0,0.0
1970,1970 FIFA World Cup,Sweden,SWE,Tom Turesson,FW,28.0,1942.0,1.0
1970,1970 FIFA World Cup,Sweden,SWE,Göran Nicklasson,MF,27.0,1942.0,0.0
1970,1970 FIFA World Cup,Sweden,SWE,Jan Olsson,DF,26.0,1944.0,0.0
1970,1970 FIFA World Cup,Sweden,SWE,Inge Ejderstedt,FW,23.0,1946.0,0.0
1970,1970 FIFA World Cup,Sweden,SWE,Sten Pålsson,MF,24.0,1945.0,0.0
1970,1970 FIFA World Cup,Uruguay,URY,Ladislao Mazurkiewicz,GK,25.0,1945.0,0.0
1970,1970 FIFA World Cup,Uruguay,URY,Atilio Ancheta,DF,21.0,1948.0,0.0
1970,1970 FIFA World Cup,Uruguay,URY,Roberto Matosas,DF,30.0,1940.0,0.0
1970,1970 FIFA World Cup,Uruguay,URY,Luis Ubiña,DF,29.0,1940.0,0.0
1970,1970 FIFA World Cup,Uruguay,URY,Julio Montero Castillo,MF,26.0,1944.0,0.0
1970,1970 FIFA World Cup,Uruguay,URY,Juan Mujica,DF,26.0,1943.0,1.0
1970,1970 FIFA World Cup,Uruguay,URY,Luis Cubilla,FW,30.0,1940.0,1.0
1970,1970 FIFA World Cup,Uruguay,URY,Pedro Rocha,MF,27.0,1942.0,0.0
1970,1970 FIFA World Cup,Uruguay,URY,Víctor Espárrago,MF,25.0,1944.0,1.0
1970,1970 FIFA World Cup,Uruguay,URY,Ildo Maneiro,MF,22.0,1947.0,1.0
1970,1970 FIFA World Cup,Uruguay,URY,Julio Morales,FW,25.0,1945.0,0.0
1970,1970 FIFA World Cup,Uruguay,URY,Héctor Santos,GK,25.0,1944.0,0.0
1970,1970 FIFA World Cup,Uruguay,URY,Rodolfo Sandoval,DF,21.0,1948.0,0.0
1970,1970 FIFA World Cup,Uruguay,URY,Francisco Cámera,DF,26.0,1944.0,0.0
1970,1970 FIFA World Cup,Uruguay,URY,Dagoberto Fontes,MF,26.0,1943.0,0.0
1970,1970 FIFA World Cup,Uruguay,URY,Omar Caetano,DF,31.0,1938.0,0.0
1970,1970 FIFA World Cup,Uruguay,URY,Rúben Bareño,FW,26.0,1944.0,0.0
1970,1970 FIFA World Cup,Uruguay,URY,Alberto Gómez,FW,25.0,1944.0,0.0
1970,1970 FIFA World Cup,Uruguay,URY,Oscar Zubia,FW,24.0,1946.0,0.0
1970,1970 FIFA World Cup,Uruguay,URY,Julio César Cortés,MF,29.0,1941.0,0.0
1970,1970 FIFA World Cup,Uruguay,URY,Julio Losada,FW,19.0,1950.0,0.0
1970,1970 FIFA World Cup,Uruguay,URY,Walter Corbo,GK,21.0,1949.0,0.0
1970,1970 FIFA World Cup,West Germany,DEU,Sepp Maier,GK,26.0,1944.0,0.0
1970,1970 FIFA World Cup,West Germany,DEU,Horst-Dieter Höttges,DF,26.0,1943.0,0.0
1970,1970 FIFA World Cup,West Germany,DEU,Karl-Heinz Schnellinger,DF,31.0,1939.0,1.0
1970,1970 FIFA World Cup,West Germany,DEU,Franz Beckenbauer,MF,24.0,1945.0,1.0
1970,1970 FIFA World Cup,West Germany,DEU,Willi Schulz,DF,31.0,1938.0,0.0
1970,1970 FIFA World Cup,West Germany,DEU,Wolfgang Weber,MF,25.0,1944.0,0.0
1970,1970 FIFA World Cup,West Germany,DEU,Berti Vogts,DF,23.0,1946.0,0.0
1970,1970 FIFA World Cup,West Germany,DEU,Helmut Haller,FW,30.0,1939.0,0.0
1970,1970 FIFA World Cup,West Germany,DEU,Uwe Seeler,FW,33.0,1936.0,3.0
1970,1970 FIFA World Cup,West Germany,DEU,Sigfried Held,FW,27.0,1942.0,0.0
1970,1970 FIFA World Cup,West Germany,DEU,Klaus Fichtel,DF,25.0,1944.0,0.0
1970,1970 FIFA World Cup,West Germany,DEU,Wolfgang Overath,MF,26.0,1943.0,1.0
1970,1970 FIFA World Cup,West Germany,DEU,Gerd Müller,FW,24.0,1945.0,10.0
1970,1970 FIFA World Cup,West Germany,DEU,Reinhard Libuda,FW,26.0,1943.0,1.0
1970,1970 FIFA World Cup,West Germany,DEU,Bernd Patzke,DF,27.0,1943.0,0.0
1970,1970 FIFA World Cup,West Germany,DEU,Max Lorenz,MF,30.0,1939.0,0.0
1970,1970 FIFA World Cup,West Germany,DEU,Hannes Löhr,FW,27.0,1942.0,0.0
1970,1970 FIFA World Cup,West Germany,DEU,Klaus-Dieter Sieloff,DF,28.0,1942.0,0.0
1970,1970 FIFA World Cup,West Germany,DEU,Peter Dietrich,MF,26.0,1944.0,0.0
1970,1970 FIFA World Cup,West Germany,DEU,Jürgen Grabowski,FW,25.0,1944.0,0.0
1970,1970 FIFA World Cup,West Germany,DEU,Manfred Manglitz,GK,30.0,1940.0,0.0
1970,1970 FIFA World Cup,West Germany,DEU,Horst Wolter,GK,27.0,1942.0,0.0
1974,1974 FIFA World Cup,Argentina,ARG,Daniel Carnevali,GK,27.0,1946.0,0.0
1974,1974 FIFA World Cup,Argentina,ARG,Rubén Ayala,FW,24.0,1950.0,1.0
1974,1974 FIFA World Cup,Argentina,ARG,Carlos Babington,MF,24.0,1949.0,1.0
1974,1974 FIFA World Cup,Argentina,ARG,Agustín Balbuena,FW,28.0,1945.0,0.0
1974,1974 FIFA World Cup,Argentina,ARG,Ángel Bargas,DF,27.0,1946.0,0.0
1974,1974 FIFA World Cup,Argentina,ARG,Miguel Ángel Brindisi,MF,23.0,1950.0,1.0
1974,1974 FIFA World Cup,Argentina,ARG,Jorge Carrascosa,DF,25.0,1948.0,0.0
1974,1974 FIFA World Cup,Argentina,ARG,Enrique Chazarreta,MF,26.0,1947.0,0.0
1974,1974 FIFA World Cup,Argentina,ARG,Rubén Glaria,DF,26.0,1948.0,0.0
1974,1974 FIFA World Cup,Argentina,ARG,Ramón Heredia,DF,23.0,1951.0,1.0
1974,1974 FIFA World Cup,Argentina,ARG,René Houseman,MF,20.0,1953.0,3.0
1974,1974 FIFA World Cup,Argentina,ARG,Ubaldo Fillol,GK,23.0,1950.0,0.0
1974,1974 FIFA World Cup,Argentina,ARG,Mario Kempes,FW,19.0,1954.0,0.0
1974,1974 FIFA World Cup,Argentina,ARG,Roberto Perfumo,DF,31.0,1942.0,0.0
1974,1974 FIFA World Cup,Argentina,ARG,Aldo Poy,FW,28.0,1945.0,0.0
1974,1974 FIFA World Cup,Argentina,ARG,Francisco Sá,DF,28.0,1945.0,0.0
1974,1974 FIFA World Cup,Argentina,ARG,Carlos Squeo,MF,26.0,1948.0,0.0
1974,1974 FIFA World Cup,Argentina,ARG,Roberto Telch,MF,30.0,1943.0,0.0
1974,1974 FIFA World Cup,Argentina,ARG,Néstor Togneri,MF,31.0,1942.0,0.0
1974,1974 FIFA World Cup,Argentina,ARG,Enrique Wolff,DF,25.0,1949.0,0.0
1974,1974 FIFA World Cup,Argentina,ARG,Miguel Ángel Santoro,GK,32.0,1942.0,0.0
1974,1974 FIFA World Cup,Argentina,ARG,Héctor Yazalde,FW,28.0,1946.0,2.0
1974,1974 FIFA World Cup,Australia,AUS,Jack Reilly,GK,28.0,1945.0,0.0
1974,1974 FIFA World Cup,Australia,AUS,Doug Utjesenovic,DF,27.0,1946.0,0.0
1974,1974 FIFA World Cup,Australia,AUS,Peter Wilson,DF,26.0,1947.0,0.0
1974,1974 FIFA World Cup,Australia,AUS,Manfred Schaefer,DF,31.0,1943.0,0.0
1974,1974 FIFA World Cup,Australia,AUS,Colin Curran,DF,26.0,1947.0,0.0
1974,1974 FIFA World Cup,Australia,AUS,Ray Richards,MF,28.0,1946.0,0.0
1974,1974 FIFA World Cup,Australia,AUS,Jimmy Rooney,MF,28.0,1945.0,0.0
1974,1974 FIFA World Cup,Australia,AUS,Jimmy Mackay,MF,30.0,1943.0,0.0
1974,1974 FIFA World Cup,Australia,AUS,Johnny Warren,MF,31.0,1943.0,0.0
1974,1974 FIFA World Cup,Australia,AUS,Garry Manuel,FW,24.0,1950.0,0.0
1974,1974 FIFA World Cup,Australia,AUS,Attila Abonyi,FW,27.0,1946.0,0.0
1974,1974 FIFA World Cup,Australia,AUS,Adrian Alston,FW,25.0,1949.0,0.0
1974,1974 FIFA World Cup,Australia,AUS,Peter Ollerton,MF,23.0,1951.0,0.0
1974,1974 FIFA World Cup,Australia,AUS,Max Tolson,MF,28.0,1945.0,0.0
1974,1974 FIFA World Cup,Australia,AUS,Harry Williams,DF,23.0,1951.0,0.0
1974,1974 FIFA World Cup,Australia,AUS,Ivo Rudic,DF,32.0,1942.0,0.0
1974,1974 FIFA World Cup,Australia,AUS,Dave Harding,DF,27.0,1946.0,0.0
1974,1974 FIFA World Cup,Australia,AUS,Johnny Watkiss,MF,33.0,1941.0,0.0
1974,1974 FIFA World Cup,Australia,AUS,Ernie Campbell,MF,24.0,1949.0,0.0
1974,1974 FIFA World Cup,Australia,AUS,Branko Buljevic,FW,26.0,1947.0,0.0
1974,1974 FIFA World Cup,Australia,AUS,Jim Milisavljevic,GK,23.0,1951.0,0.0
1974,1974 FIFA World Cup,Australia,AUS,Allan Maher,GK,23.0,1950.0,0.0
1974,1974 FIFA World Cup,Brazil,BRA,Leão,GK,24.0,1949.0,0.0
1974,1974 FIFA World Cup,Brazil,BRA,Luís Pereira,DF,24.0,1949.0,0.0
1974,1974 FIFA World Cup,Brazil,BRA,Marinho Peres,DF,27.0,1947.0,0.0
1974,1974 FIFA World Cup,Brazil,BRA,Zé Maria,DF,25.0,1949.0,0.0
1974,1974 FIFA World Cup,Brazil,BRA,Piazza,MF,31.0,1943.0,0.0
1974,1974 FIFA World Cup,Brazil,BRA,Marinho Chagas,DF,22.0,1952.0,0.0
1974,1974 FIFA World Cup,Brazil,BRA,Jairzinho,FW,29.0,1944.0,2.0
1974,1974 FIFA World Cup,Brazil,BRA,Leivinha,MF,24.0,1949.0,0.0
1974,1974 FIFA World Cup,Brazil,BRA,César,FW,29.0,1945.0,0.0
1974,1974 FIFA World Cup,Brazil,BRA,Rivellino,MF,28.0,1946.0,3.0
1974,1974 FIFA World Cup,Brazil,BRA,Caju,MF,24.0,1949.0,0.0
1974,1974 FIFA World Cup,Brazil,BRA,Renato,GK,29.0,1944.0,0.0
1974,1974 FIFA World Cup,Brazil,BRA,Valdomiro,FW,28.0,1946.0,1.0
1974,1974 FIFA World Cup,Brazil,BRA,Nelinho,DF,23.0,1950.0,0.0
1974,1974 FIFA World Cup,Brazil,BRA,Alfredo,DF,27.0,1946.0,0.0
1974,1974 FIFA World Cup,Brazil,BRA,Marco Antônio,DF,23.0,1951.0,0.0
1974,1974 FIFA World Cup,Brazil,BRA,Carpegiani,MF,25.0,1949.0,0.0
1974,1974 FIFA World Cup,Brazil,BRA,Ademir da Guia,MF,32.0,1942.0,0.0
1974,1974 FIFA World Cup,Brazil,BRA,Mirandinha,FW,22.0,1952.0,0.0
1974,1974 FIFA World Cup,Brazil,BRA,Edu,FW,24.0,1949.0,0.0
1974,1974 FIFA World Cup,Brazil,BRA,Dirceu,FW,21.0,1952.0,0.0
1974,1974 FIFA World Cup,Brazil,BRA,Waldir Peres,GK,23.0,1951.0,0.0
1974,1974 FIFA World Cup,Bulgaria,BGR,Rumyancho Goranov,GK,24.0,1950.0,0.0
1974,1974 FIFA World Cup,Bulgaria,BGR,Ivan Zafirov,DF,26.0,1947.0,0.0
1974,1974 FIFA World Cup,Bulgaria,BGR,Dobromir Zhechev,DF,31.0,1942.0,0.0
1974,1974 FIFA World Cup,Bulgaria,BGR,Stefko Velichkov,MF,25.0,1949.0,0.0
1974,1974 FIFA World Cup,Bulgaria,BGR,Bozhil Kolev,DF,25.0,1949.0,0.0
1974,1974 FIFA World Cup,Bulgaria,BGR,Dimitar Penev,DF,28.0,1945.0,0.0
1974,1974 FIFA World Cup,Bulgaria,BGR,Voyn Voynov,FW,21.0,1952.0,0.0
1974,1974 FIFA World Cup,Bulgaria,BGR,Hristo Bonev,FW,27.0,1947.0,1.0
1974,1974 FIFA World Cup,Bulgaria,BGR,Atanas Mihailov,FW,24.0,1949.0,0.0
1974,1974 FIFA World Cup,Bulgaria,BGR,Ivan Stoyanov,MF,25.0,1949.0,0.0
1974,1974 FIFA World Cup,Bulgaria,BGR,Georgi Denev,MF,24.0,1950.0,0.0
1974,1974 FIFA World Cup,Bulgaria,BGR,Stefan Aladzhov,DF,26.0,1947.0,0.0
1974,1974 FIFA World Cup,Bulgaria,BGR,Mladen Vasilev,DF,26.0,1947.0,0.0
1974,1974 FIFA World Cup,Bulgaria,BGR,Kiril Milanov,FW,25.0,1948.0,0.0
1974,1974 FIFA World Cup,Bulgaria,BGR,Pavel Panov,FW,23.0,1950.0,0.0
1974,1974 FIFA World Cup,Bulgaria,BGR,Bozhidar Grigorov,FW,28.0,1945.0,0.0
1974,1974 FIFA World Cup,Bulgaria,BGR,Asparuh Nikodimov,MF,28.0,1945.0,0.0
1974,1974 FIFA World Cup,Bulgaria,BGR,Tsonyo Vasilev,MF,22.0,1952.0,0.0
1974,1974 FIFA World Cup,Bulgaria,BGR,Kiril Ivkov,MF,27.0,1946.0,0.0
1974,1974 FIFA World Cup,Bulgaria,BGR,Krasimir Borisov,FW,24.0,1950.0,0.0
1974,1974 FIFA World Cup,Bulgaria,BGR,Stefan Staykov,GK,24.0,1949.0,0.0
1974,1974 FIFA World Cup,Bulgaria,BGR,Simeon Simeonov,GK,28.0,1946.0,0.0
1974,1974 FIFA World Cup,Chile,CHL,Leopoldo Vallejos,GK,29.0,1944.0,0.0
1974,1974 FIFA World Cup,Chile,CHL,Rolando García,DF,31.0,1942.0,0.0
1974,1974 FIFA World Cup,Chile,CHL,Alberto Quintano,DF,28.0,1946.0,0.0
1974,1974 FIFA World Cup,Chile,CHL,Antonio Arias,DF,29.0,1944.0,0.0
1974,1974 FIFA World Cup,Chile,CHL,Elías Figueroa,DF,27.0,1946.0,0.0
1974,1974 FIFA World Cup,Chile,CHL,Juan Rodríguez,DF,30.0,1944.0,0.0
1974,1974 FIFA World Cup,Chile,CHL,Carlos Caszely,FW,23.0,1950.0,0.0
1974,1974 FIFA World Cup,Chile,CHL,Francisco Valdés,MF,31.0,1943.0,0.0
1974,1974 FIFA World Cup,Chile,CHL,Sergio Ahumada,FW,25.0,1948.0,1.0
1974,1974 FIFA World Cup,Chile,CHL,Carlos Reinoso,MF,29.0,1945.0,0.0
1974,1974 FIFA World Cup,Chile,CHL,Leonardo Véliz,FW,28.0,1945.0,0.0
1974,1974 FIFA World Cup,Chile,CHL,Juan Machuca,DF,23.0,1951.0,0.0
1974,1974 FIFA World Cup,Chile,CHL,Rafael González,DF,24.0,1950.0,0.0
1974,1974 FIFA World Cup,Chile,CHL,Alfonso Lara,MF,28.0,1946.0,0.0
1974,1974 FIFA World Cup,Chile,CHL,Mario Galindo,DF,22.0,1951.0,0.0
1974,1974 FIFA World Cup,Chile,CHL,Guillermo Páez,MF,29.0,1945.0,0.0
1974,1974 FIFA World Cup,Chile,CHL,Guillermo Yávar,FW,31.0,1943.0,0.0
1974,1974 FIFA World Cup,Chile,CHL,Jorge Socías,MF,22.0,1951.0,0.0
1974,1974 FIFA World Cup,Chile,CHL,Rogelio Farías,MF,24.0,1949.0,0.0
1974,1974 FIFA World Cup,Chile,CHL,Osvaldo Castro,FW,27.0,1947.0,0.0
1974,1974 FIFA World Cup,Chile,CHL,Juan Olivares,GK,33.0,1941.0,0.0
1974,1974 FIFA World Cup,Chile,CHL,Adolfo Nef,GK,28.0,1946.0,0.0
1974,1974 FIFA World Cup,Germany DR,DDR,Jürgen Croy,GK,27.0,1946.0,0.0
1974,1974 FIFA World Cup,Germany DR,DDR,Lothar Kurbjuweit,DF,23.0,1950.0,0.0
1974,1974 FIFA World Cup,Germany DR,DDR,Bernd Bransch,DF,29.0,1944.0,0.0
1974,1974 FIFA World Cup,Germany DR,DDR,Konrad Weise,DF,22.0,1951.0,0.0
1974,1974 FIFA World Cup,Germany DR,DDR,Joachim Fritsche,DF,22.0,1951.0,0.0
1974,1974 FIFA World Cup,Germany DR,DDR,Rüdiger Schnuphase,MF,20.0,1954.0,0.0
1974,1974 FIFA World Cup,Germany DR,DDR,Jürgen Pommerenke,MF,21.0,1953.0,0.0
1974,1974 FIFA World Cup,Germany DR,DDR,Wolfram Löwe,FW,29.0,1945.0,0.0
1974,1974 FIFA World Cup,Germany DR,DDR,Peter Ducke,FW,32.0,1941.0,0.0
1974,1974 FIFA World Cup,Germany DR,DDR,Hans-Jürgen Kreische,FW,26.0,1947.0,0.0
1974,1974 FIFA World Cup,Germany DR,DDR,Joachim Streich,FW,23.0,1951.0,2.0
1974,1974 FIFA World Cup,Germany DR,DDR,Siegmar Wätzlich,DF,26.0,1947.0,0.0
1974,1974 FIFA World Cup,Germany DR,DDR,Reinhard Lauck,MF,27.0,1946.0,0.0
1974,1974 FIFA World Cup,Germany DR,DDR,Jürgen Sparwasser,MF,26.0,1948.0,1.0
1974,1974 FIFA World Cup,Germany DR,DDR,Eberhard Vogel,FW,31.0,1943.0,0.0
1974,1974 FIFA World Cup,Germany DR,DDR,Harald Irmscher,MF,28.0,1946.0,0.0
1974,1974 FIFA World Cup,Germany DR,DDR,Erich Hamann,MF,29.0,1944.0,0.0
1974,1974 FIFA World Cup,Germany DR,DDR,Gerd Kische,DF,22.0,1951.0,0.0
1974,1974 FIFA World Cup,Germany DR,DDR,Wolfgang Seguin,MF,28.0,1945.0,0.0
1974,1974 FIFA World Cup,Germany DR,DDR,Martin Hoffmann,FW,19.0,1955.0,1.0
1974,1974 FIFA World Cup,Germany DR,DDR,Wolfgang Blochwitz,GK,33.0,1941.0,0.0
1974,1974 FIFA World Cup,Germany DR,DDR,Werner Friese,GK,28.0,1946.0,0.0
1974,1974 FIFA World Cup,Haiti,HTI,Henri Françillon,GK,28.0,1946.0,0.0
1974,1974 FIFA World Cup,Haiti,HTI,Wilfried Louis,DF,24.0,1949.0,0.0
1974,1974 FIFA World Cup,Haiti,HTI,Arsène Auguste,DF,23.0,1951.0,0.0
1974,1974 FIFA World Cup,Haiti,HTI,Fritz André,DF,27.0,1946.0,0.0
1974,1974 FIFA World Cup,Haiti,HTI,Serge Ducosté,DF,30.0,1944.0,0.0
1974,1974 FIFA World Cup,Haiti,HTI,Pierre Bayonne,DF,25.0,1949.0,0.0
1974,1974 FIFA World Cup,Haiti,HTI,Philippe Vorbe,MF,26.0,1947.0,0.0
1974,1974 FIFA World Cup,Haiti,HTI,Jean-Claude Désir,MF,27.0,1946.0,0.0
1974,1974 FIFA World Cup,Haiti,HTI,Eddy Antoine,MF,24.0,1949.0,0.0
1974,1974 FIFA World Cup,Haiti,HTI,Guy François,MF,26.0,1947.0,0.0
1974,1974 FIFA World Cup,Haiti,HTI,Guy Saint-Vil,FW,31.0,1942.0,0.0
1974,1974 FIFA World Cup,Haiti,HTI,Ernst Jean-Joseph,MF,26.0,1948.0,0.0
1974,1974 FIFA World Cup,Haiti,HTI,Serge Racine,DF,22.0,1951.0,0.0
1974,1974 FIFA World Cup,Haiti,HTI,Wilner Nazaire,DF,24.0,1950.0,0.0
1974,1974 FIFA World Cup,Haiti,HTI,Roger Saint-Vil,FW,24.0,1949.0,0.0
1974,1974 FIFA World Cup,Haiti,HTI,Fritz Leandré,FW,26.0,1948.0,0.0
1974,1974 FIFA World Cup,Haiti,HTI,Joseph-Marion Leandré,MF,29.0,1945.0,0.0
1974,1974 FIFA World Cup,Haiti,HTI,Claude Barthélemy,FW,29.0,1945.0,0.0
1974,1974 FIFA World Cup,Haiti,HTI,Jean-Herbert Austin,DF,24.0,1950.0,0.0
1974,1974 FIFA World Cup,Haiti,HTI,Emmanuel Sanon,FW,22.0,1951.0,2.0
1974,1974 FIFA World Cup,Haiti,HTI,Wilner Piquant,GK,24.0,1949.0,0.0
1974,1974 FIFA World Cup,Haiti,HTI,Gérard Joseph,GK,24.0,1949.0,0.0
1974,1974 FIFA World Cup,Italy,ITA,Dino Zoff,GK,32.0,1942.0,0.0
1974,1974 FIFA World Cup,Italy,ITA,Luciano Spinosi,DF,24.0,1950.0,0.0
1974,1974 FIFA World Cup,Italy,ITA,Giacinto Facchetti,DF,31.0,1942.0,0.0
1974,1974 FIFA World Cup,Italy,ITA,Romeo Benetti,MF,28.0,1945.0,1.0
1974,1974 FIFA World Cup,Italy,ITA,Francesco Morini,DF,29.0,1944.0,0.0
1974,1974 FIFA World Cup,Italy,ITA,Tarcisio Burgnich,DF,35.0,1939.0,0.0
1974,1974 FIFA World Cup,Italy,ITA,Sandro Mazzola,MF,31.0,1942.0,0.0
1974,1974 FIFA World Cup,Italy,ITA,Fabio Capello,MF,27.0,1946.0,1.0
1974,1974 FIFA World Cup,Italy,ITA,Giorgio Chinaglia,FW,27.0,1947.0,0.0
1974,1974 FIFA World Cup,Italy,ITA,Gianni Rivera,MF,30.0,1943.0,1.0
1974,1974 FIFA World Cup,Italy,ITA,Gigi Riva,FW,29.0,1944.0,0.0
1974,1974 FIFA World Cup,Italy,ITA,Enrico Albertosi,GK,34.0,1939.0,0.0
1974,1974 FIFA World Cup,Italy,ITA,Giuseppe Sabadini,DF,25.0,1949.0,0.0
1974,1974 FIFA World Cup,Italy,ITA,Mauro Bellugi,DF,24.0,1950.0,0.0
1974,1974 FIFA World Cup,Italy,ITA,Giuseppe Wilson,DF,28.0,1945.0,0.0
1974,1974 FIFA World Cup,Italy,ITA,Antonio Juliano,MF,31.0,1943.0,0.0
1974,1974 FIFA World Cup,Italy,ITA,Luciano Re Cecconi,MF,25.0,1948.0,0.0
1974,1974 FIFA World Cup,Italy,ITA,Franco Causio,MF,25.0,1949.0,0.0
1974,1974 FIFA World Cup,Italy,ITA,Pietro Anastasi,FW,26.0,1948.0,1.0
1974,1974 FIFA World Cup,Italy,ITA,Roberto Boninsegna,FW,30.0,1943.0,0.0
1974,1974 FIFA World Cup,Italy,ITA,Paolo Pulici,FW,24.0,1950.0,0.0
1974,1974 FIFA World Cup,Italy,ITA,Luciano Castellini,GK,28.0,1945.0,0.0
1974,1974 FIFA World Cup,Netherlands,NLD,Ruud Geels,MF,25.0,1948.0,0.0
1974,1974 FIFA World Cup,Netherlands,NLD,Arie Haan,MF,25.0,1948.0,0.0
1974,1974 FIFA World Cup,Netherlands,NLD,Willem van Hanegem,MF,30.0,1944.0,0.0
1974,1974 FIFA World Cup,Netherlands,NLD,Kees van Ierssel,DF,28.0,1945.0,0.0
1974,1974 FIFA World Cup,Netherlands,NLD,Rinus Israël,DF,32.0,1942.0,0.0
1974,1974 FIFA World Cup,Netherlands,NLD,Wim Jansen,DF,27.0,1946.0,0.0
1974,1974 FIFA World Cup,Netherlands,NLD,Theo de Jong,MF,26.0,1947.0,1.0
1974,1974 FIFA World Cup,Netherlands,NLD,Jan Jongbloed,GK,33.0,1940.0,0.0
1974,1974 FIFA World Cup,Netherlands,NLD,Piet Keizer,FW,30.0,1943.0,0.0
1974,1974 FIFA World Cup,Netherlands,NLD,René van de Kerkhof,MF,22.0,1951.0,0.0
1974,1974 FIFA World Cup,Netherlands,NLD,Willy van de Kerkhof,MF,22.0,1951.0,0.0
1974,1974 FIFA World Cup,Netherlands,NLD,Ruud Krol,DF,25.0,1949.0,1.0
1974,1974 FIFA World Cup,Netherlands,NLD,Johan Neeskens,MF,22.0,1951.0,5.0
1974,1974 FIFA World Cup,Netherlands,NLD,Johan Cruyff,MF,27.0,1947.0,3.0
1974,1974 FIFA World Cup,Netherlands,NLD,Rob Rensenbrink,FW,26.0,1947.0,1.0
1974,1974 FIFA World Cup,Netherlands,NLD,Johnny Rep,FW,22.0,1951.0,4.0
1974,1974 FIFA World Cup,Netherlands,NLD,Wim Rijsbergen,DF,22.0,1952.0,0.0
1974,1974 FIFA World Cup,Netherlands,NLD,Piet Schrijvers,GK,27.0,1946.0,0.0
1974,1974 FIFA World Cup,Netherlands,NLD,Pleun Strik,DF,30.0,1944.0,0.0
1974,1974 FIFA World Cup,Netherlands,NLD,Wim Suurbier,DF,29.0,1945.0,0.0
1974,1974 FIFA World Cup,Netherlands,NLD,Eddy Treijtel,GK,28.0,1946.0,0.0
1974,1974 FIFA World Cup,Netherlands,NLD,Harry Vos,DF,27.0,1946.0,0.0
1974,1974 FIFA World Cup,Poland,POL,Andrzej Fischer,GK,22.0,1952.0,0.0
1974,1974 FIFA World Cup,Poland,POL,Jan Tomaszewski,GK,26.0,1948.0,0.0
1974,1974 FIFA World Cup,Poland,POL,Zygmunt Kalinowski,GK,25.0,1949.0,0.0
1974,1974 FIFA World Cup,Poland,POL,Antoni Szymanowski,DF,23.0,1951.0,0.0
1974,1974 FIFA World Cup,Poland,POL,Zbigniew Gut,DF,25.0,1949.0,0.0
1974,1974 FIFA World Cup,Poland,POL,Jerzy Gorgoń,DF,24.0,1949.0,1.0
1974,1974 FIFA World Cup,Poland,POL,Henryk Wieczorek,MF,24.0,1949.0,0.0
1974,1974 FIFA World Cup,Poland,POL,Mirosław Bulzacki,DF,22.0,1951.0,0.0
1974,1974 FIFA World Cup,Poland,POL,Władysław Żmuda,DF,20.0,1954.0,0.0
1974,1974 FIFA World Cup,Poland,POL,Adam Musiał,DF,25.0,1948.0,0.0
1974,1974 FIFA World Cup,Poland,POL,Lesław Ćmikiewicz,MF,25.0,1948.0,0.0
1974,1974 FIFA World Cup,Poland,POL,Kazimierz Deyna,MF,26.0,1947.0,3.0
1974,1974 FIFA World Cup,Poland,POL,Henryk Kasperczak,MF,27.0,1946.0,0.0
1974,1974 FIFA World Cup,Poland,POL,Zygmunt Maszczyk,MF,29.0,1945.0,0.0
1974,1974 FIFA World Cup,Poland,POL,Roman Jakóbczak,FW,28.0,1946.0,0.0
1974,1974 FIFA World Cup,Poland,POL,Grzegorz Lato,FW,24.0,1950.0,7.0
1974,1974 FIFA World Cup,Poland,POL,Andrzej Szarmach,FW,23.0,1950.0,5.0
1974,1974 FIFA World Cup,Poland,POL,Robert Gadocha,FW,28.0,1946.0,0.0
1974,1974 FIFA World Cup,Poland,POL,Jan Domarski,FW,27.0,1946.0,0.0
1974,1974 FIFA World Cup,Poland,POL,Zdzisław Kapka,FW,19.0,1954.0,0.0
1974,1974 FIFA World Cup,Poland,POL,Kazimierz Kmiecik,FW,22.0,1951.0,0.0
1974,1974 FIFA World Cup,Poland,POL,Marek Kusto,FW,20.0,1954.0,0.0
1974,1974 FIFA World Cup,Scotland,SCO,David Harvey,GK,26.0,1948.0,0.0
1974,1974 FIFA World Cup,Scotland,SCO,Sandy Jardine,DF,25.0,1948.0,0.0
1974,1974 FIFA World Cup,Scotland,SCO,Danny McGrain,DF,24.0,1950.0,0.0
1974,1974 FIFA World Cup,Scotland,SCO,Billy Bremner,MF,31.0,1942.0,0.0
1974,1974 FIFA World Cup,Scotland,SCO,Jim Holton,DF,23.0,1951.0,0.0
1974,1974 FIFA World Cup,Scotland,SCO,John Blackley,DF,26.0,1948.0,0.0
1974,1974 FIFA World Cup,Scotland,SCO,Jimmy Johnstone,MF,29.0,1944.0,0.0
1974,1974 FIFA World Cup,Scotland,SCO,Kenny Dalglish,FW,23.0,1951.0,0.0
1974,1974 FIFA World Cup,Scotland,SCO,Joe Jordan,FW,22.0,1951.0,2.0
1974,1974 FIFA World Cup,Scotland,SCO,David Hay,MF,26.0,1948.0,0.0
1974,1974 FIFA World Cup,Scotland,SCO,Peter Lorimer,FW,27.0,1946.0,1.0
1974,1974 FIFA World Cup,Scotland,SCO,Thomson Allan,GK,27.0,1946.0,0.0
1974,1974 FIFA World Cup,Scotland,SCO,Jim Stewart,GK,20.0,1954.0,0.0
1974,1974 FIFA World Cup,Scotland,SCO,Martin Buchan,DF,25.0,1949.0,0.0
1974,1974 FIFA World Cup,Scotland,SCO,Peter Cormack,MF,27.0,1946.0,0.0
1974,1974 FIFA World Cup,Scotland,SCO,Willie Donachie,DF,22.0,1951.0,0.0
1974,1974 FIFA World Cup,Scotland,SCO,Donald Ford,MF,29.0,1944.0,0.0
1974,1974 FIFA World Cup,Scotland,SCO,Tommy Hutchison,MF,26.0,1947.0,0.0
1974,1974 FIFA World Cup,Scotland,SCO,Denis Law,FW,34.0,1940.0,0.0
1974,1974 FIFA World Cup,Scotland,SCO,Willie Morgan,FW,29.0,1944.0,0.0
1974,1974 FIFA World Cup,Scotland,SCO,Gordon McQueen,DF,21.0,1952.0,0.0
1974,1974 FIFA World Cup,Scotland,SCO,Erich Schaedler,DF,24.0,1949.0,0.0
1974,1974 FIFA World Cup,Sweden,SWE,Ronnie Hellström,GK,25.0,1949.0,0.0
1974,1974 FIFA World Cup,Sweden,SWE,Jan Olsson,DF,32.0,1942.0,0.0
1974,1974 FIFA World Cup,Sweden,SWE,Kent Karlsson,DF,28.0,1945.0,0.0
1974,1974 FIFA World Cup,Sweden,SWE,Björn Nordqvist,DF,31.0,1942.0,0.0
1974,1974 FIFA World Cup,Sweden,SWE,Björn Andersson,DF,22.0,1951.0,0.0
1974,1974 FIFA World Cup,Sweden,SWE,Ove Grahn,MF,31.0,1943.0,0.0
1974,1974 FIFA World Cup,Sweden,SWE,Bo Larsson,MF,30.0,1944.0,0.0
1974,1974 FIFA World Cup,Sweden,SWE,Conny Torstensson,MF,24.0,1949.0,1.0
1974,1974 FIFA World Cup,Sweden,SWE,Ove Kindvall,FW,31.0,1943.0,0.0
1974,1974 FIFA World Cup,Sweden,SWE,Ralf Edström,FW,21.0,1952.0,4.0
1974,1974 FIFA World Cup,Sweden,SWE,Roland Sandberg,FW,27.0,1946.0,2.0
1974,1974 FIFA World Cup,Sweden,SWE,Sven-Gunnar Larsson,GK,34.0,1940.0,0.0
1974,1974 FIFA World Cup,Sweden,SWE,Roland Grip,DF,33.0,1941.0,0.0
1974,1974 FIFA World Cup,Sweden,SWE,Staffan Tapper,MF,25.0,1948.0,0.0
1974,1974 FIFA World Cup,Sweden,SWE,Benno Magnusson,MF,21.0,1953.0,0.0
1974,1974 FIFA World Cup,Sweden,SWE,Inge Ejderstedt,MF,27.0,1946.0,0.0
1974,1974 FIFA World Cup,Sweden,SWE,Göran Hagberg,GK,26.0,1947.0,0.0
1974,1974 FIFA World Cup,Sweden,SWE,Jörgen Augustsson,DF,21.0,1952.0,0.0
1974,1974 FIFA World Cup,Sweden,SWE,Claes Cronqvist,MF,29.0,1944.0,0.0
1974,1974 FIFA World Cup,Sweden,SWE,Sven Lindman,MF,32.0,1942.0,0.0
1974,1974 FIFA World Cup,Sweden,SWE,Örjan Persson,MF,31.0,1942.0,0.0
1974,1974 FIFA World Cup,Sweden,SWE,Thomas Ahlström,MF,21.0,1952.0,0.0
1974,1974 FIFA World Cup,Uruguay,URY,Ladislao Mazurkiewicz,GK,29.0,1945.0,0.0
1974,1974 FIFA World Cup,Uruguay,URY,Baudilio Jáuregui,DF,28.0,1945.0,0.0
1974,1974 FIFA World Cup,Uruguay,URY,Juan Carlos Masnik,DF,31.0,1943.0,0.0
1974,1974 FIFA World Cup,Uruguay,URY,Pablo Forlán,DF,28.0,1945.0,0.0
1974,1974 FIFA World Cup,Uruguay,URY,Julio Montero Castillo,DF,30.0,1944.0,0.0
1974,1974 FIFA World Cup,Uruguay,URY,Ricardo Pavoni,DF,30.0,1943.0,1.0
1974,1974 FIFA World Cup,Uruguay,URY,Luis Cubilla,MF,34.0,1940.0,0.0
1974,1974 FIFA World Cup,Uruguay,URY,Víctor Espárrago,MF,29.0,1944.0,0.0
1974,1974 FIFA World Cup,Uruguay,URY,Fernando Morena,FW,22.0,1952.0,0.0
1974,1974 FIFA World Cup,Uruguay,URY,Pedro Rocha,MF,31.0,1942.0,0.0
1974,1974 FIFA World Cup,Uruguay,URY,Rubén Corbo,FW,22.0,1952.0,0.0
1974,1974 FIFA World Cup,Uruguay,URY,Héctor Santos,GK,29.0,1944.0,0.0
1974,1974 FIFA World Cup,Uruguay,URY,Gustavo de Simone,DF,26.0,1948.0,0.0
1974,1974 FIFA World Cup,Uruguay,URY,Luis Garisto,DF,28.0,1945.0,0.0
1974,1974 FIFA World Cup,Uruguay,URY,Mario González,DF,24.0,1950.0,0.0
1974,1974 FIFA World Cup,Uruguay,URY,Alberto Cardaccio,MF,24.0,1949.0,0.0
1974,1974 FIFA World Cup,Uruguay,URY,Julio César Jiménez,MF,19.0,1954.0,0.0
1974,1974 FIFA World Cup,Uruguay,URY,Walter Mantegazza,MF,21.0,1952.0,0.0
1974,1974 FIFA World Cup,Uruguay,URY,Denis Milar,FW,21.0,1952.0,0.0
1974,1974 FIFA World Cup,Uruguay,URY,Juan Silva,FW,25.0,1948.0,0.0
1974,1974 FIFA World Cup,Uruguay,URY,José Gómez,FW,24.0,1949.0,0.0
1974,1974 FIFA World Cup,Uruguay,URY,Gustavo Fernández,GK,22.0,1952.0,0.0
1974,1974 FIFA World Cup,West Germany,DEU,Sepp Maier,GK,30.0,1944.0,0.0
1974,1974 FIFA World Cup,West Germany,DEU,Berti Vogts,DF,27.0,1946.0,0.0
1974,1974 FIFA World Cup,West Germany,DEU,Paul Breitner,DF,22.0,1951.0,3.0
1974,1974 FIFA World Cup,West Germany,DEU,Hans-Georg Schwarzenbeck,DF,26.0,1948.0,0.0
1974,1974 FIFA World Cup,West Germany,DEU,Franz Beckenbauer,DF,28.0,1945.0,0.0
1974,1974 FIFA World Cup,West Germany,DEU,Horst-Dieter Höttges,DF,30.0,1943.0,0.0
1974,1974 FIFA World Cup,West Germany,DEU,Herbert Wimmer,MF,29.0,1944.0,0.0
1974,1974 FIFA World Cup,West Germany,DEU,Bernhard Cullmann,MF,24.0,1949.0,1.0
1974,1974 FIFA World Cup,West Germany,DEU,Jürgen Grabowski,FW,29.0,1944.0,1.0
1974,1974 FIFA World Cup,West Germany,DEU,Günter Netzer,MF,29.0,1944.0,0.0
1974,1974 FIFA World Cup,West Germany,DEU,Jupp Heynckes,FW,29.0,1945.0,0.0
1974,1974 FIFA World Cup,West Germany,DEU,Wolfgang Overath,MF,30.0,1943.0,2.0
1974,1974 FIFA World Cup,West Germany,DEU,Gerd Müller,FW,28.0,1945.0,4.0
1974,1974 FIFA World Cup,West Germany,DEU,Uli Hoeneß,FW,22.0,1952.0,1.0
1974,1974 FIFA World Cup,West Germany,DEU,Heinz Flohe,MF,26.0,1948.0,0.0
1974,1974 FIFA World Cup,West Germany,DEU,Rainer Bonhof,MF,22.0,1952.0,1.0
1974,1974 FIFA World Cup,West Germany,DEU,Bernd Hölzenbein,FW,28.0,1946.0,0.0
1974,1974 FIFA World Cup,West Germany,DEU,Dieter Herzog,MF,27.0,1946.0,0.0
1974,1974 FIFA World Cup,West Germany,DEU,Jupp Kapellmann,DF,24.0,1949.0,0.0
1974,1974 FIFA World Cup,West Germany,DEU,Helmut Kremers,DF,25.0,1949.0,0.0
1974,1974 FIFA World Cup,West Germany,DEU,Norbert Nigbur,GK,26.0,1948.0,0.0
1974,1974 FIFA World Cup,West Germany,DEU,Wolfgang Kleff,GK,27.0,1946.0,0.0
1974,1974 FIFA World Cup,Yugoslavia,YUG,Enver Marić,GK,26.0,1948.0,0.0
1974,1974 FIFA World Cup,Yugoslavia,YUG,Ivan Buljan,DF,24.0,1949.0,0.0
1974,1974 FIFA World Cup,Yugoslavia,YUG,Enver Hadžiabdić,DF,28.0,1945.0,0.0
1974,1974 FIFA World Cup,Yugoslavia,YUG,Dražen Mužinić,MF,21.0,1953.0,0.0
1974,1974 FIFA World Cup,Yugoslavia,YUG,Josip Katalinski,DF,26.0,1948.0,1.0
1974,1974 FIFA World Cup,Yugoslavia,YUG,Vladislav Bogićević,MF,23.0,1950.0,1.0
1974,1974 FIFA World Cup,Yugoslavia,YUG,Ilija Petković,FW,28.0,1945.0,1.0
1974,1974 FIFA World Cup,Yugoslavia,YUG,Branko Oblak,MF,27.0,1947.0,1.0
1974,1974 FIFA World Cup,Yugoslavia,YUG,Ivica Šurjak,FW,21.0,1953.0,2.0
1974,1974 FIFA World Cup,Yugoslavia,YUG,Jovan Aćimović,MF,25.0,1948.0,0.0
1974,1974 FIFA World Cup,Yugoslavia,YUG,Dragan Džajić,FW,28.0,1946.0,1.0
1974,1974 FIFA World Cup,Yugoslavia,YUG,Jurica Jerković,MF,24.0,1950.0,0.0
1974,1974 FIFA World Cup,Yugoslavia,YUG,Miroslav Pavlović,MF,31.0,1942.0,0.0
1974,1974 FIFA World Cup,Yugoslavia,YUG,Luka Peruzović,DF,22.0,1952.0,0.0
1974,1974 FIFA World Cup,Yugoslavia,YUG,Kiril Dojčinovski,DF,30.0,1943.0,0.0
1974,1974 FIFA World Cup,Yugoslavia,YUG,Franjo Vladić,MF,22.0,1951.0,0.0
1974,1974 FIFA World Cup,Yugoslavia,YUG,Danilo Popivoda,FW,27.0,1947.0,0.0
1974,1974 FIFA World Cup,Yugoslavia,YUG,Stanislav Karasi,FW,27.0,1946.0,2.0
1974,1974 FIFA World Cup,Yugoslavia,YUG,Dušan Bajević,FW,25.0,1948.0,3.0
1974,1974 FIFA World Cup,Yugoslavia,YUG,Vladimir Petrović,FW,18.0,1955.0,0.0
1974,1974 FIFA World Cup,Yugoslavia,YUG,Ognjen Petrović,GK,26.0,1948.0,0.0
1974,1974 FIFA World Cup,Yugoslavia,YUG,Rizah Mešković,GK,26.0,1947.0,0.0
1974,1974 FIFA World Cup,Zaire,COD,Kazadi Mwamba,GK,27.0,1947.0,0.0
1974,1974 FIFA World Cup,Zaire,COD,Mwepu Ilunga,DF,24.0,1949.0,0.0
1974,1974 FIFA World Cup,Zaire,COD,Mwanza Mukombo,DF,28.0,1945.0,0.0
1974,1974 FIFA World Cup,Zaire,COD,Bwanga Tshimen,DF,25.0,1949.0,0.0
1974,1974 FIFA World Cup,Zaire,COD,Lobilo Boba,DF,24.0,1950.0,0.0
1974,1974 FIFA World Cup,Zaire,COD,Kilasu Massamba,MF,23.0,1950.0,0.0
1974,1974 FIFA World Cup,Zaire,COD,Martin Kamunda Tshinabu,MF,28.0,1946.0,0.0
1974,1974 FIFA World Cup,Zaire,COD,Mana Mamuwene,MF,26.0,1947.0,0.0
1974,1974 FIFA World Cup,Zaire,COD,Jean Kembo Uba-Kembo,MF,26.0,1947.0,0.0
1974,1974 FIFA World Cup,Zaire,COD,Kidumu Mantantu,MF,27.0,1946.0,0.0
1974,1974 FIFA World Cup,Zaire,COD,Kabasu Babo,DF,24.0,1950.0,0.0
1974,1974 FIFA World Cup,Zaire,COD,Tubilandu Ndimbi,GK,26.0,1948.0,0.0
1974,1974 FIFA World Cup,Zaire,COD,Ndaye Mulamba,MF,25.0,1948.0,0.0
1974,1974 FIFA World Cup,Zaire,COD,Mayanga Maku,FW,25.0,1948.0,0.0
1974,1974 FIFA World Cup,Zaire,COD,Kibonge Mafu,MF,29.0,1945.0,0.0
1974,1974 FIFA World Cup,Zaire,COD,Mwape Mialo,DF,22.0,1951.0,0.0
1974,1974 FIFA World Cup,Zaire,COD,Kafula Ngoie,MF,28.0,1945.0,0.0
1974,1974 FIFA World Cup,Zaire,COD,Mavuba Mafuila,FW,24.0,1949.0,0.0
1974,1974 FIFA World Cup,Zaire,COD,Mbungu Ekofa,FW,25.0,1948.0,0.0
1974,1974 FIFA World Cup,Zaire,COD,Jean Kalala N'Tumba,FW,25.0,1949.0,0.0
1974,1974 FIFA World Cup,Zaire,COD,Kakoko Etepe,FW,23.0,1950.0,0.0
1974,1974 FIFA World Cup,Zaire,COD,Kalambay Otepa,GK,25.0,1948.0,0.0
1978,1978 FIFA World Cup,Argentina,ARG,Norberto Alonso,MF,25.0,1953.0,0.0
1978,1978 FIFA World Cup,Argentina,ARG,Osvaldo Ardiles,MF,25.0,1952.0,0.0
1978,1978 FIFA World Cup,Argentina,ARG,Héctor Baley,GK,27.0,1950.0,0.0
1978,1978 FIFA World Cup,Argentina,ARG,Daniel Bertoni,FW,23.0,1955.0,2.0
1978,1978 FIFA World Cup,Argentina,ARG,Ubaldo Fillol,GK,27.0,1950.0,0.0
1978,1978 FIFA World Cup,Argentina,ARG,Américo Gallego,MF,23.0,1955.0,0.0
1978,1978 FIFA World Cup,Argentina,ARG,Luis Galván,DF,30.0,1948.0,0.0
1978,1978 FIFA World Cup,Argentina,ARG,Rubén Galván,MF,26.0,1952.0,0.0
1978,1978 FIFA World Cup,Argentina,ARG,René Houseman,FW,24.0,1953.0,1.0
1978,1978 FIFA World Cup,Argentina,ARG,Mario Kempes,FW,23.0,1954.0,6.0
1978,1978 FIFA World Cup,Argentina,ARG,Daniel Killer,DF,28.0,1949.0,0.0
1978,1978 FIFA World Cup,Argentina,ARG,Omar Larrosa,MF,30.0,1947.0,0.0
1978,1978 FIFA World Cup,Argentina,ARG,Ricardo La Volpe,GK,26.0,1952.0,0.0
1978,1978 FIFA World Cup,Argentina,ARG,Leopoldo Luque,FW,29.0,1949.0,4.0
1978,1978 FIFA World Cup,Argentina,ARG,Jorge Olguín,DF,26.0,1952.0,0.0
1978,1978 FIFA World Cup,Argentina,ARG,Oscar Ortiz,FW,25.0,1953.0,0.0
1978,1978 FIFA World Cup,Argentina,ARG,Miguel Oviedo,MF,27.0,1950.0,0.0
1978,1978 FIFA World Cup,Argentina,ARG,Rubén Pagnanini,DF,29.0,1949.0,0.0
1978,1978 FIFA World Cup,Argentina,ARG,Daniel Passarella,DF,25.0,1953.0,1.0
1978,1978 FIFA World Cup,Argentina,ARG,Alberto Tarantini,DF,22.0,1955.0,1.0
1978,1978 FIFA World Cup,Argentina,ARG,José Daniel Valencia,MF,22.0,1955.0,0.0
1978,1978 FIFA World Cup,Argentina,ARG,Ricardo Villa,MF,25.0,1952.0,0.0
1978,1978 FIFA World Cup,Austria,AUT,Friedrich Koncilia,GK,30.0,1948.0,0.0
1978,1978 FIFA World Cup,Austria,AUT,Robert Sara,DF,31.0,1946.0,0.0
1978,1978 FIFA World Cup,Austria,AUT,Erich Obermayer,DF,25.0,1953.0,1.0
1978,1978 FIFA World Cup,Austria,AUT,Gerhard Breitenberger,DF,23.0,1954.0,0.0
1978,1978 FIFA World Cup,Austria,AUT,Bruno Pezzey,DF,23.0,1955.0,0.0
1978,1978 FIFA World Cup,Austria,AUT,Roland Hattenberger,MF,29.0,1948.0,0.0
1978,1978 FIFA World Cup,Austria,AUT,Josef Hickersberger,MF,30.0,1948.0,0.0
1978,1978 FIFA World Cup,Austria,AUT,Herbert Prohaska,MF,22.0,1955.0,0.0
1978,1978 FIFA World Cup,Austria,AUT,Hans Krankl,FW,25.0,1953.0,4.0
1978,1978 FIFA World Cup,Austria,AUT,Wilhelm Kreuz,FW,29.0,1949.0,0.0
1978,1978 FIFA World Cup,Austria,AUT,Kurt Jara,MF,27.0,1950.0,0.0
1978,1978 FIFA World Cup,Austria,AUT,Eduard Krieger,MF,31.0,1946.0,0.0
1978,1978 FIFA World Cup,Austria,AUT,Günther Happich,MF,26.0,1952.0,0.0
1978,1978 FIFA World Cup,Austria,AUT,Heinrich Strasser,DF,29.0,1948.0,0.0
1978,1978 FIFA World Cup,Austria,AUT,Heribert Weber,DF,22.0,1955.0,0.0
1978,1978 FIFA World Cup,Austria,AUT,Peter Persidis,DF,31.0,1947.0,0.0
1978,1978 FIFA World Cup,Austria,AUT,Franz Oberacher,FW,24.0,1954.0,0.0
1978,1978 FIFA World Cup,Austria,AUT,Walter Schachner,FW,21.0,1957.0,1.0
1978,1978 FIFA World Cup,Austria,AUT,Hans Pirkner,FW,32.0,1946.0,0.0
1978,1978 FIFA World Cup,Austria,AUT,Ernst Baumeister,MF,21.0,1957.0,0.0
1978,1978 FIFA World Cup,Austria,AUT,Erwin Fuchsbichler,GK,26.0,1952.0,0.0
1978,1978 FIFA World Cup,Austria,AUT,Hubert Baumgartner,GK,23.0,1955.0,0.0
1978,1978 FIFA World Cup,Brazil,BRA,Leão,GK,28.0,1949.0,0.0
1978,1978 FIFA World Cup,Brazil,BRA,Toninho,DF,29.0,1948.0,0.0
1978,1978 FIFA World Cup,Brazil,BRA,Oscar,DF,23.0,1954.0,0.0
1978,1978 FIFA World Cup,Brazil,BRA,Amaral,DF,23.0,1954.0,0.0
1978,1978 FIFA World Cup,Brazil,BRA,Toninho Cerezo,MF,23.0,1955.0,0.0
1978,1978 FIFA World Cup,Brazil,BRA,Edinho,DF,22.0,1955.0,0.0
1978,1978 FIFA World Cup,Brazil,BRA,Zé Sérgio,FW,21.0,1957.0,0.0
1978,1978 FIFA World Cup,Brazil,BRA,Zico,MF,25.0,1953.0,1.0
1978,1978 FIFA World Cup,Brazil,BRA,Reinaldo,FW,21.0,1957.0,1.0
1978,1978 FIFA World Cup,Brazil,BRA,Rivellino,FW,32.0,1946.0,0.0
1978,1978 FIFA World Cup,Brazil,BRA,Dirceu,MF,25.0,1952.0,3.0
1978,1978 FIFA World Cup,Brazil,BRA,Carlos,GK,22.0,1956.0,0.0
1978,1978 FIFA World Cup,Brazil,BRA,Nelinho,DF,27.0,1950.0,2.0
1978,1978 FIFA World Cup,Brazil,BRA,Abel,DF,25.0,1952.0,0.0
1978,1978 FIFA World Cup,Brazil,BRA,Polozzi,DF,22.0,1955.0,0.0
1978,1978 FIFA World Cup,Brazil,BRA,Rodrigues Neto,DF,28.0,1949.0,0.0
1978,1978 FIFA World Cup,Brazil,BRA,Batista,MF,23.0,1955.0,0.0
1978,1978 FIFA World Cup,Brazil,BRA,Gil,FW,27.0,1950.0,0.0
1978,1978 FIFA World Cup,Brazil,BRA,Jorge Mendonça,FW,23.0,1954.0,0.0
1978,1978 FIFA World Cup,Brazil,BRA,Roberto Dinamite,FW,24.0,1954.0,3.0
1978,1978 FIFA World Cup,Brazil,BRA,Chicão,MF,29.0,1949.0,0.0
1978,1978 FIFA World Cup,Brazil,BRA,Waldir Peres,GK,27.0,1951.0,0.0
1978,1978 FIFA World Cup,France,FRA,Dominique Baratelli,GK,30.0,1947.0,0.0
1978,1978 FIFA World Cup,France,FRA,Patrick Battiston,DF,21.0,1957.0,0.0
1978,1978 FIFA World Cup,France,FRA,Maxime Bossis,DF,22.0,1955.0,0.0
1978,1978 FIFA World Cup,France,FRA,Gérard Janvion,DF,24.0,1953.0,0.0
1978,1978 FIFA World Cup,France,FRA,François Bracci,DF,26.0,1951.0,0.0
1978,1978 FIFA World Cup,France,FRA,Christian Lopez,DF,25.0,1953.0,1.0
1978,1978 FIFA World Cup,France,FRA,Patrice Rio,DF,29.0,1948.0,0.0
1978,1978 FIFA World Cup,France,FRA,Marius Trésor,DF,28.0,1950.0,0.0
1978,1978 FIFA World Cup,France,FRA,Dominique Bathenay,MF,24.0,1954.0,0.0
1978,1978 FIFA World Cup,France,FRA,Jean-Marc Guillou,MF,32.0,1945.0,0.0
1978,1978 FIFA World Cup,France,FRA,Henri Michel,MF,30.0,1947.0,0.0
1978,1978 FIFA World Cup,France,FRA,Claude Papi,MF,29.0,1949.0,0.0
1978,1978 FIFA World Cup,France,FRA,Jean Petit,MF,28.0,1949.0,0.0
1978,1978 FIFA World Cup,France,FRA,Marc Berdoll,FW,25.0,1953.0,1.0
1978,1978 FIFA World Cup,France,FRA,Michel Platini,MF,22.0,1955.0,1.0
1978,1978 FIFA World Cup,France,FRA,Christian Dalger,FW,28.0,1949.0,0.0
1978,1978 FIFA World Cup,France,FRA,Bernard Lacombe,FW,25.0,1952.0,1.0
1978,1978 FIFA World Cup,France,FRA,Dominique Rocheteau,MF,23.0,1955.0,1.0
1978,1978 FIFA World Cup,France,FRA,Didier Six,MF,23.0,1954.0,0.0
1978,1978 FIFA World Cup,France,FRA,Olivier Rouyer,FW,22.0,1955.0,0.0
1978,1978 FIFA World Cup,France,FRA,Jean-Paul Bertrand-Demanes,GK,26.0,1952.0,0.0
1978,1978 FIFA World Cup,France,FRA,Dominique Dropsy,GK,26.0,1951.0,0.0
1978,1978 FIFA World Cup,Hungary,HUN,Sándor Gujdár,GK,26.0,1951.0,0.0
1978,1978 FIFA World Cup,Hungary,HUN,Péter Török,DF,27.0,1951.0,0.0
1978,1978 FIFA World Cup,Hungary,HUN,István Kocsis,DF,28.0,1949.0,0.0
1978,1978 FIFA World Cup,Hungary,HUN,József Tóth,MF,26.0,1951.0,0.0
1978,1978 FIFA World Cup,Hungary,HUN,Sándor Zombori,MF,26.0,1951.0,1.0
1978,1978 FIFA World Cup,Hungary,HUN,Zoltán Kereki,DF,24.0,1953.0,0.0
1978,1978 FIFA World Cup,Hungary,HUN,László Fazekas,FW,30.0,1947.0,0.0
1978,1978 FIFA World Cup,Hungary,HUN,Tibor Nyilasi,FW,23.0,1955.0,0.0
1978,1978 FIFA World Cup,Hungary,HUN,András Törőcsik,FW,23.0,1955.0,0.0
1978,1978 FIFA World Cup,Hungary,HUN,Sándor Pintér,MF,27.0,1950.0,0.0
1978,1978 FIFA World Cup,Hungary,HUN,Béla Várady,FW,25.0,1953.0,0.0
1978,1978 FIFA World Cup,Hungary,HUN,Győző Martos,DF,28.0,1949.0,0.0
1978,1978 FIFA World Cup,Hungary,HUN,Károly Csapó,MF,26.0,1952.0,1.0
1978,1978 FIFA World Cup,Hungary,HUN,László Bálint,DF,30.0,1948.0,0.0
1978,1978 FIFA World Cup,Hungary,HUN,Tibor Rab,DF,22.0,1955.0,0.0
1978,1978 FIFA World Cup,Hungary,HUN,István Halász,MF,26.0,1951.0,0.0
1978,1978 FIFA World Cup,Hungary,HUN,László Pusztai,FW,32.0,1946.0,0.0
1978,1978 FIFA World Cup,Hungary,HUN,László Nagy,MF,28.0,1949.0,0.0
1978,1978 FIFA World Cup,Hungary,HUN,András Tóth,FW,28.0,1949.0,1.0
1978,1978 FIFA World Cup,Hungary,HUN,Ferenc Fülöp,MF,23.0,1955.0,0.0
1978,1978 FIFA World Cup,Hungary,HUN,Ferenc Mészáros,GK,28.0,1950.0,0.0
1978,1978 FIFA World Cup,Hungary,HUN,László Kovács,GK,27.0,1951.0,0.0
1978,1978 FIFA World Cup,IR Iran,IRN,Nasser Hejazi,GK,28.0,1949.0,0.0
1978,1978 FIFA World Cup,IR Iran,IRN,Iraj Danaeifard,MF,27.0,1951.0,1.0
1978,1978 FIFA World Cup,IR Iran,IRN,Behtash Fariba,FW,23.0,1955.0,0.0
1978,1978 FIFA World Cup,IR Iran,IRN,Majid Bishkar,FW,21.0,1956.0,0.0
1978,1978 FIFA World Cup,IR Iran,IRN,Javad Allahverdi,DF,23.0,1954.0,0.0
1978,1978 FIFA World Cup,IR Iran,IRN,Hassan Nayebagha,MF,27.0,1950.0,0.0
1978,1978 FIFA World Cup,IR Iran,IRN,Ali Parvin,MF,31.0,1946.0,0.0
1978,1978 FIFA World Cup,IR Iran,IRN,Ebrahim Ghasempour,MF,21.0,1956.0,0.0
1978,1978 FIFA World Cup,IR Iran,IRN,Mohammad Sadeghi,MF,27.0,1951.0,0.0
1978,1978 FIFA World Cup,IR Iran,IRN,Hassan Roshan,FW,22.0,1955.0,1.0
1978,1978 FIFA World Cup,IR Iran,IRN,Ali Reza Ghesghayan,DF,24.0,1954.0,0.0
1978,1978 FIFA World Cup,IR Iran,IRN,Bahram Mavaddat,GK,28.0,1950.0,0.0
1978,1978 FIFA World Cup,IR Iran,IRN,Hamid Majd Teymouri,FW,24.0,1953.0,0.0
1978,1978 FIFA World Cup,IR Iran,IRN,Hassan Nazari,DF,22.0,1955.0,0.0
1978,1978 FIFA World Cup,IR Iran,IRN,Andranik Eskandarian,DF,26.0,1951.0,0.0
1978,1978 FIFA World Cup,IR Iran,IRN,Nasser Nouraei,FW,21.0,1956.0,0.0
1978,1978 FIFA World Cup,IR Iran,IRN,Ghafour Jahani,FW,27.0,1950.0,0.0
1978,1978 FIFA World Cup,IR Iran,IRN,Hossein Faraki,FW,22.0,1956.0,0.0
1978,1978 FIFA World Cup,IR Iran,IRN,Ali Shojaei,MF,25.0,1953.0,0.0
1978,1978 FIFA World Cup,IR Iran,IRN,Nasrollah Abdollahi,DF,26.0,1951.0,0.0
1978,1978 FIFA World Cup,IR Iran,IRN,Hossein Kazerani,DF,31.0,1947.0,0.0
1978,1978 FIFA World Cup,IR Iran,IRN,Rasoul Korbekandi,GK,25.0,1953.0,0.0
1978,1978 FIFA World Cup,Italy,ITA,Dino Zoff,GK,36.0,1942.0,0.0
1978,1978 FIFA World Cup,Italy,ITA,Mauro Bellugi,DF,28.0,1950.0,0.0
1978,1978 FIFA World Cup,Italy,ITA,Antonio Cabrini,DF,20.0,1957.0,0.0
1978,1978 FIFA World Cup,Italy,ITA,Antonello Cuccureddu,DF,28.0,1949.0,0.0
1978,1978 FIFA World Cup,Italy,ITA,Claudio Gentile,DF,24.0,1953.0,0.0
1978,1978 FIFA World Cup,Italy,ITA,Aldo Maldera,DF,24.0,1953.0,0.0
1978,1978 FIFA World Cup,Italy,ITA,Lionello Manfredonia,DF,21.0,1956.0,0.0
1978,1978 FIFA World Cup,Italy,ITA,Gaetano Scirea,DF,25.0,1953.0,0.0
1978,1978 FIFA World Cup,Italy,ITA,Giancarlo Antognoni,MF,24.0,1954.0,0.0
1978,1978 FIFA World Cup,Italy,ITA,Romeo Benetti,MF,32.0,1945.0,1.0
1978,1978 FIFA World Cup,Italy,ITA,Eraldo Pecci,MF,23.0,1955.0,0.0
1978,1978 FIFA World Cup,Italy,ITA,Paolo Conti,GK,28.0,1950.0,0.0
1978,1978 FIFA World Cup,Italy,ITA,Patrizio Sala,MF,22.0,1955.0,0.0
1978,1978 FIFA World Cup,Italy,ITA,Marco Tardelli,MF,23.0,1954.0,0.0
1978,1978 FIFA World Cup,Italy,ITA,Renato Zaccarelli,MF,27.0,1951.0,1.0
1978,1978 FIFA World Cup,Italy,ITA,Franco Causio,MF,29.0,1949.0,1.0
1978,1978 FIFA World Cup,Italy,ITA,Claudio Sala,MF,30.0,1947.0,0.0
1978,1978 FIFA World Cup,Italy,ITA,Roberto Bettega,FW,27.0,1950.0,2.0
1978,1978 FIFA World Cup,Italy,ITA,Francesco Graziani,FW,25.0,1952.0,0.0
1978,1978 FIFA World Cup,Italy,ITA,Paolo Pulici,FW,28.0,1950.0,0.0
1978,1978 FIFA World Cup,Italy,ITA,Paolo Rossi,FW,21.0,1956.0,3.0
1978,1978 FIFA World Cup,Italy,ITA,Ivano Bordon,GK,27.0,1951.0,0.0
1978,1978 FIFA World Cup,Mexico,MEX,José Pilar Reyes,GK,22.0,1955.0,0.0
1978,1978 FIFA World Cup,Mexico,MEX,Manuel Nájera,DF,25.0,1952.0,0.0
1978,1978 FIFA World Cup,Mexico,MEX,Alfredo Tena,DF,21.0,1956.0,0.0
1978,1978 FIFA World Cup,Mexico,MEX,Eduardo Ramos,DF,28.0,1949.0,0.0
1978,1978 FIFA World Cup,Mexico,MEX,Arturo Vázquez Ayala,DF,28.0,1949.0,1.0
1978,1978 FIFA World Cup,Mexico,MEX,Guillermo Mendizábal,MF,23.0,1954.0,0.0
1978,1978 FIFA World Cup,Mexico,MEX,Antonio de la Torre,MF,26.0,1951.0,0.0
1978,1978 FIFA World Cup,Mexico,MEX,Enrique López Zarza,MF,20.0,1957.0,0.0
1978,1978 FIFA World Cup,Mexico,MEX,Víctor Rangel,FW,21.0,1957.0,1.0
1978,1978 FIFA World Cup,Mexico,MEX,Cristóbal Ortega,FW,21.0,1956.0,0.0
1978,1978 FIFA World Cup,Mexico,MEX,Hugo Sánchez,FW,19.0,1958.0,0.0
1978,1978 FIFA World Cup,Mexico,MEX,Jesús Martínez,DF,25.0,1952.0,0.0
1978,1978 FIFA World Cup,Mexico,MEX,Rigoberto Cisneros,DF,24.0,1953.0,0.0
1978,1978 FIFA World Cup,Mexico,MEX,Carlos Gómez,DF,25.0,1952.0,0.0
1978,1978 FIFA World Cup,Mexico,MEX,Ignacio Flores Ocaranza,DF,24.0,1953.0,0.0
1978,1978 FIFA World Cup,Mexico,MEX,Javier Cárdenas,MF,25.0,1952.0,0.0
1978,1978 FIFA World Cup,Mexico,MEX,Leonardo Cuéllar,MF,26.0,1952.0,0.0
1978,1978 FIFA World Cup,Mexico,MEX,Gerardo Lugo,MF,23.0,1955.0,0.0
1978,1978 FIFA World Cup,Mexico,MEX,Hugo René Rodríguez,FW,19.0,1959.0,0.0
1978,1978 FIFA World Cup,Mexico,MEX,Mario Medina,FW,25.0,1952.0,0.0
1978,1978 FIFA World Cup,Mexico,MEX,Raúl Isiordia,FW,25.0,1952.0,0.0
1978,1978 FIFA World Cup,Mexico,MEX,Pedro Soto,GK,25.0,1952.0,0.0
1978,1978 FIFA World Cup,Netherlands,NLD,Piet Schrijvers,GK,31.0,1946.0,0.0
1978,1978 FIFA World Cup,Netherlands,NLD,Jan Poortvliet,DF,22.0,1955.0,0.0
1978,1978 FIFA World Cup,Netherlands,NLD,Dick Schoenaker,MF,25.0,1952.0,0.0
1978,1978 FIFA World Cup,Netherlands,NLD,Adrie van Kraay,DF,24.0,1953.0,0.0
1978,1978 FIFA World Cup,Netherlands,NLD,Ruud Krol,DF,29.0,1949.0,0.0
1978,1978 FIFA World Cup,Netherlands,NLD,Wim Jansen,MF,31.0,1946.0,0.0
1978,1978 FIFA World Cup,Netherlands,NLD,Piet Wildschut,DF,20.0,1957.0,0.0
1978,1978 FIFA World Cup,Netherlands,NLD,Jan Jongbloed,GK,37.0,1940.0,0.0
1978,1978 FIFA World Cup,Netherlands,NLD,Arie Haan,MF,29.0,1948.0,2.0
1978,1978 FIFA World Cup,Netherlands,NLD,René van de Kerkhof,MF,26.0,1951.0,1.0
1978,1978 FIFA World Cup,Netherlands,NLD,Willy van de Kerkhof,MF,26.0,1951.0,1.0
1978,1978 FIFA World Cup,Netherlands,NLD,Rob Rensenbrink,FW,30.0,1947.0,5.0
1978,1978 FIFA World Cup,Netherlands,NLD,Johan Neeskens,MF,26.0,1951.0,0.0
1978,1978 FIFA World Cup,Netherlands,NLD,Johan Boskamp,MF,29.0,1948.0,0.0
1978,1978 FIFA World Cup,Netherlands,NLD,Hugo Hovenkamp,DF,27.0,1950.0,0.0
1978,1978 FIFA World Cup,Netherlands,NLD,Johnny Rep,FW,26.0,1951.0,3.0
1978,1978 FIFA World Cup,Netherlands,NLD,Wim Rijsbergen,DF,26.0,1952.0,0.0
1978,1978 FIFA World Cup,Netherlands,NLD,Dick Nanninga,FW,29.0,1949.0,1.0
1978,1978 FIFA World Cup,Netherlands,NLD,Pim Doesburg,GK,34.0,1943.0,0.0
1978,1978 FIFA World Cup,Netherlands,NLD,Wim Suurbier,DF,33.0,1945.0,0.0
1978,1978 FIFA World Cup,Netherlands,NLD,Harry Lubse,FW,26.0,1951.0,0.0
1978,1978 FIFA World Cup,Netherlands,NLD,Ernie Brandts,DF,22.0,1956.0,2.0
1978,1978 FIFA World Cup,Peru,PER,Ottorino Sartor,GK,32.0,1945.0,0.0
1978,1978 FIFA World Cup,Peru,PER,Jaime Duarte,DF,23.0,1955.0,0.0
1978,1978 FIFA World Cup,Peru,PER,Rodolfo Manzo,DF,28.0,1949.0,0.0
1978,1978 FIFA World Cup,Peru,PER,Héctor Chumpitaz,DF,34.0,1944.0,0.0
1978,1978 FIFA World Cup,Peru,PER,Rubén Toribio Díaz,DF,26.0,1952.0,0.0
1978,1978 FIFA World Cup,Peru,PER,José Velásquez,MF,25.0,1952.0,1.0
1978,1978 FIFA World Cup,Peru,PER,Juan Muñante,FW,29.0,1948.0,0.0
1978,1978 FIFA World Cup,Peru,PER,César Cueto,MF,25.0,1952.0,1.0
1978,1978 FIFA World Cup,Peru,PER,Percy Rojas,MF,28.0,1949.0,0.0
1978,1978 FIFA World Cup,Peru,PER,Teófilo Cubillas,MF,29.0,1949.0,5.0
1978,1978 FIFA World Cup,Peru,PER,Carlos Juan Oblitas,FW,27.0,1951.0,0.0
1978,1978 FIFA World Cup,Peru,PER,Roberto Mosquera,FW,21.0,1956.0,0.0
1978,1978 FIFA World Cup,Peru,PER,Juan Cáceres,GK,28.0,1949.0,0.0
1978,1978 FIFA World Cup,Peru,PER,José Navarro,DF,29.0,1948.0,0.0
1978,1978 FIFA World Cup,Peru,PER,Germán Leguía,MF,24.0,1954.0,0.0
1978,1978 FIFA World Cup,Peru,PER,Raúl Gorriti,MF,21.0,1956.0,0.0
1978,1978 FIFA World Cup,Peru,PER,Alfredo Quesada,MF,28.0,1949.0,0.0
1978,1978 FIFA World Cup,Peru,PER,Ernesto Labarthe,MF,21.0,1956.0,0.0
1978,1978 FIFA World Cup,Peru,PER,Guillermo La Rosa,FW,25.0,1952.0,0.0
1978,1978 FIFA World Cup,Peru,PER,Hugo Sotil,FW,29.0,1949.0,0.0
1978,1978 FIFA World Cup,Peru,PER,Ramón Quiroga,GK,27.0,1950.0,0.0
1978,1978 FIFA World Cup,Peru,PER,Roberto Rojas,DF,22.0,1955.0,0.0
1978,1978 FIFA World Cup,Poland,POL,Jan Tomaszewski,GK,30.0,1948.0,0.0
1978,1978 FIFA World Cup,Poland,POL,Włodzimierz Mazur,FW,24.0,1954.0,0.0
1978,1978 FIFA World Cup,Poland,POL,Henryk Maculewicz,DF,28.0,1950.0,0.0
1978,1978 FIFA World Cup,Poland,POL,Antoni Szymanowski,DF,27.0,1951.0,0.0
1978,1978 FIFA World Cup,Poland,POL,Adam Nawałka,MF,20.0,1957.0,0.0
1978,1978 FIFA World Cup,Poland,POL,Jerzy Gorgoń,DF,28.0,1949.0,0.0
1978,1978 FIFA World Cup,Poland,POL,Andrzej Iwan,FW,18.0,1959.0,0.0
1978,1978 FIFA World Cup,Poland,POL,Henryk Kasperczak,MF,31.0,1946.0,0.0
1978,1978 FIFA World Cup,Poland,POL,Władysław Żmuda,DF,23.0,1954.0,0.0
1978,1978 FIFA World Cup,Poland,POL,Wojciech Rudy,DF,25.0,1952.0,0.0
1978,1978 FIFA World Cup,Poland,POL,Bohdan Masztaler,MF,28.0,1949.0,0.0
1978,1978 FIFA World Cup,Poland,POL,Kazimierz Deyna,MF,30.0,1947.0,1.0
1978,1978 FIFA World Cup,Poland,POL,Janusz Kupcewicz,DF,22.0,1955.0,0.0
1978,1978 FIFA World Cup,Poland,POL,Mirosław Justek,DF,29.0,1948.0,0.0
1978,1978 FIFA World Cup,Poland,POL,Marek Kusto,MF,24.0,1954.0,0.0
1978,1978 FIFA World Cup,Poland,POL,Grzegorz Lato,FW,28.0,1950.0,2.0
1978,1978 FIFA World Cup,Poland,POL,Andrzej Szarmach,FW,27.0,1950.0,1.0
1978,1978 FIFA World Cup,Poland,POL,Zbigniew Boniek,MF,22.0,1956.0,2.0
1978,1978 FIFA World Cup,Poland,POL,Włodzimierz Lubański,FW,31.0,1947.0,0.0
1978,1978 FIFA World Cup,Poland,POL,Roman Wójcicki,DF,20.0,1958.0,0.0
1978,1978 FIFA World Cup,Poland,POL,Zygmunt Kukla,GK,30.0,1948.0,0.0
1978,1978 FIFA World Cup,Poland,POL,Zdzisław Kostrzewa,GK,22.0,1955.0,0.0
1978,1978 FIFA World Cup,Scotland,SCO,Alan Rough,GK,26.0,1951.0,0.0
1978,1978 FIFA World Cup,Scotland,SCO,Sandy Jardine,DF,29.0,1948.0,0.0
1978,1978 FIFA World Cup,Scotland,SCO,Willie Donachie,DF,26.0,1951.0,0.0
1978,1978 FIFA World Cup,Scotland,SCO,Martin Buchan,DF,29.0,1949.0,0.0
1978,1978 FIFA World Cup,Scotland,SCO,Gordon McQueen,DF,25.0,1952.0,0.0
1978,1978 FIFA World Cup,Scotland,SCO,Bruce Rioch,MF,30.0,1947.0,0.0
1978,1978 FIFA World Cup,Scotland,SCO,Don Masson,MF,31.0,1946.0,0.0
1978,1978 FIFA World Cup,Scotland,SCO,Kenny Dalglish,FW,27.0,1951.0,1.0
1978,1978 FIFA World Cup,Scotland,SCO,Joe Jordan,FW,26.0,1951.0,1.0
1978,1978 FIFA World Cup,Scotland,SCO,Asa Hartford,MF,27.0,1950.0,0.0
1978,1978 FIFA World Cup,Scotland,SCO,Willie Johnston,MF,31.0,1946.0,0.0
1978,1978 FIFA World Cup,Scotland,SCO,Jim Blyth,GK,23.0,1955.0,0.0
1978,1978 FIFA World Cup,Scotland,SCO,Stuart Kennedy,DF,25.0,1953.0,0.0
1978,1978 FIFA World Cup,Scotland,SCO,Tom Forsyth,DF,29.0,1949.0,0.0
1978,1978 FIFA World Cup,Scotland,SCO,Archie Gemmill,MF,31.0,1947.0,2.0
1978,1978 FIFA World Cup,Scotland,SCO,Lou Macari,FW,28.0,1949.0,0.0
1978,1978 FIFA World Cup,Scotland,SCO,Derek Johnstone,FW,24.0,1953.0,0.0
1978,1978 FIFA World Cup,Scotland,SCO,Graeme Souness,MF,25.0,1953.0,0.0
1978,1978 FIFA World Cup,Scotland,SCO,John Robertson,FW,25.0,1953.0,0.0
1978,1978 FIFA World Cup,Scotland,SCO,Bobby Clark,GK,32.0,1945.0,0.0
1978,1978 FIFA World Cup,Scotland,SCO,Joe Harper,FW,30.0,1948.0,0.0
1978,1978 FIFA World Cup,Scotland,SCO,Kenny Burns,DF,24.0,1953.0,0.0
1978,1978 FIFA World Cup,Spain,ESP,Luis Arconada,GK,23.0,1954.0,0.0
1978,1978 FIFA World Cup,Spain,ESP,Antonio de la Cruz,DF,31.0,1947.0,0.0
1978,1978 FIFA World Cup,Spain,ESP,Francisco Javier Uría,DF,28.0,1950.0,0.0
1978,1978 FIFA World Cup,Spain,ESP,Juan Manuel Asensi,MF,28.0,1949.0,1.0
1978,1978 FIFA World Cup,Spain,ESP,Migueli,DF,26.0,1951.0,0.0
1978,1978 FIFA World Cup,Spain,ESP,Antonio Biosca,DF,29.0,1948.0,0.0
1978,1978 FIFA World Cup,Spain,ESP,Dani,FW,26.0,1951.0,1.0
1978,1978 FIFA World Cup,Spain,ESP,Juanito,FW,23.0,1954.0,0.0
1978,1978 FIFA World Cup,Spain,ESP,Quini,FW,28.0,1949.0,0.0
1978,1978 FIFA World Cup,Spain,ESP,Santillana,FW,25.0,1952.0,0.0
1978,1978 FIFA World Cup,Spain,ESP,Julio Cardeñosa,MF,28.0,1949.0,0.0
1978,1978 FIFA World Cup,Spain,ESP,Antonio Guzmán,MF,24.0,1953.0,0.0
1978,1978 FIFA World Cup,Spain,ESP,Miguel Ángel,GK,30.0,1947.0,0.0
1978,1978 FIFA World Cup,Spain,ESP,Eugenio Leal,MF,25.0,1953.0,0.0
1978,1978 FIFA World Cup,Spain,ESP,Marañón,FW,29.0,1948.0,0.0
1978,1978 FIFA World Cup,Spain,ESP,Antonio Olmo,DF,24.0,1954.0,0.0
1978,1978 FIFA World Cup,Spain,ESP,Marcelino,DF,22.0,1955.0,0.0
1978,1978 FIFA World Cup,Spain,ESP,Pirri,DF,33.0,1945.0,0.0
1978,1978 FIFA World Cup,Spain,ESP,Carles Rexach,MF,31.0,1947.0,0.0
1978,1978 FIFA World Cup,Spain,ESP,Rubén Cano,FW,27.0,1951.0,0.0
1978,1978 FIFA World Cup,Spain,ESP,Isidoro San José,DF,22.0,1955.0,0.0
1978,1978 FIFA World Cup,Spain,ESP,Urruti,GK,26.0,1952.0,0.0
1978,1978 FIFA World Cup,Sweden,SWE,Ronnie Hellström,GK,29.0,1949.0,0.0
1978,1978 FIFA World Cup,Sweden,SWE,Hasse Borg,DF,24.0,1953.0,0.0
1978,1978 FIFA World Cup,Sweden,SWE,Roy Andersson,DF,28.0,1949.0,0.0
1978,1978 FIFA World Cup,Sweden,SWE,Björn Nordqvist,MF,35.0,1942.0,0.0
1978,1978 FIFA World Cup,Sweden,SWE,Ingemar Erlandsson,DF,20.0,1957.0,0.0
1978,1978 FIFA World Cup,Sweden,SWE,Staffan Tapper,MF,29.0,1948.0,0.0
1978,1978 FIFA World Cup,Sweden,SWE,Anders Linderoth,MF,28.0,1950.0,0.0
1978,1978 FIFA World Cup,Sweden,SWE,Bo Larsson,FW,34.0,1944.0,0.0
1978,1978 FIFA World Cup,Sweden,SWE,Lennart Larsson,MF,24.0,1953.0,0.0
1978,1978 FIFA World Cup,Sweden,SWE,Thomas Sjöberg,FW,25.0,1952.0,1.0
1978,1978 FIFA World Cup,Sweden,SWE,Benny Wendt,FW,27.0,1950.0,0.0
1978,1978 FIFA World Cup,Sweden,SWE,Göran Hagberg,GK,30.0,1947.0,0.0
1978,1978 FIFA World Cup,Sweden,SWE,Magnus Andersson,DF,20.0,1958.0,0.0
1978,1978 FIFA World Cup,Sweden,SWE,Ronald Åhman,MF,21.0,1957.0,0.0
1978,1978 FIFA World Cup,Sweden,SWE,Torbjörn Nilsson,FW,23.0,1954.0,0.0
1978,1978 FIFA World Cup,Sweden,SWE,Conny Torstensson,FW,28.0,1949.0,0.0
1978,1978 FIFA World Cup,Sweden,SWE,Jan Möller,GK,24.0,1953.0,0.0
1978,1978 FIFA World Cup,Sweden,SWE,Olle Nordin,MF,28.0,1949.0,0.0
1978,1978 FIFA World Cup,Sweden,SWE,Kent Karlsson,DF,32.0,1945.0,0.0
1978,1978 FIFA World Cup,Sweden,SWE,Roland Andersson,DF,28.0,1950.0,0.0
1978,1978 FIFA World Cup,Sweden,SWE,Sanny Åslund,FW,25.0,1952.0,0.0
1978,1978 FIFA World Cup,Sweden,SWE,Ralf Edström,FW,25.0,1952.0,0.0
1978,1978 FIFA World Cup,Tunisia,TUN,Sadok Sassi,GK,32.0,1945.0,0.0
1978,1978 FIFA World Cup,Tunisia,TUN,Mokhtar Dhouib,DF,26.0,1952.0,1.0
1978,1978 FIFA World Cup,Tunisia,TUN,Ali Kaabi,DF,24.0,1953.0,1.0
1978,1978 FIFA World Cup,Tunisia,TUN,Khaled Gasmi,MF,25.0,1953.0,0.0
1978,1978 FIFA World Cup,Tunisia,TUN,Mohsen Labidi,DF,24.0,1954.0,0.0
1978,1978 FIFA World Cup,Tunisia,TUN,Néjib Ghommidh,MF,25.0,1953.0,1.0
1978,1978 FIFA World Cup,Tunisia,TUN,Témime Lahzami,FW,29.0,1949.0,0.0
1978,1978 FIFA World Cup,Tunisia,TUN,Hamadi Agrebi,MF,27.0,1951.0,0.0
1978,1978 FIFA World Cup,Tunisia,TUN,Mohamed Akid,FW,28.0,1949.0,0.0
1978,1978 FIFA World Cup,Tunisia,TUN,Tarak Dhiab,MF,23.0,1954.0,0.0
1978,1978 FIFA World Cup,Tunisia,TUN,Abderraouf Ben Aziza,FW,24.0,1953.0,0.0
1978,1978 FIFA World Cup,Tunisia,TUN,Khemais Labidi,MF,27.0,1950.0,0.0
1978,1978 FIFA World Cup,Tunisia,TUN,Néjib Limam,FW,24.0,1953.0,0.0
1978,1978 FIFA World Cup,Tunisia,TUN,Slah Karoui,FW,26.0,1951.0,0.0
1978,1978 FIFA World Cup,Tunisia,TUN,Mohamed Ben Mouza,FW,24.0,1954.0,0.0
1978,1978 FIFA World Cup,Tunisia,TUN,Ohman Chehaibi,FW,23.0,1954.0,0.0
1978,1978 FIFA World Cup,Tunisia,TUN,Ridha El Louze,DF,25.0,1953.0,0.0
1978,1978 FIFA World Cup,Tunisia,TUN,Kamel Chebli,DF,24.0,1954.0,0.0
1978,1978 FIFA World Cup,Tunisia,TUN,Mokhtar Hasni,FW,26.0,1952.0,0.0
1978,1978 FIFA World Cup,Tunisia,TUN,Amor Jebali,DF,21.0,1956.0,0.0
1978,1978 FIFA World Cup,Tunisia,TUN,Lamine Ben Aziza,GK,25.0,1952.0,0.0
1978,1978 FIFA World Cup,Tunisia,TUN,Mokhtar Naili,GK,24.0,1953.0,0.0
1978,1978 FIFA World Cup,West Germany,DEU,Sepp Maier,GK,34.0,1944.0,0.0
1978,1978 FIFA World Cup,West Germany,DEU,Berti Vogts,DF,31.0,1946.0,0.0
1978,1978 FIFA World Cup,West Germany,DEU,Bernard Dietz,DF,30.0,1948.0,0.0
1978,1978 FIFA World Cup,West Germany,DEU,Rolf Rüssmann,MF,27.0,1950.0,0.0
1978,1978 FIFA World Cup,West Germany,DEU,Manfred Kaltz,DF,25.0,1953.0,0.0
1978,1978 FIFA World Cup,West Germany,DEU,Rainer Bonhof,MF,26.0,1952.0,0.0
1978,1978 FIFA World Cup,West Germany,DEU,Rüdiger Abramczik,FW,22.0,1956.0,1.0
1978,1978 FIFA World Cup,West Germany,DEU,Herbert Zimmermann,FW,23.0,1954.0,0.0
1978,1978 FIFA World Cup,West Germany,DEU,Klaus Fischer,FW,28.0,1949.0,0.0
1978,1978 FIFA World Cup,West Germany,DEU,Heinz Flohe,MF,30.0,1948.0,2.0
1978,1978 FIFA World Cup,West Germany,DEU,Karl-Heinz Rummenigge,FW,22.0,1955.0,3.0
1978,1978 FIFA World Cup,West Germany,DEU,Hans-Georg Schwarzenbeck,DF,30.0,1948.0,0.0
1978,1978 FIFA World Cup,West Germany,DEU,Harald Konopka,DF,25.0,1952.0,0.0
1978,1978 FIFA World Cup,West Germany,DEU,Dieter Müller,FW,24.0,1954.0,2.0
1978,1978 FIFA World Cup,West Germany,DEU,Erich Beer,MF,31.0,1946.0,0.0
1978,1978 FIFA World Cup,West Germany,DEU,Bernhard Cullmann,MF,28.0,1949.0,0.0
1978,1978 FIFA World Cup,West Germany,DEU,Bernd Hölzenbein,FW,32.0,1946.0,1.0
1978,1978 FIFA World Cup,West Germany,DEU,Gerd Zewe,MF,27.0,1950.0,0.0
1978,1978 FIFA World Cup,West Germany,DEU,Ronald Worm,FW,24.0,1953.0,0.0
1978,1978 FIFA World Cup,West Germany,DEU,Hansi Müller,MF,20.0,1957.0,1.0
1978,1978 FIFA World Cup,West Germany,DEU,Rudolf Kargus,GK,25.0,1952.0,0.0
1978,1978 FIFA World Cup,West Germany,DEU,Dieter Burdenski,GK,27.0,1950.0,0.0
1982,1982 FIFA World Cup,Algeria,DZA,Mehdi Cerbah,GK,29.0,1953.0,0.0
1982,1982 FIFA World Cup,Algeria,DZA,Mahmoud Guendouz,DF,29.0,1953.0,0.0
1982,1982 FIFA World Cup,Algeria,DZA,Mustafa Kouici,DF,28.0,1954.0,0.0
1982,1982 FIFA World Cup,Algeria,DZA,Nourredine Kourichi,DF,28.0,1954.0,0.0
1982,1982 FIFA World Cup,Algeria,DZA,Chaabane Merzekane,DF,23.0,1959.0,0.0
1982,1982 FIFA World Cup,Algeria,DZA,Ali Bencheikh,FW,27.0,1955.0,0.0
1982,1982 FIFA World Cup,Algeria,DZA,Salah Assad,FW,24.0,1958.0,2.0
1982,1982 FIFA World Cup,Algeria,DZA,Ali Fergani,MF,29.0,1952.0,0.0
1982,1982 FIFA World Cup,Algeria,DZA,Tedj Bensaoula,FW,27.0,1954.0,1.0
1982,1982 FIFA World Cup,Algeria,DZA,Lakhdar Belloumi,MF,23.0,1958.0,1.0
1982,1982 FIFA World Cup,Algeria,DZA,Rabah Madjer,FW,23.0,1958.0,1.0
1982,1982 FIFA World Cup,Algeria,DZA,Salah Larbes,MF,29.0,1952.0,0.0
1982,1982 FIFA World Cup,Algeria,DZA,Hocine Yahi,MF,22.0,1960.0,0.0
1982,1982 FIFA World Cup,Algeria,DZA,Djamel Zidane,FW,27.0,1955.0,0.0
1982,1982 FIFA World Cup,Algeria,DZA,Mustapha Dahleb,MF,30.0,1952.0,0.0
1982,1982 FIFA World Cup,Algeria,DZA,Faouzi Mansouri,DF,26.0,1956.0,0.0
1982,1982 FIFA World Cup,Algeria,DZA,Abdelkader Horr,DF,28.0,1953.0,0.0
1982,1982 FIFA World Cup,Algeria,DZA,Karim Maroc,MF,24.0,1958.0,0.0
1982,1982 FIFA World Cup,Algeria,DZA,Djamel Tlemçani,MF,27.0,1955.0,0.0
1982,1982 FIFA World Cup,Algeria,DZA,Abdelmajid Bourebbou,FW,31.0,1951.0,0.0
1982,1982 FIFA World Cup,Algeria,DZA,Mourad Amara,GK,23.0,1959.0,0.0
1982,1982 FIFA World Cup,Algeria,DZA,Yacine Bentalaa,GK,26.0,1955.0,0.0
1982,1982 FIFA World Cup,Argentina,ARG,Osvaldo Ardiles,MF,29.0,1952.0,1.0
1982,1982 FIFA World Cup,Argentina,ARG,Héctor Baley,GK,31.0,1950.0,0.0
1982,1982 FIFA World Cup,Argentina,ARG,Juan Barbas,MF,22.0,1959.0,0.0
1982,1982 FIFA World Cup,Argentina,ARG,Daniel Bertoni,FW,27.0,1955.0,2.0
1982,1982 FIFA World Cup,Argentina,ARG,Gabriel Calderón,FW,22.0,1960.0,0.0
1982,1982 FIFA World Cup,Argentina,ARG,Ramón Díaz,FW,22.0,1959.0,1.0
1982,1982 FIFA World Cup,Argentina,ARG,Ubaldo Fillol,GK,31.0,1950.0,0.0
1982,1982 FIFA World Cup,Argentina,ARG,Luis Galván,DF,34.0,1948.0,0.0
1982,1982 FIFA World Cup,Argentina,ARG,Américo Gallego,MF,27.0,1955.0,0.0
1982,1982 FIFA World Cup,Argentina,ARG,Diego Maradona,MF,21.0,1960.0,2.0
1982,1982 FIFA World Cup,Argentina,ARG,Mario Kempes,FW,27.0,1954.0,0.0
1982,1982 FIFA World Cup,Argentina,ARG,Patricio Hernández,MF,25.0,1956.0,0.0
1982,1982 FIFA World Cup,Argentina,ARG,Julio Olarticoechea,DF,23.0,1958.0,0.0
1982,1982 FIFA World Cup,Argentina,ARG,Jorge Olguín,DF,30.0,1952.0,0.0
1982,1982 FIFA World Cup,Argentina,ARG,Daniel Passarella,DF,29.0,1953.0,2.0
1982,1982 FIFA World Cup,Argentina,ARG,Nery Pumpido,GK,24.0,1957.0,0.0
1982,1982 FIFA World Cup,Argentina,ARG,Santiago Santamaría,FW,29.0,1952.0,0.0
1982,1982 FIFA World Cup,Argentina,ARG,Alberto Tarantini,DF,26.0,1955.0,0.0
1982,1982 FIFA World Cup,Argentina,ARG,Enzo Trossero,DF,29.0,1953.0,0.0
1982,1982 FIFA World Cup,Argentina,ARG,Jorge Valdano,FW,26.0,1955.0,0.0
1982,1982 FIFA World Cup,Argentina,ARG,José Daniel Valencia,MF,26.0,1955.0,0.0
1982,1982 FIFA World Cup,Argentina,ARG,José Van Tuyne,DF,27.0,1954.0,0.0
1982,1982 FIFA World Cup,Austria,AUT,Friedrich Koncilia,GK,34.0,1948.0,0.0
1982,1982 FIFA World Cup,Austria,AUT,Bernd Krauss,DF,25.0,1957.0,0.0
1982,1982 FIFA World Cup,Austria,AUT,Erich Obermayer,DF,29.0,1953.0,0.0
1982,1982 FIFA World Cup,Austria,AUT,Josef Degeorgi,DF,22.0,1960.0,0.0
1982,1982 FIFA World Cup,Austria,AUT,Bruno Pezzey,DF,27.0,1955.0,1.0
1982,1982 FIFA World Cup,Austria,AUT,Roland Hattenberger,MF,33.0,1948.0,0.0
1982,1982 FIFA World Cup,Austria,AUT,Walter Schachner,FW,25.0,1957.0,2.0
1982,1982 FIFA World Cup,Austria,AUT,Herbert Prohaska,MF,26.0,1955.0,0.0
1982,1982 FIFA World Cup,Austria,AUT,Hans Krankl,FW,29.0,1953.0,1.0
1982,1982 FIFA World Cup,Austria,AUT,Reinhold Hintermaier,MF,26.0,1956.0,1.0
1982,1982 FIFA World Cup,Austria,AUT,Kurt Jara,MF,31.0,1950.0,0.0
1982,1982 FIFA World Cup,Austria,AUT,Anton Pichler,DF,26.0,1955.0,0.0
1982,1982 FIFA World Cup,Austria,AUT,Max Hagmayr,FW,25.0,1956.0,0.0
1982,1982 FIFA World Cup,Austria,AUT,Ernst Baumeister,MF,25.0,1957.0,0.0
1982,1982 FIFA World Cup,Austria,AUT,Johann Dihanich,MF,23.0,1958.0,0.0
1982,1982 FIFA World Cup,Austria,AUT,Gerald Messlender,DF,20.0,1961.0,0.0
1982,1982 FIFA World Cup,Austria,AUT,Johann Pregesbauer,DF,27.0,1955.0,0.0
1982,1982 FIFA World Cup,Austria,AUT,Gernot Jurtin,FW,26.0,1955.0,0.0
1982,1982 FIFA World Cup,Austria,AUT,Heribert Weber,DF,26.0,1955.0,0.0
1982,1982 FIFA World Cup,Austria,AUT,Kurt Welzl,FW,27.0,1954.0,0.0
1982,1982 FIFA World Cup,Austria,AUT,Herbert Feurer,GK,28.0,1954.0,0.0
1982,1982 FIFA World Cup,Austria,AUT,Klaus Lindenberger,GK,25.0,1957.0,0.0
1982,1982 FIFA World Cup,Belgium,BEL,Jean-Marie Pfaff,GK,28.0,1953.0,0.0
1982,1982 FIFA World Cup,Belgium,BEL,Eric Gerets,DF,28.0,1954.0,0.0
1982,1982 FIFA World Cup,Belgium,BEL,Luc Millecamps,DF,30.0,1951.0,0.0
1982,1982 FIFA World Cup,Belgium,BEL,Walter Meeuws,DF,30.0,1951.0,0.0
1982,1982 FIFA World Cup,Belgium,BEL,Michel Renquin,DF,26.0,1955.0,0.0
1982,1982 FIFA World Cup,Belgium,BEL,Franky Vercauteren,FW,25.0,1956.0,0.0
1982,1982 FIFA World Cup,Belgium,BEL,Jos Daerden,MF,27.0,1954.0,0.0
1982,1982 FIFA World Cup,Belgium,BEL,Wilfried Van Moer,MF,37.0,1945.0,0.0
1982,1982 FIFA World Cup,Belgium,BEL,Erwin Vandenbergh,FW,23.0,1959.0,1.0
1982,1982 FIFA World Cup,Belgium,BEL,Ludo Coeck,MF,26.0,1955.0,1.0
1982,1982 FIFA World Cup,Belgium,BEL,Jan Ceulemans,MF,25.0,1957.0,0.0
1982,1982 FIFA World Cup,Belgium,BEL,Theo Custers,GK,31.0,1950.0,0.0
1982,1982 FIFA World Cup,Belgium,BEL,François Van Der Elst,FW,27.0,1954.0,0.0
1982,1982 FIFA World Cup,Belgium,BEL,Marc Baecke,DF,25.0,1956.0,0.0
1982,1982 FIFA World Cup,Belgium,BEL,Maurits De Schrijver,DF,30.0,1951.0,0.0
1982,1982 FIFA World Cup,Belgium,BEL,Gerard Plessers,DF,23.0,1959.0,0.0
1982,1982 FIFA World Cup,Belgium,BEL,René Verheyen,MF,30.0,1952.0,0.0
1982,1982 FIFA World Cup,Belgium,BEL,Raymond Mommens,FW,23.0,1958.0,0.0
1982,1982 FIFA World Cup,Belgium,BEL,Marc Millecamps,MF,31.0,1950.0,0.0
1982,1982 FIFA World Cup,Belgium,BEL,Guy Vandersmissen,MF,24.0,1957.0,0.0
1982,1982 FIFA World Cup,Belgium,BEL,Alexandre Czerniatynski,FW,21.0,1960.0,1.0
1982,1982 FIFA World Cup,Belgium,BEL,Jacky Munaron,GK,25.0,1956.0,0.0
1982,1982 FIFA World Cup,Brazil,BRA,Waldir Peres,GK,31.0,1951.0,0.0
1982,1982 FIFA World Cup,Brazil,BRA,Leandro,DF,23.0,1959.0,0.0
1982,1982 FIFA World Cup,Brazil,BRA,Oscar,DF,27.0,1954.0,1.0
1982,1982 FIFA World Cup,Brazil,BRA,Luizinho,DF,23.0,1958.0,0.0
1982,1982 FIFA World Cup,Brazil,BRA,Toninho Cerezo,MF,27.0,1955.0,0.0
1982,1982 FIFA World Cup,Brazil,BRA,Júnior,DF,27.0,1954.0,1.0
1982,1982 FIFA World Cup,Brazil,BRA,Paulo Isidoro,MF,28.0,1953.0,0.0
1982,1982 FIFA World Cup,Brazil,BRA,Sócrates,MF,28.0,1954.0,2.0
1982,1982 FIFA World Cup,Brazil,BRA,Serginho,FW,28.0,1953.0,2.0
1982,1982 FIFA World Cup,Brazil,BRA,Zico,MF,29.0,1953.0,4.0
1982,1982 FIFA World Cup,Brazil,BRA,Éder,FW,25.0,1957.0,2.0
1982,1982 FIFA World Cup,Brazil,BRA,Paulo Sérgio,GK,27.0,1954.0,0.0
1982,1982 FIFA World Cup,Brazil,BRA,Edevaldo,DF,24.0,1958.0,0.0
1982,1982 FIFA World Cup,Brazil,BRA,Juninho,DF,23.0,1958.0,0.0
1982,1982 FIFA World Cup,Brazil,BRA,Falcão,MF,28.0,1953.0,3.0
1982,1982 FIFA World Cup,Brazil,BRA,Edinho,DF,27.0,1955.0,0.0
1982,1982 FIFA World Cup,Brazil,BRA,Pedrinho,DF,24.0,1957.0,0.0
1982,1982 FIFA World Cup,Brazil,BRA,Batista,MF,27.0,1955.0,0.0
1982,1982 FIFA World Cup,Brazil,BRA,Renato,MF,25.0,1957.0,0.0
1982,1982 FIFA World Cup,Brazil,BRA,Roberto Dinamite,FW,28.0,1954.0,0.0
1982,1982 FIFA World Cup,Brazil,BRA,Dirceu,MF,29.0,1952.0,0.0
1982,1982 FIFA World Cup,Brazil,BRA,Carlos,GK,26.0,1956.0,0.0
1982,1982 FIFA World Cup,Cameroon,CMR,Thomas N'Kono,GK,25.0,1956.0,0.0
1982,1982 FIFA World Cup,Cameroon,CMR,Michel Kaham,DF,30.0,1952.0,0.0
1982,1982 FIFA World Cup,Cameroon,CMR,Edmond Enoka,DF,26.0,1955.0,0.0
1982,1982 FIFA World Cup,Cameroon,CMR,René N'Djeya,DF,28.0,1953.0,0.0
1982,1982 FIFA World Cup,Cameroon,CMR,Elie Onana,DF,30.0,1951.0,0.0
1982,1982 FIFA World Cup,Cameroon,CMR,Emmanuel Kundé,DF,25.0,1956.0,0.0
1982,1982 FIFA World Cup,Cameroon,CMR,Ephrem M'Bom,MF,27.0,1954.0,0.0
1982,1982 FIFA World Cup,Cameroon,CMR,Grégoire M'Bida,MF,27.0,1955.0,1.0
1982,1982 FIFA World Cup,Cameroon,CMR,Roger Milla,FW,30.0,1952.0,0.0
1982,1982 FIFA World Cup,Cameroon,CMR,Jean-Pierre Tokoto,MF,34.0,1948.0,0.0
1982,1982 FIFA World Cup,Cameroon,CMR,Charles Toubé,MF,24.0,1958.0,0.0
1982,1982 FIFA World Cup,Cameroon,CMR,Joseph-Antoine Bell,GK,27.0,1954.0,0.0
1982,1982 FIFA World Cup,Cameroon,CMR,Paul Bahoken,FW,26.0,1955.0,0.0
1982,1982 FIFA World Cup,Cameroon,CMR,Théophile Abega,MF,27.0,1954.0,0.0
1982,1982 FIFA World Cup,Cameroon,CMR,François N'Doumbé,DF,28.0,1954.0,0.0
1982,1982 FIFA World Cup,Cameroon,CMR,Ibrahim Aoudou,DF,26.0,1955.0,0.0
1982,1982 FIFA World Cup,Cameroon,CMR,Joseph Kamga,MF,28.0,1953.0,0.0
1982,1982 FIFA World Cup,Cameroon,CMR,Jacques N'Guea,FW,26.0,1955.0,0.0
1982,1982 FIFA World Cup,Cameroon,CMR,Joseph Enanga,MF,23.0,1958.0,0.0
1982,1982 FIFA World Cup,Cameroon,CMR,Oscar Eyobo,FW,20.0,1961.0,0.0
1982,1982 FIFA World Cup,Cameroon,CMR,Ernest Ebongué,FW,20.0,1962.0,0.0
1982,1982 FIFA World Cup,Cameroon,CMR,Simon Tchobang,GK,30.0,1951.0,0.0
1982,1982 FIFA World Cup,Chile,CHL,Oscar Wirth,GK,26.0,1955.0,0.0
1982,1982 FIFA World Cup,Chile,CHL,Lizardo Garrido,DF,24.0,1957.0,0.0
1982,1982 FIFA World Cup,Chile,CHL,René Valenzuela,DF,27.0,1955.0,0.0
1982,1982 FIFA World Cup,Chile,CHL,Vladimir Bigorra,DF,27.0,1954.0,0.0
1982,1982 FIFA World Cup,Chile,CHL,Elías Figueroa,DF,35.0,1946.0,0.0
1982,1982 FIFA World Cup,Chile,CHL,Rodolfo Dubó,MF,28.0,1953.0,0.0
1982,1982 FIFA World Cup,Chile,CHL,Eduardo Bonvallet,MF,27.0,1955.0,0.0
1982,1982 FIFA World Cup,Chile,CHL,Carlos Rivas,MF,29.0,1953.0,0.0
1982,1982 FIFA World Cup,Chile,CHL,Juan Carlos Letelier,FW,23.0,1959.0,1.0
1982,1982 FIFA World Cup,Chile,CHL,Mario Soto,DF,31.0,1950.0,0.0
1982,1982 FIFA World Cup,Chile,CHL,Gustavo Moscoso,FW,26.0,1955.0,1.0
1982,1982 FIFA World Cup,Chile,CHL,Marco Cornez,GK,24.0,1957.0,0.0
1982,1982 FIFA World Cup,Chile,CHL,Carlos Caszely,FW,31.0,1950.0,0.0
1982,1982 FIFA World Cup,Chile,CHL,Raúl Ormeño,MF,23.0,1958.0,0.0
1982,1982 FIFA World Cup,Chile,CHL,Patricio Yáñez,FW,21.0,1961.0,0.0
1982,1982 FIFA World Cup,Chile,CHL,Manuel Rojas,MF,28.0,1954.0,0.0
1982,1982 FIFA World Cup,Chile,CHL,Oscar Rojas,DF,23.0,1958.0,0.0
1982,1982 FIFA World Cup,Chile,CHL,Mario Galindo,DF,30.0,1951.0,0.0
1982,1982 FIFA World Cup,Chile,CHL,Enzo Escobar,DF,30.0,1951.0,0.0
1982,1982 FIFA World Cup,Chile,CHL,Miguel Ángel Neira,MF,29.0,1952.0,1.0
1982,1982 FIFA World Cup,Chile,CHL,Miguel Ángel Gamboa,FW,30.0,1951.0,0.0
1982,1982 FIFA World Cup,Chile,CHL,Mario Osbén,GK,31.0,1950.0,0.0
1982,1982 FIFA World Cup,Czechoslovakia,CSK,Stanislav Seman,GK,29.0,1952.0,0.0
1982,1982 FIFA World Cup,Czechoslovakia,CSK,František Jakubec,DF,26.0,1956.0,0.0
1982,1982 FIFA World Cup,Czechoslovakia,CSK,Jan Fiala,DF,26.0,1956.0,0.0
1982,1982 FIFA World Cup,Czechoslovakia,CSK,Ladislav Jurkemik,DF,28.0,1953.0,0.0
1982,1982 FIFA World Cup,Czechoslovakia,CSK,Jozef Barmoš,DF,27.0,1954.0,0.0
1982,1982 FIFA World Cup,Czechoslovakia,CSK,Rostislav Vojáček,DF,33.0,1949.0,0.0
1982,1982 FIFA World Cup,Czechoslovakia,CSK,Ján Kozák,MF,28.0,1954.0,0.0
1982,1982 FIFA World Cup,Czechoslovakia,CSK,Antonín Panenka,MF,33.0,1948.0,2.0
1982,1982 FIFA World Cup,Czechoslovakia,CSK,Ladislav Vízek,FW,27.0,1955.0,0.0
1982,1982 FIFA World Cup,Czechoslovakia,CSK,Tomáš Kříž,FW,23.0,1959.0,0.0
1982,1982 FIFA World Cup,Czechoslovakia,CSK,Zdeněk Nehoda,FW,30.0,1952.0,0.0
1982,1982 FIFA World Cup,Czechoslovakia,CSK,Přemysl Bičovský,MF,31.0,1950.0,0.0
1982,1982 FIFA World Cup,Czechoslovakia,CSK,Jan Berger,MF,26.0,1955.0,0.0
1982,1982 FIFA World Cup,Czechoslovakia,CSK,Libor Radimec,DF,32.0,1950.0,0.0
1982,1982 FIFA World Cup,Czechoslovakia,CSK,Jozef Kukučka,DF,25.0,1957.0,0.0
1982,1982 FIFA World Cup,Czechoslovakia,CSK,Pavel Chaloupka,MF,23.0,1959.0,0.0
1982,1982 FIFA World Cup,Czechoslovakia,CSK,František Štambachr,MF,29.0,1953.0,0.0
1982,1982 FIFA World Cup,Czechoslovakia,CSK,Petr Janečka,FW,24.0,1957.0,0.0
1982,1982 FIFA World Cup,Czechoslovakia,CSK,Marián Masný,FW,31.0,1950.0,0.0
1982,1982 FIFA World Cup,Czechoslovakia,CSK,Vlastimil Petržela,FW,28.0,1953.0,0.0
1982,1982 FIFA World Cup,Czechoslovakia,CSK,Zdeněk Hruška,GK,27.0,1954.0,0.0
1982,1982 FIFA World Cup,Czechoslovakia,CSK,Karel Stromšík,GK,24.0,1958.0,0.0
1982,1982 FIFA World Cup,El Salvador,SLV,Luis Guevara Mora,GK,20.0,1961.0,0.0
1982,1982 FIFA World Cup,El Salvador,SLV,Mario Castillo,DF,30.0,1951.0,0.0
1982,1982 FIFA World Cup,El Salvador,SLV,José Francisco Jovel,DF,31.0,1951.0,0.0
1982,1982 FIFA World Cup,El Salvador,SLV,Carlos Recinos,DF,31.0,1950.0,0.0
1982,1982 FIFA World Cup,El Salvador,SLV,Ramón Fagoaga,DF,30.0,1952.0,0.0
1982,1982 FIFA World Cup,El Salvador,SLV,Joaquín Ventura,MF,25.0,1956.0,0.0
1982,1982 FIFA World Cup,El Salvador,SLV,Silvio Aquino,MF,32.0,1949.0,0.0
1982,1982 FIFA World Cup,El Salvador,SLV,José Luis Rugamas,MF,29.0,1953.0,0.0
1982,1982 FIFA World Cup,El Salvador,SLV,Ever Hernández,FW,23.0,1958.0,0.0
1982,1982 FIFA World Cup,El Salvador,SLV,Norberto Huezo,MF,26.0,1956.0,0.0
1982,1982 FIFA World Cup,El Salvador,SLV,Jorge González,FW,24.0,1958.0,0.0
1982,1982 FIFA World Cup,El Salvador,SLV,Francisco Osorto,DF,25.0,1957.0,0.0
1982,1982 FIFA World Cup,El Salvador,SLV,José María Rivas,FW,24.0,1958.0,0.0
1982,1982 FIFA World Cup,El Salvador,SLV,Luis Ramírez Zapata,FW,28.0,1954.0,1.0
1982,1982 FIFA World Cup,El Salvador,SLV,Jaime Rodríguez,DF,23.0,1959.0,0.0
1982,1982 FIFA World Cup,El Salvador,SLV,Mauricio Alfaro,MF,26.0,1956.0,0.0
1982,1982 FIFA World Cup,El Salvador,SLV,Guillermo Ragazzone,FW,26.0,1956.0,0.0
1982,1982 FIFA World Cup,El Salvador,SLV,Miguel Ángel Díaz,DF,25.0,1957.0,0.0
1982,1982 FIFA World Cup,El Salvador,SLV,Eduardo Hernández,GK,24.0,1958.0,0.0
1982,1982 FIFA World Cup,El Salvador,SLV,José Luis Munguía,GK,22.0,1959.0,0.0
1982,1982 FIFA World Cup,England,ENG,Ray Clemence,GK,33.0,1948.0,0.0
1982,1982 FIFA World Cup,England,ENG,Viv Anderson,DF,25.0,1956.0,0.0
1982,1982 FIFA World Cup,England,ENG,Trevor Brooking,MF,33.0,1948.0,0.0
1982,1982 FIFA World Cup,England,ENG,Terry Butcher,DF,23.0,1958.0,0.0
1982,1982 FIFA World Cup,England,ENG,Steve Coppell,MF,26.0,1955.0,0.0
1982,1982 FIFA World Cup,England,ENG,Steve Foster,DF,24.0,1957.0,0.0
1982,1982 FIFA World Cup,England,ENG,Kevin Keegan,FW,31.0,1951.0,0.0
1982,1982 FIFA World Cup,England,ENG,Trevor Francis,FW,28.0,1954.0,2.0
1982,1982 FIFA World Cup,England,ENG,Glenn Hoddle,MF,24.0,1957.0,0.0
1982,1982 FIFA World Cup,England,ENG,Terry McDermott,MF,30.0,1951.0,0.0
1982,1982 FIFA World Cup,England,ENG,Paul Mariner,FW,29.0,1953.0,1.0
1982,1982 FIFA World Cup,England,ENG,Mick Mills,DF,33.0,1949.0,0.0
1982,1982 FIFA World Cup,England,ENG,Joe Corrigan,GK,33.0,1948.0,0.0
1982,1982 FIFA World Cup,England,ENG,Phil Neal,DF,31.0,1951.0,0.0
1982,1982 FIFA World Cup,England,ENG,Graham Rix,MF,24.0,1957.0,0.0
1982,1982 FIFA World Cup,England,ENG,Bryan Robson,MF,25.0,1957.0,2.0
1982,1982 FIFA World Cup,England,ENG,Kenny Sansom,DF,23.0,1958.0,0.0
1982,1982 FIFA World Cup,England,ENG,Phil Thompson,DF,28.0,1954.0,0.0
1982,1982 FIFA World Cup,England,ENG,Ray Wilkins,MF,25.0,1956.0,0.0
1982,1982 FIFA World Cup,England,ENG,Peter Withe,FW,30.0,1951.0,0.0
1982,1982 FIFA World Cup,England,ENG,Tony Woodcock,FW,26.0,1955.0,0.0
1982,1982 FIFA World Cup,England,ENG,Peter Shilton,GK,32.0,1949.0,0.0
1982,1982 FIFA World Cup,France,FRA,Dominique Baratelli,GK,34.0,1947.0,0.0
1982,1982 FIFA World Cup,France,FRA,Manuel Amoros,DF,20.0,1962.0,0.0
1982,1982 FIFA World Cup,France,FRA,Patrick Battiston,DF,25.0,1957.0,0.0
1982,1982 FIFA World Cup,France,FRA,Maxime Bossis,DF,26.0,1955.0,1.0
1982,1982 FIFA World Cup,France,FRA,Gérard Janvion,DF,28.0,1953.0,0.0
1982,1982 FIFA World Cup,France,FRA,Christian Lopez,DF,29.0,1953.0,0.0
1982,1982 FIFA World Cup,France,FRA,Philippe Mahut,DF,26.0,1956.0,0.0
1982,1982 FIFA World Cup,France,FRA,Marius Trésor,DF,32.0,1950.0,1.0
1982,1982 FIFA World Cup,France,FRA,Bernard Genghini,MF,24.0,1958.0,2.0
1982,1982 FIFA World Cup,France,FRA,Michel Platini,MF,26.0,1955.0,2.0
1982,1982 FIFA World Cup,France,FRA,René Girard,MF,28.0,1954.0,1.0
1982,1982 FIFA World Cup,France,FRA,Alain Giresse,MF,29.0,1952.0,3.0
1982,1982 FIFA World Cup,France,FRA,Jean-François Larios,MF,25.0,1956.0,0.0
1982,1982 FIFA World Cup,France,FRA,Jean Tigana,MF,26.0,1955.0,0.0
1982,1982 FIFA World Cup,France,FRA,Bruno Bellone,FW,20.0,1962.0,0.0
1982,1982 FIFA World Cup,France,FRA,Alain Couriol,FW,23.0,1958.0,1.0
1982,1982 FIFA World Cup,France,FRA,Bernard Lacombe,FW,29.0,1952.0,0.0
1982,1982 FIFA World Cup,France,FRA,Dominique Rocheteau,FW,27.0,1955.0,2.0
1982,1982 FIFA World Cup,France,FRA,Didier Six,FW,27.0,1954.0,2.0
1982,1982 FIFA World Cup,France,FRA,Gérard Soler,FW,28.0,1954.0,1.0
1982,1982 FIFA World Cup,France,FRA,Jean Castaneda,GK,25.0,1957.0,0.0
1982,1982 FIFA World Cup,France,FRA,Jean-Luc Ettori,GK,26.0,1955.0,0.0
1982,1982 FIFA World Cup,Honduras,HND,Salomón Nazar,GK,28.0,1953.0,0.0
1982,1982 FIFA World Cup,Honduras,HND,Efraín Gutiérrez,DF,28.0,1954.0,0.0
1982,1982 FIFA World Cup,Honduras,HND,Jaime Villegas,DF,31.0,1950.0,0.0
1982,1982 FIFA World Cup,Honduras,HND,Fernando Bulnes,DF,35.0,1946.0,0.0
1982,1982 FIFA World Cup,Honduras,HND,Anthony Costly,DF,27.0,1954.0,0.0
1982,1982 FIFA World Cup,Honduras,HND,Ramón Maradiaga,MF,27.0,1954.0,0.0
1982,1982 FIFA World Cup,Honduras,HND,Antonio Laing,FW,23.0,1958.0,1.0
1982,1982 FIFA World Cup,Honduras,HND,Francisco Javier Toledo,MF,22.0,1959.0,0.0
1982,1982 FIFA World Cup,Honduras,HND,Armando Betancourt,FW,24.0,1957.0,0.0
1982,1982 FIFA World Cup,Honduras,HND,Roberto Figueroa,FW,22.0,1959.0,0.0
1982,1982 FIFA World Cup,Honduras,HND,David Buezo,MF,27.0,1955.0,0.0
1982,1982 FIFA World Cup,Honduras,HND,Domingo Drummond,DF,25.0,1957.0,0.0
1982,1982 FIFA World Cup,Honduras,HND,Prudencio Norales,MF,26.0,1956.0,0.0
1982,1982 FIFA World Cup,Honduras,HND,Juan Cruz,MF,22.0,1959.0,0.0
1982,1982 FIFA World Cup,Honduras,HND,Héctor Zelaya,DF,24.0,1957.0,1.0
1982,1982 FIFA World Cup,Honduras,HND,Roberto Bailey,FW,29.0,1952.0,0.0
1982,1982 FIFA World Cup,Honduras,HND,Luis Cruz,DF,33.0,1949.0,0.0
1982,1982 FIFA World Cup,Honduras,HND,Carlos Caballero,MF,23.0,1958.0,0.0
1982,1982 FIFA World Cup,Honduras,HND,Celso Güity,FW,26.0,1955.0,0.0
1982,1982 FIFA World Cup,Honduras,HND,Gilberto Yearwood,MF,26.0,1956.0,0.0
1982,1982 FIFA World Cup,Honduras,HND,Julio César Arzú,GK,28.0,1954.0,0.0
1982,1982 FIFA World Cup,Honduras,HND,Jimmy Steward,GK,35.0,1946.0,0.0
1982,1982 FIFA World Cup,Hungary,HUN,Ferenc Mészáros,GK,32.0,1950.0,0.0
1982,1982 FIFA World Cup,Hungary,HUN,Győző Martos,DF,32.0,1949.0,0.0
1982,1982 FIFA World Cup,Hungary,HUN,László Bálint,DF,34.0,1948.0,0.0
1982,1982 FIFA World Cup,Hungary,HUN,József Tóth,DF,30.0,1951.0,1.0
1982,1982 FIFA World Cup,Hungary,HUN,Sándor Müller,MF,33.0,1948.0,0.0
1982,1982 FIFA World Cup,Hungary,HUN,Imre Garaba,DF,23.0,1958.0,0.0
1982,1982 FIFA World Cup,Hungary,HUN,László Fazekas,FW,34.0,1947.0,2.0
1982,1982 FIFA World Cup,Hungary,HUN,Tibor Nyilasi,FW,27.0,1955.0,2.0
1982,1982 FIFA World Cup,Hungary,HUN,András Törőcsik,FW,27.0,1955.0,0.0
1982,1982 FIFA World Cup,Hungary,HUN,László Kiss,FW,26.0,1956.0,3.0
1982,1982 FIFA World Cup,Hungary,HUN,Gábor Pölöskei,FW,21.0,1960.0,2.0
1982,1982 FIFA World Cup,Hungary,HUN,Lázár Szentes,FW,26.0,1955.0,1.0
1982,1982 FIFA World Cup,Hungary,HUN,Tibor Rab,DF,26.0,1955.0,0.0
1982,1982 FIFA World Cup,Hungary,HUN,Sándor Sallai,DF,22.0,1960.0,0.0
1982,1982 FIFA World Cup,Hungary,HUN,Béla Bodonyi,FW,25.0,1956.0,0.0
1982,1982 FIFA World Cup,Hungary,HUN,Ferenc Csongrádi,MF,26.0,1956.0,0.0
1982,1982 FIFA World Cup,Hungary,HUN,Károly Csapó,MF,30.0,1952.0,0.0
1982,1982 FIFA World Cup,Hungary,HUN,Attila Kerekes,DF,28.0,1954.0,0.0
1982,1982 FIFA World Cup,Hungary,HUN,József Varga,DF,27.0,1954.0,1.0
1982,1982 FIFA World Cup,Hungary,HUN,József Csuhay,DF,24.0,1957.0,0.0
1982,1982 FIFA World Cup,Hungary,HUN,Béla Katzirz,GK,28.0,1953.0,0.0
1982,1982 FIFA World Cup,Hungary,HUN,Imre Kiss,GK,24.0,1957.0,0.0
1982,1982 FIFA World Cup,Italy,ITA,Dino Zoff,GK,40.0,1942.0,0.0
1982,1982 FIFA World Cup,Italy,ITA,Franco Baresi,DF,22.0,1960.0,0.0
1982,1982 FIFA World Cup,Italy,ITA,Giuseppe Bergomi,DF,18.0,1963.0,0.0
1982,1982 FIFA World Cup,Italy,ITA,Antonio Cabrini,DF,24.0,1957.0,1.0
1982,1982 FIFA World Cup,Italy,ITA,Fulvio Collovati,DF,25.0,1957.0,0.0
1982,1982 FIFA World Cup,Italy,ITA,Claudio Gentile,DF,28.0,1953.0,0.0
1982,1982 FIFA World Cup,Italy,ITA,Gaetano Scirea,DF,29.0,1953.0,0.0
1982,1982 FIFA World Cup,Italy,ITA,Pietro Vierchowod,DF,23.0,1959.0,0.0
1982,1982 FIFA World Cup,Italy,ITA,Giancarlo Antognoni,MF,28.0,1954.0,0.0
1982,1982 FIFA World Cup,Italy,ITA,Giuseppe Dossena,MF,24.0,1958.0,0.0
1982,1982 FIFA World Cup,Italy,ITA,Giampiero Marini,MF,31.0,1951.0,0.0
1982,1982 FIFA World Cup,Italy,ITA,Ivano Bordon,GK,31.0,1951.0,0.0
1982,1982 FIFA World Cup,Italy,ITA,Gabriele Oriali,MF,29.0,1952.0,0.0
1982,1982 FIFA World Cup,Italy,ITA,Marco Tardelli,MF,27.0,1954.0,2.0
1982,1982 FIFA World Cup,Italy,ITA,Franco Causio,MF,33.0,1949.0,0.0
1982,1982 FIFA World Cup,Italy,ITA,Bruno Conti,MF,27.0,1955.0,1.0
1982,1982 FIFA World Cup,Italy,ITA,Daniele Massaro,FW,21.0,1961.0,0.0
1982,1982 FIFA World Cup,Italy,ITA,Alessandro Altobelli,FW,26.0,1955.0,1.0
1982,1982 FIFA World Cup,Italy,ITA,Francesco Graziani,FW,29.0,1952.0,1.0
1982,1982 FIFA World Cup,Italy,ITA,Paolo Rossi,FW,25.0,1956.0,6.0
1982,1982 FIFA World Cup,Italy,ITA,Franco Selvaggi,FW,29.0,1953.0,0.0
1982,1982 FIFA World Cup,Italy,ITA,Giovanni Galli,GK,24.0,1958.0,0.0
1982,1982 FIFA World Cup,Kuwait,KWT,Ahmed Al-Tarabulsi,GK,35.0,1947.0,0.0
1982,1982 FIFA World Cup,Kuwait,KWT,Naeem Saad,DF,24.0,1957.0,0.0
1982,1982 FIFA World Cup,Kuwait,KWT,Mahboub Juma'a,DF,26.0,1955.0,0.0
1982,1982 FIFA World Cup,Kuwait,KWT,Jamal Al-Qabendi,DF,23.0,1959.0,0.0
1982,1982 FIFA World Cup,Kuwait,KWT,Waleed Al-Jasem,DF,22.0,1959.0,0.0
1982,1982 FIFA World Cup,Kuwait,KWT,Saad Al-Houti,MF,28.0,1954.0,0.0
1982,1982 FIFA World Cup,Kuwait,KWT,Fathi Kameel,FW,27.0,1955.0,0.0
1982,1982 FIFA World Cup,Kuwait,KWT,Abdullah Al-Buloushi,FW,22.0,1960.0,1.0
1982,1982 FIFA World Cup,Kuwait,KWT,Jasem Yaqoub,FW,28.0,1953.0,0.0
1982,1982 FIFA World Cup,Kuwait,KWT,Abdulaziz Al-Anberi,FW,28.0,1954.0,0.0
1982,1982 FIFA World Cup,Kuwait,KWT,Nassir Al-Ghanim,MF,21.0,1961.0,0.0
1982,1982 FIFA World Cup,Kuwait,KWT,Yussef Al-Suwayed,MF,23.0,1958.0,0.0
1982,1982 FIFA World Cup,Kuwait,KWT,Mubarak Marzouq,DF,21.0,1961.0,0.0
1982,1982 FIFA World Cup,Kuwait,KWT,Abdullah Mayouf,DF,28.0,1953.0,0.0
1982,1982 FIFA World Cup,Kuwait,KWT,Sami Al-Hashash,DF,22.0,1959.0,0.0
1982,1982 FIFA World Cup,Kuwait,KWT,Faisal Al-Dakhil,FW,24.0,1957.0,1.0
1982,1982 FIFA World Cup,Kuwait,KWT,Hamoud Al-Shemmari,DF,21.0,1960.0,0.0
1982,1982 FIFA World Cup,Kuwait,KWT,Mohammed Karam,MF,27.0,1955.0,0.0
1982,1982 FIFA World Cup,Kuwait,KWT,Muayad Al-Haddad,FW,22.0,1960.0,0.0
1982,1982 FIFA World Cup,Kuwait,KWT,Abdulaziz Al-Buloushi,FW,19.0,1962.0,0.0
1982,1982 FIFA World Cup,Kuwait,KWT,Adam Marjam,GK,24.0,1957.0,0.0
1982,1982 FIFA World Cup,Kuwait,KWT,Jasem Bahman,GK,24.0,1958.0,0.0
1982,1982 FIFA World Cup,New Zealand,NZL,Richard Wilson,GK,26.0,1956.0,0.0
1982,1982 FIFA World Cup,New Zealand,NZL,Glenn Dods,DF,24.0,1957.0,0.0
1982,1982 FIFA World Cup,New Zealand,NZL,Ricki Herbert,DF,21.0,1961.0,0.0
1982,1982 FIFA World Cup,New Zealand,NZL,Brian Turner,MF,32.0,1949.0,0.0
1982,1982 FIFA World Cup,New Zealand,NZL,Dave Bright,DF,32.0,1949.0,0.0
1982,1982 FIFA World Cup,New Zealand,NZL,Bobby Almond,DF,31.0,1951.0,0.0
1982,1982 FIFA World Cup,New Zealand,NZL,Wynton Rufer,FW,19.0,1962.0,0.0
1982,1982 FIFA World Cup,New Zealand,NZL,Duncan Cole,MF,23.0,1958.0,0.0
1982,1982 FIFA World Cup,New Zealand,NZL,Steve Wooddin,FW,27.0,1955.0,1.0
1982,1982 FIFA World Cup,New Zealand,NZL,Steve Sumner,MF,27.0,1955.0,1.0
1982,1982 FIFA World Cup,New Zealand,NZL,Sam Malcolmson,DF,34.0,1948.0,0.0
1982,1982 FIFA World Cup,New Zealand,NZL,Keith MacKay,MF,25.0,1956.0,0.0
1982,1982 FIFA World Cup,New Zealand,NZL,Kenny Cresswell,MF,24.0,1958.0,0.0
1982,1982 FIFA World Cup,New Zealand,NZL,Adrian Elrick,DF,32.0,1949.0,0.0
1982,1982 FIFA World Cup,New Zealand,NZL,John Hill,DF,32.0,1950.0,0.0
1982,1982 FIFA World Cup,New Zealand,NZL,Glen Adam,DF,23.0,1959.0,0.0
1982,1982 FIFA World Cup,New Zealand,NZL,Allan Boath,MF,24.0,1958.0,0.0
1982,1982 FIFA World Cup,New Zealand,NZL,Peter Simonsen,MF,23.0,1959.0,0.0
1982,1982 FIFA World Cup,New Zealand,NZL,Billy McClure,MF,24.0,1958.0,0.0
1982,1982 FIFA World Cup,New Zealand,NZL,Grant Turner,MF,23.0,1958.0,0.0
1982,1982 FIFA World Cup,New Zealand,NZL,Barry Pickering,GK,25.0,1956.0,0.0
1982,1982 FIFA World Cup,New Zealand,NZL,Frank van Hattum,GK,23.0,1958.0,0.0
1982,1982 FIFA World Cup,Northern Ireland,NIR,Pat Jennings,GK,37.0,1945.0,0.0
1982,1982 FIFA World Cup,Northern Ireland,NIR,Jimmy Nicholl,DF,25.0,1956.0,0.0
1982,1982 FIFA World Cup,Northern Ireland,NIR,Mal Donaghy,DF,24.0,1957.0,0.0
1982,1982 FIFA World Cup,Northern Ireland,NIR,David McCreery,MF,24.0,1957.0,0.0
1982,1982 FIFA World Cup,Northern Ireland,NIR,Chris Nicholl,DF,35.0,1946.0,0.0
1982,1982 FIFA World Cup,Northern Ireland,NIR,John O'Neill,DF,24.0,1958.0,0.0
1982,1982 FIFA World Cup,Northern Ireland,NIR,Noel Brotherston,FW,25.0,1956.0,0.0
1982,1982 FIFA World Cup,Northern Ireland,NIR,Martin O'Neill,MF,30.0,1952.0,0.0
1982,1982 FIFA World Cup,Northern Ireland,NIR,Gerry Armstrong,FW,28.0,1954.0,3.0
1982,1982 FIFA World Cup,Northern Ireland,NIR,Sammy McIlroy,FW,27.0,1954.0,0.0
1982,1982 FIFA World Cup,Northern Ireland,NIR,Billy Hamilton,FW,25.0,1957.0,2.0
1982,1982 FIFA World Cup,Northern Ireland,NIR,John McClelland,DF,26.0,1955.0,0.0
1982,1982 FIFA World Cup,Northern Ireland,NIR,Sammy Nelson,DF,33.0,1949.0,0.0
1982,1982 FIFA World Cup,Northern Ireland,NIR,Tommy Cassidy,MF,31.0,1950.0,0.0
1982,1982 FIFA World Cup,Northern Ireland,NIR,Tommy Finney,MF,29.0,1952.0,0.0
1982,1982 FIFA World Cup,Northern Ireland,NIR,Norman Whiteside,FW,17.0,1965.0,0.0
1982,1982 FIFA World Cup,Northern Ireland,NIR,Jim Platt,GK,30.0,1952.0,0.0
1982,1982 FIFA World Cup,Northern Ireland,NIR,Johnny Jameson,MF,24.0,1958.0,0.0
1982,1982 FIFA World Cup,Northern Ireland,NIR,Felix Healy,FW,26.0,1955.0,0.0
1982,1982 FIFA World Cup,Northern Ireland,NIR,Jim Cleary,MF,26.0,1956.0,0.0
1982,1982 FIFA World Cup,Northern Ireland,NIR,Bobby Campbell,FW,25.0,1956.0,0.0
1982,1982 FIFA World Cup,Northern Ireland,NIR,George Dunlop,GK,26.0,1956.0,0.0
1982,1982 FIFA World Cup,Peru,PER,Eusebio Acasuzo,GK,30.0,1952.0,0.0
1982,1982 FIFA World Cup,Peru,PER,Jaime Duarte,DF,27.0,1955.0,0.0
1982,1982 FIFA World Cup,Peru,PER,Salvador Salguero,DF,30.0,1951.0,0.0
1982,1982 FIFA World Cup,Peru,PER,Hugo Gastulo,DF,24.0,1958.0,0.0
1982,1982 FIFA World Cup,Peru,PER,Germán Leguía,MF,28.0,1954.0,0.0
1982,1982 FIFA World Cup,Peru,PER,José Velásquez,MF,30.0,1952.0,0.0
1982,1982 FIFA World Cup,Peru,PER,Gerónimo Barbadillo,FW,29.0,1952.0,0.0
1982,1982 FIFA World Cup,Peru,PER,César Cueto,MF,29.0,1952.0,0.0
1982,1982 FIFA World Cup,Peru,PER,Julio César Uribe,MF,24.0,1958.0,0.0
1982,1982 FIFA World Cup,Peru,PER,Teófilo Cubillas,MF,33.0,1949.0,0.0
1982,1982 FIFA World Cup,Peru,PER,Carlos Juan Oblitas,FW,31.0,1951.0,0.0
1982,1982 FIFA World Cup,Peru,PER,José González,GK,27.0,1954.0,0.0
1982,1982 FIFA World Cup,Peru,PER,Oscar Arizaga,MF,24.0,1957.0,0.0
1982,1982 FIFA World Cup,Peru,PER,Miguel Gutiérrez,MF,25.0,1956.0,0.0
1982,1982 FIFA World Cup,Peru,PER,Rubén Toribio Díaz,DF,30.0,1952.0,1.0
1982,1982 FIFA World Cup,Peru,PER,Jorge Olaechea,DF,25.0,1956.0,0.0
1982,1982 FIFA World Cup,Peru,PER,Franco Navarro,FW,20.0,1961.0,0.0
1982,1982 FIFA World Cup,Peru,PER,Eduardo Malásquez,MF,24.0,1957.0,0.0
1982,1982 FIFA World Cup,Peru,PER,Guillermo La Rosa,FW,30.0,1952.0,1.0
1982,1982 FIFA World Cup,Peru,PER,Percy Rojas,FW,32.0,1949.0,0.0
1982,1982 FIFA World Cup,Peru,PER,Ramón Quiroga,GK,31.0,1950.0,0.0
1982,1982 FIFA World Cup,Peru,PER,Luis Reyna,MF,23.0,1959.0,0.0
1982,1982 FIFA World Cup,Poland,POL,Józef Młynarczyk,GK,28.0,1953.0,0.0
1982,1982 FIFA World Cup,Poland,POL,Marek Dziuba,DF,26.0,1955.0,0.0
1982,1982 FIFA World Cup,Poland,POL,Janusz Kupcewicz,MF,26.0,1955.0,1.0
1982,1982 FIFA World Cup,Poland,POL,Tadeusz Dolny,DF,24.0,1958.0,0.0
1982,1982 FIFA World Cup,Poland,POL,Paweł Janas,DF,29.0,1953.0,0.0
1982,1982 FIFA World Cup,Poland,POL,Piotr Skrobowski,DF,20.0,1961.0,0.0
1982,1982 FIFA World Cup,Poland,POL,Jan Jałocha,DF,24.0,1957.0,0.0
1982,1982 FIFA World Cup,Poland,POL,Waldemar Matysik,MF,20.0,1961.0,0.0
1982,1982 FIFA World Cup,Poland,POL,Władysław Żmuda,DF,28.0,1954.0,0.0
1982,1982 FIFA World Cup,Poland,POL,Stefan Majewski,DF,26.0,1956.0,1.0
1982,1982 FIFA World Cup,Poland,POL,Włodzimierz Smolarek,FW,24.0,1957.0,1.0
1982,1982 FIFA World Cup,Poland,POL,Roman Wójcicki,DF,24.0,1958.0,0.0
1982,1982 FIFA World Cup,Poland,POL,Andrzej Buncol,MF,22.0,1959.0,1.0
1982,1982 FIFA World Cup,Poland,POL,Andrzej Pałasz,MF,21.0,1960.0,0.0
1982,1982 FIFA World Cup,Poland,POL,Włodzimierz Ciołek,FW,26.0,1956.0,1.0
1982,1982 FIFA World Cup,Poland,POL,Grzegorz Lato,FW,32.0,1950.0,1.0
1982,1982 FIFA World Cup,Poland,POL,Andrzej Szarmach,FW,31.0,1950.0,1.0
1982,1982 FIFA World Cup,Poland,POL,Marek Kusto,FW,28.0,1954.0,0.0
1982,1982 FIFA World Cup,Poland,POL,Andrzej Iwan,FW,22.0,1959.0,0.0
1982,1982 FIFA World Cup,Poland,POL,Zbigniew Boniek,FW,26.0,1956.0,4.0
1982,1982 FIFA World Cup,Poland,POL,Jacek Kazimierski,GK,22.0,1959.0,0.0
1982,1982 FIFA World Cup,Poland,POL,Piotr Mowlik,GK,31.0,1951.0,0.0
1982,1982 FIFA World Cup,Scotland,SCO,Alan Rough,GK,30.0,1951.0,0.0
1982,1982 FIFA World Cup,Scotland,SCO,Danny McGrain,DF,32.0,1950.0,0.0
1982,1982 FIFA World Cup,Scotland,SCO,Frank Gray,DF,27.0,1954.0,0.0
1982,1982 FIFA World Cup,Scotland,SCO,Graeme Souness,MF,29.0,1953.0,1.0
1982,1982 FIFA World Cup,Scotland,SCO,Alan Hansen,DF,27.0,1955.0,0.0
1982,1982 FIFA World Cup,Scotland,SCO,Willie Miller,DF,27.0,1955.0,0.0
1982,1982 FIFA World Cup,Scotland,SCO,Gordon Strachan,MF,25.0,1957.0,0.0
1982,1982 FIFA World Cup,Scotland,SCO,Kenny Dalglish,FW,31.0,1951.0,1.0
1982,1982 FIFA World Cup,Scotland,SCO,Alan Brazil,FW,22.0,1959.0,0.0
1982,1982 FIFA World Cup,Scotland,SCO,John Wark,MF,24.0,1957.0,2.0
1982,1982 FIFA World Cup,Scotland,SCO,John Robertson,FW,29.0,1953.0,1.0
1982,1982 FIFA World Cup,Scotland,SCO,George Wood,GK,29.0,1952.0,0.0
1982,1982 FIFA World Cup,Scotland,SCO,Alex McLeish,DF,23.0,1959.0,0.0
1982,1982 FIFA World Cup,Scotland,SCO,David Narey,DF,26.0,1956.0,1.0
1982,1982 FIFA World Cup,Scotland,SCO,Joe Jordan,FW,30.0,1951.0,1.0
1982,1982 FIFA World Cup,Scotland,SCO,Asa Hartford,MF,31.0,1950.0,0.0
1982,1982 FIFA World Cup,Scotland,SCO,Allan Evans,DF,25.0,1956.0,0.0
1982,1982 FIFA World Cup,Scotland,SCO,Steve Archibald,FW,25.0,1956.0,1.0
1982,1982 FIFA World Cup,Scotland,SCO,Paul Sturrock,FW,25.0,1956.0,0.0
1982,1982 FIFA World Cup,Scotland,SCO,Davie Provan,FW,26.0,1956.0,0.0
1982,1982 FIFA World Cup,Scotland,SCO,George Burley,DF,26.0,1956.0,0.0
1982,1982 FIFA World Cup,Scotland,SCO,Jim Leighton,GK,23.0,1958.0,0.0
1982,1982 FIFA World Cup,Soviet Union,SUN,Rinat Dasayev,GK,25.0,1957.0,0.0
1982,1982 FIFA World Cup,Soviet Union,SUN,Tengiz Sulakvelidze,DF,25.0,1956.0,0.0
1982,1982 FIFA World Cup,Soviet Union,SUN,Aleksandr Chivadze,DF,27.0,1955.0,1.0
1982,1982 FIFA World Cup,Soviet Union,SUN,Vagiz Khidiyatullin,DF,23.0,1959.0,0.0
1982,1982 FIFA World Cup,Soviet Union,SUN,Sergei Baltacha,DF,24.0,1958.0,1.0
1982,1982 FIFA World Cup,Soviet Union,SUN,Anatoliy Demyanenko,DF,23.0,1959.0,0.0
1982,1982 FIFA World Cup,Soviet Union,SUN,Ramaz Shengelia,FW,25.0,1957.0,1.0
1982,1982 FIFA World Cup,Soviet Union,SUN,Volodymyr Bezsonov,MF,24.0,1958.0,0.0
1982,1982 FIFA World Cup,Soviet Union,SUN,Yuri Gavrilov,MF,29.0,1953.0,1.0
1982,1982 FIFA World Cup,Soviet Union,SUN,Khoren Hovhannisyan,MF,27.0,1955.0,1.0
1982,1982 FIFA World Cup,Soviet Union,SUN,Oleh Blokhin,FW,29.0,1952.0,1.0
1982,1982 FIFA World Cup,Soviet Union,SUN,Andriy Bal,MF,24.0,1958.0,1.0
1982,1982 FIFA World Cup,Soviet Union,SUN,Vitaly Daraselia,MF,24.0,1957.0,0.0
1982,1982 FIFA World Cup,Soviet Union,SUN,Sergei Borovsky,DF,26.0,1956.0,0.0
1982,1982 FIFA World Cup,Soviet Union,SUN,Sergey Andreyev,FW,26.0,1956.0,0.0
1982,1982 FIFA World Cup,Soviet Union,SUN,Sergey Rodionov,FW,19.0,1962.0,0.0
1982,1982 FIFA World Cup,Soviet Union,SUN,Leonid Buryak,MF,28.0,1953.0,0.0
1982,1982 FIFA World Cup,Soviet Union,SUN,Yuri Susloparov,DF,23.0,1958.0,0.0
1982,1982 FIFA World Cup,Soviet Union,SUN,Vadym Yevtushenko,MF,24.0,1958.0,0.0
1982,1982 FIFA World Cup,Soviet Union,SUN,Oleg Romantsev,DF,28.0,1954.0,0.0
1982,1982 FIFA World Cup,Soviet Union,SUN,Viktor Chanov,GK,22.0,1959.0,0.0
1982,1982 FIFA World Cup,Soviet Union,SUN,Vyacheslav Chanov,GK,30.0,1951.0,0.0
1982,1982 FIFA World Cup,Spain,ESP,Luis Arconada,GK,27.0,1954.0,0.0
1982,1982 FIFA World Cup,Spain,ESP,José Antonio Camacho,DF,27.0,1955.0,0.0
1982,1982 FIFA World Cup,Spain,ESP,Rafael Gordillo,DF,25.0,1957.0,0.0
1982,1982 FIFA World Cup,Spain,ESP,Periko Alonso,MF,29.0,1953.0,0.0
1982,1982 FIFA World Cup,Spain,ESP,Miguel Tendillo,DF,21.0,1961.0,0.0
1982,1982 FIFA World Cup,Spain,ESP,José Ramón Alexanko,DF,26.0,1956.0,0.0
1982,1982 FIFA World Cup,Spain,ESP,Juanito,FW,27.0,1954.0,1.0
1982,1982 FIFA World Cup,Spain,ESP,Joaquín,MF,26.0,1956.0,0.0
1982,1982 FIFA World Cup,Spain,ESP,Jesús María Satrústegui,FW,28.0,1954.0,0.0
1982,1982 FIFA World Cup,Spain,ESP,Jesús María Zamora,MF,27.0,1955.0,1.0
1982,1982 FIFA World Cup,Spain,ESP,Roberto López Ufarte,FW,24.0,1958.0,1.0
1982,1982 FIFA World Cup,Spain,ESP,Santiago Urquiaga,DF,24.0,1958.0,0.0
1982,1982 FIFA World Cup,Spain,ESP,Manuel Jiménez,DF,25.0,1956.0,0.0
1982,1982 FIFA World Cup,Spain,ESP,Antonio Maceda,DF,25.0,1957.0,0.0
1982,1982 FIFA World Cup,Spain,ESP,Enrique Saura,MF,27.0,1954.0,1.0
1982,1982 FIFA World Cup,Spain,ESP,Tente Sánchez,MF,25.0,1956.0,0.0
1982,1982 FIFA World Cup,Spain,ESP,Ricardo Gallego,MF,23.0,1959.0,0.0
1982,1982 FIFA World Cup,Spain,ESP,Pedro Uralde,FW,24.0,1958.0,0.0
1982,1982 FIFA World Cup,Spain,ESP,Santillana,FW,29.0,1952.0,0.0
1982,1982 FIFA World Cup,Spain,ESP,Quini,FW,32.0,1949.0,0.0
1982,1982 FIFA World Cup,Spain,ESP,Urruti,GK,30.0,1952.0,0.0
1982,1982 FIFA World Cup,Spain,ESP,Miguel Ángel,GK,34.0,1947.0,0.0
1982,1982 FIFA World Cup,West Germany,DEU,Harald Schumacher,GK,28.0,1954.0,0.0
1982,1982 FIFA World Cup,West Germany,DEU,Hans-Peter Briegel,DF,26.0,1955.0,0.0
1982,1982 FIFA World Cup,West Germany,DEU,Paul Breitner,DF,30.0,1951.0,1.0
1982,1982 FIFA World Cup,West Germany,DEU,Karlheinz Förster,DF,23.0,1958.0,0.0
1982,1982 FIFA World Cup,West Germany,DEU,Bernd Förster,DF,26.0,1956.0,0.0
1982,1982 FIFA World Cup,West Germany,DEU,Wolfgang Dremmler,MF,27.0,1954.0,0.0
1982,1982 FIFA World Cup,West Germany,DEU,Pierre Littbarski,MF,22.0,1960.0,2.0
1982,1982 FIFA World Cup,West Germany,DEU,Klaus Fischer,FW,32.0,1949.0,2.0
1982,1982 FIFA World Cup,West Germany,DEU,Horst Hrubesch,FW,31.0,1951.0,1.0
1982,1982 FIFA World Cup,West Germany,DEU,Hansi Müller,MF,24.0,1957.0,0.0
1982,1982 FIFA World Cup,West Germany,DEU,Karl-Heinz Rummenigge,FW,26.0,1955.0,5.0
1982,1982 FIFA World Cup,West Germany,DEU,Wilfried Hannes,DF,25.0,1957.0,0.0
1982,1982 FIFA World Cup,West Germany,DEU,Uwe Reinders,FW,27.0,1955.0,1.0
1982,1982 FIFA World Cup,West Germany,DEU,Felix Magath,MF,28.0,1953.0,0.0
1982,1982 FIFA World Cup,West Germany,DEU,Uli Stielike,DF,27.0,1954.0,0.0
1982,1982 FIFA World Cup,West Germany,DEU,Thomas Allofs,FW,22.0,1959.0,0.0
1982,1982 FIFA World Cup,West Germany,DEU,Stephan Engels,MF,21.0,1960.0,0.0
1982,1982 FIFA World Cup,West Germany,DEU,Lothar Matthäus,MF,21.0,1961.0,0.0
1982,1982 FIFA World Cup,West Germany,DEU,Holger Hieronymus,DF,23.0,1959.0,0.0
1982,1982 FIFA World Cup,West Germany,DEU,Manfred Kaltz,DF,29.0,1953.0,0.0
1982,1982 FIFA World Cup,West Germany,DEU,Bernd Franke,GK,34.0,1948.0,0.0
1982,1982 FIFA World Cup,West Germany,DEU,Eike Immel,GK,21.0,1960.0,0.0
1982,1982 FIFA World Cup,Yugoslavia,YUG,Dragan Pantelić,GK,30.0,1951.0,0.0
1982,1982 FIFA World Cup,Yugoslavia,YUG,Ive Jerolimov,DF,24.0,1958.0,0.0
1982,1982 FIFA World Cup,Yugoslavia,YUG,Ivan Gudelj,MF,21.0,1960.0,1.0
1982,1982 FIFA World Cup,Yugoslavia,YUG,Velimir Zajec,DF,26.0,1956.0,0.0
1982,1982 FIFA World Cup,Yugoslavia,YUG,Nenad Stojković,DF,26.0,1956.0,0.0
1982,1982 FIFA World Cup,Yugoslavia,YUG,Zlatko Krmpotić,DF,23.0,1958.0,0.0
1982,1982 FIFA World Cup,Yugoslavia,YUG,Vladimir Petrović,MF,26.0,1955.0,1.0
1982,1982 FIFA World Cup,Yugoslavia,YUG,Edhem Šljivo,MF,32.0,1950.0,0.0
1982,1982 FIFA World Cup,Yugoslavia,YUG,Zoran Vujović,DF,23.0,1958.0,0.0
1982,1982 FIFA World Cup,Yugoslavia,YUG,Zvonko Živković,FW,22.0,1959.0,0.0
1982,1982 FIFA World Cup,Yugoslavia,YUG,Zlatko Vujović,FW,23.0,1958.0,0.0
1982,1982 FIFA World Cup,Yugoslavia,YUG,Ivan Pudar,GK,20.0,1961.0,0.0
1982,1982 FIFA World Cup,Yugoslavia,YUG,Safet Sušić,FW,27.0,1955.0,0.0
1982,1982 FIFA World Cup,Yugoslavia,YUG,Nikola Jovanović,DF,29.0,1952.0,0.0
1982,1982 FIFA World Cup,Yugoslavia,YUG,Miloš Hrstić,DF,26.0,1955.0,0.0
1982,1982 FIFA World Cup,Yugoslavia,YUG,Miloš Šestić,FW,25.0,1956.0,0.0
1982,1982 FIFA World Cup,Yugoslavia,YUG,Jurica Jerković,MF,32.0,1950.0,0.0
1982,1982 FIFA World Cup,Yugoslavia,YUG,Stjepan Deverić,FW,20.0,1961.0,0.0
1982,1982 FIFA World Cup,Yugoslavia,YUG,Vahid Halilhodžić,FW,29.0,1952.0,0.0
1982,1982 FIFA World Cup,Yugoslavia,YUG,Ivica Šurjak,MF,29.0,1953.0,0.0
1982,1982 FIFA World Cup,Yugoslavia,YUG,Predrag Pašić,MF,23.0,1958.0,0.0
1982,1982 FIFA World Cup,Yugoslavia,YUG,Ratko Svilar,GK,32.0,1950.0,0.0
1986,1986 FIFA World Cup,Algeria,DZA,Nacerdine Drid,GK,29.0,1957.0,0.0
1986,1986 FIFA World Cup,Algeria,DZA,Mahmoud Guendouz,DF,33.0,1953.0,0.0
1986,1986 FIFA World Cup,Algeria,DZA,Fathi Chebal,MF,29.0,1956.0,0.0
1986,1986 FIFA World Cup,Algeria,DZA,Nourredine Kourichi,DF,32.0,1954.0,0.0
1986,1986 FIFA World Cup,Algeria,DZA,Abdellah Medjadi Liegeon,DF,28.0,1957.0,0.0
1986,1986 FIFA World Cup,Algeria,DZA,Mohamed Kaci-Saïd,MF,28.0,1958.0,0.0
1986,1986 FIFA World Cup,Algeria,DZA,Salah Assad,FW,28.0,1958.0,0.0
1986,1986 FIFA World Cup,Algeria,DZA,Karim Maroc,MF,28.0,1958.0,0.0
1986,1986 FIFA World Cup,Algeria,DZA,Djamel Menad,FW,25.0,1960.0,0.0
1986,1986 FIFA World Cup,Algeria,DZA,Lakhdar Belloumi,MF,27.0,1958.0,0.0
1986,1986 FIFA World Cup,Algeria,DZA,Rabah Madjer,FW,27.0,1958.0,0.0
1986,1986 FIFA World Cup,Algeria,DZA,Tedj Bensaoula,FW,31.0,1954.0,0.0
1986,1986 FIFA World Cup,Algeria,DZA,Rachid Harkouk,FW,30.0,1956.0,0.0
1986,1986 FIFA World Cup,Algeria,DZA,Djamel Zidane,FW,31.0,1955.0,1.0
1986,1986 FIFA World Cup,Algeria,DZA,Abdelhamid Sadmi,DF,25.0,1961.0,0.0
1986,1986 FIFA World Cup,Algeria,DZA,Faouzi Mansouri,DF,30.0,1956.0,0.0
1986,1986 FIFA World Cup,Algeria,DZA,Fawzi Benkhalidi,MF,23.0,1963.0,0.0
1986,1986 FIFA World Cup,Algeria,DZA,Halim Benmabrouk,MF,25.0,1960.0,0.0
1986,1986 FIFA World Cup,Algeria,DZA,Mohammed Chaib,DF,29.0,1957.0,0.0
1986,1986 FIFA World Cup,Algeria,DZA,Fodil Megharia,DF,25.0,1961.0,0.0
1986,1986 FIFA World Cup,Algeria,DZA,Larbi El Hadi,GK,25.0,1961.0,0.0
1986,1986 FIFA World Cup,Algeria,DZA,Mourad Amara,GK,27.0,1959.0,0.0
1986,1986 FIFA World Cup,Argentina,ARG,Sergio Almirón,FW,27.0,1958.0,0.0
1986,1986 FIFA World Cup,Argentina,ARG,Sergio Batista,MF,23.0,1962.0,0.0
1986,1986 FIFA World Cup,Argentina,ARG,Ricardo Bochini,MF,32.0,1954.0,0.0
1986,1986 FIFA World Cup,Argentina,ARG,Claudio Borghi,MF,21.0,1964.0,0.0
1986,1986 FIFA World Cup,Argentina,ARG,José Luis Brown,DF,29.0,1956.0,1.0
1986,1986 FIFA World Cup,Argentina,ARG,Daniel Passarella,DF,33.0,1953.0,0.0
1986,1986 FIFA World Cup,Argentina,ARG,Jorge Burruchaga,FW,23.0,1962.0,2.0
1986,1986 FIFA World Cup,Argentina,ARG,Néstor Clausen,DF,23.0,1962.0,0.0
1986,1986 FIFA World Cup,Argentina,ARG,José Luis Cuciuffo,DF,25.0,1961.0,0.0
1986,1986 FIFA World Cup,Argentina,ARG,Diego Maradona,MF,25.0,1960.0,5.0
1986,1986 FIFA World Cup,Argentina,ARG,Jorge Valdano,FW,30.0,1955.0,4.0
1986,1986 FIFA World Cup,Argentina,ARG,Héctor Enrique,MF,24.0,1962.0,0.0
1986,1986 FIFA World Cup,Argentina,ARG,Oscar Garré,DF,29.0,1956.0,0.0
1986,1986 FIFA World Cup,Argentina,ARG,Ricardo Giusti,MF,29.0,1956.0,0.0
1986,1986 FIFA World Cup,Argentina,ARG,Luis Islas,GK,20.0,1965.0,0.0
1986,1986 FIFA World Cup,Argentina,ARG,Julio Olarticoechea,DF,27.0,1958.0,0.0
1986,1986 FIFA World Cup,Argentina,ARG,Pedro Pasculli,FW,26.0,1960.0,1.0
1986,1986 FIFA World Cup,Argentina,ARG,Nery Pumpido,GK,28.0,1957.0,0.0
1986,1986 FIFA World Cup,Argentina,ARG,Oscar Ruggeri,DF,24.0,1962.0,1.0
1986,1986 FIFA World Cup,Argentina,ARG,Carlos Tapia,MF,23.0,1962.0,0.0
1986,1986 FIFA World Cup,Argentina,ARG,Marcelo Trobbiani,MF,31.0,1955.0,0.0
1986,1986 FIFA World Cup,Argentina,ARG,Héctor Zelada,GK,29.0,1957.0,0.0
1986,1986 FIFA World Cup,Belgium,BEL,Jean-Marie Pfaff,GK,32.0,1953.0,0.0
1986,1986 FIFA World Cup,Belgium,BEL,Eric Gerets,DF,32.0,1954.0,0.0
1986,1986 FIFA World Cup,Belgium,BEL,Franky Van der Elst,MF,25.0,1961.0,0.0
1986,1986 FIFA World Cup,Belgium,BEL,Michel De Wolf,DF,28.0,1958.0,0.0
1986,1986 FIFA World Cup,Belgium,BEL,Michel Renquin,DF,30.0,1955.0,0.0
1986,1986 FIFA World Cup,Belgium,BEL,Franky Vercauteren,MF,29.0,1956.0,1.0
1986,1986 FIFA World Cup,Belgium,BEL,René Vandereycken,MF,32.0,1953.0,0.0
1986,1986 FIFA World Cup,Belgium,BEL,Enzo Scifo,MF,20.0,1966.0,2.0
1986,1986 FIFA World Cup,Belgium,BEL,Erwin Vandenbergh,FW,27.0,1959.0,1.0
1986,1986 FIFA World Cup,Belgium,BEL,Philippe Desmet,MF,27.0,1958.0,0.0
1986,1986 FIFA World Cup,Belgium,BEL,Jan Ceulemans,MF,29.0,1957.0,3.0
1986,1986 FIFA World Cup,Belgium,BEL,Jacky Munaron,GK,29.0,1956.0,0.0
1986,1986 FIFA World Cup,Belgium,BEL,Georges Grün,DF,24.0,1962.0,0.0
1986,1986 FIFA World Cup,Belgium,BEL,Leo Clijsters,DF,29.0,1956.0,0.0
1986,1986 FIFA World Cup,Belgium,BEL,Leo Van Der Elst,MF,24.0,1962.0,0.0
1986,1986 FIFA World Cup,Belgium,BEL,Nico Claesen,FW,23.0,1962.0,3.0
1986,1986 FIFA World Cup,Belgium,BEL,Raymond Mommens,FW,27.0,1958.0,0.0
1986,1986 FIFA World Cup,Belgium,BEL,Daniel Veyt,FW,29.0,1956.0,1.0
1986,1986 FIFA World Cup,Belgium,BEL,Hugo Broos,DF,34.0,1952.0,0.0
1986,1986 FIFA World Cup,Belgium,BEL,Gilbert Bodart,GK,23.0,1962.0,0.0
1986,1986 FIFA World Cup,Belgium,BEL,Stéphane Demol,DF,20.0,1966.0,1.0
1986,1986 FIFA World Cup,Belgium,BEL,Patrick Vervoort,MF,21.0,1965.0,0.0
1986,1986 FIFA World Cup,Brazil,BRA,Carlos,GK,30.0,1956.0,0.0
1986,1986 FIFA World Cup,Brazil,BRA,Édson,DF,26.0,1959.0,0.0
1986,1986 FIFA World Cup,Brazil,BRA,Oscar,DF,31.0,1954.0,0.0
1986,1986 FIFA World Cup,Brazil,BRA,Edinho,DF,30.0,1955.0,1.0
1986,1986 FIFA World Cup,Brazil,BRA,Falcão,MF,32.0,1953.0,0.0
1986,1986 FIFA World Cup,Brazil,BRA,Júnior,MF,31.0,1954.0,0.0
1986,1986 FIFA World Cup,Brazil,BRA,Müller,FW,20.0,1966.0,0.0
1986,1986 FIFA World Cup,Brazil,BRA,Casagrande,FW,23.0,1963.0,0.0
1986,1986 FIFA World Cup,Brazil,BRA,Careca,FW,25.0,1960.0,5.0
1986,1986 FIFA World Cup,Brazil,BRA,Zico,MF,33.0,1953.0,0.0
1986,1986 FIFA World Cup,Brazil,BRA,Edivaldo,FW,24.0,1962.0,0.0
1986,1986 FIFA World Cup,Brazil,BRA,Paulo Vítor,GK,28.0,1957.0,0.0
1986,1986 FIFA World Cup,Brazil,BRA,Josimar,DF,24.0,1961.0,2.0
1986,1986 FIFA World Cup,Brazil,BRA,Júlio César,DF,23.0,1963.0,0.0
1986,1986 FIFA World Cup,Brazil,BRA,Alemão,MF,24.0,1961.0,0.0
1986,1986 FIFA World Cup,Brazil,BRA,Mauro Galvão,DF,24.0,1961.0,0.0
1986,1986 FIFA World Cup,Brazil,BRA,Branco,DF,22.0,1964.0,0.0
1986,1986 FIFA World Cup,Brazil,BRA,Sócrates,MF,32.0,1954.0,2.0
1986,1986 FIFA World Cup,Brazil,BRA,Elzo,MF,25.0,1961.0,0.0
1986,1986 FIFA World Cup,Brazil,BRA,Paulo Silas,MF,20.0,1965.0,0.0
1986,1986 FIFA World Cup,Brazil,BRA,Valdo,MF,22.0,1964.0,0.0
1986,1986 FIFA World Cup,Brazil,BRA,Leão,GK,36.0,1949.0,0.0
1986,1986 FIFA World Cup,Bulgaria,BGR,Borislav Mihaylov,GK,23.0,1963.0,0.0
1986,1986 FIFA World Cup,Bulgaria,BGR,Nasko Sirakov,FW,24.0,1962.0,1.0
1986,1986 FIFA World Cup,Bulgaria,BGR,Nikolay Arabov,DF,33.0,1953.0,0.0
1986,1986 FIFA World Cup,Bulgaria,BGR,Petar Petrov,DF,25.0,1961.0,0.0
1986,1986 FIFA World Cup,Bulgaria,BGR,Georgi Dimitrov,DF,27.0,1959.0,0.0
1986,1986 FIFA World Cup,Bulgaria,BGR,Andrey Zhelyazkov,FW,33.0,1952.0,0.0
1986,1986 FIFA World Cup,Bulgaria,BGR,Bozhidar Iskrenov,MF,23.0,1962.0,0.0
1986,1986 FIFA World Cup,Bulgaria,BGR,Ayan Sadakov,MF,24.0,1961.0,0.0
1986,1986 FIFA World Cup,Bulgaria,BGR,Stoycho Mladenov,FW,29.0,1957.0,0.0
1986,1986 FIFA World Cup,Bulgaria,BGR,Zhivko Gospodinov,MF,28.0,1957.0,0.0
1986,1986 FIFA World Cup,Bulgaria,BGR,Plamen Getov,MF,27.0,1959.0,1.0
1986,1986 FIFA World Cup,Bulgaria,BGR,Radoslav Zdravkov,MF,29.0,1956.0,0.0
1986,1986 FIFA World Cup,Bulgaria,BGR,Aleksandar Markov,DF,24.0,1961.0,0.0
1986,1986 FIFA World Cup,Bulgaria,BGR,Plamen Markov,MF,28.0,1957.0,0.0
1986,1986 FIFA World Cup,Bulgaria,BGR,Georgi Yordanov,MF,22.0,1963.0,0.0
1986,1986 FIFA World Cup,Bulgaria,BGR,Vasil Dragolov,FW,23.0,1962.0,0.0
1986,1986 FIFA World Cup,Bulgaria,BGR,Hristo Kolev,MF,21.0,1964.0,0.0
1986,1986 FIFA World Cup,Bulgaria,BGR,Boycho Velichkov,FW,27.0,1958.0,0.0
1986,1986 FIFA World Cup,Bulgaria,BGR,Atanas Pashev,FW,22.0,1963.0,0.0
1986,1986 FIFA World Cup,Bulgaria,BGR,Kostadin Kostadinov,FW,26.0,1959.0,0.0
1986,1986 FIFA World Cup,Bulgaria,BGR,Iliya Dyakov,DF,22.0,1963.0,0.0
1986,1986 FIFA World Cup,Bulgaria,BGR,Iliya Valov,GK,24.0,1961.0,0.0
1986,1986 FIFA World Cup,Canada,CAN,Tino Lettieri,GK,28.0,1957.0,0.0
1986,1986 FIFA World Cup,Canada,CAN,Bob Lenarduzzi,DF,31.0,1955.0,0.0
1986,1986 FIFA World Cup,Canada,CAN,Bruce Wilson,DF,34.0,1951.0,0.0
1986,1986 FIFA World Cup,Canada,CAN,Randy Ragan,MF,26.0,1959.0,0.0
1986,1986 FIFA World Cup,Canada,CAN,Terry Moore,DF,27.0,1958.0,0.0
1986,1986 FIFA World Cup,Canada,CAN,Ian Bridge,DF,26.0,1959.0,0.0
1986,1986 FIFA World Cup,Canada,CAN,Carl Valentine,FW,27.0,1958.0,0.0
1986,1986 FIFA World Cup,Canada,CAN,Gerry Gray,MF,25.0,1961.0,0.0
1986,1986 FIFA World Cup,Canada,CAN,Branko Šegota,FW,24.0,1961.0,0.0
1986,1986 FIFA World Cup,Canada,CAN,Igor Vrablic,FW,20.0,1965.0,0.0
1986,1986 FIFA World Cup,Canada,CAN,Mike Sweeney,MF,26.0,1959.0,0.0
1986,1986 FIFA World Cup,Canada,CAN,Randy Samuel,DF,22.0,1963.0,0.0
1986,1986 FIFA World Cup,Canada,CAN,George Pakos,FW,33.0,1952.0,0.0
1986,1986 FIFA World Cup,Canada,CAN,Dale Mitchell,FW,28.0,1958.0,0.0
1986,1986 FIFA World Cup,Canada,CAN,Paul James,MF,22.0,1963.0,0.0
1986,1986 FIFA World Cup,Canada,CAN,Greg Ion,MF,23.0,1963.0,0.0
1986,1986 FIFA World Cup,Canada,CAN,David Norman,MF,24.0,1962.0,0.0
1986,1986 FIFA World Cup,Canada,CAN,Jamie Lowery,MF,25.0,1961.0,0.0
1986,1986 FIFA World Cup,Canada,CAN,Pasquale De Luca,DF,24.0,1962.0,0.0
1986,1986 FIFA World Cup,Canada,CAN,Colin Miller,DF,21.0,1964.0,0.0
1986,1986 FIFA World Cup,Canada,CAN,Sven Habermann,GK,24.0,1961.0,0.0
1986,1986 FIFA World Cup,Canada,CAN,Paul Dolan,GK,20.0,1966.0,0.0
1986,1986 FIFA World Cup,Denmark,DNK,Troels Rasmussen,GK,24.0,1961.0,0.0
1986,1986 FIFA World Cup,Denmark,DNK,John Sivebæk,DF,24.0,1961.0,0.0
1986,1986 FIFA World Cup,Denmark,DNK,Søren Busk,DF,33.0,1953.0,0.0
1986,1986 FIFA World Cup,Denmark,DNK,Morten Olsen,DF,36.0,1949.0,0.0
1986,1986 FIFA World Cup,Denmark,DNK,Ivan Nielsen,DF,29.0,1956.0,0.0
1986,1986 FIFA World Cup,Denmark,DNK,Søren Lerby,MF,28.0,1958.0,1.0
1986,1986 FIFA World Cup,Denmark,DNK,Jan Mølby,MF,22.0,1963.0,0.0
1986,1986 FIFA World Cup,Denmark,DNK,Jesper Olsen,FW,25.0,1961.0,3.0
1986,1986 FIFA World Cup,Denmark,DNK,Klaus Berggreen,MF,28.0,1958.0,0.0
1986,1986 FIFA World Cup,Denmark,DNK,Preben Elkjær,FW,28.0,1957.0,4.0
1986,1986 FIFA World Cup,Denmark,DNK,Michael Laudrup,MF,21.0,1964.0,1.0
1986,1986 FIFA World Cup,Denmark,DNK,Jens Jørn Bertelsen,MF,34.0,1952.0,0.0
1986,1986 FIFA World Cup,Denmark,DNK,Per Frimann,MF,23.0,1962.0,0.0
1986,1986 FIFA World Cup,Denmark,DNK,Allan Simonsen,FW,33.0,1952.0,0.0
1986,1986 FIFA World Cup,Denmark,DNK,Frank Arnesen,MF,29.0,1956.0,0.0
1986,1986 FIFA World Cup,Denmark,DNK,Ole Qvist,GK,36.0,1950.0,0.0
1986,1986 FIFA World Cup,Denmark,DNK,Kent Nielsen,DF,24.0,1961.0,0.0
1986,1986 FIFA World Cup,Denmark,DNK,Flemming Christensen,FW,28.0,1958.0,0.0
1986,1986 FIFA World Cup,Denmark,DNK,John Eriksen,FW,28.0,1957.0,1.0
1986,1986 FIFA World Cup,Denmark,DNK,Jan Bartram,MF,24.0,1962.0,0.0
1986,1986 FIFA World Cup,Denmark,DNK,Henrik Andersen,DF,21.0,1965.0,0.0
1986,1986 FIFA World Cup,Denmark,DNK,Lars Høgh,GK,27.0,1959.0,0.0
1986,1986 FIFA World Cup,England,ENG,Peter Shilton,GK,36.0,1949.0,0.0
1986,1986 FIFA World Cup,England,ENG,Gary Stevens,DF,23.0,1963.0,0.0
1986,1986 FIFA World Cup,England,ENG,Kenny Sansom,DF,27.0,1958.0,0.0
1986,1986 FIFA World Cup,England,ENG,Glenn Hoddle,MF,28.0,1957.0,0.0
1986,1986 FIFA World Cup,England,ENG,Alvin Martin,DF,27.0,1958.0,0.0
1986,1986 FIFA World Cup,England,ENG,Terry Butcher,DF,27.0,1958.0,0.0
1986,1986 FIFA World Cup,England,ENG,Bryan Robson,MF,29.0,1957.0,0.0
1986,1986 FIFA World Cup,England,ENG,Ray Wilkins,MF,29.0,1956.0,0.0
1986,1986 FIFA World Cup,England,ENG,Mark Hateley,FW,24.0,1961.0,0.0
1986,1986 FIFA World Cup,England,ENG,Gary Lineker,FW,25.0,1960.0,6.0
1986,1986 FIFA World Cup,England,ENG,Chris Waddle,MF,25.0,1960.0,0.0
1986,1986 FIFA World Cup,England,ENG,Viv Anderson,DF,29.0,1956.0,0.0
1986,1986 FIFA World Cup,England,ENG,Chris Woods,GK,26.0,1959.0,0.0
1986,1986 FIFA World Cup,England,ENG,Terry Fenwick,DF,26.0,1959.0,0.0
1986,1986 FIFA World Cup,England,ENG,Gary Stevens,DF,24.0,1962.0,0.0
1986,1986 FIFA World Cup,England,ENG,Peter Reid,MF,29.0,1956.0,0.0
1986,1986 FIFA World Cup,England,ENG,Trevor Steven,MF,22.0,1963.0,0.0
1986,1986 FIFA World Cup,England,ENG,Steve Hodge,MF,23.0,1962.0,0.0
1986,1986 FIFA World Cup,England,ENG,John Barnes,FW,22.0,1963.0,0.0
1986,1986 FIFA World Cup,England,ENG,Peter Beardsley,FW,25.0,1961.0,1.0
1986,1986 FIFA World Cup,England,ENG,Kerry Dixon,FW,24.0,1961.0,0.0
1986,1986 FIFA World Cup,England,ENG,Gary Bailey,GK,27.0,1958.0,0.0
1986,1986 FIFA World Cup,France,FRA,Joël Bats,GK,29.0,1957.0,0.0
1986,1986 FIFA World Cup,France,FRA,Manuel Amoros,DF,24.0,1962.0,1.0
1986,1986 FIFA World Cup,France,FRA,William Ayache,DF,25.0,1961.0,0.0
1986,1986 FIFA World Cup,France,FRA,Patrick Battiston,DF,29.0,1957.0,0.0
1986,1986 FIFA World Cup,France,FRA,Michel Bibard,DF,27.0,1958.0,0.0
1986,1986 FIFA World Cup,France,FRA,Maxime Bossis,DF,30.0,1955.0,0.0
1986,1986 FIFA World Cup,France,FRA,Yvon Le Roux,DF,26.0,1960.0,0.0
1986,1986 FIFA World Cup,France,FRA,Thierry Tusseau,DF,28.0,1958.0,0.0
1986,1986 FIFA World Cup,France,FRA,Luis Fernández,MF,26.0,1959.0,1.0
1986,1986 FIFA World Cup,France,FRA,Michel Platini,MF,30.0,1955.0,2.0
1986,1986 FIFA World Cup,France,FRA,Jean-Marc Ferreri,MF,23.0,1962.0,1.0
1986,1986 FIFA World Cup,France,FRA,Alain Giresse,MF,33.0,1952.0,0.0
1986,1986 FIFA World Cup,France,FRA,Bernard Genghini,MF,28.0,1958.0,1.0
1986,1986 FIFA World Cup,France,FRA,Jean Tigana,MF,30.0,1955.0,1.0
1986,1986 FIFA World Cup,France,FRA,Philippe Vercruysse,MF,24.0,1962.0,0.0
1986,1986 FIFA World Cup,France,FRA,Bruno Bellone,FW,24.0,1962.0,0.0
1986,1986 FIFA World Cup,France,FRA,Jean-Pierre Papin,FW,22.0,1963.0,2.0
1986,1986 FIFA World Cup,France,FRA,Dominique Rocheteau,FW,31.0,1955.0,1.0
1986,1986 FIFA World Cup,France,FRA,Yannick Stopyra,FW,25.0,1961.0,2.0
1986,1986 FIFA World Cup,France,FRA,Daniel Xuereb,FW,26.0,1959.0,0.0
1986,1986 FIFA World Cup,France,FRA,Philippe Bergeroo,GK,32.0,1954.0,0.0
1986,1986 FIFA World Cup,France,FRA,Albert Rust,GK,32.0,1953.0,0.0
1986,1986 FIFA World Cup,Hungary,HUN,Péter Disztl,GK,26.0,1960.0,0.0
1986,1986 FIFA World Cup,Hungary,HUN,Sándor Sallai,DF,26.0,1960.0,0.0
1986,1986 FIFA World Cup,Hungary,HUN,Antal Róth,DF,25.0,1960.0,0.0
1986,1986 FIFA World Cup,Hungary,HUN,József Varga,DF,31.0,1954.0,0.0
1986,1986 FIFA World Cup,Hungary,HUN,József Kardos,DF,26.0,1960.0,0.0
1986,1986 FIFA World Cup,Hungary,HUN,Imre Garaba,DF,27.0,1958.0,0.0
1986,1986 FIFA World Cup,Hungary,HUN,József Kiprich,FW,22.0,1963.0,0.0
1986,1986 FIFA World Cup,Hungary,HUN,Antal Nagy,DF,29.0,1956.0,0.0
1986,1986 FIFA World Cup,Hungary,HUN,László Dajka,FW,27.0,1959.0,0.0
1986,1986 FIFA World Cup,Hungary,HUN,Lajos Détári,MF,23.0,1963.0,1.0
1986,1986 FIFA World Cup,Hungary,HUN,Márton Esterházy,FW,30.0,1956.0,1.0
1986,1986 FIFA World Cup,Hungary,HUN,József Csuhay,DF,28.0,1957.0,0.0
1986,1986 FIFA World Cup,Hungary,HUN,László Disztl,DF,23.0,1962.0,0.0
1986,1986 FIFA World Cup,Hungary,HUN,Zoltán Péter,DF,28.0,1958.0,0.0
1986,1986 FIFA World Cup,Hungary,HUN,Péter Hannich,MF,29.0,1957.0,0.0
1986,1986 FIFA World Cup,Hungary,HUN,József Nagy,MF,25.0,1960.0,0.0
1986,1986 FIFA World Cup,Hungary,HUN,Győző Burcsa,MF,32.0,1954.0,0.0
1986,1986 FIFA World Cup,Hungary,HUN,József Szendrei,GK,32.0,1954.0,0.0
1986,1986 FIFA World Cup,Hungary,HUN,György Bognár,MF,24.0,1961.0,0.0
1986,1986 FIFA World Cup,Hungary,HUN,Kálmán Kovács,FW,20.0,1965.0,0.0
1986,1986 FIFA World Cup,Hungary,HUN,Gyula Hajszán,MF,24.0,1961.0,0.0
1986,1986 FIFA World Cup,Hungary,HUN,József Andrusch,GK,30.0,1956.0,0.0
1986,1986 FIFA World Cup,Iraq,IRQ,Raad Hammoudi,GK,28.0,1958.0,0.0
1986,1986 FIFA World Cup,Iraq,IRQ,Maad Ibrahim,DF,25.0,1960.0,0.0
1986,1986 FIFA World Cup,Iraq,IRQ,Khalil Allawi,DF,27.0,1958.0,0.0
1986,1986 FIFA World Cup,Iraq,IRQ,Nadhim Shaker,DF,28.0,1958.0,0.0
1986,1986 FIFA World Cup,Iraq,IRQ,Samir Shaker,DF,28.0,1958.0,0.0
1986,1986 FIFA World Cup,Iraq,IRQ,Ali Hussein Shihab,MF,25.0,1961.0,0.0
1986,1986 FIFA World Cup,Iraq,IRQ,Haris Mohammed,MF,28.0,1958.0,0.0
1986,1986 FIFA World Cup,Iraq,IRQ,Ahmed Radhi,FW,22.0,1964.0,1.0
1986,1986 FIFA World Cup,Iraq,IRQ,Karim Saddam,FW,26.0,1960.0,0.0
1986,1986 FIFA World Cup,Iraq,IRQ,Hussein Saeed,FW,28.0,1958.0,0.0
1986,1986 FIFA World Cup,Iraq,IRQ,Rahim Hameed,FW,23.0,1963.0,0.0
1986,1986 FIFA World Cup,Iraq,IRQ,Jamal Ali,MF,30.0,1956.0,0.0
1986,1986 FIFA World Cup,Iraq,IRQ,Karim Allawi,DF,26.0,1960.0,0.0
1986,1986 FIFA World Cup,Iraq,IRQ,Basil Gorgis,MF,25.0,1961.0,0.0
1986,1986 FIFA World Cup,Iraq,IRQ,Natiq Hashim,MF,26.0,1960.0,0.0
1986,1986 FIFA World Cup,Iraq,IRQ,Shaker Mahmoud,MF,23.0,1963.0,0.0
1986,1986 FIFA World Cup,Iraq,IRQ,Anad Abid,FW,30.0,1955.0,0.0
1986,1986 FIFA World Cup,Iraq,IRQ,Ismail Mohammed Sharif,MF,24.0,1962.0,0.0
1986,1986 FIFA World Cup,Iraq,IRQ,Basim Qasim,DF,23.0,1963.0,0.0
1986,1986 FIFA World Cup,Iraq,IRQ,Fatah Nsaief,GK,35.0,1951.0,0.0
1986,1986 FIFA World Cup,Iraq,IRQ,Ahmad Jassim,GK,26.0,1960.0,0.0
1986,1986 FIFA World Cup,Iraq,IRQ,Ghanim Oraibi,DF,24.0,1961.0,0.0
1986,1986 FIFA World Cup,Italy,ITA,Giovanni Galli,GK,28.0,1958.0,0.0
1986,1986 FIFA World Cup,Italy,ITA,Giuseppe Bergomi,DF,22.0,1963.0,0.0
1986,1986 FIFA World Cup,Italy,ITA,Antonio Cabrini,DF,28.0,1957.0,0.0
1986,1986 FIFA World Cup,Italy,ITA,Fulvio Collovati,DF,29.0,1957.0,0.0
1986,1986 FIFA World Cup,Italy,ITA,Sebastiano Nela,DF,25.0,1961.0,0.0
1986,1986 FIFA World Cup,Italy,ITA,Gaetano Scirea,DF,33.0,1953.0,0.0
1986,1986 FIFA World Cup,Italy,ITA,Roberto Tricella,DF,27.0,1959.0,0.0
1986,1986 FIFA World Cup,Italy,ITA,Pietro Vierchowod,DF,27.0,1959.0,0.0
1986,1986 FIFA World Cup,Italy,ITA,Carlo Ancelotti,MF,26.0,1959.0,0.0
1986,1986 FIFA World Cup,Italy,ITA,Salvatore Bagni,MF,29.0,1956.0,0.0
1986,1986 FIFA World Cup,Italy,ITA,Giuseppe Baresi,MF,28.0,1958.0,0.0
1986,1986 FIFA World Cup,Italy,ITA,Franco Tancredi,GK,31.0,1955.0,0.0
1986,1986 FIFA World Cup,Italy,ITA,Fernando De Napoli,MF,22.0,1964.0,0.0
1986,1986 FIFA World Cup,Italy,ITA,Antonio Di Gennaro,MF,27.0,1958.0,0.0
1986,1986 FIFA World Cup,Italy,ITA,Marco Tardelli,MF,31.0,1954.0,0.0
1986,1986 FIFA World Cup,Italy,ITA,Bruno Conti,FW,31.0,1955.0,0.0
1986,1986 FIFA World Cup,Italy,ITA,Gianluca Vialli,FW,21.0,1964.0,0.0
1986,1986 FIFA World Cup,Italy,ITA,Alessandro Altobelli,FW,30.0,1955.0,4.0
1986,1986 FIFA World Cup,Italy,ITA,Giuseppe Galderisi,FW,23.0,1963.0,0.0
1986,1986 FIFA World Cup,Italy,ITA,Paolo Rossi,FW,29.0,1956.0,0.0
1986,1986 FIFA World Cup,Italy,ITA,Aldo Serena,FW,25.0,1960.0,0.0
1986,1986 FIFA World Cup,Italy,ITA,Walter Zenga,GK,26.0,1960.0,0.0
1986,1986 FIFA World Cup,Mexico,MEX,Pablo Larios,GK,25.0,1960.0,0.0
1986,1986 FIFA World Cup,Mexico,MEX,Mario Trejo,DF,30.0,1956.0,0.0
1986,1986 FIFA World Cup,Mexico,MEX,Fernando Quirarte,DF,30.0,1956.0,2.0
1986,1986 FIFA World Cup,Mexico,MEX,Armando Manzo,DF,27.0,1958.0,0.0
1986,1986 FIFA World Cup,Mexico,MEX,Francisco Javier Cruz,FW,20.0,1966.0,0.0
1986,1986 FIFA World Cup,Mexico,MEX,Carlos de los Cobos,MF,27.0,1958.0,0.0
1986,1986 FIFA World Cup,Mexico,MEX,Miguel España,MF,25.0,1961.0,0.0
1986,1986 FIFA World Cup,Mexico,MEX,Alejandro Domínguez,MF,25.0,1961.0,0.0
1986,1986 FIFA World Cup,Mexico,MEX,Hugo Sánchez,FW,27.0,1958.0,1.0
1986,1986 FIFA World Cup,Mexico,MEX,Tomás Boy,MF,34.0,1951.0,0.0
1986,1986 FIFA World Cup,Mexico,MEX,Carlos Hermosillo,FW,21.0,1964.0,0.0
1986,1986 FIFA World Cup,Mexico,MEX,Ignacio Rodríguez,GK,26.0,1959.0,0.0
1986,1986 FIFA World Cup,Mexico,MEX,Javier Aguirre,MF,27.0,1958.0,0.0
1986,1986 FIFA World Cup,Mexico,MEX,Felix Cruz,DF,25.0,1961.0,0.0
1986,1986 FIFA World Cup,Mexico,MEX,Luis Flores,FW,23.0,1962.0,1.0
1986,1986 FIFA World Cup,Mexico,MEX,Carlos Muñoz,MF,23.0,1962.0,0.0
1986,1986 FIFA World Cup,Mexico,MEX,Raúl Servín,DF,23.0,1963.0,1.0
1986,1986 FIFA World Cup,Mexico,MEX,Rafael Amador,DF,27.0,1959.0,0.0
1986,1986 FIFA World Cup,Mexico,MEX,Javier Hernández,MF,24.0,1961.0,0.0
1986,1986 FIFA World Cup,Mexico,MEX,Olaf Heredia,GK,28.0,1957.0,0.0
1986,1986 FIFA World Cup,Mexico,MEX,Cristóbal Ortega,FW,29.0,1956.0,0.0
1986,1986 FIFA World Cup,Mexico,MEX,Manuel Negrete,MF,27.0,1959.0,1.0
1986,1986 FIFA World Cup,Morocco,MAR,Badou Zaki,GK,27.0,1959.0,0.0
1986,1986 FIFA World Cup,Morocco,MAR,Labid Khalifa,DF,31.0,1955.0,0.0
1986,1986 FIFA World Cup,Morocco,MAR,Abdelmajid Lamriss,DF,27.0,1959.0,0.0
1986,1986 FIFA World Cup,Morocco,MAR,Mustafa El Biyaz,DF,25.0,1960.0,0.0
1986,1986 FIFA World Cup,Morocco,MAR,Noureddine Bouyahyaoui,DF,31.0,1955.0,0.0
1986,1986 FIFA World Cup,Morocco,MAR,Abdelmajid Dolmy,MF,33.0,1953.0,0.0
1986,1986 FIFA World Cup,Morocco,MAR,Mustafa El Haddaoui,MF,24.0,1961.0,0.0
1986,1986 FIFA World Cup,Morocco,MAR,Aziz Bouderbala,MF,25.0,1960.0,0.0
1986,1986 FIFA World Cup,Morocco,MAR,Abdelkrim Merry,FW,31.0,1955.0,1.0
1986,1986 FIFA World Cup,Morocco,MAR,Mohamed Timoumi,MF,26.0,1960.0,0.0
1986,1986 FIFA World Cup,Morocco,MAR,Mustafa Merry,FW,28.0,1958.0,0.0
1986,1986 FIFA World Cup,Morocco,MAR,Salahdine Hmied,GK,24.0,1961.0,0.0
1986,1986 FIFA World Cup,Morocco,MAR,Abdelfettah Rhiati,FW,23.0,1963.0,0.0
1986,1986 FIFA World Cup,Morocco,MAR,Lahcen Ouadani,DF,26.0,1959.0,0.0
1986,1986 FIFA World Cup,Morocco,MAR,Mouncif El Haddaoui,MF,21.0,1964.0,0.0
1986,1986 FIFA World Cup,Morocco,MAR,Azzedine Amanallah,MF,30.0,1956.0,0.0
1986,1986 FIFA World Cup,Morocco,MAR,Abderrazak Khairi,FW,23.0,1962.0,2.0
1986,1986 FIFA World Cup,Morocco,MAR,Mohammed Sahil,MF,22.0,1963.0,0.0
1986,1986 FIFA World Cup,Morocco,MAR,Fadel Jilal,MF,22.0,1964.0,0.0
1986,1986 FIFA World Cup,Morocco,MAR,Abdellah Bidane,DF,20.0,1965.0,0.0
1986,1986 FIFA World Cup,Morocco,MAR,Abdelaziz Souleimani,MF,28.0,1958.0,0.0
1986,1986 FIFA World Cup,Morocco,MAR,Abdelfettah Mouddani,GK,29.0,1956.0,0.0
1986,1986 FIFA World Cup,Northern Ireland,NIR,Pat Jennings,GK,40.0,1945.0,0.0
1986,1986 FIFA World Cup,Northern Ireland,NIR,Jimmy Nicholl,DF,29.0,1956.0,0.0
1986,1986 FIFA World Cup,Northern Ireland,NIR,Mal Donaghy,DF,28.0,1957.0,0.0
1986,1986 FIFA World Cup,Northern Ireland,NIR,John O'Neill,DF,28.0,1958.0,0.0
1986,1986 FIFA World Cup,Northern Ireland,NIR,Alan McDonald,DF,22.0,1963.0,0.0
1986,1986 FIFA World Cup,Northern Ireland,NIR,David McCreery,MF,28.0,1957.0,0.0
1986,1986 FIFA World Cup,Northern Ireland,NIR,Steve Penney,MF,22.0,1964.0,0.0
1986,1986 FIFA World Cup,Northern Ireland,NIR,Sammy McIlroy,MF,31.0,1954.0,0.0
1986,1986 FIFA World Cup,Northern Ireland,NIR,Jimmy Quinn,FW,26.0,1959.0,0.0
1986,1986 FIFA World Cup,Northern Ireland,NIR,Norman Whiteside,MF,21.0,1965.0,1.0
1986,1986 FIFA World Cup,Northern Ireland,NIR,Ian Stewart,FW,24.0,1961.0,0.0
1986,1986 FIFA World Cup,Northern Ireland,NIR,Jim Platt,GK,34.0,1952.0,0.0
1986,1986 FIFA World Cup,Northern Ireland,NIR,Philip Hughes,GK,21.0,1964.0,0.0
1986,1986 FIFA World Cup,Northern Ireland,NIR,Gerry Armstrong,FW,32.0,1954.0,0.0
1986,1986 FIFA World Cup,Northern Ireland,NIR,Nigel Worthington,DF,24.0,1961.0,0.0
1986,1986 FIFA World Cup,Northern Ireland,NIR,Paul Ramsey,MF,23.0,1962.0,0.0
1986,1986 FIFA World Cup,Northern Ireland,NIR,Colin Clarke,FW,23.0,1962.0,1.0
1986,1986 FIFA World Cup,Northern Ireland,NIR,John McClelland,DF,30.0,1955.0,0.0
1986,1986 FIFA World Cup,Northern Ireland,NIR,Billy Hamilton,FW,29.0,1957.0,0.0
1986,1986 FIFA World Cup,Northern Ireland,NIR,Bernard McNally,MF,23.0,1963.0,0.0
1986,1986 FIFA World Cup,Northern Ireland,NIR,David Campbell,MF,20.0,1965.0,0.0
1986,1986 FIFA World Cup,Northern Ireland,NIR,Mark Caughey,FW,25.0,1960.0,0.0
1986,1986 FIFA World Cup,Paraguay,PRY,Roberto Fernández,GK,31.0,1954.0,0.0
1986,1986 FIFA World Cup,Paraguay,PRY,Juan Torales,DF,30.0,1956.0,0.0
1986,1986 FIFA World Cup,Paraguay,PRY,César Zabala,DF,24.0,1961.0,0.0
1986,1986 FIFA World Cup,Paraguay,PRY,Vladimiro Schettina,DF,30.0,1955.0,0.0
1986,1986 FIFA World Cup,Paraguay,PRY,Rogelio Delgado,DF,26.0,1959.0,0.0
1986,1986 FIFA World Cup,Paraguay,PRY,Jorge Amado Nunes,MF,24.0,1961.0,0.0
1986,1986 FIFA World Cup,Paraguay,PRY,Buenaventura Ferreira,MF,25.0,1960.0,0.0
1986,1986 FIFA World Cup,Paraguay,PRY,Julio César Romero,MF,25.0,1960.0,2.0
1986,1986 FIFA World Cup,Paraguay,PRY,Roberto Cabañas,FW,25.0,1961.0,2.0
1986,1986 FIFA World Cup,Paraguay,PRY,Adolfino Cañete,MF,29.0,1956.0,0.0
1986,1986 FIFA World Cup,Paraguay,PRY,Alfredo Mendoza,FW,22.0,1963.0,0.0
1986,1986 FIFA World Cup,Paraguay,PRY,Jorge Battaglia,GK,26.0,1960.0,0.0
1986,1986 FIFA World Cup,Paraguay,PRY,Virginio Cáceres,DF,24.0,1962.0,0.0
1986,1986 FIFA World Cup,Paraguay,PRY,Luis Caballero,DF,23.0,1962.0,0.0
1986,1986 FIFA World Cup,Paraguay,PRY,Eufemio Cabral,FW,31.0,1955.0,0.0
1986,1986 FIFA World Cup,Paraguay,PRY,Jorge Guasch,MF,25.0,1961.0,0.0
1986,1986 FIFA World Cup,Paraguay,PRY,Francisco Alcaraz,FW,25.0,1960.0,0.0
1986,1986 FIFA World Cup,Paraguay,PRY,Evaristo Isasi,FW,30.0,1955.0,0.0
1986,1986 FIFA World Cup,Paraguay,PRY,Rolando Chilavert,MF,25.0,1961.0,0.0
1986,1986 FIFA World Cup,Paraguay,PRY,Ramón Hicks,FW,27.0,1959.0,0.0
1986,1986 FIFA World Cup,Paraguay,PRY,Faustino Alonso,FW,25.0,1961.0,0.0
1986,1986 FIFA World Cup,Paraguay,PRY,Julián Coronel,GK,27.0,1958.0,0.0
1986,1986 FIFA World Cup,Poland,POL,Józef Młynarczyk,GK,32.0,1953.0,0.0
1986,1986 FIFA World Cup,Poland,POL,Kazimierz Przybyś,DF,25.0,1960.0,0.0
1986,1986 FIFA World Cup,Poland,POL,Władysław Żmuda,DF,31.0,1954.0,0.0
1986,1986 FIFA World Cup,Poland,POL,Marek Ostrowski,DF,26.0,1959.0,0.0
1986,1986 FIFA World Cup,Poland,POL,Roman Wójcicki,DF,28.0,1958.0,0.0
1986,1986 FIFA World Cup,Poland,POL,Waldemar Matysik,MF,24.0,1961.0,0.0
1986,1986 FIFA World Cup,Poland,POL,Ryszard Tarasiewicz,MF,24.0,1962.0,0.0
1986,1986 FIFA World Cup,Poland,POL,Jan Urban,FW,24.0,1962.0,0.0
1986,1986 FIFA World Cup,Poland,POL,Jan Karaś,FW,27.0,1959.0,0.0
1986,1986 FIFA World Cup,Poland,POL,Stefan Majewski,DF,30.0,1956.0,0.0
1986,1986 FIFA World Cup,Poland,POL,Włodzimierz Smolarek,FW,28.0,1957.0,1.0
1986,1986 FIFA World Cup,Poland,POL,Jacek Kazimierski,GK,26.0,1959.0,0.0
1986,1986 FIFA World Cup,Poland,POL,Ryszard Komornicki,MF,26.0,1959.0,0.0
1986,1986 FIFA World Cup,Poland,POL,Dariusz Kubicki,DF,22.0,1963.0,0.0
1986,1986 FIFA World Cup,Poland,POL,Andrzej Buncol,MF,26.0,1959.0,0.0
1986,1986 FIFA World Cup,Poland,POL,Andrzej Pałasz,MF,25.0,1960.0,0.0
1986,1986 FIFA World Cup,Poland,POL,Andrzej Zgutczyński,FW,28.0,1958.0,0.0
1986,1986 FIFA World Cup,Poland,POL,Krzysztof Pawlak,DF,28.0,1958.0,0.0
1986,1986 FIFA World Cup,Poland,POL,Józef Wandzik,GK,22.0,1963.0,0.0
1986,1986 FIFA World Cup,Poland,POL,Zbigniew Boniek,MF,30.0,1956.0,0.0
1986,1986 FIFA World Cup,Poland,POL,Dariusz Dziekanowski,FW,23.0,1962.0,0.0
1986,1986 FIFA World Cup,Poland,POL,Jan Furtok,FW,24.0,1962.0,0.0
1986,1986 FIFA World Cup,Portugal,PRT,Manuel Bento,GK,37.0,1948.0,0.0
1986,1986 FIFA World Cup,Portugal,PRT,João Pinto,DF,24.0,1961.0,0.0
1986,1986 FIFA World Cup,Portugal,PRT,António Sousa,MF,29.0,1957.0,0.0
1986,1986 FIFA World Cup,Portugal,PRT,José Ribeiro,MF,28.0,1957.0,0.0
1986,1986 FIFA World Cup,Portugal,PRT,Álvaro,DF,25.0,1961.0,0.0
1986,1986 FIFA World Cup,Portugal,PRT,Carlos Manuel,MF,28.0,1958.0,1.0
1986,1986 FIFA World Cup,Portugal,PRT,Jaime Pacheco,MF,27.0,1958.0,0.0
1986,1986 FIFA World Cup,Portugal,PRT,Frederico,DF,29.0,1957.0,0.0
1986,1986 FIFA World Cup,Portugal,PRT,Fernando Gomes,FW,29.0,1956.0,0.0
1986,1986 FIFA World Cup,Portugal,PRT,Paulo Futre,FW,20.0,1966.0,0.0
1986,1986 FIFA World Cup,Portugal,PRT,Fernando Bandeirinha,DF,23.0,1962.0,0.0
1986,1986 FIFA World Cup,Portugal,PRT,Jorge Martins,GK,31.0,1954.0,0.0
1986,1986 FIFA World Cup,Portugal,PRT,António Morato,DF,21.0,1964.0,0.0
1986,1986 FIFA World Cup,Portugal,PRT,Jaime Magalhães,MF,23.0,1962.0,0.0
1986,1986 FIFA World Cup,Portugal,PRT,António Oliveira,DF,27.0,1958.0,0.0
1986,1986 FIFA World Cup,Portugal,PRT,José António,DF,28.0,1957.0,0.0
1986,1986 FIFA World Cup,Portugal,PRT,Diamantino,MF,26.0,1959.0,1.0
1986,1986 FIFA World Cup,Portugal,PRT,Luís Sobrinho,DF,25.0,1961.0,0.0
1986,1986 FIFA World Cup,Portugal,PRT,Rui Águas,FW,26.0,1960.0,0.0
1986,1986 FIFA World Cup,Portugal,PRT,Augusto Inácio,DF,31.0,1955.0,0.0
1986,1986 FIFA World Cup,Portugal,PRT,António André,MF,28.0,1957.0,0.0
1986,1986 FIFA World Cup,Portugal,PRT,Vítor Damas,GK,38.0,1947.0,0.0
1986,1986 FIFA World Cup,Scotland,SCO,Jim Leighton,GK,27.0,1958.0,0.0
1986,1986 FIFA World Cup,Scotland,SCO,Richard Gough,DF,24.0,1962.0,0.0
1986,1986 FIFA World Cup,Scotland,SCO,Maurice Malpas,DF,23.0,1962.0,0.0
1986,1986 FIFA World Cup,Scotland,SCO,Graeme Souness,MF,33.0,1953.0,0.0
1986,1986 FIFA World Cup,Scotland,SCO,Alex McLeish,DF,27.0,1959.0,0.0
1986,1986 FIFA World Cup,Scotland,SCO,Willie Miller,DF,31.0,1955.0,0.0
1986,1986 FIFA World Cup,Scotland,SCO,Gordon Strachan,MF,29.0,1957.0,1.0
1986,1986 FIFA World Cup,Scotland,SCO,Roy Aitken,DF,27.0,1958.0,0.0
1986,1986 FIFA World Cup,Scotland,SCO,Eamonn Bannon,MF,28.0,1958.0,0.0
1986,1986 FIFA World Cup,Scotland,SCO,Jim Bett,MF,26.0,1959.0,0.0
1986,1986 FIFA World Cup,Scotland,SCO,Paul McStay,MF,21.0,1964.0,0.0
1986,1986 FIFA World Cup,Scotland,SCO,Andy Goram,GK,22.0,1964.0,0.0
1986,1986 FIFA World Cup,Scotland,SCO,Steve Nicol,DF,24.0,1961.0,0.0
1986,1986 FIFA World Cup,Scotland,SCO,David Narey,DF,29.0,1956.0,0.0
1986,1986 FIFA World Cup,Scotland,SCO,Arthur Albiston,DF,28.0,1957.0,0.0
1986,1986 FIFA World Cup,Scotland,SCO,Frank McAvennie,FW,26.0,1959.0,0.0
1986,1986 FIFA World Cup,Scotland,SCO,Steve Archibald,FW,29.0,1956.0,0.0
1986,1986 FIFA World Cup,Scotland,SCO,Graeme Sharp,FW,25.0,1960.0,0.0
1986,1986 FIFA World Cup,Scotland,SCO,Charlie Nicholas,FW,24.0,1961.0,0.0
1986,1986 FIFA World Cup,Scotland,SCO,Paul Sturrock,FW,29.0,1956.0,0.0
1986,1986 FIFA World Cup,Scotland,SCO,Davie Cooper,FW,30.0,1956.0,0.0
1986,1986 FIFA World Cup,Scotland,SCO,Alan Rough,GK,34.0,1951.0,0.0
1986,1986 FIFA World Cup,Korea Republic,KOR,Byung-deuk Cho,GK,28.0,1958.0,0.0
1986,1986 FIFA World Cup,Korea Republic,KOR,Kyung-hoon Park,DF,25.0,1961.0,0.0
1986,1986 FIFA World Cup,Korea Republic,KOR,Jong-soo Chung,DF,25.0,1961.0,0.0
1986,1986 FIFA World Cup,Korea Republic,KOR,Kwang-rae Cho,MF,32.0,1954.0,0.0
1986,1986 FIFA World Cup,Korea Republic,KOR,Yong-hwan Chung,DF,26.0,1960.0,0.0
1986,1986 FIFA World Cup,Korea Republic,KOR,Tae-ho Lee,FW,25.0,1961.0,0.0
1986,1986 FIFA World Cup,Korea Republic,KOR,Jong-boo Kim,FW,20.0,1965.0,1.0
1986,1986 FIFA World Cup,Korea Republic,KOR,Young-jeung Cho,DF,31.0,1954.0,0.0
1986,1986 FIFA World Cup,Korea Republic,KOR,Soon-ho Choi,FW,24.0,1962.0,1.0
1986,1986 FIFA World Cup,Korea Republic,KOR,Chang-sun Park,MF,32.0,1954.0,1.0
1986,1986 FIFA World Cup,Korea Republic,KOR,Bum-kun Cha,FW,33.0,1953.0,0.0
1986,1986 FIFA World Cup,Korea Republic,KOR,Pyung-seok Kim,DF,27.0,1958.0,0.0
1986,1986 FIFA World Cup,Korea Republic,KOR,Soo-jin Noh,MF,24.0,1962.0,0.0
1986,1986 FIFA World Cup,Korea Republic,KOR,Min-kook Cho,DF,22.0,1963.0,0.0
1986,1986 FIFA World Cup,Korea Republic,KOR,Byung-ok Yoo,DF,22.0,1964.0,0.0
1986,1986 FIFA World Cup,Korea Republic,KOR,Joo-sung Kim,MF,20.0,1966.0,0.0
1986,1986 FIFA World Cup,Korea Republic,KOR,Jung-moo Huh,MF,31.0,1955.0,1.0
1986,1986 FIFA World Cup,Korea Republic,KOR,Sam-soo Kim,MF,23.0,1963.0,0.0
1986,1986 FIFA World Cup,Korea Republic,KOR,Byung-joo Byun,FW,25.0,1961.0,0.0
1986,1986 FIFA World Cup,Korea Republic,KOR,Yong-se Kim,FW,26.0,1960.0,0.0
1986,1986 FIFA World Cup,Korea Republic,KOR,Yun-kyo Oh,GK,26.0,1960.0,0.0
1986,1986 FIFA World Cup,Korea Republic,KOR,Deuk-soo Kang,MF,24.0,1961.0,0.0
1986,1986 FIFA World Cup,Soviet Union,SUN,Rinat Dasayev,GK,28.0,1957.0,0.0
1986,1986 FIFA World Cup,Soviet Union,SUN,Volodymyr Bezsonov,DF,28.0,1958.0,0.0
1986,1986 FIFA World Cup,Soviet Union,SUN,Aleksandr Chivadze,DF,31.0,1955.0,0.0
1986,1986 FIFA World Cup,Soviet Union,SUN,Gennady Morozov,DF,23.0,1962.0,0.0
1986,1986 FIFA World Cup,Soviet Union,SUN,Anatoliy Demyanenko,DF,27.0,1959.0,0.0
1986,1986 FIFA World Cup,Soviet Union,SUN,Aleksandr Bubnov,DF,30.0,1955.0,0.0
1986,1986 FIFA World Cup,Soviet Union,SUN,Ivan Yaremchuk,MF,24.0,1962.0,1.0
1986,1986 FIFA World Cup,Soviet Union,SUN,Pavel Yakovenko,MF,21.0,1964.0,1.0
1986,1986 FIFA World Cup,Soviet Union,SUN,Oleksandr Zavarov,MF,25.0,1961.0,1.0
1986,1986 FIFA World Cup,Soviet Union,SUN,Oleh Kuznetsov,DF,23.0,1963.0,0.0
1986,1986 FIFA World Cup,Soviet Union,SUN,Oleh Blokhin,FW,33.0,1952.0,1.0
1986,1986 FIFA World Cup,Soviet Union,SUN,Andriy Bal,MF,28.0,1958.0,0.0
1986,1986 FIFA World Cup,Soviet Union,SUN,Gennadiy Litovchenko,MF,22.0,1963.0,0.0
1986,1986 FIFA World Cup,Soviet Union,SUN,Sergey Rodionov,FW,23.0,1962.0,1.0
1986,1986 FIFA World Cup,Soviet Union,SUN,Nikolay Larionov,DF,29.0,1957.0,0.0
1986,1986 FIFA World Cup,Soviet Union,SUN,Viktor Chanov,GK,26.0,1959.0,0.0
1986,1986 FIFA World Cup,Soviet Union,SUN,Vadym Yevtushenko,MF,28.0,1958.0,0.0
1986,1986 FIFA World Cup,Soviet Union,SUN,Oleh Protasov,FW,22.0,1964.0,0.0
1986,1986 FIFA World Cup,Soviet Union,SUN,Ihor Belanov,MF,25.0,1960.0,4.0
1986,1986 FIFA World Cup,Soviet Union,SUN,Sergei Aleinikov,MF,24.0,1961.0,1.0
1986,1986 FIFA World Cup,Soviet Union,SUN,Vasyl Rats,MF,25.0,1961.0,1.0
1986,1986 FIFA World Cup,Soviet Union,SUN,Serhiy Krakovskiy,GK,25.0,1960.0,0.0
1986,1986 FIFA World Cup,Spain,ESP,Andoni Zubizarreta,GK,24.0,1961.0,0.0
1986,1986 FIFA World Cup,Spain,ESP,Tomás,DF,25.0,1960.0,0.0
1986,1986 FIFA World Cup,Spain,ESP,José Antonio Camacho,DF,30.0,1955.0,0.0
1986,1986 FIFA World Cup,Spain,ESP,Antonio Maceda,DF,29.0,1957.0,0.0
1986,1986 FIFA World Cup,Spain,ESP,Víctor,MF,29.0,1957.0,0.0
1986,1986 FIFA World Cup,Spain,ESP,Rafael Gordillo,DF,29.0,1957.0,0.0
1986,1986 FIFA World Cup,Spain,ESP,Juan Antonio Señor,MF,27.0,1958.0,1.0
1986,1986 FIFA World Cup,Spain,ESP,Andoni Goikoetxea,DF,29.0,1956.0,1.0
1986,1986 FIFA World Cup,Spain,ESP,Emilio Butragueño,FW,22.0,1963.0,5.0
1986,1986 FIFA World Cup,Spain,ESP,Francisco José Carrasco,MF,27.0,1959.0,0.0
1986,1986 FIFA World Cup,Spain,ESP,Julio Alberto,DF,27.0,1958.0,0.0
1986,1986 FIFA World Cup,Spain,ESP,Quique Setién,MF,27.0,1958.0,0.0
1986,1986 FIFA World Cup,Spain,ESP,Urruti,GK,34.0,1952.0,0.0
1986,1986 FIFA World Cup,Spain,ESP,Ricardo Gallego,MF,27.0,1959.0,0.0
1986,1986 FIFA World Cup,Spain,ESP,Chendo,DF,24.0,1961.0,0.0
1986,1986 FIFA World Cup,Spain,ESP,Hipólito Rincón,FW,29.0,1957.0,0.0
1986,1986 FIFA World Cup,Spain,ESP,Francisco,MF,23.0,1962.0,0.0
1986,1986 FIFA World Cup,Spain,ESP,Ramón Calderé,MF,27.0,1959.0,2.0
1986,1986 FIFA World Cup,Spain,ESP,Julio Salinas,FW,23.0,1962.0,1.0
1986,1986 FIFA World Cup,Spain,ESP,Eloy,FW,21.0,1964.0,1.0
1986,1986 FIFA World Cup,Spain,ESP,Míchel,MF,23.0,1963.0,0.0
1986,1986 FIFA World Cup,Spain,ESP,Juan Carlos Ablanedo,GK,22.0,1963.0,0.0
1986,1986 FIFA World Cup,Uruguay,URY,Rodolfo Rodríguez,GK,30.0,1956.0,0.0
1986,1986 FIFA World Cup,Uruguay,URY,Nelson Gutiérrez,DF,24.0,1962.0,0.0
1986,1986 FIFA World Cup,Uruguay,URY,Eduardo Mario Acevedo,DF,26.0,1959.0,0.0
1986,1986 FIFA World Cup,Uruguay,URY,Víctor Diogo,DF,28.0,1958.0,0.0
1986,1986 FIFA World Cup,Uruguay,URY,Miguel Bossio,MF,26.0,1960.0,0.0
1986,1986 FIFA World Cup,Uruguay,URY,José Batista,DF,24.0,1962.0,0.0
1986,1986 FIFA World Cup,Uruguay,URY,Antonio Alzamendi,FW,29.0,1956.0,1.0
1986,1986 FIFA World Cup,Uruguay,URY,Jorge Barrios,MF,25.0,1961.0,0.0
1986,1986 FIFA World Cup,Uruguay,URY,Jorge da Silva,FW,24.0,1961.0,0.0
1986,1986 FIFA World Cup,Uruguay,URY,Enzo Francescoli,MF,24.0,1961.0,1.0
1986,1986 FIFA World Cup,Uruguay,URY,Sergio Santín,MF,29.0,1956.0,0.0
1986,1986 FIFA World Cup,Uruguay,URY,Fernando Álvez,GK,26.0,1959.0,0.0
1986,1986 FIFA World Cup,Uruguay,URY,César Vega,DF,26.0,1959.0,0.0
1986,1986 FIFA World Cup,Uruguay,URY,Darío Pereyra,DF,29.0,1956.0,0.0
1986,1986 FIFA World Cup,Uruguay,URY,Eliseo Rivero,DF,28.0,1957.0,0.0
1986,1986 FIFA World Cup,Uruguay,URY,Mario Saralegui,MF,27.0,1959.0,0.0
1986,1986 FIFA World Cup,Uruguay,URY,José Zalazar,MF,22.0,1963.0,0.0
1986,1986 FIFA World Cup,Uruguay,URY,Rubén Paz,MF,26.0,1959.0,0.0
1986,1986 FIFA World Cup,Uruguay,URY,Venancio Ramos,FW,26.0,1959.0,0.0
1986,1986 FIFA World Cup,Uruguay,URY,Carlos Aguilera,FW,21.0,1964.0,0.0
1986,1986 FIFA World Cup,Uruguay,URY,Wilmar Cabrera,FW,26.0,1959.0,0.0
1986,1986 FIFA World Cup,Uruguay,URY,Celso Otero,GK,28.0,1958.0,0.0
1986,1986 FIFA World Cup,West Germany,DEU,Harald Schumacher,GK,32.0,1954.0,0.0
1986,1986 FIFA World Cup,West Germany,DEU,Hans-Peter Briegel,DF,30.0,1955.0,0.0
1986,1986 FIFA World Cup,West Germany,DEU,Andreas Brehme,DF,25.0,1960.0,1.0
1986,1986 FIFA World Cup,West Germany,DEU,Karlheinz Förster,DF,27.0,1958.0,0.0
1986,1986 FIFA World Cup,West Germany,DEU,Matthias Herget,DF,30.0,1955.0,0.0
1986,1986 FIFA World Cup,West Germany,DEU,Norbert Eder,DF,30.0,1955.0,0.0
1986,1986 FIFA World Cup,West Germany,DEU,Pierre Littbarski,FW,26.0,1960.0,0.0
1986,1986 FIFA World Cup,West Germany,DEU,Lothar Matthäus,MF,25.0,1961.0,1.0
1986,1986 FIFA World Cup,West Germany,DEU,Rudi Völler,FW,26.0,1960.0,3.0
1986,1986 FIFA World Cup,West Germany,DEU,Felix Magath,MF,32.0,1953.0,0.0
1986,1986 FIFA World Cup,West Germany,DEU,Karl-Heinz Rummenigge,FW,30.0,1955.0,1.0
1986,1986 FIFA World Cup,West Germany,DEU,Uli Stein,GK,31.0,1954.0,0.0
1986,1986 FIFA World Cup,West Germany,DEU,Karl Allgöwer,MF,29.0,1957.0,0.0
1986,1986 FIFA World Cup,West Germany,DEU,Thomas Berthold,DF,21.0,1964.0,0.0
1986,1986 FIFA World Cup,West Germany,DEU,Klaus Augenthaler,DF,28.0,1957.0,0.0
1986,1986 FIFA World Cup,West Germany,DEU,Olaf Thon,MF,20.0,1966.0,0.0
1986,1986 FIFA World Cup,West Germany,DEU,Ditmar Jakobs,DF,32.0,1953.0,0.0
1986,1986 FIFA World Cup,West Germany,DEU,Uwe Rahn,MF,24.0,1962.0,0.0
1986,1986 FIFA World Cup,West Germany,DEU,Klaus Allofs,FW,29.0,1956.0,2.0
1986,1986 FIFA World Cup,West Germany,DEU,Dieter Hoeneß,FW,33.0,1953.0,0.0
1986,1986 FIFA World Cup,West Germany,DEU,Wolfgang Rolff,MF,26.0,1959.0,0.0
1986,1986 FIFA World Cup,West Germany,DEU,Eike Immel,GK,25.0,1960.0,0.0
1990,1990 FIFA World Cup,Argentina,ARG,Nery Pumpido,GK,32.0,1957.0,0.0
1990,1990 FIFA World Cup,Argentina,ARG,Sergio Batista,MF,27.0,1962.0,0.0
1990,1990 FIFA World Cup,Argentina,ARG,Abel Balbo,FW,24.0,1966.0,0.0
1990,1990 FIFA World Cup,Argentina,ARG,José Basualdo,MF,26.0,1963.0,0.0
1990,1990 FIFA World Cup,Argentina,ARG,Edgardo Bauza,DF,32.0,1958.0,0.0
1990,1990 FIFA World Cup,Argentina,ARG,Gabriel Calderón,FW,30.0,1960.0,0.0
1990,1990 FIFA World Cup,Argentina,ARG,Jorge Burruchaga,MF,27.0,1962.0,1.0
1990,1990 FIFA World Cup,Argentina,ARG,Claudio Caniggia,FW,23.0,1967.0,2.0
1990,1990 FIFA World Cup,Argentina,ARG,Gustavo Dezotti,FW,26.0,1964.0,0.0
1990,1990 FIFA World Cup,Argentina,ARG,Diego Maradona,MF,29.0,1960.0,0.0
1990,1990 FIFA World Cup,Argentina,ARG,Néstor Fabbri,DF,22.0,1968.0,0.0
1990,1990 FIFA World Cup,Argentina,ARG,Sergio Goycochea,GK,26.0,1963.0,0.0
1990,1990 FIFA World Cup,Argentina,ARG,Néstor Lorenzo,DF,24.0,1966.0,0.0
1990,1990 FIFA World Cup,Argentina,ARG,Ricardo Giusti,MF,33.0,1956.0,0.0
1990,1990 FIFA World Cup,Argentina,ARG,Pedro Monzón,DF,28.0,1962.0,1.0
1990,1990 FIFA World Cup,Argentina,ARG,Julio Olarticoechea,DF,31.0,1958.0,0.0
1990,1990 FIFA World Cup,Argentina,ARG,Roberto Néstor Sensini,DF,23.0,1966.0,0.0
1990,1990 FIFA World Cup,Argentina,ARG,José Serrizuela,DF,27.0,1962.0,0.0
1990,1990 FIFA World Cup,Argentina,ARG,Oscar Ruggeri,DF,28.0,1962.0,0.0
1990,1990 FIFA World Cup,Argentina,ARG,Juan Simón,DF,30.0,1960.0,0.0
1990,1990 FIFA World Cup,Argentina,ARG,Pedro Troglio,MF,24.0,1965.0,1.0
1990,1990 FIFA World Cup,Argentina,ARG,Fabián Cancelarich,GK,24.0,1965.0,0.0
1990,1990 FIFA World Cup,Austria,AUT,Klaus Lindenberger,GK,33.0,1957.0,0.0
1990,1990 FIFA World Cup,Austria,AUT,Ernst Aigner,DF,23.0,1966.0,0.0
1990,1990 FIFA World Cup,Austria,AUT,Robert Pecl,DF,24.0,1965.0,0.0
1990,1990 FIFA World Cup,Austria,AUT,Anton Pfeffer,DF,24.0,1965.0,0.0
1990,1990 FIFA World Cup,Austria,AUT,Peter Schöttel,DF,23.0,1967.0,0.0
1990,1990 FIFA World Cup,Austria,AUT,Manfred Zsak,MF,25.0,1964.0,0.0
1990,1990 FIFA World Cup,Austria,AUT,Kurt Russ,DF,25.0,1964.0,0.0
1990,1990 FIFA World Cup,Austria,AUT,Peter Artner,DF,24.0,1966.0,0.0
1990,1990 FIFA World Cup,Austria,AUT,Toni Polster,FW,26.0,1964.0,0.0
1990,1990 FIFA World Cup,Austria,AUT,Manfred Linzmaier,MF,27.0,1962.0,0.0
1990,1990 FIFA World Cup,Austria,AUT,Alfred Hörtnagl,MF,23.0,1966.0,0.0
1990,1990 FIFA World Cup,Austria,AUT,Michael Baur,MF,21.0,1969.0,0.0
1990,1990 FIFA World Cup,Austria,AUT,Andreas Ogris,FW,25.0,1964.0,1.0
1990,1990 FIFA World Cup,Austria,AUT,Gerhard Rodax,FW,24.0,1965.0,1.0
1990,1990 FIFA World Cup,Austria,AUT,Christian Keglevits,FW,29.0,1961.0,0.0
1990,1990 FIFA World Cup,Austria,AUT,Andreas Reisinger,MF,26.0,1963.0,0.0
1990,1990 FIFA World Cup,Austria,AUT,Heimo Pfeifenberger,FW,23.0,1966.0,0.0
1990,1990 FIFA World Cup,Austria,AUT,Michael Streiter,DF,24.0,1966.0,0.0
1990,1990 FIFA World Cup,Austria,AUT,Gerald Glatzmayer,MF,21.0,1968.0,0.0
1990,1990 FIFA World Cup,Austria,AUT,Andi Herzog,MF,21.0,1968.0,0.0
1990,1990 FIFA World Cup,Austria,AUT,Michael Konsel,GK,28.0,1962.0,0.0
1990,1990 FIFA World Cup,Austria,AUT,Otto Konrad,GK,25.0,1964.0,0.0
1990,1990 FIFA World Cup,Belgium,BEL,Michel Preud'homme,GK,31.0,1959.0,0.0
1990,1990 FIFA World Cup,Belgium,BEL,Eric Gerets,DF,36.0,1954.0,0.0
1990,1990 FIFA World Cup,Belgium,BEL,Philippe Albert,DF,22.0,1967.0,0.0
1990,1990 FIFA World Cup,Belgium,BEL,Leo Clijsters,DF,33.0,1956.0,1.0
1990,1990 FIFA World Cup,Belgium,BEL,Bruno Versavel,MF,22.0,1967.0,0.0
1990,1990 FIFA World Cup,Belgium,BEL,Marc Emmers,MF,24.0,1966.0,0.0
1990,1990 FIFA World Cup,Belgium,BEL,Stéphane Demol,DF,24.0,1966.0,0.0
1990,1990 FIFA World Cup,Belgium,BEL,Franky Van der Elst,MF,29.0,1961.0,0.0
1990,1990 FIFA World Cup,Belgium,BEL,Marc Degryse,FW,24.0,1965.0,1.0
1990,1990 FIFA World Cup,Belgium,BEL,Enzo Scifo,MF,24.0,1966.0,1.0
1990,1990 FIFA World Cup,Belgium,BEL,Jan Ceulemans,MF,33.0,1957.0,1.0
1990,1990 FIFA World Cup,Belgium,BEL,Gilbert Bodart,GK,27.0,1962.0,0.0
1990,1990 FIFA World Cup,Belgium,BEL,Georges Grün,DF,28.0,1962.0,0.0
1990,1990 FIFA World Cup,Belgium,BEL,Nico Claesen,FW,27.0,1962.0,0.0
1990,1990 FIFA World Cup,Belgium,BEL,Jean-François De Sart,DF,28.0,1961.0,0.0
1990,1990 FIFA World Cup,Belgium,BEL,Michel De Wolf,DF,32.0,1958.0,1.0
1990,1990 FIFA World Cup,Belgium,BEL,Pascal Plovie,DF,25.0,1965.0,0.0
1990,1990 FIFA World Cup,Belgium,BEL,Lorenzo Staelens,MF,26.0,1964.0,0.0
1990,1990 FIFA World Cup,Belgium,BEL,Marc Van Der Linden,FW,26.0,1964.0,0.0
1990,1990 FIFA World Cup,Belgium,BEL,Filip De Wilde,GK,25.0,1964.0,0.0
1990,1990 FIFA World Cup,Belgium,BEL,Marc Wilmots,MF,21.0,1969.0,0.0
1990,1990 FIFA World Cup,Belgium,BEL,Patrick Vervoort,MF,25.0,1965.0,1.0
1990,1990 FIFA World Cup,Brazil,BRA,Cláudio Taffarel,GK,24.0,1966.0,0.0
1990,1990 FIFA World Cup,Brazil,BRA,Jorginho,DF,25.0,1964.0,0.0
1990,1990 FIFA World Cup,Brazil,BRA,Ricardo Gomes,DF,25.0,1964.0,0.0
1990,1990 FIFA World Cup,Brazil,BRA,Dunga,MF,26.0,1963.0,0.0
1990,1990 FIFA World Cup,Brazil,BRA,Alemão,MF,28.0,1961.0,0.0
1990,1990 FIFA World Cup,Brazil,BRA,Branco,DF,26.0,1964.0,0.0
1990,1990 FIFA World Cup,Brazil,BRA,Bismarck,MF,20.0,1969.0,0.0
1990,1990 FIFA World Cup,Brazil,BRA,Valdo,MF,26.0,1964.0,0.0
1990,1990 FIFA World Cup,Brazil,BRA,Careca,FW,29.0,1960.0,2.0
1990,1990 FIFA World Cup,Brazil,BRA,Paulo Silas,MF,24.0,1965.0,0.0
1990,1990 FIFA World Cup,Brazil,BRA,Romário,FW,24.0,1966.0,0.0
1990,1990 FIFA World Cup,Brazil,BRA,Acácio,GK,31.0,1959.0,0.0
1990,1990 FIFA World Cup,Brazil,BRA,Carlos Mozer,DF,29.0,1960.0,0.0
1990,1990 FIFA World Cup,Brazil,BRA,Aldair,DF,24.0,1965.0,0.0
1990,1990 FIFA World Cup,Brazil,BRA,Müller,FW,24.0,1966.0,2.0
1990,1990 FIFA World Cup,Brazil,BRA,Bebeto,FW,26.0,1964.0,0.0
1990,1990 FIFA World Cup,Brazil,BRA,Renato Gaúcho,FW,27.0,1962.0,0.0
1990,1990 FIFA World Cup,Brazil,BRA,Mazinho,DF,24.0,1966.0,0.0
1990,1990 FIFA World Cup,Brazil,BRA,Ricardo Rocha,DF,27.0,1962.0,0.0
1990,1990 FIFA World Cup,Brazil,BRA,Tita,MF,32.0,1958.0,0.0
1990,1990 FIFA World Cup,Brazil,BRA,Mauro Galvão,DF,28.0,1961.0,0.0
1990,1990 FIFA World Cup,Brazil,BRA,Zé Carlos,GK,28.0,1962.0,0.0
1990,1990 FIFA World Cup,Cameroon,CMR,Joseph-Antoine Bell,GK,35.0,1954.0,0.0
1990,1990 FIFA World Cup,Cameroon,CMR,André Kana-Biyik,DF,24.0,1965.0,0.0
1990,1990 FIFA World Cup,Cameroon,CMR,Jules Onana,MF,25.0,1964.0,0.0
1990,1990 FIFA World Cup,Cameroon,CMR,Benjamin Massing,DF,27.0,1962.0,0.0
1990,1990 FIFA World Cup,Cameroon,CMR,Bertin Ebwellé,DF,27.0,1962.0,0.0
1990,1990 FIFA World Cup,Cameroon,CMR,Emmanuel Kundé,DF,33.0,1956.0,1.0
1990,1990 FIFA World Cup,Cameroon,CMR,François Omam-Biyik,FW,24.0,1966.0,1.0
1990,1990 FIFA World Cup,Cameroon,CMR,Émile Mbouh,MF,24.0,1966.0,0.0
1990,1990 FIFA World Cup,Cameroon,CMR,Roger Milla,FW,38.0,1952.0,4.0
1990,1990 FIFA World Cup,Cameroon,CMR,Louis-Paul M'Fédé,MF,29.0,1961.0,0.0
1990,1990 FIFA World Cup,Cameroon,CMR,Eugène Ekéké,FW,30.0,1960.0,1.0
1990,1990 FIFA World Cup,Cameroon,CMR,Alphonse Yombi,DF,20.0,1969.0,0.0
1990,1990 FIFA World Cup,Cameroon,CMR,Jean-Claude Pagal,DF,25.0,1964.0,0.0
1990,1990 FIFA World Cup,Cameroon,CMR,Stephen Tataw,DF,27.0,1963.0,0.0
1990,1990 FIFA World Cup,Cameroon,CMR,Thomas Libiih,MF,22.0,1967.0,0.0
1990,1990 FIFA World Cup,Cameroon,CMR,Thomas N'Kono,GK,33.0,1956.0,0.0
1990,1990 FIFA World Cup,Cameroon,CMR,Victor N'Dip,DF,22.0,1967.0,0.0
1990,1990 FIFA World Cup,Cameroon,CMR,Bonaventure Djonkep,FW,28.0,1961.0,0.0
1990,1990 FIFA World Cup,Cameroon,CMR,Roger Feutmba,MF,21.0,1968.0,0.0
1990,1990 FIFA World Cup,Cameroon,CMR,Cyrille Makanaky,MF,24.0,1965.0,0.0
1990,1990 FIFA World Cup,Cameroon,CMR,Emmanuel Maboang,MF,21.0,1968.0,0.0
1990,1990 FIFA World Cup,Cameroon,CMR,Jacques Songo'o,GK,26.0,1964.0,0.0
1990,1990 FIFA World Cup,Colombia,COL,René Higuita,GK,23.0,1966.0,0.0
1990,1990 FIFA World Cup,Colombia,COL,Andrés Escobar,DF,23.0,1967.0,0.0
1990,1990 FIFA World Cup,Colombia,COL,Gildardo Gómez,DF,26.0,1963.0,0.0
1990,1990 FIFA World Cup,Colombia,COL,Luis Fernando Herrera,DF,27.0,1962.0,0.0
1990,1990 FIFA World Cup,Colombia,COL,León Villa,MF,30.0,1960.0,0.0
1990,1990 FIFA World Cup,Colombia,COL,José Ricardo Pérez,DF,26.0,1963.0,0.0
1990,1990 FIFA World Cup,Colombia,COL,Carlos Estrada,FW,28.0,1961.0,0.0
1990,1990 FIFA World Cup,Colombia,COL,Gabriel Gómez,MF,30.0,1959.0,0.0
1990,1990 FIFA World Cup,Colombia,COL,Miguel Guerrero,FW,22.0,1967.0,0.0
1990,1990 FIFA World Cup,Colombia,COL,Carlos Valderrama,MF,28.0,1961.0,1.0
1990,1990 FIFA World Cup,Colombia,COL,Bernardo Redín,MF,27.0,1963.0,2.0
1990,1990 FIFA World Cup,Colombia,COL,Eduardo Niño,GK,22.0,1967.0,0.0
1990,1990 FIFA World Cup,Colombia,COL,Carlos Hoyos,DF,28.0,1962.0,0.0
1990,1990 FIFA World Cup,Colombia,COL,Leonel Álvarez,MF,24.0,1965.0,0.0
1990,1990 FIFA World Cup,Colombia,COL,Luis Carlos Perea,DF,26.0,1963.0,0.0
1990,1990 FIFA World Cup,Colombia,COL,Arnoldo Iguarán,FW,33.0,1957.0,0.0
1990,1990 FIFA World Cup,Colombia,COL,Geovanis Cassiani,DF,20.0,1970.0,0.0
1990,1990 FIFA World Cup,Colombia,COL,Wílmer Cabrera,DF,22.0,1967.0,0.0
1990,1990 FIFA World Cup,Colombia,COL,Freddy Rincón,MF,23.0,1966.0,1.0
1990,1990 FIFA World Cup,Colombia,COL,Luis Fajardo,MF,26.0,1963.0,0.0
1990,1990 FIFA World Cup,Colombia,COL,Alexis Mendoza,DF,28.0,1961.0,0.0
1990,1990 FIFA World Cup,Colombia,COL,Rubén Darío Hernández,FW,25.0,1965.0,0.0
1990,1990 FIFA World Cup,Costa Rica,CRI,Luis Gabelo Conejo,GK,30.0,1960.0,0.0
1990,1990 FIFA World Cup,Costa Rica,CRI,Vladimir Quesada,DF,24.0,1966.0,0.0
1990,1990 FIFA World Cup,Costa Rica,CRI,Róger Flores,DF,31.0,1959.0,1.0
1990,1990 FIFA World Cup,Costa Rica,CRI,Rónald González Brenes,DF,19.0,1970.0,1.0
1990,1990 FIFA World Cup,Costa Rica,CRI,Marvin Obando,DF,30.0,1960.0,0.0
1990,1990 FIFA World Cup,Costa Rica,CRI,José Carlos Chaves,MF,31.0,1958.0,0.0
1990,1990 FIFA World Cup,Costa Rica,CRI,Hernán Medford,FW,22.0,1968.0,1.0
1990,1990 FIFA World Cup,Costa Rica,CRI,Germán Chavarría,MF,32.0,1958.0,0.0
1990,1990 FIFA World Cup,Costa Rica,CRI,Alexandre Guimarães,MF,30.0,1959.0,0.0
1990,1990 FIFA World Cup,Costa Rica,CRI,Oscar Ramírez,MF,25.0,1964.0,0.0
1990,1990 FIFA World Cup,Costa Rica,CRI,Claudio Jara,FW,31.0,1959.0,0.0
1990,1990 FIFA World Cup,Costa Rica,CRI,Róger Gómez,MF,25.0,1965.0,0.0
1990,1990 FIFA World Cup,Costa Rica,CRI,Miguel Davis,MF,23.0,1966.0,0.0
1990,1990 FIFA World Cup,Costa Rica,CRI,Juan Cayasso,MF,28.0,1961.0,1.0
1990,1990 FIFA World Cup,Costa Rica,CRI,Rónald Marín,DF,27.0,1962.0,0.0
1990,1990 FIFA World Cup,Costa Rica,CRI,José Jaikel,FW,24.0,1966.0,0.0
1990,1990 FIFA World Cup,Costa Rica,CRI,Roy Myers,MF,21.0,1969.0,0.0
1990,1990 FIFA World Cup,Costa Rica,CRI,Geovanny Jara,DF,22.0,1967.0,0.0
1990,1990 FIFA World Cup,Costa Rica,CRI,Héctor Marchena,DF,25.0,1965.0,0.0
1990,1990 FIFA World Cup,Costa Rica,CRI,Mauricio Montero,DF,26.0,1963.0,0.0
1990,1990 FIFA World Cup,Costa Rica,CRI,Hermidio Barrantes,GK,25.0,1964.0,0.0
1990,1990 FIFA World Cup,Costa Rica,CRI,Miguel Segura,GK,26.0,1963.0,0.0
1990,1990 FIFA World Cup,Czechoslovakia,CSK,Jan Stejskal,GK,28.0,1962.0,0.0
1990,1990 FIFA World Cup,Czechoslovakia,CSK,Július Bielik,DF,28.0,1962.0,0.0
1990,1990 FIFA World Cup,Czechoslovakia,CSK,Miroslav Kadlec,DF,25.0,1964.0,0.0
1990,1990 FIFA World Cup,Czechoslovakia,CSK,Ivan Hašek,MF,26.0,1963.0,1.0
1990,1990 FIFA World Cup,Czechoslovakia,CSK,Ján Kocian,DF,32.0,1958.0,0.0
1990,1990 FIFA World Cup,Czechoslovakia,CSK,František Straka,DF,32.0,1958.0,0.0
1990,1990 FIFA World Cup,Czechoslovakia,CSK,Michal Bílek,MF,25.0,1965.0,2.0
1990,1990 FIFA World Cup,Czechoslovakia,CSK,Jozef Chovanec,MF,30.0,1960.0,0.0
1990,1990 FIFA World Cup,Czechoslovakia,CSK,Luboš Kubík,MF,26.0,1964.0,1.0
1990,1990 FIFA World Cup,Czechoslovakia,CSK,Tomáš Skuhravý,FW,24.0,1965.0,5.0
1990,1990 FIFA World Cup,Czechoslovakia,CSK,Ľubomír Moravčík,MF,24.0,1965.0,0.0
1990,1990 FIFA World Cup,Czechoslovakia,CSK,Peter Fieber,DF,26.0,1964.0,0.0
1990,1990 FIFA World Cup,Czechoslovakia,CSK,Jiří Němec,MF,24.0,1966.0,0.0
1990,1990 FIFA World Cup,Czechoslovakia,CSK,Vladimír Weiss,MF,25.0,1964.0,0.0
1990,1990 FIFA World Cup,Czechoslovakia,CSK,Vladimír Kinier,DF,32.0,1958.0,0.0
1990,1990 FIFA World Cup,Czechoslovakia,CSK,Viliam Hýravý,FW,27.0,1962.0,0.0
1990,1990 FIFA World Cup,Czechoslovakia,CSK,Ivo Knoflíček,FW,28.0,1962.0,0.0
1990,1990 FIFA World Cup,Czechoslovakia,CSK,Milan Luhový,FW,27.0,1963.0,1.0
1990,1990 FIFA World Cup,Czechoslovakia,CSK,Stanislav Griga,FW,28.0,1961.0,0.0
1990,1990 FIFA World Cup,Czechoslovakia,CSK,Václav Němeček,MF,23.0,1967.0,0.0
1990,1990 FIFA World Cup,Czechoslovakia,CSK,Luděk Mikloško,GK,28.0,1961.0,0.0
1990,1990 FIFA World Cup,Czechoslovakia,CSK,Peter Palúch,GK,32.0,1958.0,0.0
1990,1990 FIFA World Cup,Egypt,EGY,Ahmed Shobair,GK,29.0,1960.0,0.0
1990,1990 FIFA World Cup,Egypt,EGY,Ibrahim Hassan,DF,23.0,1966.0,0.0
1990,1990 FIFA World Cup,Egypt,EGY,Rabie Yassin,DF,29.0,1960.0,0.0
1990,1990 FIFA World Cup,Egypt,EGY,Hany Ramzy,DF,21.0,1969.0,0.0
1990,1990 FIFA World Cup,Egypt,EGY,Hesham Yakan,DF,27.0,1962.0,0.0
1990,1990 FIFA World Cup,Egypt,EGY,Ashraf Kasem,DF,23.0,1966.0,0.0
1990,1990 FIFA World Cup,Egypt,EGY,Ismail Youssef,MF,25.0,1964.0,0.0
1990,1990 FIFA World Cup,Egypt,EGY,Magdi Abdelghani,MF,30.0,1959.0,1.0
1990,1990 FIFA World Cup,Egypt,EGY,Hossam Hassan,FW,23.0,1966.0,0.0
1990,1990 FIFA World Cup,Egypt,EGY,Gamal Abdel-Hamid,MF,32.0,1957.0,0.0
1990,1990 FIFA World Cup,Egypt,EGY,Tarek Soliman,MF,28.0,1962.0,0.0
1990,1990 FIFA World Cup,Egypt,EGY,Taher Abouzeid,MF,28.0,1962.0,0.0
1990,1990 FIFA World Cup,Egypt,EGY,Ahmed Ramzy,DF,24.0,1965.0,0.0
1990,1990 FIFA World Cup,Egypt,EGY,Alaa Maihoub,MF,27.0,1963.0,0.0
1990,1990 FIFA World Cup,Egypt,EGY,Saber Eid,MF,31.0,1959.0,0.0
1990,1990 FIFA World Cup,Egypt,EGY,Magdy Tolba,MF,26.0,1964.0,0.0
1990,1990 FIFA World Cup,Egypt,EGY,Ayman Shawky,FW,27.0,1962.0,0.0
1990,1990 FIFA World Cup,Egypt,EGY,Osama Orabi,MF,28.0,1962.0,0.0
1990,1990 FIFA World Cup,Egypt,EGY,Adel Abdel Rahman,FW,22.0,1967.0,0.0
1990,1990 FIFA World Cup,Egypt,EGY,Ahmed El-Kass,FW,24.0,1965.0,0.0
1990,1990 FIFA World Cup,Egypt,EGY,Ayman Taher,GK,24.0,1966.0,0.0
1990,1990 FIFA World Cup,Egypt,EGY,Thabet El-Batal,GK,36.0,1953.0,0.0
1990,1990 FIFA World Cup,England,ENG,Peter Shilton,GK,40.0,1949.0,0.0
1990,1990 FIFA World Cup,England,ENG,Gary Stevens,DF,27.0,1963.0,0.0
1990,1990 FIFA World Cup,England,ENG,Stuart Pearce,DF,28.0,1962.0,0.0
1990,1990 FIFA World Cup,England,ENG,Neil Webb,MF,26.0,1963.0,0.0
1990,1990 FIFA World Cup,England,ENG,Des Walker,DF,24.0,1965.0,0.0
1990,1990 FIFA World Cup,England,ENG,Terry Butcher,DF,31.0,1958.0,0.0
1990,1990 FIFA World Cup,England,ENG,Bryan Robson,MF,33.0,1957.0,0.0
1990,1990 FIFA World Cup,England,ENG,Chris Waddle,MF,29.0,1960.0,0.0
1990,1990 FIFA World Cup,England,ENG,Peter Beardsley,FW,29.0,1961.0,0.0
1990,1990 FIFA World Cup,England,ENG,Gary Lineker,FW,29.0,1960.0,4.0
1990,1990 FIFA World Cup,England,ENG,John Barnes,MF,26.0,1963.0,0.0
1990,1990 FIFA World Cup,England,ENG,Paul Parker,DF,26.0,1964.0,0.0
1990,1990 FIFA World Cup,England,ENG,Chris Woods,GK,30.0,1959.0,0.0
1990,1990 FIFA World Cup,England,ENG,Mark Wright,DF,26.0,1963.0,1.0
1990,1990 FIFA World Cup,England,ENG,Tony Dorigo,DF,24.0,1965.0,0.0
1990,1990 FIFA World Cup,England,ENG,Steve McMahon,MF,28.0,1961.0,0.0
1990,1990 FIFA World Cup,England,ENG,David Platt,MF,23.0,1966.0,3.0
1990,1990 FIFA World Cup,England,ENG,Steve Hodge,MF,27.0,1962.0,0.0
1990,1990 FIFA World Cup,England,ENG,Paul Gascoigne,MF,23.0,1967.0,0.0
1990,1990 FIFA World Cup,England,ENG,Trevor Steven,MF,26.0,1963.0,0.0
1990,1990 FIFA World Cup,England,ENG,Steve Bull,FW,25.0,1965.0,0.0
1990,1990 FIFA World Cup,England,ENG,David Seaman,GK,26.0,1963.0,0.0
1990,1990 FIFA World Cup,Italy,ITA,Walter Zenga,GK,30.0,1960.0,0.0
1990,1990 FIFA World Cup,Italy,ITA,Franco Baresi,DF,30.0,1960.0,0.0
1990,1990 FIFA World Cup,Italy,ITA,Giuseppe Bergomi,DF,26.0,1963.0,0.0
1990,1990 FIFA World Cup,Italy,ITA,Luigi De Agostini,DF,29.0,1961.0,0.0
1990,1990 FIFA World Cup,Italy,ITA,Ciro Ferrara,DF,23.0,1967.0,0.0
1990,1990 FIFA World Cup,Italy,ITA,Riccardo Ferri,DF,26.0,1963.0,0.0
1990,1990 FIFA World Cup,Italy,ITA,Paolo Maldini,DF,21.0,1968.0,0.0
1990,1990 FIFA World Cup,Italy,ITA,Pietro Vierchowod,DF,31.0,1959.0,0.0
1990,1990 FIFA World Cup,Italy,ITA,Carlo Ancelotti,MF,30.0,1959.0,0.0
1990,1990 FIFA World Cup,Italy,ITA,Nicola Berti,MF,23.0,1967.0,0.0
1990,1990 FIFA World Cup,Italy,ITA,Fernando De Napoli,MF,26.0,1964.0,0.0
1990,1990 FIFA World Cup,Italy,ITA,Stefano Tacconi,GK,33.0,1957.0,0.0
1990,1990 FIFA World Cup,Italy,ITA,Giuseppe Giannini,MF,25.0,1964.0,1.0
1990,1990 FIFA World Cup,Italy,ITA,Giancarlo Marocchi,MF,24.0,1965.0,0.0
1990,1990 FIFA World Cup,Italy,ITA,Roberto Baggio,FW,23.0,1967.0,2.0
1990,1990 FIFA World Cup,Italy,ITA,Andrea Carnevale,FW,29.0,1961.0,0.0
1990,1990 FIFA World Cup,Italy,ITA,Roberto Donadoni,MF,26.0,1963.0,0.0
1990,1990 FIFA World Cup,Italy,ITA,Roberto Mancini,FW,25.0,1964.0,0.0
1990,1990 FIFA World Cup,Italy,ITA,Salvatore Schillaci,FW,25.0,1964.0,6.0
1990,1990 FIFA World Cup,Italy,ITA,Aldo Serena,FW,29.0,1960.0,1.0
1990,1990 FIFA World Cup,Italy,ITA,Gianluca Vialli,FW,25.0,1964.0,0.0
1990,1990 FIFA World Cup,Italy,ITA,Gianluca Pagliuca,GK,23.0,1966.0,0.0
1990,1990 FIFA World Cup,Netherlands,NLD,Hans van Breukelen,GK,33.0,1956.0,0.0
1990,1990 FIFA World Cup,Netherlands,NLD,Berry van Aerle,DF,27.0,1962.0,0.0
1990,1990 FIFA World Cup,Netherlands,NLD,Frank Rijkaard,MF,27.0,1962.0,0.0
1990,1990 FIFA World Cup,Netherlands,NLD,Ronald Koeman,DF,27.0,1963.0,1.0
1990,1990 FIFA World Cup,Netherlands,NLD,Adri van Tiggelen,DF,32.0,1957.0,0.0
1990,1990 FIFA World Cup,Netherlands,NLD,Jan Wouters,MF,29.0,1960.0,0.0
1990,1990 FIFA World Cup,Netherlands,NLD,Erwin Koeman,MF,28.0,1961.0,0.0
1990,1990 FIFA World Cup,Netherlands,NLD,Gerald Vanenburg,MF,26.0,1964.0,0.0
1990,1990 FIFA World Cup,Netherlands,NLD,Marco van Basten,FW,25.0,1964.0,0.0
1990,1990 FIFA World Cup,Netherlands,NLD,Ruud Gullit,MF,27.0,1962.0,1.0
1990,1990 FIFA World Cup,Netherlands,NLD,Richard Witschge,MF,20.0,1969.0,0.0
1990,1990 FIFA World Cup,Netherlands,NLD,Wim Kieft,FW,27.0,1962.0,1.0
1990,1990 FIFA World Cup,Netherlands,NLD,Graeme Rutjes,DF,30.0,1960.0,0.0
1990,1990 FIFA World Cup,Netherlands,NLD,John van 't Schip,FW,26.0,1963.0,0.0
1990,1990 FIFA World Cup,Netherlands,NLD,Bryan Roy,FW,20.0,1970.0,0.0
1990,1990 FIFA World Cup,Netherlands,NLD,Joop Hiele,GK,31.0,1958.0,0.0
1990,1990 FIFA World Cup,Netherlands,NLD,Hans Gillhaus,FW,26.0,1963.0,0.0
1990,1990 FIFA World Cup,Netherlands,NLD,Henk Fraser,DF,23.0,1966.0,0.0
1990,1990 FIFA World Cup,Netherlands,NLD,John van Loen,FW,25.0,1965.0,0.0
1990,1990 FIFA World Cup,Netherlands,NLD,Aron Winter,MF,23.0,1967.0,0.0
1990,1990 FIFA World Cup,Netherlands,NLD,Danny Blind,DF,28.0,1961.0,0.0
1990,1990 FIFA World Cup,Netherlands,NLD,Stanley Menzo,GK,26.0,1963.0,0.0
1990,1990 FIFA World Cup,Republic of Ireland,IRL,Pat Bonner,GK,30.0,1960.0,0.0
1990,1990 FIFA World Cup,Republic of Ireland,IRL,Chris Morris,DF,26.0,1963.0,0.0
1990,1990 FIFA World Cup,Republic of Ireland,IRL,Steve Staunton,DF,21.0,1969.0,0.0
1990,1990 FIFA World Cup,Republic of Ireland,IRL,Mick McCarthy,DF,31.0,1959.0,0.0
1990,1990 FIFA World Cup,Republic of Ireland,IRL,Kevin Moran,DF,34.0,1956.0,0.0
1990,1990 FIFA World Cup,Republic of Ireland,IRL,Ronnie Whelan,MF,28.0,1961.0,0.0
1990,1990 FIFA World Cup,Republic of Ireland,IRL,Paul McGrath,DF,30.0,1959.0,0.0
1990,1990 FIFA World Cup,Republic of Ireland,IRL,Ray Houghton,MF,28.0,1962.0,0.0
1990,1990 FIFA World Cup,Republic of Ireland,IRL,John Aldridge,FW,31.0,1958.0,0.0
1990,1990 FIFA World Cup,Republic of Ireland,IRL,Tony Cascarino,FW,27.0,1962.0,0.0
1990,1990 FIFA World Cup,Republic of Ireland,IRL,Kevin Sheedy,MF,30.0,1959.0,1.0
1990,1990 FIFA World Cup,Republic of Ireland,IRL,David O'Leary,DF,32.0,1958.0,0.0
1990,1990 FIFA World Cup,Republic of Ireland,IRL,Andy Townsend,MF,26.0,1963.0,0.0
1990,1990 FIFA World Cup,Republic of Ireland,IRL,Chris Hughton,DF,31.0,1958.0,0.0
1990,1990 FIFA World Cup,Republic of Ireland,IRL,Bernie Slaven,FW,29.0,1960.0,0.0
1990,1990 FIFA World Cup,Republic of Ireland,IRL,John Sheridan,MF,25.0,1964.0,0.0
1990,1990 FIFA World Cup,Republic of Ireland,IRL,Niall Quinn,FW,23.0,1966.0,1.0
1990,1990 FIFA World Cup,Republic of Ireland,IRL,Frank Stapleton,FW,33.0,1956.0,0.0
1990,1990 FIFA World Cup,Republic of Ireland,IRL,David Kelly,FW,24.0,1965.0,0.0
1990,1990 FIFA World Cup,Republic of Ireland,IRL,John Byrne,FW,29.0,1961.0,0.0
1990,1990 FIFA World Cup,Republic of Ireland,IRL,Alan McLoughlin,MF,23.0,1967.0,0.0
1990,1990 FIFA World Cup,Republic of Ireland,IRL,Gerry Peyton,GK,34.0,1956.0,0.0
1990,1990 FIFA World Cup,Romania,ROU,Silviu Lung,GK,33.0,1956.0,0.0
1990,1990 FIFA World Cup,Romania,ROU,Mircea Rednic,DF,28.0,1962.0,0.0
1990,1990 FIFA World Cup,Romania,ROU,Michael Klein,DF,30.0,1959.0,0.0
1990,1990 FIFA World Cup,Romania,ROU,Ioan Andone,DF,30.0,1960.0,0.0
1990,1990 FIFA World Cup,Romania,ROU,Iosif Rotariu,MF,27.0,1962.0,0.0
1990,1990 FIFA World Cup,Romania,ROU,Gheorghe Popescu,DF,22.0,1967.0,0.0
1990,1990 FIFA World Cup,Romania,ROU,Marius Lăcătuș,FW,26.0,1964.0,2.0
1990,1990 FIFA World Cup,Romania,ROU,Ioan Sabău,MF,22.0,1968.0,0.0
1990,1990 FIFA World Cup,Romania,ROU,Rodion Cămătaru,FW,31.0,1958.0,0.0
1990,1990 FIFA World Cup,Romania,ROU,Gheorghe Hagi,MF,25.0,1965.0,0.0
1990,1990 FIFA World Cup,Romania,ROU,Dănuț Lupu,MF,23.0,1967.0,0.0
1990,1990 FIFA World Cup,Romania,ROU,Bogdan Stelea,GK,22.0,1967.0,0.0
1990,1990 FIFA World Cup,Romania,ROU,Adrian Popescu,DF,29.0,1960.0,0.0
1990,1990 FIFA World Cup,Romania,ROU,Florin Răducioiu,FW,20.0,1970.0,0.0
1990,1990 FIFA World Cup,Romania,ROU,Dorin Mateuț,MF,24.0,1965.0,0.0
1990,1990 FIFA World Cup,Romania,ROU,Daniel Timofte,MF,22.0,1967.0,0.0
1990,1990 FIFA World Cup,Romania,ROU,Ilie Dumitrescu,FW,21.0,1969.0,0.0
1990,1990 FIFA World Cup,Romania,ROU,Gabi Balint,FW,27.0,1963.0,2.0
1990,1990 FIFA World Cup,Romania,ROU,Emil Săndoi,DF,25.0,1965.0,0.0
1990,1990 FIFA World Cup,Romania,ROU,Zsolt Muzsnay,MF,24.0,1965.0,0.0
1990,1990 FIFA World Cup,Romania,ROU,Ioan Lupescu,MF,21.0,1968.0,0.0
1990,1990 FIFA World Cup,Romania,ROU,Gheorghe Liliac,GK,31.0,1959.0,0.0
1990,1990 FIFA World Cup,Scotland,SCO,Jim Leighton,GK,31.0,1958.0,0.0
1990,1990 FIFA World Cup,Scotland,SCO,Alex McLeish,DF,31.0,1959.0,0.0
1990,1990 FIFA World Cup,Scotland,SCO,Roy Aitken,DF,31.0,1958.0,0.0
1990,1990 FIFA World Cup,Scotland,SCO,Richard Gough,DF,28.0,1962.0,0.0
1990,1990 FIFA World Cup,Scotland,SCO,Paul McStay,MF,25.0,1964.0,0.0
1990,1990 FIFA World Cup,Scotland,SCO,Maurice Malpas,DF,27.0,1962.0,0.0
1990,1990 FIFA World Cup,Scotland,SCO,Mo Johnston,FW,27.0,1963.0,1.0
1990,1990 FIFA World Cup,Scotland,SCO,Jim Bett,MF,30.0,1959.0,0.0
1990,1990 FIFA World Cup,Scotland,SCO,Ally McCoist,FW,27.0,1962.0,0.0
1990,1990 FIFA World Cup,Scotland,SCO,Murdo MacLeod,MF,31.0,1958.0,0.0
1990,1990 FIFA World Cup,Scotland,SCO,Gary Gillespie,DF,29.0,1960.0,0.0
1990,1990 FIFA World Cup,Scotland,SCO,Andy Goram,GK,26.0,1964.0,0.0
1990,1990 FIFA World Cup,Scotland,SCO,Gordon Durie,FW,24.0,1965.0,0.0
1990,1990 FIFA World Cup,Scotland,SCO,Alan McInally,FW,27.0,1963.0,0.0
1990,1990 FIFA World Cup,Scotland,SCO,Craig Levein,DF,25.0,1964.0,0.0
1990,1990 FIFA World Cup,Scotland,SCO,Stuart McCall,MF,25.0,1964.0,1.0
1990,1990 FIFA World Cup,Scotland,SCO,Stewart McKimmie,DF,27.0,1962.0,0.0
1990,1990 FIFA World Cup,Scotland,SCO,John Collins,MF,22.0,1968.0,0.0
1990,1990 FIFA World Cup,Scotland,SCO,David McPherson,DF,26.0,1964.0,0.0
1990,1990 FIFA World Cup,Scotland,SCO,Gary McAllister,MF,25.0,1964.0,0.0
1990,1990 FIFA World Cup,Scotland,SCO,Robert Fleck,FW,24.0,1965.0,0.0
1990,1990 FIFA World Cup,Scotland,SCO,Bryan Gunn,GK,26.0,1963.0,0.0
1990,1990 FIFA World Cup,Korea Republic,KOR,Poong-joo Kim,GK,28.0,1961.0,0.0
1990,1990 FIFA World Cup,Korea Republic,KOR,Kyung-hoon Park,DF,29.0,1961.0,0.0
1990,1990 FIFA World Cup,Korea Republic,KOR,Kang-hee Choi,DF,31.0,1959.0,0.0
1990,1990 FIFA World Cup,Korea Republic,KOR,Deok-yeo Yoon,DF,29.0,1961.0,0.0
1990,1990 FIFA World Cup,Korea Republic,KOR,Yong-hwan Chung,DF,30.0,1960.0,0.0
1990,1990 FIFA World Cup,Korea Republic,KOR,Tae-ho Lee,FW,29.0,1961.0,0.0
1990,1990 FIFA World Cup,Korea Republic,KOR,Soo-jin Noh,MF,28.0,1962.0,0.0
1990,1990 FIFA World Cup,Korea Republic,KOR,Hae-won Chung,FW,30.0,1959.0,0.0
1990,1990 FIFA World Cup,Korea Republic,KOR,Kwan Hwangbo,MF,25.0,1965.0,1.0
1990,1990 FIFA World Cup,Korea Republic,KOR,Sang-yoon Lee,FW,21.0,1969.0,0.0
1990,1990 FIFA World Cup,Korea Republic,KOR,Byung-joo Byun,FW,29.0,1961.0,0.0
1990,1990 FIFA World Cup,Korea Republic,KOR,Heung-sil Lee,MF,28.0,1961.0,0.0
1990,1990 FIFA World Cup,Korea Republic,KOR,Jong-soo Chung,DF,29.0,1961.0,0.0
1990,1990 FIFA World Cup,Korea Republic,KOR,Soon-ho Choi,FW,28.0,1962.0,0.0
1990,1990 FIFA World Cup,Korea Republic,KOR,Min-kook Cho,DF,26.0,1963.0,0.0
1990,1990 FIFA World Cup,Korea Republic,KOR,Joo-sung Kim,MF,24.0,1966.0,0.0
1990,1990 FIFA World Cup,Korea Republic,KOR,Sang-bum Gu,DF,25.0,1964.0,0.0
1990,1990 FIFA World Cup,Korea Republic,KOR,Sun-hong Hwang,FW,21.0,1968.0,0.0
1990,1990 FIFA World Cup,Korea Republic,KOR,Gi-dong Jeong,GK,29.0,1961.0,0.0
1990,1990 FIFA World Cup,Korea Republic,KOR,Myung-bo Hong,DF,21.0,1969.0,0.0
1990,1990 FIFA World Cup,Korea Republic,KOR,In-young Choi,GK,28.0,1962.0,0.0
1990,1990 FIFA World Cup,Korea Republic,KOR,Young-jin Lee,MF,26.0,1963.0,0.0
1990,1990 FIFA World Cup,Soviet Union,SUN,Rinat Dasayev,GK,32.0,1957.0,0.0
1990,1990 FIFA World Cup,Soviet Union,SUN,Volodymyr Bezsonov,DF,32.0,1958.0,0.0
1990,1990 FIFA World Cup,Soviet Union,SUN,Vagiz Khidiyatullin,DF,31.0,1959.0,0.0
1990,1990 FIFA World Cup,Soviet Union,SUN,Oleh Kuznetsov,DF,27.0,1963.0,0.0
1990,1990 FIFA World Cup,Soviet Union,SUN,Anatoliy Demyanenko,DF,31.0,1959.0,0.0
1990,1990 FIFA World Cup,Soviet Union,SUN,Vasyl Rats,MF,29.0,1961.0,0.0
1990,1990 FIFA World Cup,Soviet Union,SUN,Sergei Aleinikov,MF,28.0,1961.0,0.0
1990,1990 FIFA World Cup,Soviet Union,SUN,Gennadiy Litovchenko,MF,26.0,1963.0,0.0
1990,1990 FIFA World Cup,Soviet Union,SUN,Oleksandr Zavarov,MF,29.0,1961.0,1.0
1990,1990 FIFA World Cup,Soviet Union,SUN,Oleh Protasov,FW,26.0,1964.0,1.0
1990,1990 FIFA World Cup,Soviet Union,SUN,Igor Dobrovolski,FW,22.0,1967.0,1.0
1990,1990 FIFA World Cup,Soviet Union,SUN,Aleksandr Borodyuk,MF,27.0,1962.0,0.0
1990,1990 FIFA World Cup,Soviet Union,SUN,Akhrik Tsveiba,DF,23.0,1966.0,0.0
1990,1990 FIFA World Cup,Soviet Union,SUN,Volodymyr Lyutyi,FW,28.0,1962.0,0.0
1990,1990 FIFA World Cup,Soviet Union,SUN,Ivan Yaremchuk,MF,28.0,1962.0,0.0
1990,1990 FIFA World Cup,Soviet Union,SUN,Viktor Chanov,GK,30.0,1959.0,0.0
1990,1990 FIFA World Cup,Soviet Union,SUN,Andrei Zygmantovich,MF,27.0,1962.0,1.0
1990,1990 FIFA World Cup,Soviet Union,SUN,Igor Shalimov,MF,21.0,1969.0,0.0
1990,1990 FIFA World Cup,Soviet Union,SUN,Sergei Fokin,DF,28.0,1961.0,0.0
1990,1990 FIFA World Cup,Soviet Union,SUN,Sergei Gorlukovich,DF,28.0,1961.0,0.0
1990,1990 FIFA World Cup,Soviet Union,SUN,Valeri Broshin,MF,27.0,1962.0,0.0
1990,1990 FIFA World Cup,Soviet Union,SUN,Aleksandr Uvarov,GK,30.0,1960.0,0.0
1990,1990 FIFA World Cup,Spain,ESP,Andoni Zubizarreta,GK,28.0,1961.0,0.0
1990,1990 FIFA World Cup,Spain,ESP,Chendo,DF,28.0,1961.0,0.0
1990,1990 FIFA World Cup,Spain,ESP,Manuel Jiménez,DF,26.0,1964.0,0.0
1990,1990 FIFA World Cup,Spain,ESP,Genar Andrinúa,DF,26.0,1964.0,0.0
1990,1990 FIFA World Cup,Spain,ESP,Manuel Sanchís,DF,25.0,1965.0,0.0
1990,1990 FIFA World Cup,Spain,ESP,Rafael Martín Vázquez,MF,24.0,1965.0,0.0
1990,1990 FIFA World Cup,Spain,ESP,Miguel Pardeza,FW,25.0,1965.0,0.0
1990,1990 FIFA World Cup,Spain,ESP,Quique Sánchez Flores,DF,25.0,1965.0,0.0
1990,1990 FIFA World Cup,Spain,ESP,Emilio Butragueño,FW,26.0,1963.0,0.0
1990,1990 FIFA World Cup,Spain,ESP,Fernando,MF,24.0,1965.0,0.0
1990,1990 FIFA World Cup,Spain,ESP,Francisco Villarroya,MF,23.0,1966.0,0.0
1990,1990 FIFA World Cup,Spain,ESP,Rafael Alkorta,DF,21.0,1968.0,0.0
1990,1990 FIFA World Cup,Spain,ESP,Juan Carlos Ablanedo,GK,26.0,1963.0,0.0
1990,1990 FIFA World Cup,Spain,ESP,Alberto Górriz,DF,32.0,1958.0,1.0
1990,1990 FIFA World Cup,Spain,ESP,Roberto,MF,27.0,1962.0,0.0
1990,1990 FIFA World Cup,Spain,ESP,José María Bakero,MF,27.0,1963.0,0.0
1990,1990 FIFA World Cup,Spain,ESP,Fernando Hierro,MF,22.0,1968.0,0.0
1990,1990 FIFA World Cup,Spain,ESP,Rafael Paz,MF,24.0,1965.0,0.0
1990,1990 FIFA World Cup,Spain,ESP,Julio Salinas,FW,27.0,1962.0,1.0
1990,1990 FIFA World Cup,Spain,ESP,Manolo,FW,25.0,1965.0,0.0
1990,1990 FIFA World Cup,Spain,ESP,Míchel,MF,27.0,1963.0,4.0
1990,1990 FIFA World Cup,Spain,ESP,José Manuel Ochotorena,GK,29.0,1961.0,0.0
1990,1990 FIFA World Cup,Sweden,SWE,Sven Andersson,GK,26.0,1963.0,0.0
1990,1990 FIFA World Cup,Sweden,SWE,Jan Eriksson,DF,22.0,1967.0,0.0
1990,1990 FIFA World Cup,Sweden,SWE,Glenn Hysén,DF,30.0,1959.0,0.0
1990,1990 FIFA World Cup,Sweden,SWE,Peter Larsson,DF,29.0,1961.0,0.0
1990,1990 FIFA World Cup,Sweden,SWE,Roger Ljung,DF,24.0,1966.0,0.0
1990,1990 FIFA World Cup,Sweden,SWE,Roland Nilsson,DF,26.0,1963.0,0.0
1990,1990 FIFA World Cup,Sweden,SWE,Niklas Nyhlén,MF,24.0,1966.0,0.0
1990,1990 FIFA World Cup,Sweden,SWE,Stefan Schwarz,MF,21.0,1969.0,0.0
1990,1990 FIFA World Cup,Sweden,SWE,Leif Engqvist,MF,27.0,1962.0,0.0
1990,1990 FIFA World Cup,Sweden,SWE,Klas Ingesson,MF,21.0,1968.0,0.0
1990,1990 FIFA World Cup,Sweden,SWE,Ulrik Jansson,MF,22.0,1968.0,0.0
1990,1990 FIFA World Cup,Sweden,SWE,Lars Eriksson,GK,24.0,1965.0,0.0
1990,1990 FIFA World Cup,Sweden,SWE,Anders Limpar,MF,24.0,1965.0,0.0
1990,1990 FIFA World Cup,Sweden,SWE,Joakim Nilsson,MF,24.0,1966.0,0.0
1990,1990 FIFA World Cup,Sweden,SWE,Glenn Strömberg,MF,30.0,1960.0,1.0
1990,1990 FIFA World Cup,Sweden,SWE,Jonas Thern,MF,23.0,1967.0,0.0
1990,1990 FIFA World Cup,Sweden,SWE,Tomas Brolin,FW,20.0,1969.0,1.0
1990,1990 FIFA World Cup,Sweden,SWE,Johnny Ekström,FW,25.0,1965.0,1.0
1990,1990 FIFA World Cup,Sweden,SWE,Mats Gren,DF,26.0,1963.0,0.0
1990,1990 FIFA World Cup,Sweden,SWE,Mats Magnusson,FW,26.0,1963.0,0.0
1990,1990 FIFA World Cup,Sweden,SWE,Stefan Pettersson,FW,27.0,1963.0,0.0
1990,1990 FIFA World Cup,Sweden,SWE,Thomas Ravelli,GK,30.0,1959.0,0.0
1990,1990 FIFA World Cup,United Arab Emirates,ARE,Abdullah Musa,GK,32.0,1958.0,0.0
1990,1990 FIFA World Cup,United Arab Emirates,ARE,Khalil Ghanim,DF,25.0,1964.0,0.0
1990,1990 FIFA World Cup,United Arab Emirates,ARE,Ali Thani Jumaa,MF,21.0,1968.0,1.0
1990,1990 FIFA World Cup,United Arab Emirates,ARE,Mubarak Ghanim,DF,26.0,1963.0,0.0
1990,1990 FIFA World Cup,United Arab Emirates,ARE,Abdualla Sultan,MF,26.0,1963.0,0.0
1990,1990 FIFA World Cup,United Arab Emirates,ARE,Abdulrahman Mohamed,DF,26.0,1963.0,0.0
1990,1990 FIFA World Cup,United Arab Emirates,ARE,Fahad Khamees,FW,28.0,1962.0,0.0
1990,1990 FIFA World Cup,United Arab Emirates,ARE,Khalid Ismaïl,MF,24.0,1965.0,1.0
1990,1990 FIFA World Cup,United Arab Emirates,ARE,Abdulaziz Mohamed,FW,24.0,1965.0,0.0
1990,1990 FIFA World Cup,United Arab Emirates,ARE,Adnan Al-Talyani,FW,25.0,1964.0,0.0
1990,1990 FIFA World Cup,United Arab Emirates,ARE,Zuhair Bakheet,FW,22.0,1967.0,0.0
1990,1990 FIFA World Cup,United Arab Emirates,ARE,Hussain Ghuloum,FW,20.0,1969.0,0.0
1990,1990 FIFA World Cup,United Arab Emirates,ARE,Hassan Mohamed,MF,27.0,1962.0,0.0
1990,1990 FIFA World Cup,United Arab Emirates,ARE,Nasir Khamees,MF,24.0,1965.0,0.0
1990,1990 FIFA World Cup,United Arab Emirates,ARE,Ibrahim Meer,DF,22.0,1967.0,0.0
1990,1990 FIFA World Cup,United Arab Emirates,ARE,Mohamed Salim,DF,22.0,1968.0,0.0
1990,1990 FIFA World Cup,United Arab Emirates,ARE,Muhsin Musabah,GK,25.0,1964.0,0.0
1990,1990 FIFA World Cup,United Arab Emirates,ARE,Fahad Abdulrahman,MF,27.0,1962.0,0.0
1990,1990 FIFA World Cup,United Arab Emirates,ARE,Eissa Meer,DF,22.0,1967.0,0.0
1990,1990 FIFA World Cup,United Arab Emirates,ARE,Yousuf Hussain,DF,24.0,1965.0,0.0
1990,1990 FIFA World Cup,United Arab Emirates,ARE,Abdulrahman Al-Haddad,DF,24.0,1966.0,0.0
1990,1990 FIFA World Cup,United Arab Emirates,ARE,Abdulqadir Hassan,GK,28.0,1962.0,0.0
1990,1990 FIFA World Cup,United States,USA,Tony Meola,GK,21.0,1969.0,0.0
1990,1990 FIFA World Cup,United States,USA,Steve Trittschuh,DF,25.0,1965.0,0.0
1990,1990 FIFA World Cup,United States,USA,John Doyle,DF,24.0,1966.0,0.0
1990,1990 FIFA World Cup,United States,USA,Jimmy Banks,DF,25.0,1964.0,0.0
1990,1990 FIFA World Cup,United States,USA,Mike Windischmann,DF,24.0,1965.0,0.0
1990,1990 FIFA World Cup,United States,USA,John Harkes,MF,23.0,1967.0,0.0
1990,1990 FIFA World Cup,United States,USA,Tab Ramos,MF,23.0,1966.0,0.0
1990,1990 FIFA World Cup,United States,USA,Brian Bliss,DF,24.0,1965.0,0.0
1990,1990 FIFA World Cup,United States,USA,Christopher Sullivan,FW,25.0,1965.0,0.0
1990,1990 FIFA World Cup,United States,USA,Peter Vermes,FW,23.0,1966.0,0.0
1990,1990 FIFA World Cup,United States,USA,Eric Wynalda,FW,20.0,1969.0,0.0
1990,1990 FIFA World Cup,United States,USA,Paul Krumpe,DF,27.0,1963.0,0.0
1990,1990 FIFA World Cup,United States,USA,Eric Eichmann,FW,25.0,1965.0,0.0
1990,1990 FIFA World Cup,United States,USA,John Stollmeyer,MF,27.0,1962.0,0.0
1990,1990 FIFA World Cup,United States,USA,Desmond Armstrong,DF,25.0,1964.0,0.0
1990,1990 FIFA World Cup,United States,USA,Bruce Murray,FW,24.0,1966.0,1.0
1990,1990 FIFA World Cup,United States,USA,Marcelo Balboa,DF,22.0,1967.0,0.0
1990,1990 FIFA World Cup,United States,USA,Kasey Keller,GK,20.0,1969.0,0.0
1990,1990 FIFA World Cup,United States,USA,Chris Henderson,MF,19.0,1970.0,0.0
1990,1990 FIFA World Cup,United States,USA,Paul Caligiuri,MF,26.0,1964.0,1.0
1990,1990 FIFA World Cup,United States,USA,Neil Covone,MF,20.0,1969.0,0.0
1990,1990 FIFA World Cup,United States,USA,David Vanole,GK,27.0,1963.0,0.0
1990,1990 FIFA World Cup,Uruguay,URY,Fernando Álvez,GK,30.0,1959.0,0.0
1990,1990 FIFA World Cup,Uruguay,URY,Nelson Gutiérrez,DF,28.0,1962.0,0.0
1990,1990 FIFA World Cup,Uruguay,URY,Hugo de León,DF,32.0,1958.0,0.0
1990,1990 FIFA World Cup,Uruguay,URY,José Oscar Herrera,DF,24.0,1965.0,0.0
1990,1990 FIFA World Cup,Uruguay,URY,José Perdomo,MF,25.0,1965.0,0.0
1990,1990 FIFA World Cup,Uruguay,URY,Alfonso Domínguez,DF,24.0,1965.0,0.0
1990,1990 FIFA World Cup,Uruguay,URY,Antonio Alzamendi,FW,34.0,1956.0,0.0
1990,1990 FIFA World Cup,Uruguay,URY,Santiago Ostolaza,MF,27.0,1962.0,0.0
1990,1990 FIFA World Cup,Uruguay,URY,Enzo Francescoli,MF,28.0,1961.0,0.0
1990,1990 FIFA World Cup,Uruguay,URY,Rubén Paz,MF,30.0,1959.0,0.0
1990,1990 FIFA World Cup,Uruguay,URY,Rubén Sosa,FW,24.0,1966.0,0.0
1990,1990 FIFA World Cup,Uruguay,URY,Eduardo Pereira,GK,36.0,1954.0,0.0
1990,1990 FIFA World Cup,Uruguay,URY,Daniel Revelez,DF,30.0,1959.0,0.0
1990,1990 FIFA World Cup,Uruguay,URY,José Pintos Saldanha,DF,26.0,1964.0,0.0
1990,1990 FIFA World Cup,Uruguay,URY,Gabriel Correa,MF,22.0,1968.0,0.0
1990,1990 FIFA World Cup,Uruguay,URY,Pablo Bengoechea,MF,24.0,1965.0,1.0
1990,1990 FIFA World Cup,Uruguay,URY,Sergio Martínez,FW,21.0,1969.0,0.0
1990,1990 FIFA World Cup,Uruguay,URY,Carlos Aguilera,FW,25.0,1964.0,0.0
1990,1990 FIFA World Cup,Uruguay,URY,Daniel Fonseca,FW,20.0,1969.0,1.0
1990,1990 FIFA World Cup,Uruguay,URY,Ruben Pereira,MF,22.0,1968.0,0.0
1990,1990 FIFA World Cup,Uruguay,URY,William Castro,MF,28.0,1962.0,0.0
1990,1990 FIFA World Cup,Uruguay,URY,Javier Zeoli,GK,28.0,1962.0,0.0
1990,1990 FIFA World Cup,West Germany,DEU,Bodo Illgner,GK,23.0,1967.0,0.0
1990,1990 FIFA World Cup,West Germany,DEU,Stefan Reuter,DF,23.0,1966.0,0.0
1990,1990 FIFA World Cup,West Germany,DEU,Andreas Brehme,DF,29.0,1960.0,3.0
1990,1990 FIFA World Cup,West Germany,DEU,Jürgen Kohler,DF,24.0,1965.0,0.0
1990,1990 FIFA World Cup,West Germany,DEU,Klaus Augenthaler,DF,32.0,1957.0,0.0
1990,1990 FIFA World Cup,West Germany,DEU,Guido Buchwald,DF,29.0,1961.0,0.0
1990,1990 FIFA World Cup,West Germany,DEU,Pierre Littbarski,MF,30.0,1960.0,1.0
1990,1990 FIFA World Cup,West Germany,DEU,Thomas Häßler,MF,24.0,1966.0,0.0
1990,1990 FIFA World Cup,West Germany,DEU,Rudi Völler,FW,30.0,1960.0,3.0
1990,1990 FIFA World Cup,West Germany,DEU,Lothar Matthäus,MF,29.0,1961.0,4.0
1990,1990 FIFA World Cup,West Germany,DEU,Frank Mill,FW,31.0,1958.0,0.0
1990,1990 FIFA World Cup,West Germany,DEU,Raimond Aumann,GK,26.0,1963.0,0.0
1990,1990 FIFA World Cup,West Germany,DEU,Karl-Heinz Riedle,FW,24.0,1965.0,0.0
1990,1990 FIFA World Cup,West Germany,DEU,Thomas Berthold,DF,25.0,1964.0,0.0
1990,1990 FIFA World Cup,West Germany,DEU,Uwe Bein,MF,29.0,1960.0,1.0
1990,1990 FIFA World Cup,West Germany,DEU,Paul Steiner,DF,33.0,1957.0,0.0
1990,1990 FIFA World Cup,West Germany,DEU,Andreas Möller,MF,22.0,1967.0,0.0
1990,1990 FIFA World Cup,West Germany,DEU,Jürgen Klinsmann,FW,25.0,1964.0,3.0
1990,1990 FIFA World Cup,West Germany,DEU,Hans Pflügler,DF,30.0,1960.0,0.0
1990,1990 FIFA World Cup,West Germany,DEU,Olaf Thon,MF,24.0,1966.0,0.0
1990,1990 FIFA World Cup,West Germany,DEU,Günter Hermann,MF,29.0,1960.0,0.0
1990,1990 FIFA World Cup,West Germany,DEU,Andreas Köpke,GK,28.0,1962.0,0.0
1990,1990 FIFA World Cup,Yugoslavia,YUG,Tomislav Ivković,GK,29.0,1960.0,0.0
1990,1990 FIFA World Cup,Yugoslavia,YUG,Vujadin Stanojković,DF,26.0,1963.0,0.0
1990,1990 FIFA World Cup,Yugoslavia,YUG,Predrag Spasić,DF,25.0,1965.0,0.0
1990,1990 FIFA World Cup,Yugoslavia,YUG,Zoran Vulić,DF,28.0,1961.0,0.0
1990,1990 FIFA World Cup,Yugoslavia,YUG,Faruk Hadžibegić,DF,32.0,1957.0,0.0
1990,1990 FIFA World Cup,Yugoslavia,YUG,Davor Jozić,DF,29.0,1960.0,2.0
1990,1990 FIFA World Cup,Yugoslavia,YUG,Dragoljub Brnović,MF,26.0,1963.0,0.0
1990,1990 FIFA World Cup,Yugoslavia,YUG,Safet Sušić,MF,35.0,1955.0,1.0
1990,1990 FIFA World Cup,Yugoslavia,YUG,Darko Pančev,FW,24.0,1965.0,2.0
1990,1990 FIFA World Cup,Yugoslavia,YUG,Dragan Stojković,MF,25.0,1965.0,2.0
1990,1990 FIFA World Cup,Yugoslavia,YUG,Zlatko Vujović,FW,31.0,1958.0,0.0
1990,1990 FIFA World Cup,Yugoslavia,YUG,Fahrudin Omerović,GK,28.0,1961.0,0.0
1990,1990 FIFA World Cup,Yugoslavia,YUG,Srečko Katanec,MF,26.0,1963.0,0.0
1990,1990 FIFA World Cup,Yugoslavia,YUG,Alen Bokšić,FW,20.0,1970.0,0.0
1990,1990 FIFA World Cup,Yugoslavia,YUG,Robert Prosinečki,MF,21.0,1969.0,1.0
1990,1990 FIFA World Cup,Yugoslavia,YUG,Refik Šabanadžović,MF,24.0,1965.0,0.0
1990,1990 FIFA World Cup,Yugoslavia,YUG,Robert Jarni,MF,21.0,1968.0,0.0
1990,1990 FIFA World Cup,Yugoslavia,YUG,Mirsad Baljić,DF,28.0,1962.0,0.0
1990,1990 FIFA World Cup,Yugoslavia,YUG,Dejan Savićević,MF,23.0,1966.0,0.0
1990,1990 FIFA World Cup,Yugoslavia,YUG,Davor Šuker,FW,22.0,1968.0,0.0
1990,1990 FIFA World Cup,Yugoslavia,YUG,Andrej Panadić,DF,21.0,1969.0,0.0
1990,1990 FIFA World Cup,Yugoslavia,YUG,Dragoje Leković,GK,22.0,1967.0,0.0
1994,1994 FIFA World Cup,Argentina,ARG,Sergio Goycochea,GK,30.0,1963.0,0.0
1994,1994 FIFA World Cup,Argentina,ARG,Sergio Vázquez,DF,28.0,1965.0,0.0
1994,1994 FIFA World Cup,Argentina,ARG,José Chamot,DF,25.0,1969.0,0.0
1994,1994 FIFA World Cup,Argentina,ARG,Roberto Néstor Sensini,DF,27.0,1966.0,0.0
1994,1994 FIFA World Cup,Argentina,ARG,Fernando Redondo,MF,25.0,1969.0,0.0
1994,1994 FIFA World Cup,Argentina,ARG,Oscar Ruggeri,DF,32.0,1962.0,0.0
1994,1994 FIFA World Cup,Argentina,ARG,Claudio Caniggia,FW,27.0,1967.0,2.0
1994,1994 FIFA World Cup,Argentina,ARG,José Basualdo,MF,30.0,1963.0,0.0
1994,1994 FIFA World Cup,Argentina,ARG,Gabriel Batistuta,FW,25.0,1969.0,4.0
1994,1994 FIFA World Cup,Argentina,ARG,Diego Maradona,MF,33.0,1960.0,1.0
1994,1994 FIFA World Cup,Argentina,ARG,Ramón Medina Bello,FW,28.0,1966.0,0.0
1994,1994 FIFA World Cup,Argentina,ARG,Luis Islas,GK,28.0,1965.0,0.0
1994,1994 FIFA World Cup,Argentina,ARG,Fernando Cáceres,DF,25.0,1969.0,0.0
1994,1994 FIFA World Cup,Argentina,ARG,Diego Simeone,MF,24.0,1970.0,0.0
1994,1994 FIFA World Cup,Argentina,ARG,Jorge Borelli,DF,29.0,1964.0,0.0
1994,1994 FIFA World Cup,Argentina,ARG,Hernán Díaz,DF,29.0,1965.0,0.0
1994,1994 FIFA World Cup,Argentina,ARG,Ariel Ortega,MF,20.0,1974.0,0.0
1994,1994 FIFA World Cup,Argentina,ARG,Hugo Pérez,MF,25.0,1968.0,0.0
1994,1994 FIFA World Cup,Argentina,ARG,Abel Balbo,FW,28.0,1966.0,1.0
1994,1994 FIFA World Cup,Argentina,ARG,Leonardo Rodríguez,MF,27.0,1966.0,0.0
1994,1994 FIFA World Cup,Argentina,ARG,Alejandro Mancuso,MF,25.0,1968.0,0.0
1994,1994 FIFA World Cup,Argentina,ARG,Norberto Scoponi,GK,33.0,1961.0,0.0
1994,1994 FIFA World Cup,Belgium,BEL,Michel Preud'homme,GK,35.0,1959.0,0.0
1994,1994 FIFA World Cup,Belgium,BEL,Dirk Medved,DF,26.0,1968.0,0.0
1994,1994 FIFA World Cup,Belgium,BEL,Vital Borkelmans,DF,31.0,1963.0,0.0
1994,1994 FIFA World Cup,Belgium,BEL,Philippe Albert,DF,26.0,1967.0,2.0
1994,1994 FIFA World Cup,Belgium,BEL,Rudi Smidts,DF,30.0,1963.0,0.0
1994,1994 FIFA World Cup,Belgium,BEL,Lorenzo Staelens,MF,30.0,1964.0,0.0
1994,1994 FIFA World Cup,Belgium,BEL,Franky Van der Elst,MF,33.0,1961.0,0.0
1994,1994 FIFA World Cup,Belgium,BEL,Luc Nilis,FW,27.0,1967.0,0.0
1994,1994 FIFA World Cup,Belgium,BEL,Marc Degryse,FW,28.0,1965.0,1.0
1994,1994 FIFA World Cup,Belgium,BEL,Enzo Scifo,MF,28.0,1966.0,0.0
1994,1994 FIFA World Cup,Belgium,BEL,Alexandre Czerniatynski,FW,33.0,1960.0,0.0
1994,1994 FIFA World Cup,Belgium,BEL,Filip De Wilde,GK,29.0,1964.0,0.0
1994,1994 FIFA World Cup,Belgium,BEL,Georges Grün,DF,32.0,1962.0,1.0
1994,1994 FIFA World Cup,Belgium,BEL,Michel De Wolf,DF,36.0,1958.0,0.0
1994,1994 FIFA World Cup,Belgium,BEL,Marc Emmers,MF,28.0,1966.0,0.0
1994,1994 FIFA World Cup,Belgium,BEL,Danny Boffin,MF,28.0,1965.0,0.0
1994,1994 FIFA World Cup,Belgium,BEL,Josip Weber,FW,29.0,1964.0,0.0
1994,1994 FIFA World Cup,Belgium,BEL,Marc Wilmots,MF,25.0,1969.0,0.0
1994,1994 FIFA World Cup,Belgium,BEL,Eric Van Meir,DF,26.0,1968.0,0.0
1994,1994 FIFA World Cup,Belgium,BEL,Dany Verlinden,GK,30.0,1963.0,0.0
1994,1994 FIFA World Cup,Belgium,BEL,Stéphane van der Heyden,MF,24.0,1969.0,0.0
1994,1994 FIFA World Cup,Belgium,BEL,Pascal Renier,DF,22.0,1971.0,0.0
1994,1994 FIFA World Cup,Bolivia,BOL,Carlos Trucco,GK,36.0,1957.0,0.0
1994,1994 FIFA World Cup,Bolivia,BOL,Juan Manuel Peña,DF,21.0,1973.0,0.0
1994,1994 FIFA World Cup,Bolivia,BOL,Marco Sandy,DF,22.0,1971.0,0.0
1994,1994 FIFA World Cup,Bolivia,BOL,Miguel Rimba,DF,26.0,1967.0,0.0
1994,1994 FIFA World Cup,Bolivia,BOL,Gustavo Quinteros,DF,29.0,1965.0,0.0
1994,1994 FIFA World Cup,Bolivia,BOL,Carlos Borja,MF,37.0,1956.0,0.0
1994,1994 FIFA World Cup,Bolivia,BOL,Mario Pinedo,MF,30.0,1964.0,0.0
1994,1994 FIFA World Cup,Bolivia,BOL,José Milton Melgar,MF,34.0,1959.0,0.0
1994,1994 FIFA World Cup,Bolivia,BOL,Álvaro Peña,FW,29.0,1965.0,0.0
1994,1994 FIFA World Cup,Bolivia,BOL,Marco Etcheverry,MF,23.0,1970.0,0.0
1994,1994 FIFA World Cup,Bolivia,BOL,Jaime Moreno,FW,20.0,1974.0,0.0
1994,1994 FIFA World Cup,Bolivia,BOL,Darío Rojas,GK,34.0,1960.0,0.0
1994,1994 FIFA World Cup,Bolivia,BOL,Modesto Soruco,DF,28.0,1966.0,0.0
1994,1994 FIFA World Cup,Bolivia,BOL,Mauricio Ramos,MF,24.0,1969.0,0.0
1994,1994 FIFA World Cup,Bolivia,BOL,Vladimir Soria,MF,29.0,1964.0,0.0
1994,1994 FIFA World Cup,Bolivia,BOL,Luis Cristaldo,DF,24.0,1969.0,0.0
1994,1994 FIFA World Cup,Bolivia,BOL,Óscar Sánchez,DF,22.0,1971.0,0.0
1994,1994 FIFA World Cup,Bolivia,BOL,William Ramallo,FW,30.0,1963.0,0.0
1994,1994 FIFA World Cup,Bolivia,BOL,Marcelo Torrico,GK,22.0,1972.0,0.0
1994,1994 FIFA World Cup,Bolivia,BOL,Ramiro Castillo,MF,28.0,1966.0,0.0
1994,1994 FIFA World Cup,Bolivia,BOL,Erwin Sánchez,MF,24.0,1969.0,1.0
1994,1994 FIFA World Cup,Bolivia,BOL,Julio César Baldivieso,MF,22.0,1971.0,0.0
1994,1994 FIFA World Cup,Brazil,BRA,Cláudio Taffarel,GK,28.0,1966.0,0.0
1994,1994 FIFA World Cup,Brazil,BRA,Jorginho,DF,29.0,1964.0,0.0
1994,1994 FIFA World Cup,Brazil,BRA,Ricardo Rocha,DF,31.0,1962.0,0.0
1994,1994 FIFA World Cup,Brazil,BRA,Ronaldão,DF,28.0,1965.0,0.0
1994,1994 FIFA World Cup,Brazil,BRA,Mauro Silva,MF,26.0,1968.0,0.0
1994,1994 FIFA World Cup,Brazil,BRA,Branco,DF,30.0,1964.0,1.0
1994,1994 FIFA World Cup,Brazil,BRA,Bebeto,FW,30.0,1964.0,3.0
1994,1994 FIFA World Cup,Brazil,BRA,Dunga,MF,30.0,1963.0,0.0
1994,1994 FIFA World Cup,Brazil,BRA,Zinho,MF,27.0,1967.0,0.0
1994,1994 FIFA World Cup,Brazil,BRA,Raí,MF,29.0,1965.0,1.0
1994,1994 FIFA World Cup,Brazil,BRA,Romário,FW,28.0,1966.0,5.0
1994,1994 FIFA World Cup,Brazil,BRA,Zetti,GK,29.0,1965.0,0.0
1994,1994 FIFA World Cup,Brazil,BRA,Aldair,DF,28.0,1965.0,0.0
1994,1994 FIFA World Cup,Brazil,BRA,Cafu,DF,24.0,1970.0,0.0
1994,1994 FIFA World Cup,Brazil,BRA,Márcio Santos,DF,24.0,1969.0,1.0
1994,1994 FIFA World Cup,Brazil,BRA,Leonardo,MF,24.0,1969.0,0.0
1994,1994 FIFA World Cup,Brazil,BRA,Mazinho,MF,28.0,1966.0,0.0
1994,1994 FIFA World Cup,Brazil,BRA,Paulo Sérgio,MF,25.0,1969.0,0.0
1994,1994 FIFA World Cup,Brazil,BRA,Müller,FW,28.0,1966.0,0.0
1994,1994 FIFA World Cup,Brazil,BRA,Ronaldo,FW,17.0,1976.0,0.0
1994,1994 FIFA World Cup,Brazil,BRA,Viola,FW,25.0,1969.0,0.0
1994,1994 FIFA World Cup,Brazil,BRA,Gilmar Rinaldi,GK,35.0,1959.0,0.0
1994,1994 FIFA World Cup,Bulgaria,BGR,Borislav Mihaylov,GK,31.0,1963.0,0.0
1994,1994 FIFA World Cup,Bulgaria,BGR,Emil Kremenliev,DF,24.0,1969.0,0.0
1994,1994 FIFA World Cup,Bulgaria,BGR,Trifon Ivanov,DF,28.0,1965.0,0.0
1994,1994 FIFA World Cup,Bulgaria,BGR,Tsanko Tsvetanov,DF,24.0,1970.0,0.0
1994,1994 FIFA World Cup,Bulgaria,BGR,Petar Hubchev,DF,30.0,1964.0,0.0
1994,1994 FIFA World Cup,Bulgaria,BGR,Zlatko Yankov,MF,28.0,1966.0,0.0
1994,1994 FIFA World Cup,Bulgaria,BGR,Emil Kostadinov,FW,26.0,1967.0,0.0
1994,1994 FIFA World Cup,Bulgaria,BGR,Hristo Stoichkov,FW,28.0,1966.0,6.0
1994,1994 FIFA World Cup,Bulgaria,BGR,Yordan Letchkov,MF,26.0,1967.0,2.0
1994,1994 FIFA World Cup,Bulgaria,BGR,Nasko Sirakov,FW,32.0,1962.0,1.0
1994,1994 FIFA World Cup,Bulgaria,BGR,Daniel Borimirov,MF,24.0,1970.0,1.0
1994,1994 FIFA World Cup,Bulgaria,BGR,Plamen Nikolov,GK,32.0,1961.0,0.0
1994,1994 FIFA World Cup,Bulgaria,BGR,Ivaylo Yordanov,MF,26.0,1968.0,0.0
1994,1994 FIFA World Cup,Bulgaria,BGR,Boncho Genchev,MF,29.0,1964.0,0.0
1994,1994 FIFA World Cup,Bulgaria,BGR,Nikolay Iliev,DF,30.0,1964.0,0.0
1994,1994 FIFA World Cup,Bulgaria,BGR,Iliyan Kiryakov,DF,26.0,1967.0,0.0
1994,1994 FIFA World Cup,Bulgaria,BGR,Petar Mihtarski,FW,27.0,1966.0,0.0
1994,1994 FIFA World Cup,Bulgaria,BGR,Petar Aleksandrov,FW,31.0,1962.0,0.0
1994,1994 FIFA World Cup,Bulgaria,BGR,Georgi Georgiev,MF,31.0,1963.0,0.0
1994,1994 FIFA World Cup,Bulgaria,BGR,Krasimir Balakov,MF,28.0,1966.0,0.0
1994,1994 FIFA World Cup,Bulgaria,BGR,Velko Yotov,FW,23.0,1970.0,0.0
1994,1994 FIFA World Cup,Bulgaria,BGR,Ivaylo Andonov,FW,26.0,1967.0,0.0
1994,1994 FIFA World Cup,Cameroon,CMR,Joseph-Antoine Bell,GK,39.0,1954.0,0.0
1994,1994 FIFA World Cup,Cameroon,CMR,André Kana-Biyik,DF,28.0,1965.0,0.0
1994,1994 FIFA World Cup,Cameroon,CMR,Rigobert Song,DF,17.0,1976.0,0.0
1994,1994 FIFA World Cup,Cameroon,CMR,Samuel Ekemé,DF,27.0,1966.0,0.0
1994,1994 FIFA World Cup,Cameroon,CMR,Victor N'Dip,DF,26.0,1967.0,0.0
1994,1994 FIFA World Cup,Cameroon,CMR,Thomas Libiih,MF,26.0,1967.0,0.0
1994,1994 FIFA World Cup,Cameroon,CMR,François Omam-Biyik,FW,28.0,1966.0,1.0
1994,1994 FIFA World Cup,Cameroon,CMR,Émile Mbouh,MF,28.0,1966.0,0.0
1994,1994 FIFA World Cup,Cameroon,CMR,Roger Milla,FW,42.0,1952.0,1.0
1994,1994 FIFA World Cup,Cameroon,CMR,Louis-Paul M'Fédé,FW,33.0,1961.0,0.0
1994,1994 FIFA World Cup,Cameroon,CMR,Emmanuel Maboang,MF,25.0,1968.0,0.0
1994,1994 FIFA World Cup,Cameroon,CMR,Paul Loga,MF,24.0,1969.0,0.0
1994,1994 FIFA World Cup,Cameroon,CMR,Raymond Kalla,DF,19.0,1975.0,0.0
1994,1994 FIFA World Cup,Cameroon,CMR,Stephen Tataw,DF,31.0,1963.0,0.0
1994,1994 FIFA World Cup,Cameroon,CMR,Hans Agbo,DF,26.0,1967.0,0.0
1994,1994 FIFA World Cup,Cameroon,CMR,Alphonse Tchami,FW,22.0,1971.0,0.0
1994,1994 FIFA World Cup,Cameroon,CMR,Marc-Vivien Foé,MF,19.0,1975.0,0.0
1994,1994 FIFA World Cup,Cameroon,CMR,Jean-Pierre Fiala,MF,25.0,1969.0,0.0
1994,1994 FIFA World Cup,Cameroon,CMR,David Embé,FW,20.0,1973.0,1.0
1994,1994 FIFA World Cup,Cameroon,CMR,Georges Mouyémé,FW,23.0,1971.0,0.0
1994,1994 FIFA World Cup,Cameroon,CMR,Thomas N'Kono,GK,37.0,1956.0,0.0
1994,1994 FIFA World Cup,Cameroon,CMR,Jacques Songo'o,GK,30.0,1964.0,0.0
1994,1994 FIFA World Cup,Colombia,COL,Óscar Córdoba,GK,24.0,1970.0,0.0
1994,1994 FIFA World Cup,Colombia,COL,Andrés Escobar,DF,27.0,1967.0,0.0
1994,1994 FIFA World Cup,Colombia,COL,Alexis Mendoza,DF,32.0,1961.0,0.0
1994,1994 FIFA World Cup,Colombia,COL,Luis Fernando Herrera,DF,32.0,1962.0,0.0
1994,1994 FIFA World Cup,Colombia,COL,Hermán Gaviria,MF,24.0,1969.0,1.0
1994,1994 FIFA World Cup,Colombia,COL,Gabriel Gómez,MF,34.0,1959.0,0.0
1994,1994 FIFA World Cup,Colombia,COL,Antony de Ávila,FW,31.0,1962.0,0.0
1994,1994 FIFA World Cup,Colombia,COL,John Harold Lozano,MF,22.0,1972.0,1.0
1994,1994 FIFA World Cup,Colombia,COL,Iván Valenciano,FW,22.0,1972.0,0.0
1994,1994 FIFA World Cup,Colombia,COL,Carlos Valderrama,MF,32.0,1961.0,0.0
1994,1994 FIFA World Cup,Colombia,COL,Adolfo Valencia,FW,26.0,1968.0,2.0
1994,1994 FIFA World Cup,Colombia,COL,Faryd Mondragón,GK,22.0,1971.0,0.0
1994,1994 FIFA World Cup,Colombia,COL,Néstor Ortiz,DF,25.0,1968.0,0.0
1994,1994 FIFA World Cup,Colombia,COL,Leonel Álvarez,MF,28.0,1965.0,0.0
1994,1994 FIFA World Cup,Colombia,COL,Luis Carlos Perea,DF,30.0,1963.0,0.0
1994,1994 FIFA World Cup,Colombia,COL,Víctor Aristizábal,FW,22.0,1971.0,0.0
1994,1994 FIFA World Cup,Colombia,COL,Mauricio Serna,MF,26.0,1968.0,0.0
1994,1994 FIFA World Cup,Colombia,COL,Óscar Cortés,DF,25.0,1968.0,0.0
1994,1994 FIFA World Cup,Colombia,COL,Freddy Rincón,MF,27.0,1966.0,0.0
1994,1994 FIFA World Cup,Colombia,COL,Wilson Pérez,DF,26.0,1967.0,0.0
1994,1994 FIFA World Cup,Colombia,COL,Faustino Asprilla,FW,24.0,1969.0,0.0
1994,1994 FIFA World Cup,Colombia,COL,José María Pazo,GK,30.0,1964.0,0.0
1994,1994 FIFA World Cup,Germany,DEU,Bodo Illgner,GK,27.0,1967.0,0.0
1994,1994 FIFA World Cup,Germany,DEU,Thomas Strunz,MF,26.0,1968.0,0.0
1994,1994 FIFA World Cup,Germany,DEU,Andreas Brehme,DF,33.0,1960.0,0.0
1994,1994 FIFA World Cup,Germany,DEU,Jürgen Kohler,DF,28.0,1965.0,0.0
1994,1994 FIFA World Cup,Germany,DEU,Thomas Helmer,DF,29.0,1965.0,0.0
1994,1994 FIFA World Cup,Germany,DEU,Guido Buchwald,DF,33.0,1961.0,0.0
1994,1994 FIFA World Cup,Germany,DEU,Andreas Möller,MF,26.0,1967.0,0.0
1994,1994 FIFA World Cup,Germany,DEU,Thomas Häßler,MF,28.0,1966.0,0.0
1994,1994 FIFA World Cup,Germany,DEU,Karl-Heinz Riedle,FW,28.0,1965.0,1.0
1994,1994 FIFA World Cup,Germany,DEU,Lothar Matthäus,MF,33.0,1961.0,1.0
1994,1994 FIFA World Cup,Germany,DEU,Stefan Kuntz,FW,31.0,1962.0,0.0
1994,1994 FIFA World Cup,Germany,DEU,Andreas Köpke,GK,32.0,1962.0,0.0
1994,1994 FIFA World Cup,Germany,DEU,Rudi Völler,FW,34.0,1960.0,2.0
1994,1994 FIFA World Cup,Germany,DEU,Thomas Berthold,DF,29.0,1964.0,0.0
1994,1994 FIFA World Cup,Germany,DEU,Maurizio Gaudino,MF,27.0,1966.0,0.0
1994,1994 FIFA World Cup,Germany,DEU,Matthias Sammer,DF,26.0,1967.0,0.0
1994,1994 FIFA World Cup,Germany,DEU,Martin Wagner,MF,26.0,1968.0,0.0
1994,1994 FIFA World Cup,Germany,DEU,Jürgen Klinsmann,FW,29.0,1964.0,5.0
1994,1994 FIFA World Cup,Germany,DEU,Ulf Kirsten,FW,28.0,1965.0,0.0
1994,1994 FIFA World Cup,Germany,DEU,Stefan Effenberg,MF,25.0,1968.0,0.0
1994,1994 FIFA World Cup,Germany,DEU,Mario Basler,MF,25.0,1968.0,0.0
1994,1994 FIFA World Cup,Germany,DEU,Oliver Kahn,GK,25.0,1969.0,0.0
1994,1994 FIFA World Cup,Greece,GRC,Antonis Minou,GK,36.0,1958.0,0.0
1994,1994 FIFA World Cup,Greece,GRC,Stratos Apostolakis,DF,30.0,1964.0,0.0
1994,1994 FIFA World Cup,Greece,GRC,Thanasis Kolitsidakis,DF,27.0,1966.0,0.0
1994,1994 FIFA World Cup,Greece,GRC,Stelios Manolas,DF,32.0,1961.0,0.0
1994,1994 FIFA World Cup,Greece,GRC,Ioannis Kalitzakis,DF,28.0,1966.0,0.0
1994,1994 FIFA World Cup,Greece,GRC,Panagiotis Tsalouchidis,MF,31.0,1963.0,0.0
1994,1994 FIFA World Cup,Greece,GRC,Dimitris Saravakos,MF,32.0,1961.0,0.0
1994,1994 FIFA World Cup,Greece,GRC,Nikos Nioplias,MF,29.0,1965.0,0.0
1994,1994 FIFA World Cup,Greece,GRC,Nikos Machlas,FW,21.0,1973.0,0.0
1994,1994 FIFA World Cup,Greece,GRC,Tasos Mitropoulos,MF,36.0,1957.0,0.0
1994,1994 FIFA World Cup,Greece,GRC,Nikos Tsiantakis,MF,30.0,1963.0,0.0
1994,1994 FIFA World Cup,Greece,GRC,Spiros Marangos,MF,27.0,1967.0,0.0
1994,1994 FIFA World Cup,Greece,GRC,Vaios Karagiannis,DF,25.0,1968.0,0.0
1994,1994 FIFA World Cup,Greece,GRC,Vasilis Dimitriadis,FW,28.0,1966.0,0.0
1994,1994 FIFA World Cup,Greece,GRC,Christos Karkamanis,GK,24.0,1969.0,0.0
1994,1994 FIFA World Cup,Greece,GRC,Alexis Alexoudis,FW,21.0,1972.0,0.0
1994,1994 FIFA World Cup,Greece,GRC,Minas Hantzidis,MF,27.0,1966.0,0.0
1994,1994 FIFA World Cup,Greece,GRC,Kyriakos Karataidis,DF,28.0,1965.0,0.0
1994,1994 FIFA World Cup,Greece,GRC,Savvas Kofidis,MF,33.0,1961.0,0.0
1994,1994 FIFA World Cup,Greece,GRC,Elias Atmatsidis,GK,25.0,1969.0,0.0
1994,1994 FIFA World Cup,Greece,GRC,Alexis Alexandris,FW,25.0,1968.0,0.0
1994,1994 FIFA World Cup,Greece,GRC,Alexis Alexiou,DF,30.0,1963.0,0.0
1994,1994 FIFA World Cup,Italy,ITA,Gianluca Pagliuca,GK,27.0,1966.0,0.0
1994,1994 FIFA World Cup,Italy,ITA,Luigi Apolloni,DF,27.0,1967.0,0.0
1994,1994 FIFA World Cup,Italy,ITA,Antonio Benarrivo,DF,25.0,1968.0,0.0
1994,1994 FIFA World Cup,Italy,ITA,Alessandro Costacurta,DF,28.0,1966.0,0.0
1994,1994 FIFA World Cup,Italy,ITA,Paolo Maldini,DF,25.0,1968.0,0.0
1994,1994 FIFA World Cup,Italy,ITA,Franco Baresi,DF,34.0,1960.0,0.0
1994,1994 FIFA World Cup,Italy,ITA,Lorenzo Minotti,DF,27.0,1967.0,0.0
1994,1994 FIFA World Cup,Italy,ITA,Roberto Mussi,DF,30.0,1963.0,0.0
1994,1994 FIFA World Cup,Italy,ITA,Mauro Tassotti,DF,34.0,1960.0,0.0
1994,1994 FIFA World Cup,Italy,ITA,Roberto Baggio,FW,27.0,1967.0,5.0
1994,1994 FIFA World Cup,Italy,ITA,Demetrio Albertini,MF,22.0,1971.0,0.0
1994,1994 FIFA World Cup,Italy,ITA,Luca Marchegiani,GK,28.0,1966.0,0.0
1994,1994 FIFA World Cup,Italy,ITA,Dino Baggio,MF,22.0,1971.0,2.0
1994,1994 FIFA World Cup,Italy,ITA,Nicola Berti,MF,27.0,1967.0,0.0
1994,1994 FIFA World Cup,Italy,ITA,Antonio Conte,MF,24.0,1969.0,0.0
1994,1994 FIFA World Cup,Italy,ITA,Roberto Donadoni,MF,30.0,1963.0,0.0
1994,1994 FIFA World Cup,Italy,ITA,Alberigo Evani,MF,31.0,1963.0,0.0
1994,1994 FIFA World Cup,Italy,ITA,Pierluigi Casiraghi,FW,25.0,1969.0,0.0
1994,1994 FIFA World Cup,Italy,ITA,Daniele Massaro,FW,33.0,1961.0,1.0
1994,1994 FIFA World Cup,Italy,ITA,Giuseppe Signori,FW,26.0,1968.0,0.0
1994,1994 FIFA World Cup,Italy,ITA,Gianfranco Zola,FW,27.0,1966.0,0.0
1994,1994 FIFA World Cup,Italy,ITA,Luca Bucci,GK,25.0,1969.0,0.0
1994,1994 FIFA World Cup,Mexico,MEX,Jorge Campos,GK,27.0,1966.0,0.0
1994,1994 FIFA World Cup,Mexico,MEX,Claudio Suárez,DF,25.0,1968.0,0.0
1994,1994 FIFA World Cup,Mexico,MEX,Juan de Dios Ramírez Perales,DF,25.0,1969.0,0.0
1994,1994 FIFA World Cup,Mexico,MEX,Ignacio Ambríz,DF,29.0,1965.0,0.0
1994,1994 FIFA World Cup,Mexico,MEX,Ramón Ramírez,MF,24.0,1969.0,0.0
1994,1994 FIFA World Cup,Mexico,MEX,Marcelino Bernal,MF,32.0,1962.0,1.0
1994,1994 FIFA World Cup,Mexico,MEX,Carlos Hermosillo,FW,29.0,1964.0,0.0
1994,1994 FIFA World Cup,Mexico,MEX,Alberto García Aspe,MF,27.0,1967.0,1.0
1994,1994 FIFA World Cup,Mexico,MEX,Hugo Sánchez,FW,35.0,1958.0,0.0
1994,1994 FIFA World Cup,Mexico,MEX,Luis García Postigo,FW,25.0,1969.0,2.0
1994,1994 FIFA World Cup,Mexico,MEX,Zague,FW,27.0,1967.0,0.0
1994,1994 FIFA World Cup,Mexico,MEX,Félix Fernández,GK,27.0,1967.0,0.0
1994,1994 FIFA World Cup,Mexico,MEX,Juan Carlos Chávez,MF,27.0,1967.0,0.0
1994,1994 FIFA World Cup,Mexico,MEX,Joaquín del Olmo,MF,25.0,1969.0,0.0
1994,1994 FIFA World Cup,Mexico,MEX,Missael Espinoza,MF,29.0,1965.0,0.0
1994,1994 FIFA World Cup,Mexico,MEX,Luis Antonio Valdéz,FW,28.0,1965.0,0.0
1994,1994 FIFA World Cup,Mexico,MEX,Benjamín Galindo,MF,33.0,1960.0,0.0
1994,1994 FIFA World Cup,Mexico,MEX,José Luis Salgado,DF,28.0,1966.0,0.0
1994,1994 FIFA World Cup,Mexico,MEX,Luis Miguel Salvador,FW,26.0,1968.0,0.0
1994,1994 FIFA World Cup,Mexico,MEX,Jorge Rodríguez,MF,26.0,1968.0,0.0
1994,1994 FIFA World Cup,Mexico,MEX,Raúl Gutiérrez,DF,27.0,1966.0,0.0
1994,1994 FIFA World Cup,Mexico,MEX,Adrián Chávez,GK,31.0,1962.0,0.0
1994,1994 FIFA World Cup,Morocco,MAR,Khalil Azmi,GK,29.0,1964.0,0.0
1994,1994 FIFA World Cup,Morocco,MAR,Nacer Abdellah,DF,28.0,1966.0,0.0
1994,1994 FIFA World Cup,Morocco,MAR,Abdelkrim El Hadrioui,DF,22.0,1972.0,0.0
1994,1994 FIFA World Cup,Morocco,MAR,Tahar El Khalej,MF,26.0,1968.0,0.0
1994,1994 FIFA World Cup,Morocco,MAR,Smahi Triki,DF,26.0,1967.0,0.0
1994,1994 FIFA World Cup,Morocco,MAR,Noureddine Naybet,DF,24.0,1970.0,0.0
1994,1994 FIFA World Cup,Morocco,MAR,Mustapha Hadji,MF,22.0,1971.0,0.0
1994,1994 FIFA World Cup,Morocco,MAR,Rachid Azzouzi,MF,23.0,1971.0,0.0
1994,1994 FIFA World Cup,Morocco,MAR,Mohammed Chaouch,FW,27.0,1966.0,1.0
1994,1994 FIFA World Cup,Morocco,MAR,Mustafa El Haddaoui,MF,32.0,1961.0,0.0
1994,1994 FIFA World Cup,Morocco,MAR,Rachid Daoudi,MF,28.0,1966.0,0.0
1994,1994 FIFA World Cup,Morocco,MAR,Said Dghay,GK,30.0,1964.0,0.0
1994,1994 FIFA World Cup,Morocco,MAR,Ahmed Bahja,FW,23.0,1970.0,0.0
1994,1994 FIFA World Cup,Morocco,MAR,Ahmed Masbahi,DF,28.0,1966.0,0.0
1994,1994 FIFA World Cup,Morocco,MAR,El Arbi Hababi Hababi,MF,26.0,1967.0,0.0
1994,1994 FIFA World Cup,Morocco,MAR,Hassan Nader,FW,28.0,1965.0,1.0
1994,1994 FIFA World Cup,Morocco,MAR,Abdeslam Laghrissi,FW,32.0,1962.0,0.0
1994,1994 FIFA World Cup,Morocco,MAR,Rachid Neqrouz,DF,22.0,1972.0,0.0
1994,1994 FIFA World Cup,Morocco,MAR,Abdelmajid Bouyboud,FW,27.0,1966.0,0.0
1994,1994 FIFA World Cup,Morocco,MAR,Hassan Kachloul,MF,21.0,1973.0,0.0
1994,1994 FIFA World Cup,Morocco,MAR,Mohamed Samadi,MF,24.0,1970.0,0.0
1994,1994 FIFA World Cup,Morocco,MAR,Zakaria Alaoui,GK,28.0,1966.0,0.0
1994,1994 FIFA World Cup,Netherlands,NLD,Ed de Goey,GK,27.0,1966.0,0.0
1994,1994 FIFA World Cup,Netherlands,NLD,Frank de Boer,DF,24.0,1970.0,0.0
1994,1994 FIFA World Cup,Netherlands,NLD,Frank Rijkaard,MF,31.0,1962.0,0.0
1994,1994 FIFA World Cup,Netherlands,NLD,Ronald Koeman,DF,31.0,1963.0,0.0
1994,1994 FIFA World Cup,Netherlands,NLD,Rob Witschge,MF,27.0,1966.0,0.0
1994,1994 FIFA World Cup,Netherlands,NLD,Jan Wouters,MF,33.0,1960.0,0.0
1994,1994 FIFA World Cup,Netherlands,NLD,Marc Overmars,FW,21.0,1973.0,0.0
1994,1994 FIFA World Cup,Netherlands,NLD,Wim Jonk,MF,27.0,1966.0,2.0
1994,1994 FIFA World Cup,Netherlands,NLD,Ronald de Boer,MF,24.0,1970.0,0.0
1994,1994 FIFA World Cup,Netherlands,NLD,Dennis Bergkamp,FW,25.0,1969.0,3.0
1994,1994 FIFA World Cup,Netherlands,NLD,Bryan Roy,FW,24.0,1970.0,1.0
1994,1994 FIFA World Cup,Netherlands,NLD,John Bosman,FW,29.0,1965.0,0.0
1994,1994 FIFA World Cup,Netherlands,NLD,Edwin van der Sar,GK,23.0,1970.0,0.0
1994,1994 FIFA World Cup,Netherlands,NLD,Ulrich van Gobbel,DF,23.0,1971.0,0.0
1994,1994 FIFA World Cup,Netherlands,NLD,Danny Blind,DF,32.0,1961.0,0.0
1994,1994 FIFA World Cup,Netherlands,NLD,Arthur Numan,DF,24.0,1969.0,0.0
1994,1994 FIFA World Cup,Netherlands,NLD,Gaston Taument,FW,23.0,1970.0,1.0
1994,1994 FIFA World Cup,Netherlands,NLD,Stan Valckx,DF,30.0,1963.0,0.0
1994,1994 FIFA World Cup,Netherlands,NLD,Peter van Vossen,FW,26.0,1968.0,0.0
1994,1994 FIFA World Cup,Netherlands,NLD,Aron Winter,MF,27.0,1967.0,1.0
1994,1994 FIFA World Cup,Netherlands,NLD,John de Wolf,DF,31.0,1962.0,0.0
1994,1994 FIFA World Cup,Netherlands,NLD,Theo Snelders,GK,30.0,1963.0,0.0
1994,1994 FIFA World Cup,Nigeria,NGA,Peter Rufai,GK,30.0,1963.0,0.0
1994,1994 FIFA World Cup,Nigeria,NGA,Augustine Eguavoen,DF,28.0,1965.0,0.0
1994,1994 FIFA World Cup,Nigeria,NGA,Benedict Iroha,DF,24.0,1969.0,0.0
1994,1994 FIFA World Cup,Nigeria,NGA,Stephen Keshi,DF,32.0,1962.0,0.0
1994,1994 FIFA World Cup,Nigeria,NGA,Uche Okechukwu,DF,26.0,1967.0,0.0
1994,1994 FIFA World Cup,Nigeria,NGA,Chidi Nwanu,DF,27.0,1967.0,0.0
1994,1994 FIFA World Cup,Nigeria,NGA,Finidi George,MF,23.0,1971.0,1.0
1994,1994 FIFA World Cup,Nigeria,NGA,Thompson Oliha,MF,25.0,1968.0,0.0
1994,1994 FIFA World Cup,Nigeria,NGA,Rashidi Yekini,FW,30.0,1963.0,1.0
1994,1994 FIFA World Cup,Nigeria,NGA,Jay-Jay Okocha,MF,20.0,1973.0,0.0
1994,1994 FIFA World Cup,Nigeria,NGA,Emmanuel Amunike,MF,23.0,1970.0,2.0
1994,1994 FIFA World Cup,Nigeria,NGA,Samson Siasia,FW,26.0,1967.0,1.0
1994,1994 FIFA World Cup,Nigeria,NGA,Emeka Ezeugo,DF,28.0,1965.0,0.0
1994,1994 FIFA World Cup,Nigeria,NGA,Daniel Amokachi,FW,21.0,1972.0,2.0
1994,1994 FIFA World Cup,Nigeria,NGA,Sunday Oliseh,MF,19.0,1974.0,0.0
1994,1994 FIFA World Cup,Nigeria,NGA,Alloysius Agu,GK,26.0,1967.0,0.0
1994,1994 FIFA World Cup,Nigeria,NGA,Victor Ikpeba,FW,21.0,1973.0,0.0
1994,1994 FIFA World Cup,Nigeria,NGA,Efan Ekoku,FW,27.0,1967.0,0.0
1994,1994 FIFA World Cup,Nigeria,NGA,Michael Emenalo,DF,28.0,1965.0,0.0
1994,1994 FIFA World Cup,Nigeria,NGA,Uche Okafor,DF,26.0,1967.0,0.0
1994,1994 FIFA World Cup,Nigeria,NGA,Mutiu Adepoju,MF,23.0,1970.0,0.0
1994,1994 FIFA World Cup,Nigeria,NGA,Wilfred Agbonavbare,GK,27.0,1966.0,0.0
1994,1994 FIFA World Cup,Norway,NOR,Erik Thorstvedt,GK,31.0,1962.0,0.0
1994,1994 FIFA World Cup,Norway,NOR,Gunnar Halle,DF,28.0,1965.0,0.0
1994,1994 FIFA World Cup,Norway,NOR,Erland Johnsen,DF,27.0,1967.0,0.0
1994,1994 FIFA World Cup,Norway,NOR,Rune Bratseth,DF,33.0,1961.0,0.0
1994,1994 FIFA World Cup,Norway,NOR,Stig Inge Bjørnebye,DF,24.0,1969.0,0.0
1994,1994 FIFA World Cup,Norway,NOR,Jostein Flo,FW,29.0,1964.0,0.0
1994,1994 FIFA World Cup,Norway,NOR,Erik Mykland,MF,22.0,1971.0,0.0
1994,1994 FIFA World Cup,Norway,NOR,Øyvind Leonhardsen,MF,23.0,1970.0,0.0
1994,1994 FIFA World Cup,Norway,NOR,Jan Åge Fjørtoft,FW,27.0,1967.0,0.0
1994,1994 FIFA World Cup,Norway,NOR,Kjetil Rekdal,MF,25.0,1968.0,1.0
1994,1994 FIFA World Cup,Norway,NOR,Mini Jakobsen,FW,28.0,1965.0,0.0
1994,1994 FIFA World Cup,Norway,NOR,Frode Grodås,GK,29.0,1964.0,0.0
1994,1994 FIFA World Cup,Norway,NOR,Ola By Rise,GK,33.0,1960.0,0.0
1994,1994 FIFA World Cup,Norway,NOR,Roger Nilsen,DF,24.0,1969.0,0.0
1994,1994 FIFA World Cup,Norway,NOR,Karl Petter Løken,DF,27.0,1966.0,0.0
1994,1994 FIFA World Cup,Norway,NOR,Gøran Sørloth,FW,31.0,1962.0,0.0
1994,1994 FIFA World Cup,Norway,NOR,Dan Eggen,DF,24.0,1970.0,0.0
1994,1994 FIFA World Cup,Norway,NOR,Alf-Inge Håland,DF,21.0,1972.0,0.0
1994,1994 FIFA World Cup,Norway,NOR,Roar Strand,MF,24.0,1970.0,0.0
1994,1994 FIFA World Cup,Norway,NOR,Henning Berg,DF,24.0,1969.0,0.0
1994,1994 FIFA World Cup,Norway,NOR,Sigurd Rushfeldt,FW,21.0,1972.0,0.0
1994,1994 FIFA World Cup,Norway,NOR,Lars Bohinen,MF,24.0,1969.0,0.0
1994,1994 FIFA World Cup,Republic of Ireland,IRL,Pat Bonner,GK,34.0,1960.0,0.0
1994,1994 FIFA World Cup,Republic of Ireland,IRL,Denis Irwin,DF,28.0,1965.0,0.0
1994,1994 FIFA World Cup,Republic of Ireland,IRL,Terry Phelan,DF,27.0,1967.0,0.0
1994,1994 FIFA World Cup,Republic of Ireland,IRL,Kevin Moran,DF,38.0,1956.0,0.0
1994,1994 FIFA World Cup,Republic of Ireland,IRL,Paul McGrath,DF,34.0,1959.0,0.0
1994,1994 FIFA World Cup,Republic of Ireland,IRL,Roy Keane,MF,22.0,1971.0,0.0
1994,1994 FIFA World Cup,Republic of Ireland,IRL,Andy Townsend,MF,30.0,1963.0,0.0
1994,1994 FIFA World Cup,Republic of Ireland,IRL,Ray Houghton,MF,32.0,1962.0,1.0
1994,1994 FIFA World Cup,Republic of Ireland,IRL,John Aldridge,FW,35.0,1958.0,1.0
1994,1994 FIFA World Cup,Republic of Ireland,IRL,John Sheridan,MF,29.0,1964.0,0.0
1994,1994 FIFA World Cup,Republic of Ireland,IRL,Steve Staunton,DF,25.0,1969.0,0.0
1994,1994 FIFA World Cup,Republic of Ireland,IRL,Gary Kelly,DF,19.0,1974.0,0.0
1994,1994 FIFA World Cup,Republic of Ireland,IRL,Alan Kernaghan,DF,27.0,1967.0,0.0
1994,1994 FIFA World Cup,Republic of Ireland,IRL,Phil Babb,DF,23.0,1970.0,0.0
1994,1994 FIFA World Cup,Republic of Ireland,IRL,Tommy Coyne,FW,31.0,1962.0,0.0
1994,1994 FIFA World Cup,Republic of Ireland,IRL,Tony Cascarino,FW,31.0,1962.0,0.0
1994,1994 FIFA World Cup,Republic of Ireland,IRL,Eddie McGoldrick,FW,29.0,1965.0,0.0
1994,1994 FIFA World Cup,Republic of Ireland,IRL,Ronnie Whelan,MF,32.0,1961.0,0.0
1994,1994 FIFA World Cup,Republic of Ireland,IRL,Alan McLoughlin,MF,27.0,1967.0,0.0
1994,1994 FIFA World Cup,Republic of Ireland,IRL,David Kelly,FW,28.0,1965.0,0.0
1994,1994 FIFA World Cup,Republic of Ireland,IRL,Jason McAteer,MF,22.0,1971.0,0.0
1994,1994 FIFA World Cup,Republic of Ireland,IRL,Alan Kelly,GK,25.0,1968.0,0.0
1994,1994 FIFA World Cup,Romania,ROU,Florin Prunea,GK,25.0,1968.0,0.0
1994,1994 FIFA World Cup,Romania,ROU,Dan Petrescu,DF,26.0,1967.0,1.0
1994,1994 FIFA World Cup,Romania,ROU,Daniel Prodan,DF,22.0,1972.0,0.0
1994,1994 FIFA World Cup,Romania,ROU,Miodrag Belodedici,DF,30.0,1964.0,0.0
1994,1994 FIFA World Cup,Romania,ROU,Ioan Lupescu,MF,25.0,1968.0,0.0
1994,1994 FIFA World Cup,Romania,ROU,Gheorghe Popescu,MF,26.0,1967.0,0.0
1994,1994 FIFA World Cup,Romania,ROU,Dorinel Munteanu,MF,25.0,1968.0,0.0
1994,1994 FIFA World Cup,Romania,ROU,Iulian Chiriță,MF,27.0,1967.0,0.0
1994,1994 FIFA World Cup,Romania,ROU,Florin Răducioiu,FW,24.0,1970.0,4.0
1994,1994 FIFA World Cup,Romania,ROU,Gheorghe Hagi,MF,29.0,1965.0,3.0
1994,1994 FIFA World Cup,Romania,ROU,Ilie Dumitrescu,FW,25.0,1969.0,2.0
1994,1994 FIFA World Cup,Romania,ROU,Bogdan Stelea,GK,26.0,1967.0,0.0
1994,1994 FIFA World Cup,Romania,ROU,Tibor Selymes,DF,24.0,1970.0,0.0
1994,1994 FIFA World Cup,Romania,ROU,Gheorghe Mihali,DF,28.0,1965.0,0.0
1994,1994 FIFA World Cup,Romania,ROU,Basarab Panduru,MF,23.0,1970.0,0.0
1994,1994 FIFA World Cup,Romania,ROU,Ion Vlădoiu,FW,25.0,1968.0,0.0
1994,1994 FIFA World Cup,Romania,ROU,Viorel Moldovan,FW,21.0,1972.0,0.0
1994,1994 FIFA World Cup,Romania,ROU,Constantin Gâlcă,MF,22.0,1972.0,0.0
1994,1994 FIFA World Cup,Romania,ROU,Corneliu Papură,DF,20.0,1973.0,0.0
1994,1994 FIFA World Cup,Romania,ROU,Ovidiu Stîngă,MF,21.0,1972.0,0.0
1994,1994 FIFA World Cup,Romania,ROU,Marian Ivan,FW,25.0,1969.0,0.0
1994,1994 FIFA World Cup,Romania,ROU,Ștefan Preda,GK,23.0,1970.0,0.0
1994,1994 FIFA World Cup,Russia,RUS,Stanislav Cherchesov,GK,30.0,1963.0,0.0
1994,1994 FIFA World Cup,Russia,RUS,Dmitri Kuznetsov,DF,28.0,1965.0,0.0
1994,1994 FIFA World Cup,Russia,RUS,Sergei Gorlukovich,DF,32.0,1961.0,0.0
1994,1994 FIFA World Cup,Russia,RUS,Dmitri Galiamin,DF,31.0,1963.0,0.0
1994,1994 FIFA World Cup,Russia,RUS,Yuri Nikiforov,DF,23.0,1970.0,0.0
1994,1994 FIFA World Cup,Russia,RUS,Vladislav Ternavsky,DF,25.0,1969.0,0.0
1994,1994 FIFA World Cup,Russia,RUS,Andrey Pyatnitsky,MF,26.0,1967.0,0.0
1994,1994 FIFA World Cup,Russia,RUS,Dmitri Popov,MF,27.0,1967.0,0.0
1994,1994 FIFA World Cup,Russia,RUS,Oleg Salenko,FW,24.0,1969.0,6.0
1994,1994 FIFA World Cup,Russia,RUS,Valeri Karpin,MF,25.0,1969.0,0.0
1994,1994 FIFA World Cup,Russia,RUS,Vladimir Beschastnykh,FW,20.0,1974.0,0.0
1994,1994 FIFA World Cup,Russia,RUS,Omari Tetradze,DF,24.0,1969.0,0.0
1994,1994 FIFA World Cup,Russia,RUS,Aleksandr Borodyuk,MF,31.0,1962.0,0.0
1994,1994 FIFA World Cup,Russia,RUS,Igor Korneev,MF,26.0,1967.0,0.0
1994,1994 FIFA World Cup,Russia,RUS,Dmitri Radchenko,FW,23.0,1970.0,1.0
1994,1994 FIFA World Cup,Russia,RUS,Dmitri Kharine,GK,25.0,1968.0,0.0
1994,1994 FIFA World Cup,Russia,RUS,Ilya Tsymbalar,MF,25.0,1969.0,0.0
1994,1994 FIFA World Cup,Russia,RUS,Viktor Onopko,DF,24.0,1969.0,0.0
1994,1994 FIFA World Cup,Russia,RUS,Aleksandr Mostovoi,MF,25.0,1968.0,0.0
1994,1994 FIFA World Cup,Russia,RUS,Igor Lediakhov,MF,26.0,1968.0,0.0
1994,1994 FIFA World Cup,Russia,RUS,Dmitri Khlestov,MF,23.0,1971.0,0.0
1994,1994 FIFA World Cup,Russia,RUS,Sergei Yuran,FW,25.0,1969.0,0.0
1994,1994 FIFA World Cup,Saudi Arabia,SAU,Mohamed Al-Deayea,GK,21.0,1972.0,0.0
1994,1994 FIFA World Cup,Saudi Arabia,SAU,Abdullah Al-Dosari,DF,24.0,1969.0,0.0
1994,1994 FIFA World Cup,Saudi Arabia,SAU,Mohammed Al-Khilaiwi,DF,22.0,1971.0,0.0
1994,1994 FIFA World Cup,Saudi Arabia,SAU,Abdullah Sulaiman Zubromawi,DF,20.0,1973.0,0.0
1994,1994 FIFA World Cup,Saudi Arabia,SAU,Ahmed Jamil Madani,DF,24.0,1970.0,0.0
1994,1994 FIFA World Cup,Saudi Arabia,SAU,Fuad Anwar,MF,21.0,1972.0,2.0
1994,1994 FIFA World Cup,Saudi Arabia,SAU,Fahad Al-Ghesheyan,FW,20.0,1973.0,1.0
1994,1994 FIFA World Cup,Saudi Arabia,SAU,Fahad Al-Bishi,MF,28.0,1965.0,0.0
1994,1994 FIFA World Cup,Saudi Arabia,SAU,Majed Abdullah,FW,34.0,1959.0,0.0
1994,1994 FIFA World Cup,Saudi Arabia,SAU,Saeed Al-Owairan,MF,26.0,1967.0,1.0
1994,1994 FIFA World Cup,Saudi Arabia,SAU,Fahad Al-Mehallel,FW,23.0,1970.0,0.0
1994,1994 FIFA World Cup,Saudi Arabia,SAU,Sami Al-Jaber,FW,21.0,1972.0,1.0
1994,1994 FIFA World Cup,Saudi Arabia,SAU,Mohamed Abd Al-Jawad,DF,31.0,1962.0,0.0
1994,1994 FIFA World Cup,Saudi Arabia,SAU,Khalid Al-Muwallid,MF,22.0,1971.0,0.0
1994,1994 FIFA World Cup,Saudi Arabia,SAU,Saleh Al-Dawod,DF,25.0,1968.0,0.0
1994,1994 FIFA World Cup,Saudi Arabia,SAU,Talal Jebreen,MF,20.0,1973.0,0.0
1994,1994 FIFA World Cup,Saudi Arabia,SAU,Yassir Al-Taifi,DF,23.0,1971.0,0.0
1994,1994 FIFA World Cup,Saudi Arabia,SAU,Awad Al-Anazi,DF,25.0,1968.0,0.0
1994,1994 FIFA World Cup,Saudi Arabia,SAU,Hamzah Saleh,MF,27.0,1967.0,0.0
1994,1994 FIFA World Cup,Saudi Arabia,SAU,Hamzah Idris,FW,21.0,1972.0,0.0
1994,1994 FIFA World Cup,Saudi Arabia,SAU,Hussein Al-Sadiq,GK,20.0,1973.0,0.0
1994,1994 FIFA World Cup,Saudi Arabia,SAU,Ibrahim Al-Helwah,GK,21.0,1972.0,0.0
1994,1994 FIFA World Cup,Korea Republic,KOR,In-young Choi,GK,32.0,1962.0,0.0
1994,1994 FIFA World Cup,Korea Republic,KOR,Jong-son Chung,MF,28.0,1966.0,0.0
1994,1994 FIFA World Cup,Korea Republic,KOR,Jong-hwa Lee,DF,30.0,1963.0,0.0
1994,1994 FIFA World Cup,Korea Republic,KOR,Pan-keun Kim,DF,28.0,1966.0,0.0
1994,1994 FIFA World Cup,Korea Republic,KOR,Jung-bae Park,DF,27.0,1967.0,0.0
1994,1994 FIFA World Cup,Korea Republic,KOR,Young-jin Lee,MF,30.0,1963.0,0.0
1994,1994 FIFA World Cup,Korea Republic,KOR,Hong-gi Shin,DF,26.0,1968.0,0.0
1994,1994 FIFA World Cup,Korea Republic,KOR,Jung-yoon Noh,MF,23.0,1971.0,0.0
1994,1994 FIFA World Cup,Korea Republic,KOR,Joo-sung Kim,MF,28.0,1966.0,0.0
1994,1994 FIFA World Cup,Korea Republic,KOR,Jeong-woon Ko,FW,27.0,1966.0,0.0
1994,1994 FIFA World Cup,Korea Republic,KOR,Jung-won Seo,FW,23.0,1970.0,1.0
1994,1994 FIFA World Cup,Korea Republic,KOR,Young-il Choi,DF,28.0,1966.0,0.0
1994,1994 FIFA World Cup,Korea Republic,KOR,Ik-soo An,DF,29.0,1965.0,0.0
1994,1994 FIFA World Cup,Korea Republic,KOR,Dae-shik Choi,MF,29.0,1965.0,0.0
1994,1994 FIFA World Cup,Korea Republic,KOR,Jin-ho Cho,MF,20.0,1973.0,0.0
1994,1994 FIFA World Cup,Korea Republic,KOR,Seok-ju Ha,MF,26.0,1968.0,0.0
1994,1994 FIFA World Cup,Korea Republic,KOR,Sang-bum Gu,DF,30.0,1964.0,0.0
1994,1994 FIFA World Cup,Korea Republic,KOR,Sun-hong Hwang,FW,25.0,1968.0,1.0
1994,1994 FIFA World Cup,Korea Republic,KOR,Moon-sik Choi,MF,23.0,1971.0,0.0
1994,1994 FIFA World Cup,Korea Republic,KOR,Myung-bo Hong,DF,25.0,1969.0,2.0
1994,1994 FIFA World Cup,Korea Republic,KOR,Chul-woo Park,GK,28.0,1965.0,0.0
1994,1994 FIFA World Cup,Korea Republic,KOR,Woon-jae Lee,GK,21.0,1973.0,0.0
1994,1994 FIFA World Cup,Spain,ESP,Andoni Zubizarreta,GK,32.0,1961.0,0.0
1994,1994 FIFA World Cup,Spain,ESP,Albert Ferrer,DF,24.0,1970.0,0.0
1994,1994 FIFA World Cup,Spain,ESP,Jorge Otero,DF,25.0,1969.0,0.0
1994,1994 FIFA World Cup,Spain,ESP,Paco Camarasa,DF,26.0,1967.0,0.0
1994,1994 FIFA World Cup,Spain,ESP,Abelardo,DF,24.0,1970.0,0.0
1994,1994 FIFA World Cup,Spain,ESP,Fernando Hierro,MF,26.0,1968.0,1.0
1994,1994 FIFA World Cup,Spain,ESP,Andoni Goikoetxea,FW,28.0,1965.0,2.0
1994,1994 FIFA World Cup,Spain,ESP,Julen Guerrero,MF,20.0,1974.0,0.0
1994,1994 FIFA World Cup,Spain,ESP,Josep Guardiola,MF,23.0,1971.0,1.0
1994,1994 FIFA World Cup,Spain,ESP,José María Bakero,MF,31.0,1963.0,0.0
1994,1994 FIFA World Cup,Spain,ESP,Txiki Begiristain,FW,29.0,1964.0,1.0
1994,1994 FIFA World Cup,Spain,ESP,Sergi,DF,22.0,1971.0,0.0
1994,1994 FIFA World Cup,Spain,ESP,Santiago Cañizares,GK,24.0,1969.0,0.0
1994,1994 FIFA World Cup,Spain,ESP,Juanele,FW,23.0,1971.0,0.0
1994,1994 FIFA World Cup,Spain,ESP,José Luis Caminero,MF,26.0,1967.0,3.0
1994,1994 FIFA World Cup,Spain,ESP,Felipe Miñambres,MF,29.0,1965.0,0.0
1994,1994 FIFA World Cup,Spain,ESP,Voro,DF,30.0,1963.0,0.0
1994,1994 FIFA World Cup,Spain,ESP,Rafael Alkorta,DF,25.0,1968.0,0.0
1994,1994 FIFA World Cup,Spain,ESP,Julio Salinas,FW,31.0,1962.0,1.0
1994,1994 FIFA World Cup,Spain,ESP,Miguel Ángel Nadal,DF,27.0,1966.0,0.0
1994,1994 FIFA World Cup,Spain,ESP,Luis Enrique,MF,24.0,1970.0,1.0
1994,1994 FIFA World Cup,Spain,ESP,Julen Lopetegui,GK,27.0,1966.0,0.0
1994,1994 FIFA World Cup,Sweden,SWE,Thomas Ravelli,GK,34.0,1959.0,0.0
1994,1994 FIFA World Cup,Sweden,SWE,Roland Nilsson,DF,30.0,1963.0,0.0
1994,1994 FIFA World Cup,Sweden,SWE,Patrik Andersson,DF,22.0,1971.0,0.0
1994,1994 FIFA World Cup,Sweden,SWE,Joachim Björklund,DF,23.0,1971.0,0.0
1994,1994 FIFA World Cup,Sweden,SWE,Roger Ljung,DF,28.0,1966.0,1.0
1994,1994 FIFA World Cup,Sweden,SWE,Stefan Schwarz,MF,25.0,1969.0,0.0
1994,1994 FIFA World Cup,Sweden,SWE,Henrik Larsson,FW,22.0,1971.0,1.0
1994,1994 FIFA World Cup,Sweden,SWE,Klas Ingesson,MF,25.0,1968.0,0.0
1994,1994 FIFA World Cup,Sweden,SWE,Jonas Thern,MF,27.0,1967.0,0.0
1994,1994 FIFA World Cup,Sweden,SWE,Martin Dahlin,FW,26.0,1968.0,4.0
1994,1994 FIFA World Cup,Sweden,SWE,Tomas Brolin,FW,24.0,1969.0,3.0
1994,1994 FIFA World Cup,Sweden,SWE,Lars Eriksson,GK,28.0,1965.0,0.0
1994,1994 FIFA World Cup,Sweden,SWE,Mikael Nilsson,DF,25.0,1968.0,0.0
1994,1994 FIFA World Cup,Sweden,SWE,Pontus Kåmark,DF,25.0,1969.0,0.0
1994,1994 FIFA World Cup,Sweden,SWE,Teddy Lučić,DF,21.0,1973.0,0.0
1994,1994 FIFA World Cup,Sweden,SWE,Anders Limpar,MF,28.0,1965.0,0.0
1994,1994 FIFA World Cup,Sweden,SWE,Stefan Rehn,MF,27.0,1966.0,0.0
1994,1994 FIFA World Cup,Sweden,SWE,Håkan Mild,MF,23.0,1971.0,1.0
1994,1994 FIFA World Cup,Sweden,SWE,Kennet Andersson,FW,26.0,1967.0,5.0
1994,1994 FIFA World Cup,Sweden,SWE,Magnus Erlingmark,DF,25.0,1968.0,0.0
1994,1994 FIFA World Cup,Sweden,SWE,Jesper Blomqvist,MF,20.0,1974.0,0.0
1994,1994 FIFA World Cup,Sweden,SWE,Magnus Hedman,GK,21.0,1973.0,0.0
1994,1994 FIFA World Cup,Switzerland,CHE,Marco Pascolo,GK,28.0,1966.0,0.0
1994,1994 FIFA World Cup,Switzerland,CHE,Marc Hottiger,DF,26.0,1967.0,0.0
1994,1994 FIFA World Cup,Switzerland,CHE,Yvan Quentin,DF,24.0,1970.0,0.0
1994,1994 FIFA World Cup,Switzerland,CHE,Dominique Herr,MF,28.0,1965.0,0.0
1994,1994 FIFA World Cup,Switzerland,CHE,Alain Geiger,DF,33.0,1960.0,0.0
1994,1994 FIFA World Cup,Switzerland,CHE,Georges Bregy,MF,36.0,1958.0,1.0
1994,1994 FIFA World Cup,Switzerland,CHE,Alain Sutter,MF,26.0,1968.0,1.0
1994,1994 FIFA World Cup,Switzerland,CHE,Christophe Ohrel,DF,26.0,1968.0,0.0
1994,1994 FIFA World Cup,Switzerland,CHE,Adrian Knup,FW,25.0,1968.0,2.0
1994,1994 FIFA World Cup,Switzerland,CHE,Ciriaco Sforza,MF,24.0,1970.0,0.0
1994,1994 FIFA World Cup,Switzerland,CHE,Stéphane Chapuisat,FW,24.0,1969.0,1.0
1994,1994 FIFA World Cup,Switzerland,CHE,Stephan Lehmann,GK,30.0,1963.0,0.0
1994,1994 FIFA World Cup,Switzerland,CHE,André Egli,DF,36.0,1958.0,0.0
1994,1994 FIFA World Cup,Switzerland,CHE,Nestor Subiat,FW,28.0,1966.0,0.0
1994,1994 FIFA World Cup,Switzerland,CHE,Marco Grassi,FW,25.0,1968.0,0.0
1994,1994 FIFA World Cup,Switzerland,CHE,Thomas Bickel,MF,30.0,1963.0,0.0
1994,1994 FIFA World Cup,Switzerland,CHE,Sébastien Fournier,MF,22.0,1971.0,0.0
1994,1994 FIFA World Cup,Switzerland,CHE,Martin Rueda,DF,31.0,1963.0,0.0
1994,1994 FIFA World Cup,Switzerland,CHE,Jürg Studer,DF,27.0,1966.0,0.0
1994,1994 FIFA World Cup,Switzerland,CHE,Patrick Sylvestre,MF,25.0,1968.0,0.0
1994,1994 FIFA World Cup,Switzerland,CHE,Thomas Wyss,MF,27.0,1966.0,0.0
1994,1994 FIFA World Cup,Switzerland,CHE,Martin Brunner,GK,31.0,1963.0,0.0
1994,1994 FIFA World Cup,United States,USA,Tony Meola,GK,25.0,1969.0,0.0
1994,1994 FIFA World Cup,United States,USA,Mike Lapper,DF,23.0,1970.0,0.0
1994,1994 FIFA World Cup,United States,USA,Mike Burns,DF,23.0,1970.0,0.0
1994,1994 FIFA World Cup,United States,USA,Cle Kooiman,DF,30.0,1963.0,0.0
1994,1994 FIFA World Cup,United States,USA,Thomas Dooley,MF,32.0,1961.0,0.0
1994,1994 FIFA World Cup,United States,USA,John Harkes,MF,27.0,1967.0,0.0
1994,1994 FIFA World Cup,United States,USA,Hugo Pérez,MF,30.0,1963.0,0.0
1994,1994 FIFA World Cup,United States,USA,Earnie Stewart,FW,25.0,1969.0,1.0
1994,1994 FIFA World Cup,United States,USA,Tab Ramos,MF,27.0,1966.0,0.0
1994,1994 FIFA World Cup,United States,USA,Roy Wegerle,FW,30.0,1964.0,0.0
1994,1994 FIFA World Cup,United States,USA,Eric Wynalda,FW,25.0,1969.0,1.0
1994,1994 FIFA World Cup,United States,USA,Juergen Sommer,GK,25.0,1969.0,0.0
1994,1994 FIFA World Cup,United States,USA,Cobi Jones,MF,24.0,1970.0,0.0
1994,1994 FIFA World Cup,United States,USA,Frank Klopas,FW,27.0,1966.0,0.0
1994,1994 FIFA World Cup,United States,USA,Joe-Max Moore,FW,23.0,1971.0,0.0
1994,1994 FIFA World Cup,United States,USA,Mike Sorber,MF,23.0,1971.0,0.0
1994,1994 FIFA World Cup,United States,USA,Marcelo Balboa,DF,26.0,1967.0,0.0
1994,1994 FIFA World Cup,United States,USA,Brad Friedel,GK,23.0,1971.0,0.0
1994,1994 FIFA World Cup,United States,USA,Claudio Reyna,MF,20.0,1973.0,0.0
1994,1994 FIFA World Cup,United States,USA,Paul Caligiuri,DF,30.0,1964.0,0.0
1994,1994 FIFA World Cup,United States,USA,Fernando Clavijo,DF,38.0,1956.0,0.0
1994,1994 FIFA World Cup,United States,USA,Alexi Lalas,DF,24.0,1970.0,0.0
1998,1998 FIFA World Cup,Argentina,ARG,Carlos Roa,GK,28.0,1969.0,0.0
1998,1998 FIFA World Cup,Argentina,ARG,Roberto Ayala,DF,25.0,1973.0,0.0
1998,1998 FIFA World Cup,Argentina,ARG,José Chamot,DF,29.0,1969.0,0.0
1998,1998 FIFA World Cup,Argentina,ARG,Mauricio Pineda,DF,22.0,1975.0,1.0
1998,1998 FIFA World Cup,Argentina,ARG,Matías Almeyda,MF,24.0,1973.0,0.0
1998,1998 FIFA World Cup,Argentina,ARG,Roberto Néstor Sensini,DF,31.0,1966.0,0.0
1998,1998 FIFA World Cup,Argentina,ARG,Claudio López,FW,23.0,1974.0,1.0
1998,1998 FIFA World Cup,Argentina,ARG,Diego Simeone,MF,28.0,1970.0,0.0
1998,1998 FIFA World Cup,Argentina,ARG,Gabriel Batistuta,FW,29.0,1969.0,5.0
1998,1998 FIFA World Cup,Argentina,ARG,Ariel Ortega,MF,24.0,1974.0,2.0
1998,1998 FIFA World Cup,Argentina,ARG,Juan Sebastián Verón,MF,23.0,1975.0,0.0
1998,1998 FIFA World Cup,Argentina,ARG,Germán Burgos,GK,29.0,1969.0,0.0
1998,1998 FIFA World Cup,Argentina,ARG,Pablo Paz,DF,25.0,1973.0,0.0
1998,1998 FIFA World Cup,Argentina,ARG,Nelson Vivas,DF,28.0,1969.0,0.0
1998,1998 FIFA World Cup,Argentina,ARG,Leonardo Astrada,MF,28.0,1970.0,0.0
1998,1998 FIFA World Cup,Argentina,ARG,Sergio Berti,MF,28.0,1969.0,0.0
1998,1998 FIFA World Cup,Argentina,ARG,Pablo Cavallero,GK,24.0,1974.0,0.0
1998,1998 FIFA World Cup,Argentina,ARG,Abel Balbo,FW,32.0,1966.0,0.0
1998,1998 FIFA World Cup,Argentina,ARG,Hernán Crespo,FW,22.0,1975.0,0.0
1998,1998 FIFA World Cup,Argentina,ARG,Marcelo Gallardo,MF,22.0,1976.0,0.0
1998,1998 FIFA World Cup,Argentina,ARG,Marcelo Delgado,FW,25.0,1973.0,0.0
1998,1998 FIFA World Cup,Argentina,ARG,Javier Zanetti,DF,24.0,1973.0,1.0
1998,1998 FIFA World Cup,Austria,AUT,Michael Konsel,GK,36.0,1962.0,0.0
1998,1998 FIFA World Cup,Austria,AUT,Markus Schopp,MF,24.0,1974.0,0.0
1998,1998 FIFA World Cup,Austria,AUT,Peter Schöttel,DF,31.0,1967.0,0.0
1998,1998 FIFA World Cup,Austria,AUT,Anton Pfeffer,DF,32.0,1965.0,0.0
1998,1998 FIFA World Cup,Austria,AUT,Wolfgang Feiersinger,DF,33.0,1965.0,0.0
1998,1998 FIFA World Cup,Austria,AUT,Walter Kogler,DF,30.0,1967.0,0.0
1998,1998 FIFA World Cup,Austria,AUT,Mario Haas,FW,23.0,1974.0,0.0
1998,1998 FIFA World Cup,Austria,AUT,Heimo Pfeifenberger,MF,31.0,1966.0,0.0
1998,1998 FIFA World Cup,Austria,AUT,Ivica Vastić,FW,28.0,1969.0,1.0
1998,1998 FIFA World Cup,Austria,AUT,Andi Herzog,MF,29.0,1968.0,1.0
1998,1998 FIFA World Cup,Austria,AUT,Martin Amerhauser,MF,23.0,1974.0,0.0
1998,1998 FIFA World Cup,Austria,AUT,Martin Hiden,DF,25.0,1973.0,0.0
1998,1998 FIFA World Cup,Austria,AUT,Harald Cerny,MF,24.0,1973.0,0.0
1998,1998 FIFA World Cup,Austria,AUT,Hannes Reinmayr,FW,28.0,1969.0,0.0
1998,1998 FIFA World Cup,Austria,AUT,Arnold Wetl,MF,28.0,1970.0,0.0
1998,1998 FIFA World Cup,Austria,AUT,Franz Wohlfahrt,GK,33.0,1964.0,0.0
1998,1998 FIFA World Cup,Austria,AUT,Roman Mählich,MF,26.0,1971.0,0.0
1998,1998 FIFA World Cup,Austria,AUT,Peter Stöger,MF,32.0,1966.0,0.0
1998,1998 FIFA World Cup,Austria,AUT,Toni Polster,FW,34.0,1964.0,1.0
1998,1998 FIFA World Cup,Austria,AUT,Andreas Heraf,MF,30.0,1967.0,0.0
1998,1998 FIFA World Cup,Austria,AUT,Wolfgang Knaller,GK,36.0,1961.0,0.0
1998,1998 FIFA World Cup,Austria,AUT,Dietmar Kühbauer,MF,27.0,1971.0,0.0
1998,1998 FIFA World Cup,Belgium,BEL,Filip De Wilde,GK,33.0,1964.0,0.0
1998,1998 FIFA World Cup,Belgium,BEL,Bertrand Crasson,DF,26.0,1971.0,0.0
1998,1998 FIFA World Cup,Belgium,BEL,Lorenzo Staelens,DF,34.0,1964.0,0.0
1998,1998 FIFA World Cup,Belgium,BEL,Gordan Vidović,DF,29.0,1968.0,0.0
1998,1998 FIFA World Cup,Belgium,BEL,Vital Borkelmans,DF,35.0,1963.0,0.0
1998,1998 FIFA World Cup,Belgium,BEL,Franky Van der Elst,MF,37.0,1961.0,0.0
1998,1998 FIFA World Cup,Belgium,BEL,Marc Wilmots,MF,29.0,1969.0,2.0
1998,1998 FIFA World Cup,Belgium,BEL,Luís Oliveira,FW,29.0,1969.0,0.0
1998,1998 FIFA World Cup,Belgium,BEL,Mbo Mpenza,FW,21.0,1976.0,0.0
1998,1998 FIFA World Cup,Belgium,BEL,Luc Nilis,FW,31.0,1967.0,1.0
1998,1998 FIFA World Cup,Belgium,BEL,Nico Van Kerckhoven,MF,27.0,1970.0,0.0
1998,1998 FIFA World Cup,Belgium,BEL,Philippe Vande Walle,GK,36.0,1961.0,0.0
1998,1998 FIFA World Cup,Belgium,BEL,Dany Verlinden,GK,34.0,1963.0,0.0
1998,1998 FIFA World Cup,Belgium,BEL,Enzo Scifo,MF,32.0,1966.0,0.0
1998,1998 FIFA World Cup,Belgium,BEL,Philippe Clement,MF,24.0,1974.0,0.0
1998,1998 FIFA World Cup,Belgium,BEL,Glen De Boeck,DF,26.0,1971.0,0.0
1998,1998 FIFA World Cup,Belgium,BEL,Mike Verstraeten,DF,30.0,1967.0,0.0
1998,1998 FIFA World Cup,Belgium,BEL,Gert Verheyen,FW,27.0,1970.0,0.0
1998,1998 FIFA World Cup,Belgium,BEL,Eric Van Meir,DF,30.0,1968.0,0.0
1998,1998 FIFA World Cup,Belgium,BEL,Émile Mpenza,FW,19.0,1978.0,0.0
1998,1998 FIFA World Cup,Belgium,BEL,Danny Boffin,MF,32.0,1965.0,0.0
1998,1998 FIFA World Cup,Belgium,BEL,Éric Deflandre,DF,24.0,1973.0,0.0
1998,1998 FIFA World Cup,Brazil,BRA,Cláudio Taffarel,GK,32.0,1966.0,0.0
1998,1998 FIFA World Cup,Brazil,BRA,Cafu,DF,28.0,1970.0,0.0
1998,1998 FIFA World Cup,Brazil,BRA,Aldair,DF,32.0,1965.0,0.0
1998,1998 FIFA World Cup,Brazil,BRA,Júnior Baiano,DF,28.0,1970.0,0.0
1998,1998 FIFA World Cup,Brazil,BRA,César Sampaio,MF,30.0,1968.0,3.0
1998,1998 FIFA World Cup,Brazil,BRA,Roberto Carlos,DF,25.0,1973.0,0.0
1998,1998 FIFA World Cup,Brazil,BRA,Giovanni,MF,26.0,1972.0,0.0
1998,1998 FIFA World Cup,Brazil,BRA,Dunga,MF,34.0,1963.0,0.0
1998,1998 FIFA World Cup,Brazil,BRA,Ronaldo,FW,21.0,1976.0,4.0
1998,1998 FIFA World Cup,Brazil,BRA,Rivaldo,MF,26.0,1972.0,3.0
1998,1998 FIFA World Cup,Brazil,BRA,Emerson,MF,22.0,1976.0,0.0
1998,1998 FIFA World Cup,Brazil,BRA,Carlos Germano,GK,27.0,1970.0,0.0
1998,1998 FIFA World Cup,Brazil,BRA,Zé Carlos,DF,29.0,1968.0,0.0
1998,1998 FIFA World Cup,Brazil,BRA,Gonçalves,DF,32.0,1966.0,0.0
1998,1998 FIFA World Cup,Brazil,BRA,André Cruz,DF,29.0,1968.0,0.0
1998,1998 FIFA World Cup,Brazil,BRA,Zé Roberto,MF,23.0,1974.0,0.0
1998,1998 FIFA World Cup,Brazil,BRA,Doriva,MF,26.0,1972.0,0.0
1998,1998 FIFA World Cup,Brazil,BRA,Leonardo,MF,28.0,1969.0,0.0
1998,1998 FIFA World Cup,Brazil,BRA,Denílson,MF,20.0,1977.0,0.0
1998,1998 FIFA World Cup,Brazil,BRA,Bebeto,FW,34.0,1964.0,3.0
1998,1998 FIFA World Cup,Brazil,BRA,Edmundo,FW,27.0,1971.0,0.0
1998,1998 FIFA World Cup,Brazil,BRA,Dida,GK,24.0,1973.0,0.0
1998,1998 FIFA World Cup,Bulgaria,BGR,Zdravko Zdravkov,GK,27.0,1970.0,0.0
1998,1998 FIFA World Cup,Bulgaria,BGR,Radostin Kishishev,DF,23.0,1974.0,0.0
1998,1998 FIFA World Cup,Bulgaria,BGR,Trifon Ivanov,DF,32.0,1965.0,0.0
1998,1998 FIFA World Cup,Bulgaria,BGR,Ivaylo Petkov,DF,22.0,1976.0,0.0
1998,1998 FIFA World Cup,Bulgaria,BGR,Ivaylo Yordanov,MF,30.0,1968.0,0.0
1998,1998 FIFA World Cup,Bulgaria,BGR,Zlatko Yankov,MF,32.0,1966.0,0.0
1998,1998 FIFA World Cup,Bulgaria,BGR,Emil Kostadinov,FW,30.0,1967.0,1.0
1998,1998 FIFA World Cup,Bulgaria,BGR,Hristo Stoichkov,FW,32.0,1966.0,0.0
1998,1998 FIFA World Cup,Bulgaria,BGR,Lyuboslav Penev,FW,31.0,1966.0,0.0
1998,1998 FIFA World Cup,Bulgaria,BGR,Krasimir Balakov,MF,32.0,1966.0,0.0
1998,1998 FIFA World Cup,Bulgaria,BGR,Ilian Iliev,MF,29.0,1968.0,0.0
1998,1998 FIFA World Cup,Bulgaria,BGR,Borislav Mihaylov,GK,35.0,1963.0,0.0
1998,1998 FIFA World Cup,Bulgaria,BGR,Gosho Ginchev,DF,28.0,1969.0,0.0
1998,1998 FIFA World Cup,Bulgaria,BGR,Marian Hristov,MF,24.0,1973.0,0.0
1998,1998 FIFA World Cup,Bulgaria,BGR,Adalbert Zafirov,DF,28.0,1969.0,0.0
1998,1998 FIFA World Cup,Bulgaria,BGR,Anatoli Nankov,MF,28.0,1969.0,0.0
1998,1998 FIFA World Cup,Bulgaria,BGR,Stoycho Stoilov,MF,26.0,1971.0,0.0
1998,1998 FIFA World Cup,Bulgaria,BGR,Daniel Borimirov,MF,28.0,1970.0,0.0
1998,1998 FIFA World Cup,Bulgaria,BGR,Georgi Bachev,FW,21.0,1977.0,0.0
1998,1998 FIFA World Cup,Bulgaria,BGR,Georgi Ivanov,FW,21.0,1976.0,0.0
1998,1998 FIFA World Cup,Bulgaria,BGR,Rosen Kirilov,DF,25.0,1973.0,0.0
1998,1998 FIFA World Cup,Bulgaria,BGR,Milen Petkov,MF,24.0,1974.0,0.0
1998,1998 FIFA World Cup,Cameroon,CMR,Jacques Songo'o,GK,34.0,1964.0,0.0
1998,1998 FIFA World Cup,Cameroon,CMR,Joseph Elanga,MF,19.0,1979.0,0.0
1998,1998 FIFA World Cup,Cameroon,CMR,Pierre Womé,DF,19.0,1979.0,0.0
1998,1998 FIFA World Cup,Cameroon,CMR,Rigobert Song,DF,21.0,1976.0,0.0
1998,1998 FIFA World Cup,Cameroon,CMR,Raymond Kalla,DF,23.0,1975.0,0.0
1998,1998 FIFA World Cup,Cameroon,CMR,Pierre Njanka,DF,23.0,1975.0,1.0
1998,1998 FIFA World Cup,Cameroon,CMR,François Omam-Biyik,FW,32.0,1966.0,0.0
1998,1998 FIFA World Cup,Cameroon,CMR,Didier Angibeaud,MF,23.0,1974.0,0.0
1998,1998 FIFA World Cup,Cameroon,CMR,Alphonse Tchami,FW,26.0,1971.0,0.0
1998,1998 FIFA World Cup,Cameroon,CMR,Patrick M'Boma,FW,27.0,1970.0,1.0
1998,1998 FIFA World Cup,Cameroon,CMR,Samuel Eto'o,FW,17.0,1981.0,0.0
1998,1998 FIFA World Cup,Cameroon,CMR,Lauren,DF,21.0,1977.0,0.0
1998,1998 FIFA World Cup,Cameroon,CMR,Patrice Abanda,DF,19.0,1978.0,0.0
1998,1998 FIFA World Cup,Cameroon,CMR,Augustine Simo,MF,19.0,1978.0,0.0
1998,1998 FIFA World Cup,Cameroon,CMR,Joseph N'Do,MF,22.0,1976.0,0.0
1998,1998 FIFA World Cup,Cameroon,CMR,William Andem,GK,29.0,1968.0,0.0
1998,1998 FIFA World Cup,Cameroon,CMR,Michel Pensée,DF,24.0,1973.0,0.0
1998,1998 FIFA World Cup,Cameroon,CMR,Samuel Ipoua,FW,25.0,1973.0,0.0
1998,1998 FIFA World Cup,Cameroon,CMR,Marcel Mahouvé,MF,25.0,1973.0,0.0
1998,1998 FIFA World Cup,Cameroon,CMR,Salomon Olembé,MF,17.0,1980.0,0.0
1998,1998 FIFA World Cup,Cameroon,CMR,Joseph-Désiré Job,FW,20.0,1977.0,0.0
1998,1998 FIFA World Cup,Cameroon,CMR,Alioum Boukar,GK,26.0,1972.0,0.0
1998,1998 FIFA World Cup,Chile,CHL,Nelson Tapia,GK,31.0,1966.0,0.0
1998,1998 FIFA World Cup,Chile,CHL,Cristián Castañeda,DF,29.0,1968.0,0.0
1998,1998 FIFA World Cup,Chile,CHL,Ronald Fuentes,DF,28.0,1969.0,0.0
1998,1998 FIFA World Cup,Chile,CHL,Francisco Rojas,DF,23.0,1974.0,0.0
1998,1998 FIFA World Cup,Chile,CHL,Javier Margas,DF,29.0,1969.0,0.0
1998,1998 FIFA World Cup,Chile,CHL,Pedro Reyes,DF,25.0,1972.0,0.0
1998,1998 FIFA World Cup,Chile,CHL,Nelson Parraguez,MF,27.0,1971.0,0.0
1998,1998 FIFA World Cup,Chile,CHL,Clarence Acuña,MF,23.0,1975.0,0.0
1998,1998 FIFA World Cup,Chile,CHL,Iván Zamorano,FW,31.0,1967.0,0.0
1998,1998 FIFA World Cup,Chile,CHL,José Luis Sierra,MF,29.0,1968.0,1.0
1998,1998 FIFA World Cup,Chile,CHL,Marcelo Salas,FW,23.0,1974.0,4.0
1998,1998 FIFA World Cup,Chile,CHL,Marcelo Ramírez,GK,33.0,1965.0,0.0
1998,1998 FIFA World Cup,Chile,CHL,Manuel Neira,FW,20.0,1977.0,0.0
1998,1998 FIFA World Cup,Chile,CHL,Miguel Ramírez,DF,27.0,1970.0,0.0
1998,1998 FIFA World Cup,Chile,CHL,Moisés Villarroel,DF,22.0,1976.0,0.0
1998,1998 FIFA World Cup,Chile,CHL,Mauricio Aros,DF,22.0,1976.0,0.0
1998,1998 FIFA World Cup,Chile,CHL,Marcelo Vega,MF,26.0,1971.0,0.0
1998,1998 FIFA World Cup,Chile,CHL,Luis Musrri,MF,28.0,1969.0,0.0
1998,1998 FIFA World Cup,Chile,CHL,Fernando Cornejo,MF,29.0,1969.0,0.0
1998,1998 FIFA World Cup,Chile,CHL,Fabián Estay,MF,29.0,1968.0,0.0
1998,1998 FIFA World Cup,Chile,CHL,Rodrigo Barrera,FW,28.0,1970.0,0.0
1998,1998 FIFA World Cup,Chile,CHL,Carlos Tejas,GK,23.0,1974.0,0.0
1998,1998 FIFA World Cup,Colombia,COL,Óscar Córdoba,GK,28.0,1970.0,0.0
1998,1998 FIFA World Cup,Colombia,COL,Iván Córdoba,DF,21.0,1976.0,0.0
1998,1998 FIFA World Cup,Colombia,COL,Ever Palacios,DF,29.0,1969.0,0.0
1998,1998 FIFA World Cup,Colombia,COL,José Santa,DF,27.0,1970.0,0.0
1998,1998 FIFA World Cup,Colombia,COL,Jorge Bermúdez,DF,26.0,1971.0,0.0
1998,1998 FIFA World Cup,Colombia,COL,Mauricio Serna,MF,30.0,1968.0,0.0
1998,1998 FIFA World Cup,Colombia,COL,Antony de Ávila,FW,35.0,1962.0,0.0
1998,1998 FIFA World Cup,Colombia,COL,John Harold Lozano,MF,26.0,1972.0,0.0
1998,1998 FIFA World Cup,Colombia,COL,Adolfo Valencia,FW,30.0,1968.0,0.0
1998,1998 FIFA World Cup,Colombia,COL,Carlos Valderrama,MF,36.0,1961.0,0.0
1998,1998 FIFA World Cup,Colombia,COL,Faustino Asprilla,FW,28.0,1969.0,0.0
1998,1998 FIFA World Cup,Colombia,COL,Miguel Calero,GK,27.0,1971.0,0.0
1998,1998 FIFA World Cup,Colombia,COL,Wílmer Cabrera,DF,30.0,1967.0,0.0
1998,1998 FIFA World Cup,Colombia,COL,Jorge Bolaño,MF,21.0,1977.0,0.0
1998,1998 FIFA World Cup,Colombia,COL,Víctor Aristizábal,FW,26.0,1971.0,0.0
1998,1998 FIFA World Cup,Colombia,COL,Luis Antonio Moreno,DF,27.0,1970.0,0.0
1998,1998 FIFA World Cup,Colombia,COL,Andrés Estrada,MF,30.0,1967.0,0.0
1998,1998 FIFA World Cup,Colombia,COL,John Wilmar Pérez,MF,28.0,1970.0,0.0
1998,1998 FIFA World Cup,Colombia,COL,Freddy Rincón,MF,31.0,1966.0,0.0
1998,1998 FIFA World Cup,Colombia,COL,Hámilton Ricard,FW,24.0,1974.0,0.0
1998,1998 FIFA World Cup,Colombia,COL,Léider Preciado,FW,21.0,1977.0,1.0
1998,1998 FIFA World Cup,Colombia,COL,Faryd Mondragón,GK,26.0,1971.0,0.0
1998,1998 FIFA World Cup,Croatia,HRV,Dražen Ladić,GK,35.0,1963.0,0.0
1998,1998 FIFA World Cup,Croatia,HRV,Petar Krpan,FW,23.0,1974.0,0.0
1998,1998 FIFA World Cup,Croatia,HRV,Anthony Šerić,DF,19.0,1979.0,0.0
1998,1998 FIFA World Cup,Croatia,HRV,Igor Štimac,DF,30.0,1967.0,0.0
1998,1998 FIFA World Cup,Croatia,HRV,Goran Jurić,DF,35.0,1963.0,0.0
1998,1998 FIFA World Cup,Croatia,HRV,Slaven Bilić,DF,29.0,1968.0,0.0
1998,1998 FIFA World Cup,Croatia,HRV,Aljoša Asanović,MF,32.0,1965.0,0.0
1998,1998 FIFA World Cup,Croatia,HRV,Robert Prosinečki,MF,29.0,1969.0,2.0
1998,1998 FIFA World Cup,Croatia,HRV,Davor Šuker,FW,30.0,1968.0,6.0
1998,1998 FIFA World Cup,Croatia,HRV,Zvonimir Boban,MF,29.0,1968.0,0.0
1998,1998 FIFA World Cup,Croatia,HRV,Silvio Marić,MF,23.0,1975.0,0.0
1998,1998 FIFA World Cup,Croatia,HRV,Marjan Mrmić,GK,33.0,1965.0,0.0
1998,1998 FIFA World Cup,Croatia,HRV,Mario Stanić,MF,26.0,1972.0,1.0
1998,1998 FIFA World Cup,Croatia,HRV,Zvonimir Soldo,MF,30.0,1967.0,0.0
1998,1998 FIFA World Cup,Croatia,HRV,Igor Tudor,DF,20.0,1978.0,0.0
1998,1998 FIFA World Cup,Croatia,HRV,Ardian Kozniku,FW,30.0,1967.0,0.0
1998,1998 FIFA World Cup,Croatia,HRV,Robert Jarni,DF,29.0,1968.0,1.0
1998,1998 FIFA World Cup,Croatia,HRV,Zoran Mamić,MF,26.0,1971.0,0.0
1998,1998 FIFA World Cup,Croatia,HRV,Goran Vlaović,FW,25.0,1972.0,1.0
1998,1998 FIFA World Cup,Croatia,HRV,Dario Šimić,DF,22.0,1975.0,0.0
1998,1998 FIFA World Cup,Croatia,HRV,Krunoslav Jurčić,MF,28.0,1969.0,0.0
1998,1998 FIFA World Cup,Croatia,HRV,Vladimir Vasilj,GK,22.0,1975.0,0.0
1998,1998 FIFA World Cup,Denmark,DNK,Peter Schmeichel,GK,34.0,1963.0,0.0
1998,1998 FIFA World Cup,Denmark,DNK,Michael Schjønberg,DF,31.0,1967.0,0.0
1998,1998 FIFA World Cup,Denmark,DNK,Marc Rieper,DF,30.0,1968.0,1.0
1998,1998 FIFA World Cup,Denmark,DNK,Jes Høgh,DF,32.0,1966.0,0.0
1998,1998 FIFA World Cup,Denmark,DNK,Jan Heintze,DF,34.0,1963.0,0.0
1998,1998 FIFA World Cup,Denmark,DNK,Thomas Helveg,DF,26.0,1971.0,1.0
1998,1998 FIFA World Cup,Denmark,DNK,Allan Nielsen,MF,27.0,1971.0,1.0
1998,1998 FIFA World Cup,Denmark,DNK,Per Frandsen,MF,28.0,1970.0,0.0
1998,1998 FIFA World Cup,Denmark,DNK,Miklos Molnar,FW,28.0,1970.0,0.0
1998,1998 FIFA World Cup,Denmark,DNK,Michael Laudrup,MF,33.0,1964.0,1.0
1998,1998 FIFA World Cup,Denmark,DNK,Brian Laudrup,FW,29.0,1969.0,2.0
1998,1998 FIFA World Cup,Denmark,DNK,Søren Colding,DF,25.0,1972.0,0.0
1998,1998 FIFA World Cup,Denmark,DNK,Jacob Laursen,DF,26.0,1971.0,0.0
1998,1998 FIFA World Cup,Denmark,DNK,Morten Wieghorst,MF,27.0,1971.0,0.0
1998,1998 FIFA World Cup,Denmark,DNK,Stig Tøfting,MF,28.0,1969.0,0.0
1998,1998 FIFA World Cup,Denmark,DNK,Mogens Krogh,GK,34.0,1963.0,0.0
1998,1998 FIFA World Cup,Denmark,DNK,Bjarne Goldbæk,MF,29.0,1968.0,0.0
1998,1998 FIFA World Cup,Denmark,DNK,Peter Møller,FW,26.0,1972.0,1.0
1998,1998 FIFA World Cup,Denmark,DNK,Ebbe Sand,FW,25.0,1972.0,1.0
1998,1998 FIFA World Cup,Denmark,DNK,René Henriksen,DF,28.0,1969.0,0.0
1998,1998 FIFA World Cup,Denmark,DNK,Martin Jørgensen,MF,22.0,1975.0,1.0
1998,1998 FIFA World Cup,Denmark,DNK,Peter Kjær,GK,32.0,1965.0,0.0
1998,1998 FIFA World Cup,England,ENG,David Seaman,GK,34.0,1963.0,0.0
1998,1998 FIFA World Cup,England,ENG,Sol Campbell,DF,23.0,1974.0,0.0
1998,1998 FIFA World Cup,England,ENG,Graeme Le Saux,DF,29.0,1968.0,0.0
1998,1998 FIFA World Cup,England,ENG,Paul Ince,MF,30.0,1967.0,0.0
1998,1998 FIFA World Cup,England,ENG,Tony Adams,DF,31.0,1966.0,0.0
1998,1998 FIFA World Cup,England,ENG,Gareth Southgate,DF,27.0,1970.0,0.0
1998,1998 FIFA World Cup,England,ENG,David Beckham,MF,23.0,1975.0,1.0
1998,1998 FIFA World Cup,England,ENG,David Batty,MF,29.0,1968.0,0.0
1998,1998 FIFA World Cup,England,ENG,Alan Shearer,FW,27.0,1970.0,2.0
1998,1998 FIFA World Cup,England,ENG,Teddy Sheringham,FW,32.0,1966.0,0.0
1998,1998 FIFA World Cup,England,ENG,Steve McManaman,MF,26.0,1972.0,0.0
1998,1998 FIFA World Cup,England,ENG,Gary Neville,DF,23.0,1975.0,0.0
1998,1998 FIFA World Cup,England,ENG,Nigel Martyn,GK,31.0,1966.0,0.0
1998,1998 FIFA World Cup,England,ENG,Darren Anderton,MF,26.0,1972.0,1.0
1998,1998 FIFA World Cup,England,ENG,Paul Merson,MF,30.0,1968.0,0.0
1998,1998 FIFA World Cup,England,ENG,Paul Scholes,MF,23.0,1974.0,1.0
1998,1998 FIFA World Cup,England,ENG,Rob Lee,MF,32.0,1966.0,0.0
1998,1998 FIFA World Cup,England,ENG,Martin Keown,DF,31.0,1966.0,0.0
1998,1998 FIFA World Cup,England,ENG,Les Ferdinand,FW,31.0,1966.0,0.0
1998,1998 FIFA World Cup,England,ENG,Michael Owen,FW,18.0,1979.0,2.0
1998,1998 FIFA World Cup,England,ENG,Rio Ferdinand,DF,19.0,1978.0,0.0
1998,1998 FIFA World Cup,England,ENG,Tim Flowers,GK,31.0,1967.0,0.0
1998,1998 FIFA World Cup,France,FRA,Bernard Lama,GK,35.0,1963.0,0.0
1998,1998 FIFA World Cup,France,FRA,Vincent Candela,DF,24.0,1973.0,0.0
1998,1998 FIFA World Cup,France,FRA,Bixente Lizarazu,DF,28.0,1969.0,1.0
1998,1998 FIFA World Cup,France,FRA,Patrick Vieira,MF,21.0,1976.0,0.0
1998,1998 FIFA World Cup,France,FRA,Laurent Blanc,DF,32.0,1965.0,1.0
1998,1998 FIFA World Cup,France,FRA,Youri Djorkaeff,MF,30.0,1968.0,1.0
1998,1998 FIFA World Cup,France,FRA,Didier Deschamps,MF,29.0,1968.0,0.0
1998,1998 FIFA World Cup,France,FRA,Marcel Desailly,DF,29.0,1968.0,0.0
1998,1998 FIFA World Cup,France,FRA,Stéphane Guivarc'h,FW,27.0,1970.0,0.0
1998,1998 FIFA World Cup,France,FRA,Zinedine Zidane,MF,25.0,1972.0,2.0
1998,1998 FIFA World Cup,France,FRA,Robert Pires,MF,24.0,1973.0,0.0
1998,1998 FIFA World Cup,France,FRA,Thierry Henry,FW,20.0,1977.0,3.0
1998,1998 FIFA World Cup,France,FRA,Bernard Diomède,MF,24.0,1974.0,0.0
1998,1998 FIFA World Cup,France,FRA,Alain Boghossian,MF,27.0,1970.0,0.0
1998,1998 FIFA World Cup,France,FRA,Lilian Thuram,DF,26.0,1972.0,2.0
1998,1998 FIFA World Cup,France,FRA,Fabien Barthez,GK,26.0,1971.0,0.0
1998,1998 FIFA World Cup,France,FRA,Emmanuel Petit,MF,27.0,1970.0,2.0
1998,1998 FIFA World Cup,France,FRA,Frank Leboeuf,DF,30.0,1968.0,0.0
1998,1998 FIFA World Cup,France,FRA,Christian Karembeu,MF,27.0,1970.0,0.0
1998,1998 FIFA World Cup,France,FRA,David Trezeguet,FW,20.0,1977.0,1.0
1998,1998 FIFA World Cup,France,FRA,Christophe Dugarry,FW,26.0,1972.0,1.0
1998,1998 FIFA World Cup,France,FRA,Lionel Charbonnier,GK,31.0,1966.0,0.0
1998,1998 FIFA World Cup,Germany,DEU,Andreas Köpke,GK,36.0,1962.0,0.0
1998,1998 FIFA World Cup,Germany,DEU,Christian Wörns,DF,26.0,1972.0,0.0
1998,1998 FIFA World Cup,Germany,DEU,Jörg Heinrich,DF,28.0,1969.0,0.0
1998,1998 FIFA World Cup,Germany,DEU,Jürgen Kohler,DF,32.0,1965.0,0.0
1998,1998 FIFA World Cup,Germany,DEU,Thomas Helmer,DF,33.0,1965.0,0.0
1998,1998 FIFA World Cup,Germany,DEU,Olaf Thon,DF,32.0,1966.0,0.0
1998,1998 FIFA World Cup,Germany,DEU,Andreas Möller,MF,30.0,1967.0,1.0
1998,1998 FIFA World Cup,Germany,DEU,Lothar Matthäus,DF,37.0,1961.0,0.0
1998,1998 FIFA World Cup,Germany,DEU,Ulf Kirsten,FW,32.0,1965.0,0.0
1998,1998 FIFA World Cup,Germany,DEU,Thomas Häßler,MF,32.0,1966.0,0.0
1998,1998 FIFA World Cup,Germany,DEU,Olaf Marschall,FW,32.0,1966.0,0.0
1998,1998 FIFA World Cup,Germany,DEU,Oliver Kahn,GK,28.0,1969.0,0.0
1998,1998 FIFA World Cup,Germany,DEU,Jens Jeremies,MF,24.0,1974.0,0.0
1998,1998 FIFA World Cup,Germany,DEU,Markus Babbel,DF,25.0,1972.0,0.0
1998,1998 FIFA World Cup,Germany,DEU,Steffen Freund,MF,28.0,1970.0,0.0
1998,1998 FIFA World Cup,Germany,DEU,Dietmar Hamann,MF,24.0,1973.0,0.0
1998,1998 FIFA World Cup,Germany,DEU,Christian Ziege,DF,26.0,1972.0,0.0
1998,1998 FIFA World Cup,Germany,DEU,Jürgen Klinsmann,FW,33.0,1964.0,3.0
1998,1998 FIFA World Cup,Germany,DEU,Stefan Reuter,DF,31.0,1966.0,0.0
1998,1998 FIFA World Cup,Germany,DEU,Oliver Bierhoff,FW,30.0,1968.0,3.0
1998,1998 FIFA World Cup,Germany,DEU,Michael Tarnat,DF,28.0,1969.0,0.0
1998,1998 FIFA World Cup,Germany,DEU,Jens Lehmann,GK,28.0,1969.0,0.0
1998,1998 FIFA World Cup,IR Iran,IRN,Ahmad Reza Abedzadeh,GK,32.0,1966.0,0.0
1998,1998 FIFA World Cup,IR Iran,IRN,Mehdi Mahdavikia,MF,20.0,1977.0,1.0
1998,1998 FIFA World Cup,IR Iran,IRN,Naeim Saadavi,DF,28.0,1969.0,0.0
1998,1998 FIFA World Cup,IR Iran,IRN,Mohammad Khakpour,DF,29.0,1969.0,0.0
1998,1998 FIFA World Cup,IR Iran,IRN,Afshin Peyrovani,DF,28.0,1970.0,0.0
1998,1998 FIFA World Cup,IR Iran,IRN,Karim Bagheri,MF,24.0,1974.0,0.0
1998,1998 FIFA World Cup,IR Iran,IRN,Alireza Mansourian,MF,26.0,1971.0,0.0
1998,1998 FIFA World Cup,IR Iran,IRN,Sirous Dinmohammadi,MF,27.0,1970.0,0.0
1998,1998 FIFA World Cup,IR Iran,IRN,Hamid Estili,MF,31.0,1967.0,1.0
1998,1998 FIFA World Cup,IR Iran,IRN,Ali Daei,FW,29.0,1969.0,0.0
1998,1998 FIFA World Cup,IR Iran,IRN,Khodadad Azizi,FW,26.0,1971.0,0.0
1998,1998 FIFA World Cup,IR Iran,IRN,Nima Nakisa,GK,23.0,1975.0,0.0
1998,1998 FIFA World Cup,IR Iran,IRN,Ali Latifi,FW,22.0,1976.0,0.0
1998,1998 FIFA World Cup,IR Iran,IRN,Nader Mohammadkhani,DF,34.0,1963.0,0.0
1998,1998 FIFA World Cup,IR Iran,IRN,Ali Akbar Ostad-Asadi,DF,32.0,1965.0,0.0
1998,1998 FIFA World Cup,IR Iran,IRN,Reza Shahroudi,DF,26.0,1972.0,0.0
1998,1998 FIFA World Cup,IR Iran,IRN,Javad Zarincheh,DF,31.0,1966.0,0.0
1998,1998 FIFA World Cup,IR Iran,IRN,Sattar Hamedani,MF,24.0,1974.0,0.0
1998,1998 FIFA World Cup,IR Iran,IRN,Behnam Seraj,FW,26.0,1971.0,0.0
1998,1998 FIFA World Cup,IR Iran,IRN,Mehdi Pashazadeh,DF,24.0,1973.0,0.0
1998,1998 FIFA World Cup,IR Iran,IRN,Mehrdad Minavand,MF,22.0,1975.0,0.0
1998,1998 FIFA World Cup,IR Iran,IRN,Parviz Boroumand,GK,25.0,1972.0,0.0
1998,1998 FIFA World Cup,Italy,ITA,Francesco Toldo,GK,26.0,1971.0,0.0
1998,1998 FIFA World Cup,Italy,ITA,Giuseppe Bergomi,DF,34.0,1963.0,0.0
1998,1998 FIFA World Cup,Italy,ITA,Paolo Maldini,DF,29.0,1968.0,0.0
1998,1998 FIFA World Cup,Italy,ITA,Fabio Cannavaro,DF,24.0,1973.0,0.0
1998,1998 FIFA World Cup,Italy,ITA,Alessandro Costacurta,DF,32.0,1966.0,0.0
1998,1998 FIFA World Cup,Italy,ITA,Alessandro Nesta,DF,22.0,1976.0,0.0
1998,1998 FIFA World Cup,Italy,ITA,Gianluca Pessotto,DF,27.0,1970.0,0.0
1998,1998 FIFA World Cup,Italy,ITA,Moreno Torricelli,DF,28.0,1970.0,0.0
1998,1998 FIFA World Cup,Italy,ITA,Demetrio Albertini,MF,26.0,1971.0,0.0
1998,1998 FIFA World Cup,Italy,ITA,Alessandro Del Piero,FW,23.0,1974.0,0.0
1998,1998 FIFA World Cup,Italy,ITA,Dino Baggio,MF,26.0,1971.0,0.0
1998,1998 FIFA World Cup,Italy,ITA,Gianluca Pagliuca,GK,31.0,1966.0,0.0
1998,1998 FIFA World Cup,Italy,ITA,Sandro Cois,MF,26.0,1972.0,0.0
1998,1998 FIFA World Cup,Italy,ITA,Luigi Di Biagio,MF,27.0,1971.0,1.0
1998,1998 FIFA World Cup,Italy,ITA,Angelo Di Livio,MF,31.0,1966.0,0.0
1998,1998 FIFA World Cup,Italy,ITA,Roberto Di Matteo,MF,28.0,1970.0,0.0
1998,1998 FIFA World Cup,Italy,ITA,Francesco Moriero,MF,29.0,1969.0,0.0
1998,1998 FIFA World Cup,Italy,ITA,Roberto Baggio,FW,31.0,1967.0,2.0
1998,1998 FIFA World Cup,Italy,ITA,Filippo Inzaghi,FW,24.0,1973.0,0.0
1998,1998 FIFA World Cup,Italy,ITA,Enrico Chiesa,FW,27.0,1970.0,0.0
1998,1998 FIFA World Cup,Italy,ITA,Christian Vieri,FW,24.0,1973.0,5.0
1998,1998 FIFA World Cup,Italy,ITA,Gianluigi Buffon,GK,20.0,1978.0,0.0
1998,1998 FIFA World Cup,Jamaica,JAM,Warren Barrett,GK,27.0,1970.0,0.0
1998,1998 FIFA World Cup,Jamaica,JAM,Stephen Malcolm,DF,28.0,1970.0,0.0
1998,1998 FIFA World Cup,Jamaica,JAM,Chris Dawes,MF,24.0,1974.0,0.0
1998,1998 FIFA World Cup,Jamaica,JAM,Linval Dixon,DF,26.0,1971.0,0.0
1998,1998 FIFA World Cup,Jamaica,JAM,Ian Goodison,DF,25.0,1972.0,0.0
1998,1998 FIFA World Cup,Jamaica,JAM,Fitzroy Simpson,MF,28.0,1970.0,0.0
1998,1998 FIFA World Cup,Jamaica,JAM,Peter Cargill,MF,34.0,1964.0,0.0
1998,1998 FIFA World Cup,Jamaica,JAM,Marcus Gayle,FW,27.0,1970.0,0.0
1998,1998 FIFA World Cup,Jamaica,JAM,Andy Williams,FW,20.0,1977.0,0.0
1998,1998 FIFA World Cup,Jamaica,JAM,Walter Boyd,FW,26.0,1972.0,0.0
1998,1998 FIFA World Cup,Jamaica,JAM,Theodore Whitmore,MF,25.0,1972.0,2.0
1998,1998 FIFA World Cup,Jamaica,JAM,Dean Sewell,DF,26.0,1972.0,0.0
1998,1998 FIFA World Cup,Jamaica,JAM,Aaron Lawrence,GK,27.0,1970.0,0.0
1998,1998 FIFA World Cup,Jamaica,JAM,Donovan Ricketts,GK,21.0,1977.0,0.0
1998,1998 FIFA World Cup,Jamaica,JAM,Ricardo Gardner,DF,19.0,1978.0,0.0
1998,1998 FIFA World Cup,Jamaica,JAM,Robbie Earle,MF,33.0,1965.0,1.0
1998,1998 FIFA World Cup,Jamaica,JAM,Onandi Lowe,FW,24.0,1973.0,0.0
1998,1998 FIFA World Cup,Jamaica,JAM,Deon Burton,FW,21.0,1976.0,0.0
1998,1998 FIFA World Cup,Jamaica,JAM,Frank Sinclair,DF,26.0,1971.0,0.0
1998,1998 FIFA World Cup,Jamaica,JAM,Darryl Powell,MF,26.0,1971.0,0.0
1998,1998 FIFA World Cup,Jamaica,JAM,Durrant Brown,DF,33.0,1964.0,0.0
1998,1998 FIFA World Cup,Jamaica,JAM,Paul Hall,FW,25.0,1972.0,0.0
1998,1998 FIFA World Cup,Japan,JPN,Nobuyuki Kojima,GK,32.0,1966.0,0.0
1998,1998 FIFA World Cup,Japan,JPN,Akira Narahashi,DF,26.0,1971.0,0.0
1998,1998 FIFA World Cup,Japan,JPN,Naoki Soma,DF,26.0,1971.0,0.0
1998,1998 FIFA World Cup,Japan,JPN,Masami Ihara,DF,30.0,1967.0,0.0
1998,1998 FIFA World Cup,Japan,JPN,Norio Omura,DF,28.0,1969.0,0.0
1998,1998 FIFA World Cup,Japan,JPN,Motohiro Yamaguchi,MF,29.0,1969.0,0.0
1998,1998 FIFA World Cup,Japan,JPN,Teruyoshi Ito,MF,23.0,1974.0,0.0
1998,1998 FIFA World Cup,Japan,JPN,Hidetoshi Nakata,MF,21.0,1977.0,0.0
1998,1998 FIFA World Cup,Japan,JPN,Masashi Nakayama,FW,30.0,1967.0,1.0
1998,1998 FIFA World Cup,Japan,JPN,Hiroshi Nanami,MF,25.0,1972.0,0.0
1998,1998 FIFA World Cup,Japan,JPN,Shinji Ono,MF,18.0,1979.0,0.0
1998,1998 FIFA World Cup,Japan,JPN,Wagner Lopes,FW,29.0,1969.0,0.0
1998,1998 FIFA World Cup,Japan,JPN,Toshihiro Hattori,MF,24.0,1973.0,0.0
1998,1998 FIFA World Cup,Japan,JPN,Masayuki Okano,FW,25.0,1972.0,0.0
1998,1998 FIFA World Cup,Japan,JPN,Hiroaki Morishima,MF,26.0,1972.0,0.0
1998,1998 FIFA World Cup,Japan,JPN,Toshihide Saito,DF,25.0,1973.0,0.0
1998,1998 FIFA World Cup,Japan,JPN,Yutaka Akita,DF,27.0,1970.0,0.0
1998,1998 FIFA World Cup,Japan,JPN,Shoji Jo,FW,22.0,1975.0,0.0
1998,1998 FIFA World Cup,Japan,JPN,Eisuke Nakanishi,DF,24.0,1973.0,0.0
1998,1998 FIFA World Cup,Japan,JPN,Yoshikatsu Kawaguchi,GK,22.0,1975.0,0.0
1998,1998 FIFA World Cup,Japan,JPN,Seigo Narazaki,GK,22.0,1976.0,0.0
1998,1998 FIFA World Cup,Japan,JPN,Takashi Hirano,MF,23.0,1974.0,0.0
1998,1998 FIFA World Cup,Mexico,MEX,Jorge Campos,GK,31.0,1966.0,0.0
1998,1998 FIFA World Cup,Mexico,MEX,Claudio Suárez,DF,29.0,1968.0,0.0
1998,1998 FIFA World Cup,Mexico,MEX,Joel Sánchez,DF,23.0,1974.0,0.0
1998,1998 FIFA World Cup,Mexico,MEX,Germán Villa,MF,25.0,1973.0,0.0
1998,1998 FIFA World Cup,Mexico,MEX,Duilio Davino,DF,22.0,1976.0,0.0
1998,1998 FIFA World Cup,Mexico,MEX,Marcelino Bernal,MF,36.0,1962.0,0.0
1998,1998 FIFA World Cup,Mexico,MEX,Ramón Ramírez,MF,28.0,1969.0,0.0
1998,1998 FIFA World Cup,Mexico,MEX,Alberto García Aspe,MF,31.0,1967.0,1.0
1998,1998 FIFA World Cup,Mexico,MEX,Ricardo Peláez,FW,35.0,1963.0,2.0
1998,1998 FIFA World Cup,Mexico,MEX,Luis García Postigo,FW,29.0,1969.0,0.0
1998,1998 FIFA World Cup,Mexico,MEX,Cuauhtémoc Blanco,FW,25.0,1973.0,1.0
1998,1998 FIFA World Cup,Mexico,MEX,Oswaldo Sánchez,GK,24.0,1973.0,0.0
1998,1998 FIFA World Cup,Mexico,MEX,Pável Pardo,MF,21.0,1976.0,0.0
1998,1998 FIFA World Cup,Mexico,MEX,Raúl Lara,MF,25.0,1973.0,0.0
1998,1998 FIFA World Cup,Mexico,MEX,Luis Hernández,FW,29.0,1968.0,4.0
1998,1998 FIFA World Cup,Mexico,MEX,Isaac Terrazas,DF,23.0,1975.0,0.0
1998,1998 FIFA World Cup,Mexico,MEX,Francisco Palencia,FW,25.0,1973.0,0.0
1998,1998 FIFA World Cup,Mexico,MEX,Salvador Carmona,DF,22.0,1975.0,0.0
1998,1998 FIFA World Cup,Mexico,MEX,Braulio Luna,MF,23.0,1974.0,0.0
1998,1998 FIFA World Cup,Mexico,MEX,Jaime Ordiales,MF,34.0,1963.0,0.0
1998,1998 FIFA World Cup,Mexico,MEX,Jesús Arellano,MF,25.0,1973.0,0.0
1998,1998 FIFA World Cup,Mexico,MEX,Óscar Pérez,GK,25.0,1973.0,0.0
1998,1998 FIFA World Cup,Morocco,MAR,Abdelkader El Brazi,GK,33.0,1964.0,0.0
1998,1998 FIFA World Cup,Morocco,MAR,Abdelilah Saber,DF,24.0,1974.0,0.0
1998,1998 FIFA World Cup,Morocco,MAR,Abdelkrim El Hadrioui,DF,26.0,1972.0,0.0
1998,1998 FIFA World Cup,Morocco,MAR,Youssef Rossi,DF,24.0,1973.0,0.0
1998,1998 FIFA World Cup,Morocco,MAR,Smahi Triki,DF,30.0,1967.0,0.0
1998,1998 FIFA World Cup,Morocco,MAR,Noureddine Naybet,DF,28.0,1970.0,0.0
1998,1998 FIFA World Cup,Morocco,MAR,Mustapha Hadji,MF,26.0,1971.0,1.0
1998,1998 FIFA World Cup,Morocco,MAR,Saïd Chiba,MF,27.0,1970.0,0.0
1998,1998 FIFA World Cup,Morocco,MAR,Abdeljalil Hadda,FW,26.0,1972.0,2.0
1998,1998 FIFA World Cup,Morocco,MAR,Abderrahim Ouakili,FW,27.0,1970.0,0.0
1998,1998 FIFA World Cup,Morocco,MAR,Ali Elkhattabi,MF,21.0,1977.0,0.0
1998,1998 FIFA World Cup,Morocco,MAR,Driss Benzekri,GK,27.0,1970.0,0.0
1998,1998 FIFA World Cup,Morocco,MAR,Rachid Neqrouz,DF,26.0,1972.0,0.0
1998,1998 FIFA World Cup,Morocco,MAR,Salaheddine Bassir,FW,25.0,1972.0,2.0
1998,1998 FIFA World Cup,Morocco,MAR,Lahcen Abrami,DF,28.0,1969.0,0.0
1998,1998 FIFA World Cup,Morocco,MAR,Rachid Azzouzi,MF,27.0,1971.0,0.0
1998,1998 FIFA World Cup,Morocco,MAR,Gharib Amzine,MF,25.0,1973.0,0.0
1998,1998 FIFA World Cup,Morocco,MAR,Youssef Chippo,MF,25.0,1973.0,0.0
1998,1998 FIFA World Cup,Morocco,MAR,Jamal Sellami,DF,27.0,1970.0,0.0
1998,1998 FIFA World Cup,Morocco,MAR,Tahar El Khalej,DF,29.0,1968.0,0.0
1998,1998 FIFA World Cup,Morocco,MAR,Rachid Rokki,FW,23.0,1974.0,0.0
1998,1998 FIFA World Cup,Morocco,MAR,Mustapha Chadili,GK,25.0,1973.0,0.0
1998,1998 FIFA World Cup,Netherlands,NLD,Edwin van der Sar,GK,27.0,1970.0,0.0
1998,1998 FIFA World Cup,Netherlands,NLD,Michael Reiziger,DF,25.0,1973.0,0.0
1998,1998 FIFA World Cup,Netherlands,NLD,Jaap Stam,DF,25.0,1972.0,0.0
1998,1998 FIFA World Cup,Netherlands,NLD,Frank de Boer,DF,28.0,1970.0,0.0
1998,1998 FIFA World Cup,Netherlands,NLD,Arthur Numan,DF,28.0,1969.0,0.0
1998,1998 FIFA World Cup,Netherlands,NLD,Wim Jonk,MF,31.0,1966.0,0.0
1998,1998 FIFA World Cup,Netherlands,NLD,Ronald de Boer,MF,28.0,1970.0,2.0
1998,1998 FIFA World Cup,Netherlands,NLD,Dennis Bergkamp,FW,29.0,1969.0,3.0
1998,1998 FIFA World Cup,Netherlands,NLD,Patrick Kluivert,FW,21.0,1976.0,2.0
1998,1998 FIFA World Cup,Netherlands,NLD,Clarence Seedorf,MF,22.0,1976.0,0.0
1998,1998 FIFA World Cup,Netherlands,NLD,Phillip Cocu,MF,27.0,1970.0,2.0
1998,1998 FIFA World Cup,Netherlands,NLD,Boudewijn Zenden,MF,21.0,1976.0,1.0
1998,1998 FIFA World Cup,Netherlands,NLD,André Ooijer,DF,23.0,1974.0,0.0
1998,1998 FIFA World Cup,Netherlands,NLD,Marc Overmars,MF,25.0,1973.0,1.0
1998,1998 FIFA World Cup,Netherlands,NLD,Winston Bogarde,DF,27.0,1970.0,0.0
1998,1998 FIFA World Cup,Netherlands,NLD,Edgar Davids,MF,25.0,1973.0,1.0
1998,1998 FIFA World Cup,Netherlands,NLD,Pierre van Hooijdonk,FW,28.0,1969.0,1.0
1998,1998 FIFA World Cup,Netherlands,NLD,Ed de Goey,GK,31.0,1966.0,0.0
1998,1998 FIFA World Cup,Netherlands,NLD,Giovanni van Bronckhorst,MF,23.0,1975.0,0.0
1998,1998 FIFA World Cup,Netherlands,NLD,Aron Winter,MF,31.0,1967.0,0.0
1998,1998 FIFA World Cup,Netherlands,NLD,Jimmy Floyd Hasselbaink,FW,26.0,1972.0,0.0
1998,1998 FIFA World Cup,Netherlands,NLD,Ruud Hesp,GK,32.0,1965.0,0.0
1998,1998 FIFA World Cup,Nigeria,NGA,Peter Rufai,GK,34.0,1963.0,0.0
1998,1998 FIFA World Cup,Nigeria,NGA,Mobi Oparaku,DF,21.0,1976.0,0.0
1998,1998 FIFA World Cup,Nigeria,NGA,Celestine Babayaro,DF,19.0,1978.0,0.0
1998,1998 FIFA World Cup,Nigeria,NGA,Nwankwo Kanu,FW,21.0,1976.0,0.0
1998,1998 FIFA World Cup,Nigeria,NGA,Uche Okechukwu,DF,30.0,1967.0,0.0
1998,1998 FIFA World Cup,Nigeria,NGA,Taribo West,DF,24.0,1974.0,0.0
1998,1998 FIFA World Cup,Nigeria,NGA,Finidi George,MF,27.0,1971.0,0.0
1998,1998 FIFA World Cup,Nigeria,NGA,Mutiu Adepoju,MF,27.0,1970.0,1.0
1998,1998 FIFA World Cup,Nigeria,NGA,Rashidi Yekini,FW,34.0,1963.0,0.0
1998,1998 FIFA World Cup,Nigeria,NGA,Jay-Jay Okocha,MF,24.0,1973.0,0.0
1998,1998 FIFA World Cup,Nigeria,NGA,Garba Lawal,MF,24.0,1974.0,0.0
1998,1998 FIFA World Cup,Nigeria,NGA,Willy Okpara,GK,30.0,1968.0,0.0
1998,1998 FIFA World Cup,Nigeria,NGA,Tijani Babangida,MF,24.0,1973.0,1.0
1998,1998 FIFA World Cup,Nigeria,NGA,Daniel Amokachi,FW,25.0,1972.0,0.0
1998,1998 FIFA World Cup,Nigeria,NGA,Sunday Oliseh,MF,23.0,1974.0,1.0
1998,1998 FIFA World Cup,Nigeria,NGA,Uche Okafor,DF,30.0,1967.0,0.0
1998,1998 FIFA World Cup,Nigeria,NGA,Augustine Eguavoen,DF,32.0,1965.0,0.0
1998,1998 FIFA World Cup,Nigeria,NGA,Wilson Oruma,MF,21.0,1976.0,1.0
1998,1998 FIFA World Cup,Nigeria,NGA,Benedict Iroha,DF,28.0,1969.0,0.0
1998,1998 FIFA World Cup,Nigeria,NGA,Victor Ikpeba,FW,24.0,1973.0,1.0
1998,1998 FIFA World Cup,Nigeria,NGA,Godwin Okpara,DF,25.0,1972.0,0.0
1998,1998 FIFA World Cup,Nigeria,NGA,Abiodun Baruwa,GK,23.0,1974.0,0.0
1998,1998 FIFA World Cup,Norway,NOR,Frode Grodås,GK,33.0,1964.0,0.0
1998,1998 FIFA World Cup,Norway,NOR,Gunnar Halle,DF,32.0,1965.0,0.0
1998,1998 FIFA World Cup,Norway,NOR,Ronny Johnsen,DF,29.0,1969.0,0.0
1998,1998 FIFA World Cup,Norway,NOR,Henning Berg,DF,28.0,1969.0,0.0
1998,1998 FIFA World Cup,Norway,NOR,Stig Inge Bjørnebye,DF,28.0,1969.0,0.0
1998,1998 FIFA World Cup,Norway,NOR,Ståle Solbakken,MF,30.0,1968.0,0.0
1998,1998 FIFA World Cup,Norway,NOR,Erik Mykland,MF,26.0,1971.0,0.0
1998,1998 FIFA World Cup,Norway,NOR,Øyvind Leonhardsen,MF,27.0,1970.0,0.0
1998,1998 FIFA World Cup,Norway,NOR,Tore André Flo,FW,24.0,1973.0,1.0
1998,1998 FIFA World Cup,Norway,NOR,Kjetil Rekdal,MF,29.0,1968.0,1.0
1998,1998 FIFA World Cup,Norway,NOR,Mini Jakobsen,MF,32.0,1965.0,0.0
1998,1998 FIFA World Cup,Norway,NOR,Thomas Myhre,GK,24.0,1973.0,0.0
1998,1998 FIFA World Cup,Norway,NOR,Espen Baardsen,GK,20.0,1977.0,0.0
1998,1998 FIFA World Cup,Norway,NOR,Vegard Heggem,DF,22.0,1975.0,0.0
1998,1998 FIFA World Cup,Norway,NOR,Dan Eggen,DF,28.0,1970.0,1.0
1998,1998 FIFA World Cup,Norway,NOR,Jostein Flo,FW,33.0,1964.0,0.0
1998,1998 FIFA World Cup,Norway,NOR,Håvard Flo,FW,28.0,1970.0,1.0
1998,1998 FIFA World Cup,Norway,NOR,Egil Østenstad,FW,26.0,1972.0,0.0
1998,1998 FIFA World Cup,Norway,NOR,Erik Hoftun,DF,29.0,1969.0,0.0
1998,1998 FIFA World Cup,Norway,NOR,Ole Gunnar Solskjær,FW,25.0,1973.0,0.0
1998,1998 FIFA World Cup,Norway,NOR,Vidar Riseth,DF,26.0,1972.0,0.0
1998,1998 FIFA World Cup,Norway,NOR,Roar Strand,MF,28.0,1970.0,0.0
1998,1998 FIFA World Cup,Paraguay,PRY,José Luis Chilavert,GK,32.0,1965.0,0.0
1998,1998 FIFA World Cup,Paraguay,PRY,Francisco Arce,DF,27.0,1971.0,0.0
1998,1998 FIFA World Cup,Paraguay,PRY,Catalino Rivarola,DF,33.0,1965.0,0.0
1998,1998 FIFA World Cup,Paraguay,PRY,Carlos Gamarra,DF,27.0,1971.0,0.0
1998,1998 FIFA World Cup,Paraguay,PRY,Celso Ayala,DF,27.0,1970.0,1.0
1998,1998 FIFA World Cup,Paraguay,PRY,Edgar Aguilera,DF,22.0,1975.0,0.0
1998,1998 FIFA World Cup,Paraguay,PRY,Julio César Yegros,MF,27.0,1971.0,0.0
1998,1998 FIFA World Cup,Paraguay,PRY,Arístides Rojas,FW,29.0,1968.0,0.0
1998,1998 FIFA World Cup,Paraguay,PRY,José Cardozo,FW,27.0,1971.0,1.0
1998,1998 FIFA World Cup,Paraguay,PRY,Roberto Acuña,MF,26.0,1972.0,0.0
1998,1998 FIFA World Cup,Paraguay,PRY,Pedro Sarabia,DF,22.0,1975.0,0.0
1998,1998 FIFA World Cup,Paraguay,PRY,Danilo Aceval,GK,22.0,1975.0,0.0
1998,1998 FIFA World Cup,Paraguay,PRY,Carlos Paredes,MF,21.0,1976.0,0.0
1998,1998 FIFA World Cup,Paraguay,PRY,Ricardo Rojas,DF,27.0,1971.0,0.0
1998,1998 FIFA World Cup,Paraguay,PRY,Miguel Ángel Benítez,FW,28.0,1970.0,1.0
1998,1998 FIFA World Cup,Paraguay,PRY,Julio César Enciso,MF,23.0,1974.0,0.0
1998,1998 FIFA World Cup,Paraguay,PRY,Hugo Brizuela,FW,29.0,1969.0,0.0
1998,1998 FIFA World Cup,Paraguay,PRY,César Ramírez,FW,21.0,1977.0,0.0
1998,1998 FIFA World Cup,Paraguay,PRY,Carlos Morales,MF,29.0,1968.0,0.0
1998,1998 FIFA World Cup,Paraguay,PRY,Denis Caniza,DF,23.0,1974.0,0.0
1998,1998 FIFA World Cup,Paraguay,PRY,Jorge Luis Campos,MF,27.0,1970.0,0.0
1998,1998 FIFA World Cup,Paraguay,PRY,Rubén Ruiz Díaz,GK,28.0,1969.0,0.0
1998,1998 FIFA World Cup,Romania,ROU,Dumitru Stângaciu,GK,33.0,1964.0,0.0
1998,1998 FIFA World Cup,Romania,ROU,Dan Petrescu,DF,30.0,1967.0,1.0
1998,1998 FIFA World Cup,Romania,ROU,Cristian Dulca,DF,25.0,1972.0,0.0
1998,1998 FIFA World Cup,Romania,ROU,Anton Doboș,DF,32.0,1965.0,0.0
1998,1998 FIFA World Cup,Romania,ROU,Constantin Gâlcă,MF,26.0,1972.0,0.0
1998,1998 FIFA World Cup,Romania,ROU,Gheorghe Popescu,DF,30.0,1967.0,0.0
1998,1998 FIFA World Cup,Romania,ROU,Marius Lăcătuș,FW,34.0,1964.0,0.0
1998,1998 FIFA World Cup,Romania,ROU,Dorinel Munteanu,MF,29.0,1968.0,0.0
1998,1998 FIFA World Cup,Romania,ROU,Viorel Moldovan,FW,25.0,1972.0,2.0
1998,1998 FIFA World Cup,Romania,ROU,Gheorghe Hagi,MF,33.0,1965.0,0.0
1998,1998 FIFA World Cup,Romania,ROU,Adrian Ilie,FW,24.0,1974.0,1.0
1998,1998 FIFA World Cup,Romania,ROU,Bogdan Stelea,GK,30.0,1967.0,0.0
1998,1998 FIFA World Cup,Romania,ROU,Liviu Ciobotariu,DF,27.0,1971.0,0.0
1998,1998 FIFA World Cup,Romania,ROU,Radu Niculescu,MF,23.0,1975.0,0.0
1998,1998 FIFA World Cup,Romania,ROU,Lucian Marinescu,MF,25.0,1972.0,0.0
1998,1998 FIFA World Cup,Romania,ROU,Gabriel Popescu,MF,24.0,1973.0,0.0
1998,1998 FIFA World Cup,Romania,ROU,Ilie Dumitrescu,FW,29.0,1969.0,0.0
1998,1998 FIFA World Cup,Romania,ROU,Iulian Filipescu,MF,24.0,1974.0,0.0
1998,1998 FIFA World Cup,Romania,ROU,Ovidiu Stîngă,MF,25.0,1972.0,0.0
1998,1998 FIFA World Cup,Romania,ROU,Tibor Selymes,DF,28.0,1970.0,0.0
1998,1998 FIFA World Cup,Romania,ROU,Gheorghe Craioveanu,FW,30.0,1968.0,0.0
1998,1998 FIFA World Cup,Romania,ROU,Florin Prunea,GK,29.0,1968.0,0.0
1998,1998 FIFA World Cup,Saudi Arabia,SAU,Mohamed Al-Deayea,GK,25.0,1972.0,0.0
1998,1998 FIFA World Cup,Saudi Arabia,SAU,Mohammed Al-Jahani,DF,23.0,1974.0,0.0
1998,1998 FIFA World Cup,Saudi Arabia,SAU,Mohammed Al-Khilaiwi,DF,26.0,1971.0,0.0
1998,1998 FIFA World Cup,Saudi Arabia,SAU,Abdullah Sulaiman Zubromawi,MF,24.0,1973.0,0.0
1998,1998 FIFA World Cup,Saudi Arabia,SAU,Ahmed Jamil Madani,DF,28.0,1970.0,0.0
1998,1998 FIFA World Cup,Saudi Arabia,SAU,Fuad Anwar,MF,25.0,1972.0,0.0
1998,1998 FIFA World Cup,Saudi Arabia,SAU,Ibrahim Al-Shahrani,FW,23.0,1974.0,0.0
1998,1998 FIFA World Cup,Saudi Arabia,SAU,Obeid Al-Dosari,FW,22.0,1975.0,0.0
1998,1998 FIFA World Cup,Saudi Arabia,SAU,Sami Al-Jaber,FW,25.0,1972.0,1.0
1998,1998 FIFA World Cup,Saudi Arabia,SAU,Saeed Al-Owairan,FW,30.0,1967.0,0.0
1998,1998 FIFA World Cup,Saudi Arabia,SAU,Fahad Al-Mehallel,FW,27.0,1970.0,0.0
1998,1998 FIFA World Cup,Saudi Arabia,SAU,Ibrahim Al-Harbi,MF,22.0,1975.0,0.0
1998,1998 FIFA World Cup,Saudi Arabia,SAU,Hussein Abdulghani,DF,21.0,1977.0,0.0
1998,1998 FIFA World Cup,Saudi Arabia,SAU,Khalid Al-Muwallid,MF,26.0,1971.0,0.0
1998,1998 FIFA World Cup,Saudi Arabia,SAU,Yousuf Al-Thunayan,MF,34.0,1963.0,1.0
1998,1998 FIFA World Cup,Saudi Arabia,SAU,Khamis Al-Dosari,MF,24.0,1973.0,0.0
1998,1998 FIFA World Cup,Saudi Arabia,SAU,Ahmed Al-Dokhi,DF,21.0,1976.0,0.0
1998,1998 FIFA World Cup,Saudi Arabia,SAU,Nawaf Al-Temyat,MF,21.0,1976.0,0.0
1998,1998 FIFA World Cup,Saudi Arabia,SAU,Abdulaziz Al-Janoubi,DF,23.0,1974.0,0.0
1998,1998 FIFA World Cup,Saudi Arabia,SAU,Hamzah Saleh,MF,31.0,1967.0,0.0
1998,1998 FIFA World Cup,Saudi Arabia,SAU,Hussein Al-Sadiq,GK,24.0,1973.0,0.0
1998,1998 FIFA World Cup,Saudi Arabia,SAU,Tisir Al-Antaif,GK,24.0,1974.0,0.0
1998,1998 FIFA World Cup,Scotland,SCO,Jim Leighton,GK,39.0,1958.0,0.0
1998,1998 FIFA World Cup,Scotland,SCO,Jackie McNamara,MF,24.0,1973.0,0.0
1998,1998 FIFA World Cup,Scotland,SCO,Tom Boyd,DF,32.0,1965.0,0.0
1998,1998 FIFA World Cup,Scotland,SCO,Colin Calderwood,DF,33.0,1965.0,0.0
1998,1998 FIFA World Cup,Scotland,SCO,Colin Hendry,DF,32.0,1965.0,0.0
1998,1998 FIFA World Cup,Scotland,SCO,Tosh McKinlay,DF,33.0,1964.0,0.0
1998,1998 FIFA World Cup,Scotland,SCO,Kevin Gallacher,FW,31.0,1966.0,0.0
1998,1998 FIFA World Cup,Scotland,SCO,Craig Burley,MF,26.0,1971.0,1.0
1998,1998 FIFA World Cup,Scotland,SCO,Gordon Durie,FW,32.0,1965.0,0.0
1998,1998 FIFA World Cup,Scotland,SCO,Darren Jackson,FW,31.0,1966.0,0.0
1998,1998 FIFA World Cup,Scotland,SCO,John Collins,MF,30.0,1968.0,1.0
1998,1998 FIFA World Cup,Scotland,SCO,Neil Sullivan,GK,28.0,1970.0,0.0
1998,1998 FIFA World Cup,Scotland,SCO,Simon Donnelly,FW,23.0,1974.0,0.0
1998,1998 FIFA World Cup,Scotland,SCO,Paul Lambert,MF,28.0,1969.0,0.0
1998,1998 FIFA World Cup,Scotland,SCO,Scot Gemmill,MF,27.0,1971.0,0.0
1998,1998 FIFA World Cup,Scotland,SCO,David Weir,DF,28.0,1970.0,0.0
1998,1998 FIFA World Cup,Scotland,SCO,Billy McKinlay,MF,29.0,1969.0,0.0
1998,1998 FIFA World Cup,Scotland,SCO,Matt Elliott,DF,29.0,1968.0,0.0
1998,1998 FIFA World Cup,Scotland,SCO,Derek Whyte,DF,29.0,1968.0,0.0
1998,1998 FIFA World Cup,Scotland,SCO,Scott Booth,FW,26.0,1971.0,0.0
1998,1998 FIFA World Cup,Scotland,SCO,Jonathan Gould,GK,29.0,1968.0,0.0
1998,1998 FIFA World Cup,Scotland,SCO,Christian Dailly,DF,24.0,1973.0,0.0
1998,1998 FIFA World Cup,South Africa,ZAF,Hans Vonk,GK,28.0,1970.0,0.0
1998,1998 FIFA World Cup,South Africa,ZAF,Themba Mnguni,DF,24.0,1973.0,0.0
1998,1998 FIFA World Cup,South Africa,ZAF,David Nyathi,DF,29.0,1969.0,0.0
1998,1998 FIFA World Cup,South Africa,ZAF,Willem Jackson,DF,26.0,1972.0,0.0
1998,1998 FIFA World Cup,South Africa,ZAF,Mark Fish,DF,24.0,1974.0,0.0
1998,1998 FIFA World Cup,South Africa,ZAF,Phil Masinga,FW,28.0,1969.0,0.0
1998,1998 FIFA World Cup,South Africa,ZAF,Quinton Fortune,MF,21.0,1977.0,0.0
1998,1998 FIFA World Cup,South Africa,ZAF,Alfred Phiri,MF,23.0,1974.0,0.0
1998,1998 FIFA World Cup,South Africa,ZAF,Shaun Bartlett,FW,25.0,1972.0,2.0
1998,1998 FIFA World Cup,South Africa,ZAF,John Moshoeu,MF,32.0,1965.0,0.0
1998,1998 FIFA World Cup,South Africa,ZAF,Helman Mkhalele,MF,28.0,1969.0,0.0
1998,1998 FIFA World Cup,South Africa,ZAF,Brendan Augustine,FW,26.0,1971.0,0.0
1998,1998 FIFA World Cup,South Africa,ZAF,Delron Buckley,FW,20.0,1977.0,0.0
1998,1998 FIFA World Cup,South Africa,ZAF,Jerry Sikhosana,FW,29.0,1969.0,0.0
1998,1998 FIFA World Cup,South Africa,ZAF,Doctor Khumalo,MF,30.0,1967.0,0.0
1998,1998 FIFA World Cup,South Africa,ZAF,Brian Baloyi,GK,24.0,1974.0,0.0
1998,1998 FIFA World Cup,South Africa,ZAF,Benni McCarthy,FW,20.0,1977.0,1.0
1998,1998 FIFA World Cup,South Africa,ZAF,Lebogang Morula,MF,29.0,1968.0,0.0
1998,1998 FIFA World Cup,South Africa,ZAF,Lucas Radebe,DF,29.0,1969.0,0.0
1998,1998 FIFA World Cup,South Africa,ZAF,William Mokoena,MF,23.0,1975.0,0.0
1998,1998 FIFA World Cup,South Africa,ZAF,Pierre Issa,DF,22.0,1975.0,0.0
1998,1998 FIFA World Cup,South Africa,ZAF,Paul Evans,GK,24.0,1973.0,0.0
1998,1998 FIFA World Cup,South Africa,ZAF,Simon Gopane,GK,27.0,1970.0,0.0
1998,1998 FIFA World Cup,Korea Republic,KOR,Byung-ji Kim,GK,28.0,1970.0,0.0
1998,1998 FIFA World Cup,Korea Republic,KOR,Sung-yong Choi,MF,22.0,1975.0,0.0
1998,1998 FIFA World Cup,Korea Republic,KOR,Lim-saeng Lee,DF,26.0,1971.0,0.0
1998,1998 FIFA World Cup,Korea Republic,KOR,Young-il Choi,DF,32.0,1966.0,0.0
1998,1998 FIFA World Cup,Korea Republic,KOR,Min-sung Lee,DF,24.0,1973.0,0.0
1998,1998 FIFA World Cup,Korea Republic,KOR,Sang-chul Yoo,DF,26.0,1971.0,1.0
1998,1998 FIFA World Cup,Korea Republic,KOR,Do-keun Kim,MF,26.0,1972.0,0.0
1998,1998 FIFA World Cup,Korea Republic,KOR,Jung-yoon Noh,MF,27.0,1971.0,0.0
1998,1998 FIFA World Cup,Korea Republic,KOR,Do-hoon Kim,FW,27.0,1970.0,0.0
1998,1998 FIFA World Cup,Korea Republic,KOR,Yong-soo Choi,FW,24.0,1973.0,0.0
1998,1998 FIFA World Cup,Korea Republic,KOR,Jung-won Seo,FW,27.0,1970.0,0.0
1998,1998 FIFA World Cup,Korea Republic,KOR,Sang-hun Lee,DF,22.0,1975.0,0.0
1998,1998 FIFA World Cup,Korea Republic,KOR,Tae-young Kim,DF,27.0,1970.0,0.0
1998,1998 FIFA World Cup,Korea Republic,KOR,Jong-soo Ko,MF,19.0,1978.0,0.0
1998,1998 FIFA World Cup,Korea Republic,KOR,Sang-yoon Lee,MF,29.0,1969.0,0.0
1998,1998 FIFA World Cup,Korea Republic,KOR,Hyung-seok Jang,DF,25.0,1972.0,0.0
1998,1998 FIFA World Cup,Korea Republic,KOR,Seok-ju Ha,MF,30.0,1968.0,1.0
1998,1998 FIFA World Cup,Korea Republic,KOR,Sun-hong Hwang,FW,29.0,1968.0,0.0
1998,1998 FIFA World Cup,Korea Republic,KOR,Dae-il Jang,DF,23.0,1975.0,0.0
1998,1998 FIFA World Cup,Korea Republic,KOR,Myung-bo Hong,DF,29.0,1969.0,0.0
1998,1998 FIFA World Cup,Korea Republic,KOR,Dong-gook Lee,FW,19.0,1979.0,0.0
1998,1998 FIFA World Cup,Korea Republic,KOR,Dong-myung Seo,GK,24.0,1974.0,0.0
1998,1998 FIFA World Cup,Spain,ESP,Andoni Zubizarreta,GK,36.0,1961.0,0.0
1998,1998 FIFA World Cup,Spain,ESP,Albert Ferrer,DF,28.0,1970.0,0.0
1998,1998 FIFA World Cup,Spain,ESP,Agustín Aranzábal,DF,25.0,1973.0,0.0
1998,1998 FIFA World Cup,Spain,ESP,Rafael Alkorta,DF,29.0,1968.0,0.0
1998,1998 FIFA World Cup,Spain,ESP,Abelardo,DF,28.0,1970.0,0.0
1998,1998 FIFA World Cup,Spain,ESP,Fernando Hierro,DF,30.0,1968.0,2.0
1998,1998 FIFA World Cup,Spain,ESP,Fernando Morientes,FW,22.0,1976.0,2.0
1998,1998 FIFA World Cup,Spain,ESP,Julen Guerrero,MF,24.0,1974.0,0.0
1998,1998 FIFA World Cup,Spain,ESP,Juan Antonio Pizzi,FW,30.0,1968.0,0.0
1998,1998 FIFA World Cup,Spain,ESP,Raúl,FW,20.0,1977.0,1.0
1998,1998 FIFA World Cup,Spain,ESP,Alfonso,FW,25.0,1972.0,0.0
1998,1998 FIFA World Cup,Spain,ESP,Sergi,DF,26.0,1971.0,0.0
1998,1998 FIFA World Cup,Spain,ESP,Santiago Cañizares,GK,28.0,1969.0,0.0
1998,1998 FIFA World Cup,Spain,ESP,Iván Campo,DF,24.0,1974.0,0.0
1998,1998 FIFA World Cup,Spain,ESP,Carlos Aguilera,DF,29.0,1969.0,0.0
1998,1998 FIFA World Cup,Spain,ESP,Albert Celades,MF,22.0,1975.0,0.0
1998,1998 FIFA World Cup,Spain,ESP,Joseba Etxeberria,MF,20.0,1977.0,0.0
1998,1998 FIFA World Cup,Spain,ESP,Guillermo Amor,MF,30.0,1967.0,0.0
1998,1998 FIFA World Cup,Spain,ESP,Kiko,FW,26.0,1972.0,1.0
1998,1998 FIFA World Cup,Spain,ESP,Miguel Ángel Nadal,DF,31.0,1966.0,0.0
1998,1998 FIFA World Cup,Spain,ESP,Luis Enrique,MF,28.0,1970.0,1.0
1998,1998 FIFA World Cup,Spain,ESP,José Molina,GK,27.0,1970.0,0.0
1998,1998 FIFA World Cup,Tunisia,TUN,Chokri El Ouaer,GK,31.0,1966.0,0.0
1998,1998 FIFA World Cup,Tunisia,TUN,Imed Ben Younes,FW,23.0,1974.0,0.0
1998,1998 FIFA World Cup,Tunisia,TUN,Sami Trabelsi,DF,30.0,1968.0,0.0
1998,1998 FIFA World Cup,Tunisia,TUN,Mounir Boukadida,DF,30.0,1967.0,0.0
1998,1998 FIFA World Cup,Tunisia,TUN,Hatem Trabelsi,DF,21.0,1977.0,0.0
1998,1998 FIFA World Cup,Tunisia,TUN,Ferid Chouchane,DF,25.0,1973.0,0.0
1998,1998 FIFA World Cup,Tunisia,TUN,Tarek Thabet,DF,26.0,1971.0,0.0
1998,1998 FIFA World Cup,Tunisia,TUN,Zoubeir Baya,MF,27.0,1971.0,0.0
1998,1998 FIFA World Cup,Tunisia,TUN,Riadh Jelassi,FW,26.0,1971.0,0.0
1998,1998 FIFA World Cup,Tunisia,TUN,Kaies Ghodhbane,MF,22.0,1976.0,0.0
1998,1998 FIFA World Cup,Tunisia,TUN,Adel Sellimi,FW,25.0,1972.0,0.0
1998,1998 FIFA World Cup,Tunisia,TUN,Mourad Melki,FW,23.0,1975.0,0.0
1998,1998 FIFA World Cup,Tunisia,TUN,Riadh Bouazizi,MF,25.0,1973.0,0.0
1998,1998 FIFA World Cup,Tunisia,TUN,Sirajeddine Chihi,MF,28.0,1970.0,0.0
1998,1998 FIFA World Cup,Tunisia,TUN,Skander Souayah,MF,25.0,1972.0,1.0
1998,1998 FIFA World Cup,Tunisia,TUN,Radhouane Salhi,GK,30.0,1967.0,0.0
1998,1998 FIFA World Cup,Tunisia,TUN,José Clayton,MF,24.0,1974.0,0.0
1998,1998 FIFA World Cup,Tunisia,TUN,Mehdi Ben Slimane,FW,24.0,1974.0,0.0
1998,1998 FIFA World Cup,Tunisia,TUN,Faysal Ben Ahmed,MF,25.0,1973.0,0.0
1998,1998 FIFA World Cup,Tunisia,TUN,Sabri Jaballah,DF,24.0,1973.0,0.0
1998,1998 FIFA World Cup,Tunisia,TUN,Khaled Badra,DF,25.0,1973.0,0.0
1998,1998 FIFA World Cup,Tunisia,TUN,Ali Boumnijel,GK,32.0,1966.0,0.0
1998,1998 FIFA World Cup,United States,USA,Brad Friedel,GK,27.0,1971.0,0.0
1998,1998 FIFA World Cup,United States,USA,Frankie Hejduk,DF,23.0,1974.0,0.0
1998,1998 FIFA World Cup,United States,USA,Eddie Pope,DF,24.0,1973.0,0.0
1998,1998 FIFA World Cup,United States,USA,Mike Burns,DF,27.0,1970.0,0.0
1998,1998 FIFA World Cup,United States,USA,Thomas Dooley,MF,36.0,1961.0,0.0
1998,1998 FIFA World Cup,United States,USA,David Regis,DF,29.0,1968.0,0.0
1998,1998 FIFA World Cup,United States,USA,Roy Wegerle,FW,34.0,1964.0,0.0
1998,1998 FIFA World Cup,United States,USA,Earnie Stewart,MF,29.0,1969.0,0.0
1998,1998 FIFA World Cup,United States,USA,Joe-Max Moore,FW,27.0,1971.0,0.0
1998,1998 FIFA World Cup,United States,USA,Tab Ramos,MF,31.0,1966.0,0.0
1998,1998 FIFA World Cup,United States,USA,Eric Wynalda,FW,29.0,1969.0,0.0
1998,1998 FIFA World Cup,United States,USA,Jeff Agoos,DF,30.0,1968.0,0.0
1998,1998 FIFA World Cup,United States,USA,Cobi Jones,MF,27.0,1970.0,0.0
1998,1998 FIFA World Cup,United States,USA,Predrag Radosavljević,MF,34.0,1963.0,0.0
1998,1998 FIFA World Cup,United States,USA,Chad Deering,MF,27.0,1970.0,0.0
1998,1998 FIFA World Cup,United States,USA,Juergen Sommer,GK,29.0,1969.0,0.0
1998,1998 FIFA World Cup,United States,USA,Marcelo Balboa,DF,30.0,1967.0,0.0
1998,1998 FIFA World Cup,United States,USA,Kasey Keller,GK,28.0,1969.0,0.0
1998,1998 FIFA World Cup,United States,USA,Brian Maisonneuve,MF,24.0,1973.0,0.0
1998,1998 FIFA World Cup,United States,USA,Brian McBride,FW,25.0,1972.0,1.0
1998,1998 FIFA World Cup,United States,USA,Claudio Reyna,MF,24.0,1973.0,0.0
1998,1998 FIFA World Cup,United States,USA,Alexi Lalas,DF,28.0,1970.0,0.0
1998,1998 FIFA World Cup,FR Yugoslavia,YUG,Ivica Kralj,GK,25.0,1973.0,0.0
1998,1998 FIFA World Cup,FR Yugoslavia,YUG,Zoran Mirković,DF,26.0,1971.0,0.0
1998,1998 FIFA World Cup,FR Yugoslavia,YUG,Goran Đorović,DF,26.0,1971.0,0.0
1998,1998 FIFA World Cup,FR Yugoslavia,YUG,Slaviša Jokanović,MF,29.0,1968.0,0.0
1998,1998 FIFA World Cup,FR Yugoslavia,YUG,Miroslav Đukić,DF,32.0,1966.0,0.0
1998,1998 FIFA World Cup,FR Yugoslavia,YUG,Branko Brnović,MF,30.0,1967.0,0.0
1998,1998 FIFA World Cup,FR Yugoslavia,YUG,Vladimir Jugović,MF,28.0,1969.0,0.0
1998,1998 FIFA World Cup,FR Yugoslavia,YUG,Dejan Savićević,MF,31.0,1966.0,0.0
1998,1998 FIFA World Cup,FR Yugoslavia,YUG,Predrag Mijatović,FW,29.0,1969.0,1.0
1998,1998 FIFA World Cup,FR Yugoslavia,YUG,Dragan Stojković,MF,33.0,1965.0,1.0
1998,1998 FIFA World Cup,FR Yugoslavia,YUG,Siniša Mihajlović,DF,29.0,1969.0,1.0
1998,1998 FIFA World Cup,FR Yugoslavia,YUG,Dragoje Leković,GK,30.0,1967.0,0.0
1998,1998 FIFA World Cup,FR Yugoslavia,YUG,Slobodan Komljenović,DF,27.0,1971.0,2.0
1998,1998 FIFA World Cup,FR Yugoslavia,YUG,Niša Saveljić,DF,28.0,1970.0,0.0
1998,1998 FIFA World Cup,FR Yugoslavia,YUG,Ljubinko Drulović,MF,29.0,1968.0,0.0
1998,1998 FIFA World Cup,FR Yugoslavia,YUG,Željko Petrović,DF,32.0,1965.0,0.0
1998,1998 FIFA World Cup,FR Yugoslavia,YUG,Savo Milošević,FW,24.0,1973.0,0.0
1998,1998 FIFA World Cup,FR Yugoslavia,YUG,Dejan Govedarica,MF,28.0,1969.0,0.0
1998,1998 FIFA World Cup,FR Yugoslavia,YUG,Miroslav Stević,MF,28.0,1970.0,0.0
1998,1998 FIFA World Cup,FR Yugoslavia,YUG,Dejan Stanković,MF,19.0,1978.0,0.0
1998,1998 FIFA World Cup,FR Yugoslavia,YUG,Perica Ognjenović,FW,21.0,1977.0,0.0
1998,1998 FIFA World Cup,FR Yugoslavia,YUG,Darko Kovačević,FW,24.0,1973.0,0.0
2002,2002 FIFA World Cup,Argentina,ARG,Germán Burgos,GK,33.0,1969.0,0.0
2002,2002 FIFA World Cup,Argentina,ARG,Roberto Ayala,DF,29.0,1973.0,0.0
2002,2002 FIFA World Cup,Argentina,ARG,Juan Pablo Sorín,DF,26.0,1976.0,0.0
2002,2002 FIFA World Cup,Argentina,ARG,Mauricio Pochettino,DF,30.0,1972.0,0.0
2002,2002 FIFA World Cup,Argentina,ARG,Matías Almeyda,MF,28.0,1973.0,0.0
2002,2002 FIFA World Cup,Argentina,ARG,Walter Samuel,DF,24.0,1978.0,0.0
2002,2002 FIFA World Cup,Argentina,ARG,Claudio López,FW,27.0,1974.0,0.0
2002,2002 FIFA World Cup,Argentina,ARG,Javier Zanetti,DF,28.0,1973.0,0.0
2002,2002 FIFA World Cup,Argentina,ARG,Gabriel Batistuta,FW,33.0,1969.0,1.0
2002,2002 FIFA World Cup,Argentina,ARG,Ariel Ortega,MF,28.0,1974.0,0.0
2002,2002 FIFA World Cup,Argentina,ARG,Juan Sebastián Verón,MF,27.0,1975.0,0.0
2002,2002 FIFA World Cup,Argentina,ARG,Pablo Cavallero,GK,28.0,1974.0,0.0
2002,2002 FIFA World Cup,Argentina,ARG,Diego Placente,DF,25.0,1977.0,0.0
2002,2002 FIFA World Cup,Argentina,ARG,Diego Simeone,MF,32.0,1970.0,0.0
2002,2002 FIFA World Cup,Argentina,ARG,Claudio Husaín,MF,27.0,1974.0,0.0
2002,2002 FIFA World Cup,Argentina,ARG,Pablo Aimar,MF,22.0,1979.0,0.0
2002,2002 FIFA World Cup,Argentina,ARG,Gustavo López,MF,29.0,1973.0,0.0
2002,2002 FIFA World Cup,Argentina,ARG,Kily González,MF,27.0,1974.0,0.0
2002,2002 FIFA World Cup,Argentina,ARG,Hernán Crespo,FW,26.0,1975.0,1.0
2002,2002 FIFA World Cup,Argentina,ARG,Marcelo Gallardo,MF,26.0,1976.0,0.0
2002,2002 FIFA World Cup,Argentina,ARG,Claudio Caniggia,FW,35.0,1967.0,0.0
2002,2002 FIFA World Cup,Argentina,ARG,José Chamot,DF,33.0,1969.0,0.0
2002,2002 FIFA World Cup,Argentina,ARG,Roberto Bonano,GK,32.0,1970.0,0.0
2002,2002 FIFA World Cup,Belgium,BEL,Geert De Vlieger,GK,30.0,1971.0,0.0
2002,2002 FIFA World Cup,Belgium,BEL,Éric Deflandre,DF,28.0,1973.0,0.0
2002,2002 FIFA World Cup,Belgium,BEL,Glen De Boeck,DF,30.0,1971.0,0.0
2002,2002 FIFA World Cup,Belgium,BEL,Eric Van Meir,DF,34.0,1968.0,0.0
2002,2002 FIFA World Cup,Belgium,BEL,Nico Van Kerckhoven,DF,31.0,1970.0,0.0
2002,2002 FIFA World Cup,Belgium,BEL,Timmy Simons,MF,25.0,1976.0,0.0
2002,2002 FIFA World Cup,Belgium,BEL,Marc Wilmots,FW,33.0,1969.0,3.0
2002,2002 FIFA World Cup,Belgium,BEL,Bart Goor,MF,29.0,1973.0,0.0
2002,2002 FIFA World Cup,Belgium,BEL,Wesley Sonck,FW,23.0,1978.0,1.0
2002,2002 FIFA World Cup,Belgium,BEL,Johan Walem,MF,30.0,1972.0,1.0
2002,2002 FIFA World Cup,Belgium,BEL,Gert Verheyen,FW,31.0,1970.0,0.0
2002,2002 FIFA World Cup,Belgium,BEL,Peter Van der Heyden,DF,25.0,1976.0,1.0
2002,2002 FIFA World Cup,Belgium,BEL,Franky Vandendriessche,GK,31.0,1971.0,0.0
2002,2002 FIFA World Cup,Belgium,BEL,Sven Vermant,MF,29.0,1973.0,0.0
2002,2002 FIFA World Cup,Belgium,BEL,Jacky Peeters,DF,32.0,1969.0,0.0
2002,2002 FIFA World Cup,Belgium,BEL,Daniel Van Buyten,DF,24.0,1978.0,0.0
2002,2002 FIFA World Cup,Belgium,BEL,Gaëtan Englebert,MF,25.0,1976.0,0.0
2002,2002 FIFA World Cup,Belgium,BEL,Yves Vanderhaeghe,MF,32.0,1970.0,0.0
2002,2002 FIFA World Cup,Belgium,BEL,Bernd Thijs,MF,23.0,1978.0,0.0
2002,2002 FIFA World Cup,Belgium,BEL,Branko Strupar,FW,32.0,1970.0,0.0
2002,2002 FIFA World Cup,Belgium,BEL,Danny Boffin,MF,36.0,1965.0,0.0
2002,2002 FIFA World Cup,Belgium,BEL,Mbo Mpenza,FW,25.0,1976.0,0.0
2002,2002 FIFA World Cup,Belgium,BEL,Frédéric Herpoel,GK,27.0,1974.0,0.0
2002,2002 FIFA World Cup,Brazil,BRA,Marcos,GK,28.0,1973.0,0.0
2002,2002 FIFA World Cup,Brazil,BRA,Cafu,DF,31.0,1970.0,0.0
2002,2002 FIFA World Cup,Brazil,BRA,Lúcio,DF,24.0,1978.0,0.0
2002,2002 FIFA World Cup,Brazil,BRA,Roque Júnior,DF,25.0,1976.0,0.0
2002,2002 FIFA World Cup,Brazil,BRA,Edmílson,DF,25.0,1976.0,1.0
2002,2002 FIFA World Cup,Brazil,BRA,Roberto Carlos,DF,29.0,1973.0,1.0
2002,2002 FIFA World Cup,Brazil,BRA,Ricardinho,MF,26.0,1976.0,0.0
2002,2002 FIFA World Cup,Brazil,BRA,Gilberto Silva,MF,25.0,1976.0,0.0
2002,2002 FIFA World Cup,Brazil,BRA,Ronaldo,FW,25.0,1976.0,8.0
2002,2002 FIFA World Cup,Brazil,BRA,Rivaldo,MF,30.0,1972.0,5.0
2002,2002 FIFA World Cup,Brazil,BRA,Ronaldinho,MF,22.0,1980.0,2.0
2002,2002 FIFA World Cup,Brazil,BRA,Dida,GK,28.0,1973.0,0.0
2002,2002 FIFA World Cup,Brazil,BRA,Juliano Belletti,DF,25.0,1976.0,0.0
2002,2002 FIFA World Cup,Brazil,BRA,Ânderson Polga,DF,23.0,1979.0,0.0
2002,2002 FIFA World Cup,Brazil,BRA,Kléberson,MF,22.0,1979.0,0.0
2002,2002 FIFA World Cup,Brazil,BRA,Júnior,DF,28.0,1973.0,1.0
2002,2002 FIFA World Cup,Brazil,BRA,Denílson,FW,24.0,1977.0,0.0
2002,2002 FIFA World Cup,Brazil,BRA,Vampeta,MF,28.0,1974.0,0.0
2002,2002 FIFA World Cup,Brazil,BRA,Juninho Paulista,MF,29.0,1973.0,0.0
2002,2002 FIFA World Cup,Brazil,BRA,Edílson,FW,30.0,1971.0,0.0
2002,2002 FIFA World Cup,Brazil,BRA,Luizão,FW,26.0,1975.0,0.0
2002,2002 FIFA World Cup,Brazil,BRA,Rogério Ceni,GK,29.0,1973.0,0.0
2002,2002 FIFA World Cup,Brazil,BRA,Kaká,MF,20.0,1982.0,0.0
2002,2002 FIFA World Cup,Cameroon,CMR,Alioum Boukar,GK,30.0,1972.0,0.0
2002,2002 FIFA World Cup,Cameroon,CMR,Bill Tchato,DF,27.0,1975.0,0.0
2002,2002 FIFA World Cup,Cameroon,CMR,Pierre Womé,DF,23.0,1979.0,0.0
2002,2002 FIFA World Cup,Cameroon,CMR,Rigobert Song,DF,25.0,1976.0,0.0
2002,2002 FIFA World Cup,Cameroon,CMR,Raymond Kalla,DF,27.0,1975.0,0.0
2002,2002 FIFA World Cup,Cameroon,CMR,Pierre Njanka,DF,27.0,1975.0,0.0
2002,2002 FIFA World Cup,Cameroon,CMR,Joseph N'Do,MF,26.0,1976.0,0.0
2002,2002 FIFA World Cup,Cameroon,CMR,Geremi,DF,23.0,1978.0,0.0
2002,2002 FIFA World Cup,Cameroon,CMR,Samuel Eto'o,FW,21.0,1981.0,1.0
2002,2002 FIFA World Cup,Cameroon,CMR,Patrick M'Boma,FW,31.0,1970.0,1.0
2002,2002 FIFA World Cup,Cameroon,CMR,Pius Ndiefi,FW,26.0,1975.0,0.0
2002,2002 FIFA World Cup,Cameroon,CMR,Lauren,MF,25.0,1977.0,0.0
2002,2002 FIFA World Cup,Cameroon,CMR,Lucien Mettomo,DF,25.0,1977.0,0.0
2002,2002 FIFA World Cup,Cameroon,CMR,Joël Epalle,MF,24.0,1978.0,0.0
2002,2002 FIFA World Cup,Cameroon,CMR,Nicolas Alnoudji,MF,22.0,1979.0,0.0
2002,2002 FIFA World Cup,Cameroon,CMR,Jacques Songo'o,GK,38.0,1964.0,0.0
2002,2002 FIFA World Cup,Cameroon,CMR,Marc-Vivien Foé,MF,27.0,1975.0,0.0
2002,2002 FIFA World Cup,Cameroon,CMR,Patrick Suffo,FW,24.0,1978.0,0.0
2002,2002 FIFA World Cup,Cameroon,CMR,Eric Djemba-Djemba,MF,21.0,1981.0,0.0
2002,2002 FIFA World Cup,Cameroon,CMR,Salomon Olembé,MF,21.0,1980.0,0.0
2002,2002 FIFA World Cup,Cameroon,CMR,Joseph-Désiré Job,FW,24.0,1977.0,0.0
2002,2002 FIFA World Cup,Cameroon,CMR,Carlos Kameni,GK,18.0,1984.0,0.0
2002,2002 FIFA World Cup,Cameroon,CMR,Daniel Kome,MF,22.0,1980.0,0.0
2002,2002 FIFA World Cup,China PR,CHN,Qi An,GK,20.0,1981.0,0.0
2002,2002 FIFA World Cup,China PR,CHN,Enhua Zhang,DF,29.0,1973.0,0.0
2002,2002 FIFA World Cup,China PR,CHN,Pu Yang,DF,24.0,1978.0,0.0
2002,2002 FIFA World Cup,China PR,CHN,Chengying Wu,DF,27.0,1975.0,0.0
2002,2002 FIFA World Cup,China PR,CHN,Zhiyi Fan,DF,32.0,1969.0,0.0
2002,2002 FIFA World Cup,China PR,CHN,Jiayi Shao,MF,22.0,1980.0,0.0
2002,2002 FIFA World Cup,China PR,CHN,Jihai Sun,DF,24.0,1977.0,0.0
2002,2002 FIFA World Cup,China PR,CHN,Tie Li,MF,25.0,1977.0,0.0
2002,2002 FIFA World Cup,China PR,CHN,Mingyu Ma,MF,32.0,1970.0,0.0
2002,2002 FIFA World Cup,China PR,CHN,Haidong Hao,FW,32.0,1970.0,0.0
2002,2002 FIFA World Cup,China PR,CHN,Genwei Yu,MF,28.0,1974.0,0.0
2002,2002 FIFA World Cup,China PR,CHN,Maozhen Su,FW,29.0,1972.0,0.0
2002,2002 FIFA World Cup,China PR,CHN,Yao Gao,MF,24.0,1977.0,0.0
2002,2002 FIFA World Cup,China PR,CHN,Weifeng Li,DF,23.0,1978.0,0.0
2002,2002 FIFA World Cup,China PR,CHN,Junzhe Zhao,MF,23.0,1979.0,0.0
2002,2002 FIFA World Cup,China PR,CHN,Bo Qu,FW,20.0,1981.0,0.0
2002,2002 FIFA World Cup,China PR,CHN,Wei Du,DF,20.0,1982.0,0.0
2002,2002 FIFA World Cup,China PR,CHN,Xiaopeng Li,MF,26.0,1975.0,0.0
2002,2002 FIFA World Cup,China PR,CHN,Hong Qi,MF,25.0,1976.0,0.0
2002,2002 FIFA World Cup,China PR,CHN,Chen Yang,FW,28.0,1974.0,0.0
2002,2002 FIFA World Cup,China PR,CHN,Yunlong Xu,DF,23.0,1979.0,0.0
2002,2002 FIFA World Cup,China PR,CHN,Jin Jiang,GK,33.0,1968.0,0.0
2002,2002 FIFA World Cup,China PR,CHN,Chuliang Ou,GK,33.0,1968.0,0.0
2002,2002 FIFA World Cup,Costa Rica,CRI,Erick Lonnis,GK,36.0,1965.0,0.0
2002,2002 FIFA World Cup,Costa Rica,CRI,Jervis Drummond,DF,25.0,1976.0,0.0
2002,2002 FIFA World Cup,Costa Rica,CRI,Luis Marín,DF,27.0,1974.0,0.0
2002,2002 FIFA World Cup,Costa Rica,CRI,Mauricio Wright,DF,31.0,1970.0,1.0
2002,2002 FIFA World Cup,Costa Rica,CRI,Gilberto Martínez,DF,22.0,1979.0,0.0
2002,2002 FIFA World Cup,Costa Rica,CRI,Wílmer López,MF,31.0,1971.0,0.0
2002,2002 FIFA World Cup,Costa Rica,CRI,Rolando Fonseca,FW,27.0,1974.0,0.0
2002,2002 FIFA World Cup,Costa Rica,CRI,Mauricio Solís,MF,29.0,1972.0,0.0
2002,2002 FIFA World Cup,Costa Rica,CRI,Paulo Wanchope,FW,25.0,1976.0,1.0
2002,2002 FIFA World Cup,Costa Rica,CRI,Walter Centeno,MF,27.0,1974.0,0.0
2002,2002 FIFA World Cup,Costa Rica,CRI,Rónald Gómez,FW,27.0,1975.0,2.0
2002,2002 FIFA World Cup,Costa Rica,CRI,Winston Parks,FW,20.0,1981.0,1.0
2002,2002 FIFA World Cup,Costa Rica,CRI,Daniel Vallejos,DF,21.0,1981.0,0.0
2002,2002 FIFA World Cup,Costa Rica,CRI,Juan José Rodríguez,DF,34.0,1967.0,0.0
2002,2002 FIFA World Cup,Costa Rica,CRI,Harold Wallace,DF,26.0,1975.0,0.0
2002,2002 FIFA World Cup,Costa Rica,CRI,Steven Bryce,FW,24.0,1977.0,0.0
2002,2002 FIFA World Cup,Costa Rica,CRI,Hernán Medford,MF,34.0,1968.0,0.0
2002,2002 FIFA World Cup,Costa Rica,CRI,Álvaro Mesén,GK,29.0,1972.0,0.0
2002,2002 FIFA World Cup,Costa Rica,CRI,Rodrigo Cordero,MF,28.0,1973.0,0.0
2002,2002 FIFA World Cup,Costa Rica,CRI,William Sunsing,FW,25.0,1977.0,0.0
2002,2002 FIFA World Cup,Costa Rica,CRI,Pablo Chinchilla,DF,23.0,1978.0,0.0
2002,2002 FIFA World Cup,Costa Rica,CRI,Carlos Castro,DF,23.0,1978.0,0.0
2002,2002 FIFA World Cup,Costa Rica,CRI,Lester Morgan,GK,26.0,1976.0,0.0
2002,2002 FIFA World Cup,Croatia,HRV,Stipe Pletikosa,GK,23.0,1979.0,0.0
2002,2002 FIFA World Cup,Croatia,HRV,Anthony Šerić,DF,23.0,1979.0,0.0
2002,2002 FIFA World Cup,Croatia,HRV,Josip Šimunić,DF,24.0,1978.0,0.0
2002,2002 FIFA World Cup,Croatia,HRV,Stjepan Tomas,DF,26.0,1976.0,0.0
2002,2002 FIFA World Cup,Croatia,HRV,Milan Rapaić,MF,28.0,1973.0,1.0
2002,2002 FIFA World Cup,Croatia,HRV,Boris Živković,DF,26.0,1975.0,0.0
2002,2002 FIFA World Cup,Croatia,HRV,Davor Vugrinec,FW,27.0,1975.0,0.0
2002,2002 FIFA World Cup,Croatia,HRV,Robert Prosinečki,MF,33.0,1969.0,0.0
2002,2002 FIFA World Cup,Croatia,HRV,Davor Šuker,FW,34.0,1968.0,0.0
2002,2002 FIFA World Cup,Croatia,HRV,Niko Kovač,MF,30.0,1971.0,0.0
2002,2002 FIFA World Cup,Croatia,HRV,Alen Bokšić,FW,32.0,1970.0,0.0
2002,2002 FIFA World Cup,Croatia,HRV,Tomislav Butina,GK,28.0,1974.0,0.0
2002,2002 FIFA World Cup,Croatia,HRV,Mario Stanić,MF,30.0,1972.0,0.0
2002,2002 FIFA World Cup,Croatia,HRV,Zvonimir Soldo,MF,34.0,1967.0,0.0
2002,2002 FIFA World Cup,Croatia,HRV,Daniel Šarić,DF,29.0,1972.0,0.0
2002,2002 FIFA World Cup,Croatia,HRV,Jurica Vranješ,MF,22.0,1980.0,0.0
2002,2002 FIFA World Cup,Croatia,HRV,Robert Jarni,DF,33.0,1968.0,0.0
2002,2002 FIFA World Cup,Croatia,HRV,Ivica Olić,FW,22.0,1979.0,1.0
2002,2002 FIFA World Cup,Croatia,HRV,Goran Vlaović,FW,29.0,1972.0,0.0
2002,2002 FIFA World Cup,Croatia,HRV,Dario Šimić,DF,26.0,1975.0,0.0
2002,2002 FIFA World Cup,Croatia,HRV,Robert Kovač,DF,28.0,1974.0,0.0
2002,2002 FIFA World Cup,Croatia,HRV,Boško Balaban,FW,23.0,1978.0,0.0
2002,2002 FIFA World Cup,Croatia,HRV,Vladimir Vasilj,GK,26.0,1975.0,0.0
2002,2002 FIFA World Cup,Denmark,DNK,Thomas Sørensen,GK,25.0,1976.0,0.0
2002,2002 FIFA World Cup,Denmark,DNK,Stig Tøfting,MF,32.0,1969.0,0.0
2002,2002 FIFA World Cup,Denmark,DNK,René Henriksen,DF,32.0,1969.0,0.0
2002,2002 FIFA World Cup,Denmark,DNK,Martin Laursen,DF,24.0,1977.0,0.0
2002,2002 FIFA World Cup,Denmark,DNK,Jan Heintze,DF,38.0,1963.0,0.0
2002,2002 FIFA World Cup,Denmark,DNK,Thomas Helveg,DF,30.0,1971.0,0.0
2002,2002 FIFA World Cup,Denmark,DNK,Thomas Gravesen,MF,26.0,1976.0,0.0
2002,2002 FIFA World Cup,Denmark,DNK,Jesper Grønkjær,MF,24.0,1977.0,0.0
2002,2002 FIFA World Cup,Denmark,DNK,Jon Dahl Tomasson,FW,25.0,1976.0,4.0
2002,2002 FIFA World Cup,Denmark,DNK,Martin Jørgensen,MF,26.0,1975.0,0.0
2002,2002 FIFA World Cup,Denmark,DNK,Ebbe Sand,FW,29.0,1972.0,0.0
2002,2002 FIFA World Cup,Denmark,DNK,Niclas Jensen,DF,27.0,1974.0,0.0
2002,2002 FIFA World Cup,Denmark,DNK,Steven Lustü,DF,31.0,1971.0,0.0
2002,2002 FIFA World Cup,Denmark,DNK,Claus Jensen,MF,25.0,1977.0,0.0
2002,2002 FIFA World Cup,Denmark,DNK,Jan Michaelsen,MF,31.0,1970.0,0.0
2002,2002 FIFA World Cup,Denmark,DNK,Peter Kjær,GK,36.0,1965.0,0.0
2002,2002 FIFA World Cup,Denmark,DNK,Christian Poulsen,MF,22.0,1980.0,0.0
2002,2002 FIFA World Cup,Denmark,DNK,Peter Løvenkrands,FW,22.0,1980.0,0.0
2002,2002 FIFA World Cup,Denmark,DNK,Dennis Rommedahl,MF,23.0,1978.0,1.0
2002,2002 FIFA World Cup,Denmark,DNK,Kasper Bøgelund,DF,21.0,1980.0,0.0
2002,2002 FIFA World Cup,Denmark,DNK,Peter Madsen,FW,24.0,1978.0,0.0
2002,2002 FIFA World Cup,Denmark,DNK,Jesper Christiansen,GK,24.0,1978.0,0.0
2002,2002 FIFA World Cup,Denmark,DNK,Brian Steen Nielsen,MF,33.0,1968.0,0.0
2002,2002 FIFA World Cup,Ecuador,ECU,José Francisco Cevallos,GK,31.0,1971.0,0.0
2002,2002 FIFA World Cup,Ecuador,ECU,Augusto Porozo,DF,28.0,1974.0,0.0
2002,2002 FIFA World Cup,Ecuador,ECU,Iván Hurtado,DF,27.0,1974.0,0.0
2002,2002 FIFA World Cup,Ecuador,ECU,Ulises de la Cruz,DF,28.0,1974.0,0.0
2002,2002 FIFA World Cup,Ecuador,ECU,Alfonso Obregón,MF,30.0,1972.0,0.0
2002,2002 FIFA World Cup,Ecuador,ECU,Raúl Guerrón,DF,25.0,1976.0,0.0
2002,2002 FIFA World Cup,Ecuador,ECU,Nicolás Asencio,FW,27.0,1975.0,0.0
2002,2002 FIFA World Cup,Ecuador,ECU,Luis Gómez,MF,30.0,1972.0,0.0
2002,2002 FIFA World Cup,Ecuador,ECU,Iván Kaviedes,FW,24.0,1977.0,0.0
2002,2002 FIFA World Cup,Ecuador,ECU,Álex Aguinaga,MF,33.0,1968.0,0.0
2002,2002 FIFA World Cup,Ecuador,ECU,Agustín Delgado,FW,27.0,1974.0,1.0
2002,2002 FIFA World Cup,Ecuador,ECU,Oswaldo Ibarra,GK,32.0,1969.0,0.0
2002,2002 FIFA World Cup,Ecuador,ECU,Ángel Fernández,FW,30.0,1971.0,0.0
2002,2002 FIFA World Cup,Ecuador,ECU,Juan Carlos Burbano,MF,33.0,1969.0,0.0
2002,2002 FIFA World Cup,Ecuador,ECU,Marlon Ayoví,DF,30.0,1971.0,0.0
2002,2002 FIFA World Cup,Ecuador,ECU,Cléber Chalá,MF,30.0,1971.0,0.0
2002,2002 FIFA World Cup,Ecuador,ECU,Giovanny Espinoza,DF,25.0,1977.0,0.0
2002,2002 FIFA World Cup,Ecuador,ECU,Carlos Tenorio,FW,23.0,1979.0,0.0
2002,2002 FIFA World Cup,Ecuador,ECU,Édison Méndez,FW,23.0,1979.0,1.0
2002,2002 FIFA World Cup,Ecuador,ECU,Edwin Tenorio,MF,25.0,1976.0,0.0
2002,2002 FIFA World Cup,Ecuador,ECU,Wellington Sánchez,MF,27.0,1974.0,0.0
2002,2002 FIFA World Cup,Ecuador,ECU,Daniel Viteri,GK,20.0,1981.0,0.0
2002,2002 FIFA World Cup,Ecuador,ECU,Walter Ayoví,DF,22.0,1979.0,0.0
2002,2002 FIFA World Cup,England,ENG,David Seaman,GK,38.0,1963.0,0.0
2002,2002 FIFA World Cup,England,ENG,Danny Mills,DF,25.0,1977.0,0.0
2002,2002 FIFA World Cup,England,ENG,Ashley Cole,DF,21.0,1980.0,0.0
2002,2002 FIFA World Cup,England,ENG,Trevor Sinclair,MF,29.0,1973.0,0.0
2002,2002 FIFA World Cup,England,ENG,Rio Ferdinand,DF,23.0,1978.0,1.0
2002,2002 FIFA World Cup,England,ENG,Sol Campbell,DF,27.0,1974.0,1.0
2002,2002 FIFA World Cup,England,ENG,David Beckham,MF,27.0,1975.0,1.0
2002,2002 FIFA World Cup,England,ENG,Paul Scholes,MF,27.0,1974.0,0.0
2002,2002 FIFA World Cup,England,ENG,Robbie Fowler,FW,27.0,1975.0,0.0
2002,2002 FIFA World Cup,England,ENG,Michael Owen,FW,22.0,1979.0,2.0
2002,2002 FIFA World Cup,England,ENG,Emile Heskey,FW,24.0,1978.0,1.0
2002,2002 FIFA World Cup,England,ENG,Wes Brown,DF,22.0,1979.0,0.0
2002,2002 FIFA World Cup,England,ENG,Nigel Martyn,GK,35.0,1966.0,0.0
2002,2002 FIFA World Cup,England,ENG,Wayne Bridge,DF,21.0,1980.0,0.0
2002,2002 FIFA World Cup,England,ENG,Martin Keown,DF,35.0,1966.0,0.0
2002,2002 FIFA World Cup,England,ENG,Gareth Southgate,DF,31.0,1970.0,0.0
2002,2002 FIFA World Cup,England,ENG,Teddy Sheringham,FW,36.0,1966.0,0.0
2002,2002 FIFA World Cup,England,ENG,Owen Hargreaves,MF,21.0,1981.0,0.0
2002,2002 FIFA World Cup,England,ENG,Joe Cole,MF,20.0,1981.0,0.0
2002,2002 FIFA World Cup,England,ENG,Darius Vassell,FW,21.0,1980.0,0.0
2002,2002 FIFA World Cup,England,ENG,Nicky Butt,MF,27.0,1975.0,0.0
2002,2002 FIFA World Cup,England,ENG,David James,GK,31.0,1970.0,0.0
2002,2002 FIFA World Cup,England,ENG,Kieron Dyer,MF,23.0,1978.0,0.0
2002,2002 FIFA World Cup,France,FRA,Ulrich Ramé,GK,29.0,1972.0,0.0
2002,2002 FIFA World Cup,France,FRA,Vincent Candela,DF,28.0,1973.0,0.0
2002,2002 FIFA World Cup,France,FRA,Bixente Lizarazu,DF,32.0,1969.0,0.0
2002,2002 FIFA World Cup,France,FRA,Patrick Vieira,MF,25.0,1976.0,0.0
2002,2002 FIFA World Cup,France,FRA,Philippe Christanval,DF,23.0,1978.0,0.0
2002,2002 FIFA World Cup,France,FRA,Youri Djorkaeff,MF,34.0,1968.0,0.0
2002,2002 FIFA World Cup,France,FRA,Claude Makélélé,MF,29.0,1973.0,0.0
2002,2002 FIFA World Cup,France,FRA,Marcel Desailly,DF,33.0,1968.0,0.0
2002,2002 FIFA World Cup,France,FRA,Djibril Cissé,FW,20.0,1981.0,0.0
2002,2002 FIFA World Cup,France,FRA,Zinedine Zidane,MF,29.0,1972.0,0.0
2002,2002 FIFA World Cup,France,FRA,Sylvain Wiltord,FW,28.0,1974.0,0.0
2002,2002 FIFA World Cup,France,FRA,Thierry Henry,FW,24.0,1977.0,0.0
2002,2002 FIFA World Cup,France,FRA,Mikaël Silvestre,DF,24.0,1977.0,0.0
2002,2002 FIFA World Cup,France,FRA,Alain Boghossian,MF,31.0,1970.0,0.0
2002,2002 FIFA World Cup,France,FRA,Lilian Thuram,DF,30.0,1972.0,0.0
2002,2002 FIFA World Cup,France,FRA,Fabien Barthez,GK,30.0,1971.0,0.0
2002,2002 FIFA World Cup,France,FRA,Emmanuel Petit,MF,31.0,1970.0,0.0
2002,2002 FIFA World Cup,France,FRA,Frank Leboeuf,DF,34.0,1968.0,0.0
2002,2002 FIFA World Cup,France,FRA,Willy Sagnol,DF,25.0,1977.0,0.0
2002,2002 FIFA World Cup,France,FRA,David Trezeguet,FW,24.0,1977.0,0.0
2002,2002 FIFA World Cup,France,FRA,Christophe Dugarry,FW,30.0,1972.0,0.0
2002,2002 FIFA World Cup,France,FRA,Johan Micoud,MF,28.0,1973.0,0.0
2002,2002 FIFA World Cup,France,FRA,Grégory Coupet,GK,29.0,1972.0,0.0
2002,2002 FIFA World Cup,Germany,DEU,Oliver Kahn,GK,32.0,1969.0,0.0
2002,2002 FIFA World Cup,Germany,DEU,Thomas Linke,DF,32.0,1969.0,1.0
2002,2002 FIFA World Cup,Germany,DEU,Marko Rehmer,DF,30.0,1972.0,0.0
2002,2002 FIFA World Cup,Germany,DEU,Frank Baumann,DF,26.0,1975.0,0.0
2002,2002 FIFA World Cup,Germany,DEU,Carsten Ramelow,MF,28.0,1974.0,0.0
2002,2002 FIFA World Cup,Germany,DEU,Christian Ziege,DF,30.0,1972.0,0.0
2002,2002 FIFA World Cup,Germany,DEU,Oliver Neuville,FW,29.0,1973.0,1.0
2002,2002 FIFA World Cup,Germany,DEU,Dietmar Hamann,MF,28.0,1973.0,0.0
2002,2002 FIFA World Cup,Germany,DEU,Carsten Jancker,FW,27.0,1974.0,1.0
2002,2002 FIFA World Cup,Germany,DEU,Lars Ricken,MF,25.0,1976.0,0.0
2002,2002 FIFA World Cup,Germany,DEU,Miroslav Klose,FW,23.0,1978.0,5.0
2002,2002 FIFA World Cup,Germany,DEU,Jens Lehmann,GK,32.0,1969.0,0.0
2002,2002 FIFA World Cup,Germany,DEU,Michael Ballack,MF,25.0,1976.0,3.0
2002,2002 FIFA World Cup,Germany,DEU,Gerald Asamoah,FW,23.0,1978.0,0.0
2002,2002 FIFA World Cup,Germany,DEU,Sebastian Kehl,DF,22.0,1980.0,0.0
2002,2002 FIFA World Cup,Germany,DEU,Jens Jeremies,MF,28.0,1974.0,0.0
2002,2002 FIFA World Cup,Germany,DEU,Marco Bode,MF,32.0,1969.0,1.0
2002,2002 FIFA World Cup,Germany,DEU,Jörg Böhme,MF,28.0,1974.0,0.0
2002,2002 FIFA World Cup,Germany,DEU,Bernd Schneider,MF,28.0,1973.0,1.0
2002,2002 FIFA World Cup,Germany,DEU,Oliver Bierhoff,FW,34.0,1968.0,1.0
2002,2002 FIFA World Cup,Germany,DEU,Christoph Metzelder,DF,21.0,1980.0,0.0
2002,2002 FIFA World Cup,Germany,DEU,Torsten Frings,MF,25.0,1976.0,0.0
2002,2002 FIFA World Cup,Germany,DEU,Hans-Jörg Butt,GK,28.0,1974.0,0.0
2002,2002 FIFA World Cup,Italy,ITA,Gianluigi Buffon,GK,24.0,1978.0,0.0
2002,2002 FIFA World Cup,Italy,ITA,Christian Panucci,DF,29.0,1973.0,0.0
2002,2002 FIFA World Cup,Italy,ITA,Paolo Maldini,DF,33.0,1968.0,0.0
2002,2002 FIFA World Cup,Italy,ITA,Francesco Coco,DF,25.0,1977.0,0.0
2002,2002 FIFA World Cup,Italy,ITA,Fabio Cannavaro,DF,28.0,1973.0,0.0
2002,2002 FIFA World Cup,Italy,ITA,Cristiano Zanetti,MF,25.0,1977.0,0.0
2002,2002 FIFA World Cup,Italy,ITA,Alessandro Del Piero,FW,27.0,1974.0,1.0
2002,2002 FIFA World Cup,Italy,ITA,Gennaro Gattuso,MF,24.0,1978.0,0.0
2002,2002 FIFA World Cup,Italy,ITA,Filippo Inzaghi,FW,28.0,1973.0,0.0
2002,2002 FIFA World Cup,Italy,ITA,Francesco Totti,FW,25.0,1976.0,0.0
2002,2002 FIFA World Cup,Italy,ITA,Cristiano Doni,MF,29.0,1973.0,0.0
2002,2002 FIFA World Cup,Italy,ITA,Christian Abbiati,GK,24.0,1977.0,0.0
2002,2002 FIFA World Cup,Italy,ITA,Alessandro Nesta,DF,26.0,1976.0,0.0
2002,2002 FIFA World Cup,Italy,ITA,Luigi Di Biagio,MF,30.0,1971.0,0.0
2002,2002 FIFA World Cup,Italy,ITA,Mark Iuliano,DF,28.0,1973.0,0.0
2002,2002 FIFA World Cup,Italy,ITA,Angelo Di Livio,MF,35.0,1966.0,0.0
2002,2002 FIFA World Cup,Italy,ITA,Damiano Tommasi,MF,28.0,1974.0,0.0
2002,2002 FIFA World Cup,Italy,ITA,Marco Delvecchio,FW,29.0,1973.0,0.0
2002,2002 FIFA World Cup,Italy,ITA,Gianluca Zambrotta,DF,25.0,1977.0,0.0
2002,2002 FIFA World Cup,Italy,ITA,Vincenzo Montella,FW,27.0,1974.0,0.0
2002,2002 FIFA World Cup,Italy,ITA,Christian Vieri,FW,28.0,1973.0,4.0
2002,2002 FIFA World Cup,Italy,ITA,Francesco Toldo,GK,30.0,1971.0,0.0
2002,2002 FIFA World Cup,Italy,ITA,Marco Materazzi,DF,28.0,1973.0,0.0
2002,2002 FIFA World Cup,Japan,JPN,Yoshikatsu Kawaguchi,GK,26.0,1975.0,0.0
2002,2002 FIFA World Cup,Japan,JPN,Yutaka Akita,DF,31.0,1970.0,0.0
2002,2002 FIFA World Cup,Japan,JPN,Naoki Matsuda,DF,25.0,1977.0,0.0
2002,2002 FIFA World Cup,Japan,JPN,Ryuzo Morioka,DF,26.0,1975.0,0.0
2002,2002 FIFA World Cup,Japan,JPN,Junichi Inamoto,MF,22.0,1979.0,2.0
2002,2002 FIFA World Cup,Japan,JPN,Toshihiro Hattori,DF,28.0,1973.0,0.0
2002,2002 FIFA World Cup,Japan,JPN,Hidetoshi Nakata,MF,25.0,1977.0,1.0
2002,2002 FIFA World Cup,Japan,JPN,Hiroaki Morishima,MF,30.0,1972.0,1.0
2002,2002 FIFA World Cup,Japan,JPN,Akinori Nishizawa,FW,25.0,1976.0,0.0
2002,2002 FIFA World Cup,Japan,JPN,Masashi Nakayama,FW,34.0,1967.0,0.0
2002,2002 FIFA World Cup,Japan,JPN,Takayuki Suzuki,FW,25.0,1976.0,1.0
2002,2002 FIFA World Cup,Japan,JPN,Seigo Narazaki,GK,26.0,1976.0,0.0
2002,2002 FIFA World Cup,Japan,JPN,Atsushi Yanagisawa,FW,25.0,1977.0,0.0
2002,2002 FIFA World Cup,Japan,JPN,Alessandro Santos,MF,24.0,1977.0,0.0
2002,2002 FIFA World Cup,Japan,JPN,Takashi Fukunishi,MF,25.0,1976.0,0.0
2002,2002 FIFA World Cup,Japan,JPN,Kōji Nakata,DF,22.0,1979.0,0.0
2002,2002 FIFA World Cup,Japan,JPN,Tsuneyasu Miyamoto,DF,25.0,1977.0,0.0
2002,2002 FIFA World Cup,Japan,JPN,Shinji Ono,MF,22.0,1979.0,0.0
2002,2002 FIFA World Cup,Japan,JPN,Mitsuo Ogasawara,MF,23.0,1979.0,0.0
2002,2002 FIFA World Cup,Japan,JPN,Tomokazu Myojin,MF,24.0,1978.0,0.0
2002,2002 FIFA World Cup,Japan,JPN,Kazuyuki Toda,MF,24.0,1977.0,0.0
2002,2002 FIFA World Cup,Japan,JPN,Daisuke Ichikawa,MF,22.0,1980.0,0.0
2002,2002 FIFA World Cup,Japan,JPN,Hitoshi Sogahata,GK,22.0,1979.0,0.0
2002,2002 FIFA World Cup,Mexico,MEX,Óscar Pérez,GK,29.0,1973.0,0.0
2002,2002 FIFA World Cup,Mexico,MEX,Francisco Gabriel de Anda,DF,30.0,1971.0,0.0
2002,2002 FIFA World Cup,Mexico,MEX,Rafael García,MF,27.0,1974.0,0.0
2002,2002 FIFA World Cup,Mexico,MEX,Rafael Márquez,DF,23.0,1979.0,0.0
2002,2002 FIFA World Cup,Mexico,MEX,Manuel Vidrio,DF,29.0,1972.0,0.0
2002,2002 FIFA World Cup,Mexico,MEX,Gerardo Torrado,MF,23.0,1979.0,1.0
2002,2002 FIFA World Cup,Mexico,MEX,Ramón Morales,MF,26.0,1975.0,0.0
2002,2002 FIFA World Cup,Mexico,MEX,Alberto García Aspe,MF,35.0,1967.0,0.0
2002,2002 FIFA World Cup,Mexico,MEX,Jared Borgetti,FW,28.0,1973.0,2.0
2002,2002 FIFA World Cup,Mexico,MEX,Cuauhtémoc Blanco,FW,29.0,1973.0,1.0
2002,2002 FIFA World Cup,Mexico,MEX,Braulio Luna,MF,27.0,1974.0,0.0
2002,2002 FIFA World Cup,Mexico,MEX,Oswaldo Sánchez,GK,28.0,1973.0,0.0
2002,2002 FIFA World Cup,Mexico,MEX,Sigifredo Mercado,MF,33.0,1968.0,0.0
2002,2002 FIFA World Cup,Mexico,MEX,Germán Villa,MF,29.0,1973.0,0.0
2002,2002 FIFA World Cup,Mexico,MEX,Luis Hernández,FW,33.0,1968.0,0.0
2002,2002 FIFA World Cup,Mexico,MEX,Salvador Carmona,DF,26.0,1975.0,0.0
2002,2002 FIFA World Cup,Mexico,MEX,Francisco Palencia,FW,29.0,1973.0,0.0
2002,2002 FIFA World Cup,Mexico,MEX,Johan Rodríguez,MF,26.0,1975.0,0.0
2002,2002 FIFA World Cup,Mexico,MEX,Gabriel Caballero,MF,31.0,1971.0,0.0
2002,2002 FIFA World Cup,Mexico,MEX,Melvin Brown,DF,23.0,1979.0,0.0
2002,2002 FIFA World Cup,Mexico,MEX,Jesús Arellano,FW,29.0,1973.0,0.0
2002,2002 FIFA World Cup,Mexico,MEX,Alberto Rodríguez,DF,28.0,1974.0,0.0
2002,2002 FIFA World Cup,Mexico,MEX,Jorge Campos,GK,35.0,1966.0,0.0
2002,2002 FIFA World Cup,Nigeria,NGA,Ike Shorunmu,GK,34.0,1967.0,0.0
2002,2002 FIFA World Cup,Nigeria,NGA,Joseph Yobo,DF,21.0,1980.0,0.0
2002,2002 FIFA World Cup,Nigeria,NGA,Celestine Babayaro,DF,23.0,1978.0,0.0
2002,2002 FIFA World Cup,Nigeria,NGA,Nwankwo Kanu,FW,25.0,1976.0,0.0
2002,2002 FIFA World Cup,Nigeria,NGA,Isaac Okoronkwo,DF,24.0,1978.0,0.0
2002,2002 FIFA World Cup,Nigeria,NGA,Taribo West,DF,28.0,1974.0,0.0
2002,2002 FIFA World Cup,Nigeria,NGA,Pius Ikedia,MF,21.0,1980.0,0.0
2002,2002 FIFA World Cup,Nigeria,NGA,Mutiu Adepoju,MF,31.0,1970.0,0.0
2002,2002 FIFA World Cup,Nigeria,NGA,Bartholomew Ogbeche,FW,17.0,1984.0,0.0
2002,2002 FIFA World Cup,Nigeria,NGA,Jay-Jay Okocha,MF,28.0,1973.0,0.0
2002,2002 FIFA World Cup,Nigeria,NGA,Garba Lawal,MF,28.0,1974.0,0.0
2002,2002 FIFA World Cup,Nigeria,NGA,Austin Ejide,GK,18.0,1984.0,0.0
2002,2002 FIFA World Cup,Nigeria,NGA,Rabiu Afolabi,DF,22.0,1980.0,0.0
2002,2002 FIFA World Cup,Nigeria,NGA,Ifeanyi Udeze,DF,21.0,1980.0,0.0
2002,2002 FIFA World Cup,Nigeria,NGA,Justice Christopher,MF,20.0,1981.0,0.0
2002,2002 FIFA World Cup,Nigeria,NGA,Efe Sodje,DF,29.0,1972.0,0.0
2002,2002 FIFA World Cup,Nigeria,NGA,Julius Aghahowa,FW,20.0,1982.0,1.0
2002,2002 FIFA World Cup,Nigeria,NGA,Benedict Akwuegbu,FW,27.0,1974.0,0.0
2002,2002 FIFA World Cup,Nigeria,NGA,Eric Ejiofor,DF,22.0,1979.0,0.0
2002,2002 FIFA World Cup,Nigeria,NGA,James Obiorah,MF,23.0,1978.0,0.0
2002,2002 FIFA World Cup,Nigeria,NGA,John Utaka,MF,20.0,1982.0,0.0
2002,2002 FIFA World Cup,Nigeria,NGA,Vincent Enyeama,GK,19.0,1982.0,0.0
2002,2002 FIFA World Cup,Nigeria,NGA,Femi Opabunmi,MF,17.0,1985.0,0.0
2002,2002 FIFA World Cup,Paraguay,PRY,José Luis Chilavert,GK,36.0,1965.0,0.0
2002,2002 FIFA World Cup,Paraguay,PRY,Francisco Arce,DF,31.0,1971.0,1.0
2002,2002 FIFA World Cup,Paraguay,PRY,Pedro Sarabia,DF,26.0,1975.0,0.0
2002,2002 FIFA World Cup,Paraguay,PRY,Carlos Gamarra,DF,31.0,1971.0,0.0
2002,2002 FIFA World Cup,Paraguay,PRY,Celso Ayala,DF,31.0,1970.0,0.0
2002,2002 FIFA World Cup,Paraguay,PRY,Estanislao Struway,MF,33.0,1968.0,0.0
2002,2002 FIFA World Cup,Paraguay,PRY,Richart Báez,FW,28.0,1973.0,0.0
2002,2002 FIFA World Cup,Paraguay,PRY,Guido Alvarenga,MF,31.0,1970.0,0.0
2002,2002 FIFA World Cup,Paraguay,PRY,Roque Santa Cruz,FW,20.0,1981.0,1.0
2002,2002 FIFA World Cup,Paraguay,PRY,Roberto Acuña,MF,30.0,1972.0,0.0
2002,2002 FIFA World Cup,Paraguay,PRY,Jorge Luis Campos,FW,31.0,1970.0,1.0
2002,2002 FIFA World Cup,Paraguay,PRY,Justo Villar,GK,24.0,1977.0,0.0
2002,2002 FIFA World Cup,Paraguay,PRY,Carlos Paredes,MF,25.0,1976.0,0.0
2002,2002 FIFA World Cup,Paraguay,PRY,Diego Gavilán,MF,22.0,1980.0,0.0
2002,2002 FIFA World Cup,Paraguay,PRY,Carlos Bonet,MF,24.0,1977.0,0.0
2002,2002 FIFA World Cup,Paraguay,PRY,Gustavo Morínigo,MF,25.0,1977.0,0.0
2002,2002 FIFA World Cup,Paraguay,PRY,Juan Carlos Franco,DF,29.0,1973.0,0.0
2002,2002 FIFA World Cup,Paraguay,PRY,Julio César Cáceres,DF,22.0,1979.0,0.0
2002,2002 FIFA World Cup,Paraguay,PRY,Daniel Sanabria,DF,25.0,1977.0,0.0
2002,2002 FIFA World Cup,Paraguay,PRY,José Cardozo,FW,31.0,1971.0,0.0
2002,2002 FIFA World Cup,Paraguay,PRY,Denis Caniza,DF,27.0,1974.0,0.0
2002,2002 FIFA World Cup,Paraguay,PRY,Ricardo Tavarelli,GK,31.0,1970.0,0.0
2002,2002 FIFA World Cup,Paraguay,PRY,Nelson Cuevas,FW,22.0,1980.0,2.0
2002,2002 FIFA World Cup,Poland,POL,Jerzy Dudek,GK,29.0,1973.0,0.0
2002,2002 FIFA World Cup,Poland,POL,Tomasz Kłos,DF,29.0,1973.0,0.0
2002,2002 FIFA World Cup,Poland,POL,Jacek Zieliński,DF,34.0,1967.0,0.0
2002,2002 FIFA World Cup,Poland,POL,Michał Żewłakow,DF,26.0,1976.0,0.0
2002,2002 FIFA World Cup,Poland,POL,Tomasz Rząsa,DF,29.0,1973.0,0.0
2002,2002 FIFA World Cup,Poland,POL,Tomasz Hajto,DF,29.0,1972.0,0.0
2002,2002 FIFA World Cup,Poland,POL,Piotr Świerczewski,MF,30.0,1972.0,0.0
2002,2002 FIFA World Cup,Poland,POL,Cezary Kucharski,FW,30.0,1972.0,0.0
2002,2002 FIFA World Cup,Poland,POL,Paweł Kryszałowicz,FW,27.0,1974.0,1.0
2002,2002 FIFA World Cup,Poland,POL,Radosław Kałużny,MF,28.0,1974.0,0.0
2002,2002 FIFA World Cup,Poland,POL,Emmanuel Olisadebe,FW,23.0,1978.0,1.0
2002,2002 FIFA World Cup,Poland,POL,Radosław Majdan,GK,30.0,1972.0,0.0
2002,2002 FIFA World Cup,Poland,POL,Arkadiusz Głowacki,DF,23.0,1979.0,0.0
2002,2002 FIFA World Cup,Poland,POL,Marcin Żewłakow,FW,26.0,1976.0,1.0
2002,2002 FIFA World Cup,Poland,POL,Tomasz Wałdoch,DF,31.0,1971.0,0.0
2002,2002 FIFA World Cup,Poland,POL,Maciej Murawski,DF,28.0,1974.0,0.0
2002,2002 FIFA World Cup,Poland,POL,Arkadiusz Bąk,MF,27.0,1974.0,0.0
2002,2002 FIFA World Cup,Poland,POL,Jacek Krzynówek,MF,26.0,1976.0,0.0
2002,2002 FIFA World Cup,Poland,POL,Maciej Żurawski,FW,25.0,1976.0,0.0
2002,2002 FIFA World Cup,Poland,POL,Jacek Bąk,DF,29.0,1973.0,0.0
2002,2002 FIFA World Cup,Poland,POL,Marek Koźmiński,MF,31.0,1971.0,0.0
2002,2002 FIFA World Cup,Poland,POL,Adam Matysek,GK,33.0,1968.0,0.0
2002,2002 FIFA World Cup,Poland,POL,Paweł Sibik,MF,31.0,1971.0,0.0
2002,2002 FIFA World Cup,Portugal,PRT,Vítor Baía,GK,32.0,1969.0,0.0
2002,2002 FIFA World Cup,Portugal,PRT,Jorge Costa,DF,30.0,1971.0,0.0
2002,2002 FIFA World Cup,Portugal,PRT,Abel Xavier,DF,29.0,1972.0,0.0
2002,2002 FIFA World Cup,Portugal,PRT,Marco Caneira,DF,23.0,1979.0,0.0
2002,2002 FIFA World Cup,Portugal,PRT,Fernando Couto,DF,32.0,1969.0,0.0
2002,2002 FIFA World Cup,Portugal,PRT,Paulo Sousa,MF,31.0,1970.0,0.0
2002,2002 FIFA World Cup,Portugal,PRT,Luís Figo,MF,29.0,1972.0,0.0
2002,2002 FIFA World Cup,Portugal,PRT,João Pinto,FW,30.0,1971.0,0.0
2002,2002 FIFA World Cup,Portugal,PRT,Pauleta,FW,29.0,1973.0,3.0
2002,2002 FIFA World Cup,Portugal,PRT,Rui Costa,MF,30.0,1972.0,1.0
2002,2002 FIFA World Cup,Portugal,PRT,Sérgio Conceição,MF,27.0,1974.0,0.0
2002,2002 FIFA World Cup,Portugal,PRT,Hugo Viana,MF,19.0,1983.0,0.0
2002,2002 FIFA World Cup,Portugal,PRT,Jorge Andrade,DF,24.0,1978.0,0.0
2002,2002 FIFA World Cup,Portugal,PRT,Pedro Barbosa,MF,31.0,1970.0,0.0
2002,2002 FIFA World Cup,Portugal,PRT,Nélson Pereira,GK,26.0,1975.0,0.0
2002,2002 FIFA World Cup,Portugal,PRT,Ricardo,GK,26.0,1976.0,0.0
2002,2002 FIFA World Cup,Portugal,PRT,Paulo Bento,MF,32.0,1969.0,0.0
2002,2002 FIFA World Cup,Portugal,PRT,Nuno Frechaut,DF,24.0,1977.0,0.0
2002,2002 FIFA World Cup,Portugal,PRT,Capucho,MF,30.0,1972.0,0.0
2002,2002 FIFA World Cup,Portugal,PRT,Petit,MF,25.0,1976.0,0.0
2002,2002 FIFA World Cup,Portugal,PRT,Nuno Gomes,FW,25.0,1976.0,0.0
2002,2002 FIFA World Cup,Portugal,PRT,Beto,DF,26.0,1976.0,1.0
2002,2002 FIFA World Cup,Portugal,PRT,Rui Jorge,DF,29.0,1973.0,0.0
2002,2002 FIFA World Cup,Republic of Ireland,IRL,Shay Given,GK,26.0,1976.0,0.0
2002,2002 FIFA World Cup,Republic of Ireland,IRL,Steve Finnan,DF,26.0,1976.0,0.0
2002,2002 FIFA World Cup,Republic of Ireland,IRL,Ian Harte,DF,24.0,1977.0,0.0
2002,2002 FIFA World Cup,Republic of Ireland,IRL,Kenny Cunningham,DF,30.0,1971.0,0.0
2002,2002 FIFA World Cup,Republic of Ireland,IRL,Steve Staunton,DF,33.0,1969.0,0.0
2002,2002 FIFA World Cup,Republic of Ireland,IRL,Roy Keane,MF,30.0,1971.0,0.0
2002,2002 FIFA World Cup,Republic of Ireland,IRL,Jason McAteer,MF,30.0,1971.0,0.0
2002,2002 FIFA World Cup,Republic of Ireland,IRL,Matt Holland,MF,28.0,1974.0,1.0
2002,2002 FIFA World Cup,Republic of Ireland,IRL,Damien Duff,MF,23.0,1979.0,1.0
2002,2002 FIFA World Cup,Republic of Ireland,IRL,Robbie Keane,FW,21.0,1980.0,3.0
2002,2002 FIFA World Cup,Republic of Ireland,IRL,Kevin Kilbane,MF,25.0,1977.0,0.0
2002,2002 FIFA World Cup,Republic of Ireland,IRL,Mark Kinsella,MF,29.0,1972.0,0.0
2002,2002 FIFA World Cup,Republic of Ireland,IRL,David Connolly,FW,24.0,1977.0,0.0
2002,2002 FIFA World Cup,Republic of Ireland,IRL,Gary Breen,DF,28.0,1973.0,1.0
2002,2002 FIFA World Cup,Republic of Ireland,IRL,Richard Dunne,DF,22.0,1979.0,0.0
2002,2002 FIFA World Cup,Republic of Ireland,IRL,Dean Kiely,GK,31.0,1970.0,0.0
2002,2002 FIFA World Cup,Republic of Ireland,IRL,Niall Quinn,FW,35.0,1966.0,0.0
2002,2002 FIFA World Cup,Republic of Ireland,IRL,Gary Kelly,DF,27.0,1974.0,0.0
2002,2002 FIFA World Cup,Republic of Ireland,IRL,Clinton Morrison,FW,23.0,1979.0,0.0
2002,2002 FIFA World Cup,Republic of Ireland,IRL,Andrew O'Brien,DF,22.0,1979.0,0.0
2002,2002 FIFA World Cup,Republic of Ireland,IRL,Steven Reid,MF,21.0,1981.0,0.0
2002,2002 FIFA World Cup,Republic of Ireland,IRL,Lee Carsley,MF,28.0,1974.0,0.0
2002,2002 FIFA World Cup,Republic of Ireland,IRL,Alan Kelly,GK,33.0,1968.0,0.0
2002,2002 FIFA World Cup,Russia,RUS,Ruslan Nigmatullin,GK,27.0,1974.0,0.0
2002,2002 FIFA World Cup,Russia,RUS,Yuri Kovtun,DF,32.0,1970.0,0.0
2002,2002 FIFA World Cup,Russia,RUS,Yuri Nikiforov,DF,31.0,1970.0,0.0
2002,2002 FIFA World Cup,Russia,RUS,Alexey Smertin,MF,27.0,1975.0,0.0
2002,2002 FIFA World Cup,Russia,RUS,Andrei Solomatin,DF,26.0,1975.0,0.0
2002,2002 FIFA World Cup,Russia,RUS,Igor Semshov,MF,24.0,1978.0,0.0
2002,2002 FIFA World Cup,Russia,RUS,Viktor Onopko,DF,32.0,1969.0,0.0
2002,2002 FIFA World Cup,Russia,RUS,Valeri Karpin,MF,33.0,1969.0,1.0
2002,2002 FIFA World Cup,Russia,RUS,Yegor Titov,MF,26.0,1976.0,1.0
2002,2002 FIFA World Cup,Russia,RUS,Aleksandr Mostovoi,MF,33.0,1968.0,0.0
2002,2002 FIFA World Cup,Russia,RUS,Vladimir Beschastnykh,FW,28.0,1974.0,1.0
2002,2002 FIFA World Cup,Russia,RUS,Stanislav Cherchesov,GK,38.0,1963.0,0.0
2002,2002 FIFA World Cup,Russia,RUS,Vyacheslav Dayev,DF,29.0,1972.0,0.0
2002,2002 FIFA World Cup,Russia,RUS,Igor Chugainov,DF,32.0,1970.0,0.0
2002,2002 FIFA World Cup,Russia,RUS,Dmitri Alenichev,MF,29.0,1972.0,0.0
2002,2002 FIFA World Cup,Russia,RUS,Aleksandr Kerzhakov,FW,19.0,1982.0,0.0
2002,2002 FIFA World Cup,Russia,RUS,Sergei Semak,MF,26.0,1976.0,0.0
2002,2002 FIFA World Cup,Russia,RUS,Dmitri Sennikov,DF,25.0,1976.0,0.0
2002,2002 FIFA World Cup,Russia,RUS,Ruslan Pimenov,FW,20.0,1981.0,0.0
2002,2002 FIFA World Cup,Russia,RUS,Marat Izmailov,MF,19.0,1982.0,0.0
2002,2002 FIFA World Cup,Russia,RUS,Dmitri Khokhlov,MF,26.0,1975.0,0.0
2002,2002 FIFA World Cup,Russia,RUS,Dmitri Sychev,FW,18.0,1983.0,1.0
2002,2002 FIFA World Cup,Russia,RUS,Aleksandr Filimonov,GK,28.0,1973.0,0.0
2002,2002 FIFA World Cup,Saudi Arabia,SAU,Mohamed Al-Deayea,GK,29.0,1972.0,0.0
2002,2002 FIFA World Cup,Saudi Arabia,SAU,Mohammed Al-Jahani,DF,27.0,1974.0,0.0
2002,2002 FIFA World Cup,Saudi Arabia,SAU,Redha Tukar,DF,26.0,1975.0,0.0
2002,2002 FIFA World Cup,Saudi Arabia,SAU,Abdullah Sulaiman Zubromawi,DF,28.0,1973.0,0.0
2002,2002 FIFA World Cup,Saudi Arabia,SAU,Mohsin Al-Harthi,DF,25.0,1976.0,0.0
2002,2002 FIFA World Cup,Saudi Arabia,SAU,Fouzi Al-Shehri,DF,22.0,1980.0,0.0
2002,2002 FIFA World Cup,Saudi Arabia,SAU,Ibrahim Al-Shahrani,MF,27.0,1974.0,0.0
2002,2002 FIFA World Cup,Saudi Arabia,SAU,Mohammed Noor,MF,24.0,1978.0,0.0
2002,2002 FIFA World Cup,Saudi Arabia,SAU,Sami Al-Jaber,FW,29.0,1972.0,0.0
2002,2002 FIFA World Cup,Saudi Arabia,SAU,Mohammad Al-Shalhoub,MF,21.0,1980.0,0.0
2002,2002 FIFA World Cup,Saudi Arabia,SAU,Obeid Al-Dosari,FW,26.0,1975.0,0.0
2002,2002 FIFA World Cup,Saudi Arabia,SAU,Ahmed Al-Dokhi,DF,25.0,1976.0,0.0
2002,2002 FIFA World Cup,Saudi Arabia,SAU,Hussein Abdulghani,DF,25.0,1977.0,0.0
2002,2002 FIFA World Cup,Saudi Arabia,SAU,Abdulaziz Al-Khathran,MF,28.0,1973.0,0.0
2002,2002 FIFA World Cup,Saudi Arabia,SAU,Abdullah Al-Jumaan,FW,24.0,1977.0,0.0
2002,2002 FIFA World Cup,Saudi Arabia,SAU,Khamis Al-Dosari,MF,28.0,1973.0,0.0
2002,2002 FIFA World Cup,Saudi Arabia,SAU,Abdullah Al-Waked,MF,26.0,1975.0,0.0
2002,2002 FIFA World Cup,Saudi Arabia,SAU,Nawaf Al-Temyat,MF,25.0,1976.0,0.0
2002,2002 FIFA World Cup,Saudi Arabia,SAU,Omar Al-Ghamdi,MF,23.0,1979.0,0.0
2002,2002 FIFA World Cup,Saudi Arabia,SAU,Al Hasan Al-Yami,FW,29.0,1972.0,0.0
2002,2002 FIFA World Cup,Saudi Arabia,SAU,Mabrouk Zaid,GK,23.0,1979.0,0.0
2002,2002 FIFA World Cup,Saudi Arabia,SAU,Mohammed Al-Khojali,GK,29.0,1973.0,0.0
2002,2002 FIFA World Cup,Saudi Arabia,SAU,Mansour Al-Thagafi,DF,23.0,1979.0,0.0
2002,2002 FIFA World Cup,Senegal,SEN,Tony Sylva,GK,27.0,1975.0,0.0
2002,2002 FIFA World Cup,Senegal,SEN,Omar Daf,DF,25.0,1977.0,0.0
2002,2002 FIFA World Cup,Senegal,SEN,Pape Sarr,MF,24.0,1977.0,0.0
2002,2002 FIFA World Cup,Senegal,SEN,Pape Malick Diop,DF,27.0,1974.0,0.0
2002,2002 FIFA World Cup,Senegal,SEN,Alassane N'Dour,DF,20.0,1981.0,0.0
2002,2002 FIFA World Cup,Senegal,SEN,Aliou Cissé,DF,26.0,1976.0,0.0
2002,2002 FIFA World Cup,Senegal,SEN,Henri Camara,FW,25.0,1977.0,2.0
2002,2002 FIFA World Cup,Senegal,SEN,Amara Traoré,FW,36.0,1965.0,0.0
2002,2002 FIFA World Cup,Senegal,SEN,Souleymane Camara,FW,19.0,1982.0,0.0
2002,2002 FIFA World Cup,Senegal,SEN,Khalilou Fadiga,MF,27.0,1974.0,1.0
2002,2002 FIFA World Cup,Senegal,SEN,El Hadji Diouf,FW,21.0,1981.0,0.0
2002,2002 FIFA World Cup,Senegal,SEN,Amdy Faye,MF,25.0,1977.0,0.0
2002,2002 FIFA World Cup,Senegal,SEN,Lamine Diatta,DF,26.0,1975.0,0.0
2002,2002 FIFA World Cup,Senegal,SEN,Moussa N'Diaye,MF,23.0,1979.0,0.0
2002,2002 FIFA World Cup,Senegal,SEN,Salif Diao,MF,25.0,1977.0,1.0
2002,2002 FIFA World Cup,Senegal,SEN,Omar Diallo,GK,29.0,1972.0,0.0
2002,2002 FIFA World Cup,Senegal,SEN,Ferdinand Coly,DF,28.0,1973.0,0.0
2002,2002 FIFA World Cup,Senegal,SEN,Pape Thiaw,FW,21.0,1981.0,0.0
2002,2002 FIFA World Cup,Senegal,SEN,Papa Bouba Diop,MF,24.0,1978.0,3.0
2002,2002 FIFA World Cup,Senegal,SEN,Sylvain N'Diaye,MF,25.0,1976.0,0.0
2002,2002 FIFA World Cup,Senegal,SEN,Habib Beye,DF,24.0,1977.0,0.0
2002,2002 FIFA World Cup,Senegal,SEN,Kalidou Cissokho,GK,23.0,1978.0,0.0
2002,2002 FIFA World Cup,Senegal,SEN,Makhtar N'Diaye,MF,20.0,1981.0,0.0
2002,2002 FIFA World Cup,Slovenia,SVN,Marko Simeunovič,GK,34.0,1967.0,0.0
2002,2002 FIFA World Cup,Slovenia,SVN,Goran Sankovič,DF,22.0,1979.0,0.0
2002,2002 FIFA World Cup,Slovenia,SVN,Željko Milinovič,DF,32.0,1969.0,0.0
2002,2002 FIFA World Cup,Slovenia,SVN,Muamer Vugdalić,DF,24.0,1977.0,0.0
2002,2002 FIFA World Cup,Slovenia,SVN,Marinko Galič,DF,32.0,1970.0,0.0
2002,2002 FIFA World Cup,Slovenia,SVN,Aleksander Knavs,DF,26.0,1975.0,0.0
2002,2002 FIFA World Cup,Slovenia,SVN,Džoni Novak,MF,32.0,1969.0,0.0
2002,2002 FIFA World Cup,Slovenia,SVN,Aleš Čeh,MF,34.0,1968.0,0.0
2002,2002 FIFA World Cup,Slovenia,SVN,Milan Osterc,FW,26.0,1975.0,0.0
2002,2002 FIFA World Cup,Slovenia,SVN,Zlatko Zahovič,MF,31.0,1971.0,0.0
2002,2002 FIFA World Cup,Slovenia,SVN,Miran Pavlin,MF,30.0,1971.0,0.0
2002,2002 FIFA World Cup,Slovenia,SVN,Mladen Dabanovič,GK,30.0,1971.0,0.0
2002,2002 FIFA World Cup,Slovenia,SVN,Mladen Rudonja,FW,30.0,1971.0,0.0
2002,2002 FIFA World Cup,Slovenia,SVN,Saša Gajser,DF,28.0,1974.0,0.0
2002,2002 FIFA World Cup,Slovenia,SVN,Rajko Tavčar,MF,27.0,1974.0,0.0
2002,2002 FIFA World Cup,Slovenia,SVN,Senad Tiganj,FW,26.0,1975.0,0.0
2002,2002 FIFA World Cup,Slovenia,SVN,Zoran Pavlović,MF,25.0,1976.0,0.0
2002,2002 FIFA World Cup,Slovenia,SVN,Milenko Ačimovič,FW,25.0,1977.0,1.0
2002,2002 FIFA World Cup,Slovenia,SVN,Amir Karić,DF,28.0,1973.0,0.0
2002,2002 FIFA World Cup,Slovenia,SVN,Nastja Čeh,MF,24.0,1978.0,0.0
2002,2002 FIFA World Cup,Slovenia,SVN,Sebastjan Cimirotič,FW,27.0,1974.0,1.0
2002,2002 FIFA World Cup,Slovenia,SVN,Dejan Nemec,GK,25.0,1977.0,0.0
2002,2002 FIFA World Cup,Slovenia,SVN,Spasoje Bulajič,DF,26.0,1975.0,0.0
2002,2002 FIFA World Cup,South Africa,ZAF,Hans Vonk,GK,32.0,1970.0,0.0
2002,2002 FIFA World Cup,South Africa,ZAF,Cyril Nzama,DF,27.0,1974.0,0.0
2002,2002 FIFA World Cup,South Africa,ZAF,Bradley Carnell,DF,25.0,1977.0,0.0
2002,2002 FIFA World Cup,South Africa,ZAF,Aaron Mokoena,DF,21.0,1980.0,0.0
2002,2002 FIFA World Cup,South Africa,ZAF,Jacob Lekgetho,DF,28.0,1974.0,0.0
2002,2002 FIFA World Cup,South Africa,ZAF,MacBeth Sibaya,MF,24.0,1977.0,0.0
2002,2002 FIFA World Cup,South Africa,ZAF,Quinton Fortune,MF,25.0,1977.0,1.0
2002,2002 FIFA World Cup,South Africa,ZAF,Thabo Mngomeni,MF,32.0,1969.0,0.0
2002,2002 FIFA World Cup,South Africa,ZAF,MacDonald Mukansi,MF,27.0,1975.0,0.0
2002,2002 FIFA World Cup,South Africa,ZAF,Bennett Mnguni,MF,28.0,1974.0,0.0
2002,2002 FIFA World Cup,South Africa,ZAF,Jabu Pule,MF,21.0,1980.0,0.0
2002,2002 FIFA World Cup,South Africa,ZAF,Teboho Mokoena,MF,27.0,1974.0,1.0
2002,2002 FIFA World Cup,South Africa,ZAF,Pierre Issa,DF,26.0,1975.0,0.0
2002,2002 FIFA World Cup,South Africa,ZAF,Siyabonga Nomvethe,FW,24.0,1977.0,1.0
2002,2002 FIFA World Cup,South Africa,ZAF,Sibusiso Zuma,MF,26.0,1975.0,0.0
2002,2002 FIFA World Cup,South Africa,ZAF,Andre Arendse,GK,34.0,1967.0,0.0
2002,2002 FIFA World Cup,South Africa,ZAF,Benni McCarthy,FW,24.0,1977.0,1.0
2002,2002 FIFA World Cup,South Africa,ZAF,Delron Buckley,MF,24.0,1977.0,0.0
2002,2002 FIFA World Cup,South Africa,ZAF,Lucas Radebe,DF,33.0,1969.0,1.0
2002,2002 FIFA World Cup,South Africa,ZAF,Calvin Marlin,GK,26.0,1976.0,0.0
2002,2002 FIFA World Cup,South Africa,ZAF,Steven Pienaar,MF,20.0,1982.0,0.0
2002,2002 FIFA World Cup,South Africa,ZAF,Thabang Molefe,DF,23.0,1979.0,0.0
2002,2002 FIFA World Cup,South Africa,ZAF,George Koumantarakis,FW,28.0,1974.0,0.0
2002,2002 FIFA World Cup,Korea Republic,KOR,Woon-jae Lee,GK,29.0,1973.0,0.0
2002,2002 FIFA World Cup,Korea Republic,KOR,Young-min Hyun,DF,22.0,1979.0,0.0
2002,2002 FIFA World Cup,Korea Republic,KOR,Sung-yong Choi,MF,26.0,1975.0,0.0
2002,2002 FIFA World Cup,Korea Republic,KOR,Jin-cheul Choi,DF,31.0,1971.0,0.0
2002,2002 FIFA World Cup,Korea Republic,KOR,Nam-il Kim,MF,25.0,1977.0,0.0
2002,2002 FIFA World Cup,Korea Republic,KOR,Sang-chul Yoo,DF,30.0,1971.0,1.0
2002,2002 FIFA World Cup,Korea Republic,KOR,Tae-young Kim,DF,31.0,1970.0,0.0
2002,2002 FIFA World Cup,Korea Republic,KOR,Tae-uk Choi,FW,21.0,1981.0,0.0
2002,2002 FIFA World Cup,Korea Republic,KOR,Ki-hyeon Seol,FW,23.0,1979.0,1.0
2002,2002 FIFA World Cup,Korea Republic,KOR,Young-pyo Lee,DF,25.0,1977.0,0.0
2002,2002 FIFA World Cup,Korea Republic,KOR,Yong-soo Choi,FW,28.0,1973.0,0.0
2002,2002 FIFA World Cup,Korea Republic,KOR,Byung-ji Kim,GK,32.0,1970.0,0.0
2002,2002 FIFA World Cup,Korea Republic,KOR,Eul-yong Lee,MF,26.0,1975.0,1.0
2002,2002 FIFA World Cup,Korea Republic,KOR,Chun-soo Lee,FW,20.0,1981.0,0.0
2002,2002 FIFA World Cup,Korea Republic,KOR,Min-sung Lee,DF,28.0,1973.0,0.0
2002,2002 FIFA World Cup,Korea Republic,KOR,Du-ri Cha,FW,21.0,1980.0,0.0
2002,2002 FIFA World Cup,Korea Republic,KOR,Jong-hwan Yoon,MF,29.0,1973.0,0.0
2002,2002 FIFA World Cup,Korea Republic,KOR,Sun-hong Hwang,FW,33.0,1968.0,1.0
2002,2002 FIFA World Cup,Korea Republic,KOR,Jung-hwan Ahn,FW,26.0,1976.0,2.0
2002,2002 FIFA World Cup,Korea Republic,KOR,Myung-bo Hong,DF,33.0,1969.0,0.0
2002,2002 FIFA World Cup,Korea Republic,KOR,Ji-sung Park,MF,21.0,1981.0,1.0
2002,2002 FIFA World Cup,Korea Republic,KOR,Chong-gug Song,MF,23.0,1979.0,1.0
2002,2002 FIFA World Cup,Korea Republic,KOR,Eun-sung Choi,GK,31.0,1971.0,0.0
2002,2002 FIFA World Cup,Spain,ESP,Iker Casillas,GK,21.0,1981.0,0.0
2002,2002 FIFA World Cup,Spain,ESP,Curro Torres,DF,25.0,1976.0,0.0
2002,2002 FIFA World Cup,Spain,ESP,Juanfran,DF,25.0,1976.0,0.0
2002,2002 FIFA World Cup,Spain,ESP,Iván Helguera,MF,27.0,1975.0,0.0
2002,2002 FIFA World Cup,Spain,ESP,Carles Puyol,DF,24.0,1978.0,0.0
2002,2002 FIFA World Cup,Spain,ESP,Fernando Hierro,DF,34.0,1968.0,2.0
2002,2002 FIFA World Cup,Spain,ESP,Raúl,FW,24.0,1977.0,3.0
2002,2002 FIFA World Cup,Spain,ESP,Rubén Baraja,MF,26.0,1975.0,0.0
2002,2002 FIFA World Cup,Spain,ESP,Fernando Morientes,FW,26.0,1976.0,3.0
2002,2002 FIFA World Cup,Spain,ESP,Diego Tristán,FW,26.0,1976.0,0.0
2002,2002 FIFA World Cup,Spain,ESP,Javier de Pedro,MF,28.0,1973.0,0.0
2002,2002 FIFA World Cup,Spain,ESP,Albert Luque,FW,24.0,1978.0,0.0
2002,2002 FIFA World Cup,Spain,ESP,Ricardo,GK,30.0,1971.0,0.0
2002,2002 FIFA World Cup,Spain,ESP,David Albelda,MF,24.0,1977.0,0.0
2002,2002 FIFA World Cup,Spain,ESP,Enrique Romero,DF,30.0,1971.0,0.0
2002,2002 FIFA World Cup,Spain,ESP,Gaizka Mendieta,MF,28.0,1974.0,1.0
2002,2002 FIFA World Cup,Spain,ESP,Juan Carlos Valerón,MF,26.0,1975.0,1.0
2002,2002 FIFA World Cup,Spain,ESP,Sergio,MF,25.0,1976.0,0.0
2002,2002 FIFA World Cup,Spain,ESP,Xavi,MF,22.0,1980.0,0.0
2002,2002 FIFA World Cup,Spain,ESP,Miguel Ángel Nadal,DF,35.0,1966.0,0.0
2002,2002 FIFA World Cup,Spain,ESP,Luis Enrique,MF,32.0,1970.0,0.0
2002,2002 FIFA World Cup,Spain,ESP,Joaquín,MF,20.0,1981.0,0.0
2002,2002 FIFA World Cup,Spain,ESP,Pedro Contreras,GK,30.0,1972.0,0.0
2002,2002 FIFA World Cup,Sweden,SWE,Magnus Hedman,GK,29.0,1973.0,0.0
2002,2002 FIFA World Cup,Sweden,SWE,Olof Mellberg,DF,24.0,1977.0,0.0
2002,2002 FIFA World Cup,Sweden,SWE,Patrik Andersson,DF,30.0,1971.0,0.0
2002,2002 FIFA World Cup,Sweden,SWE,Johan Mjällby,DF,31.0,1971.0,0.0
2002,2002 FIFA World Cup,Sweden,SWE,Michael Svensson,DF,26.0,1975.0,0.0
2002,2002 FIFA World Cup,Sweden,SWE,Tobias Linderoth,MF,23.0,1979.0,0.0
2002,2002 FIFA World Cup,Sweden,SWE,Niclas Alexandersson,MF,30.0,1971.0,1.0
2002,2002 FIFA World Cup,Sweden,SWE,Anders Svensson,MF,25.0,1976.0,1.0
2002,2002 FIFA World Cup,Sweden,SWE,Freddie Ljungberg,MF,25.0,1977.0,0.0
2002,2002 FIFA World Cup,Sweden,SWE,Marcus Allbäck,FW,28.0,1973.0,0.0
2002,2002 FIFA World Cup,Sweden,SWE,Henrik Larsson,FW,30.0,1971.0,3.0
2002,2002 FIFA World Cup,Sweden,SWE,Magnus Kihlstedt,GK,30.0,1972.0,0.0
2002,2002 FIFA World Cup,Sweden,SWE,Tomas Antonelius,DF,29.0,1973.0,0.0
2002,2002 FIFA World Cup,Sweden,SWE,Erik Edman,DF,23.0,1978.0,0.0
2002,2002 FIFA World Cup,Sweden,SWE,Andreas Jakobsson,DF,29.0,1972.0,0.0
2002,2002 FIFA World Cup,Sweden,SWE,Teddy Lučić,DF,29.0,1973.0,0.0
2002,2002 FIFA World Cup,Sweden,SWE,Magnus Svensson,MF,33.0,1969.0,0.0
2002,2002 FIFA World Cup,Sweden,SWE,Mattias Jonson,MF,28.0,1974.0,0.0
2002,2002 FIFA World Cup,Sweden,SWE,Pontus Farnerud,MF,21.0,1980.0,0.0
2002,2002 FIFA World Cup,Sweden,SWE,Daniel Andersson,MF,24.0,1977.0,0.0
2002,2002 FIFA World Cup,Sweden,SWE,Zlatan Ibrahimović,FW,20.0,1981.0,0.0
2002,2002 FIFA World Cup,Sweden,SWE,Andreas Andersson,FW,28.0,1974.0,0.0
2002,2002 FIFA World Cup,Sweden,SWE,Andreas Isaksson,GK,20.0,1981.0,0.0
2002,2002 FIFA World Cup,Tunisia,TUN,Ali Boumnijel,GK,36.0,1966.0,0.0
2002,2002 FIFA World Cup,Tunisia,TUN,Khaled Badra,DF,29.0,1973.0,0.0
2002,2002 FIFA World Cup,Tunisia,TUN,Zoubeir Baya,MF,31.0,1971.0,0.0
2002,2002 FIFA World Cup,Tunisia,TUN,Mohamed Mkacher,DF,27.0,1975.0,0.0
2002,2002 FIFA World Cup,Tunisia,TUN,Ziad Jaziri,FW,23.0,1978.0,0.0
2002,2002 FIFA World Cup,Tunisia,TUN,Hatem Trabelsi,DF,25.0,1977.0,0.0
2002,2002 FIFA World Cup,Tunisia,TUN,Imed Mhedhebi,FW,26.0,1976.0,0.0
2002,2002 FIFA World Cup,Tunisia,TUN,Hassen Gabsi,MF,28.0,1974.0,0.0
2002,2002 FIFA World Cup,Tunisia,TUN,Riadh Jelassi,FW,30.0,1971.0,0.0
2002,2002 FIFA World Cup,Tunisia,TUN,Kaies Ghodhbane,MF,26.0,1976.0,0.0
2002,2002 FIFA World Cup,Tunisia,TUN,Adel Sellimi,FW,29.0,1972.0,0.0
2002,2002 FIFA World Cup,Tunisia,TUN,Raouf Bouzaiene,DF,31.0,1970.0,1.0
2002,2002 FIFA World Cup,Tunisia,TUN,Riadh Bouazizi,MF,29.0,1973.0,0.0
2002,2002 FIFA World Cup,Tunisia,TUN,Hamdi Marzouki,DF,25.0,1977.0,0.0
2002,2002 FIFA World Cup,Tunisia,TUN,Radhi Jaïdi,DF,26.0,1975.0,0.0
2002,2002 FIFA World Cup,Tunisia,TUN,Hassen Bejaoui,GK,26.0,1976.0,0.0
2002,2002 FIFA World Cup,Tunisia,TUN,Tarek Thabet,DF,30.0,1971.0,0.0
2002,2002 FIFA World Cup,Tunisia,TUN,Selim Benachour,MF,20.0,1981.0,0.0
2002,2002 FIFA World Cup,Tunisia,TUN,Emir Mkademi,DF,23.0,1978.0,0.0
2002,2002 FIFA World Cup,Tunisia,TUN,Ali Zitouni,FW,21.0,1981.0,0.0
2002,2002 FIFA World Cup,Tunisia,TUN,Mourad Melki,MF,27.0,1975.0,0.0
2002,2002 FIFA World Cup,Tunisia,TUN,Ahmed El-Jaouachi,GK,26.0,1975.0,0.0
2002,2002 FIFA World Cup,Tunisia,TUN,José Clayton,DF,28.0,1974.0,0.0
2002,2002 FIFA World Cup,Türkiye,TUR,Rüştü Reçber,GK,29.0,1973.0,0.0
2002,2002 FIFA World Cup,Türkiye,TUR,Emre Aşık,DF,28.0,1973.0,0.0
2002,2002 FIFA World Cup,Türkiye,TUR,Bülent Korkmaz,DF,33.0,1968.0,1.0
2002,2002 FIFA World Cup,Türkiye,TUR,Fatih Akyel,DF,24.0,1977.0,0.0
2002,2002 FIFA World Cup,Türkiye,TUR,Alpay Özalan,DF,29.0,1973.0,0.0
2002,2002 FIFA World Cup,Türkiye,TUR,Arif Erdem,FW,30.0,1972.0,0.0
2002,2002 FIFA World Cup,Türkiye,TUR,Okan Buruk,MF,28.0,1973.0,0.0
2002,2002 FIFA World Cup,Türkiye,TUR,Tugay Kerimoğlu,MF,31.0,1970.0,0.0
2002,2002 FIFA World Cup,Türkiye,TUR,Hakan Şükür,FW,30.0,1971.0,1.0
2002,2002 FIFA World Cup,Türkiye,TUR,Yıldıray Baştürk,MF,23.0,1978.0,0.0
2002,2002 FIFA World Cup,Türkiye,TUR,Hasan Şaş,FW,25.0,1976.0,2.0
2002,2002 FIFA World Cup,Türkiye,TUR,Ömer Çatkıç,GK,27.0,1974.0,0.0
2002,2002 FIFA World Cup,Türkiye,TUR,Muzzy Izzet,MF,27.0,1974.0,0.0
2002,2002 FIFA World Cup,Türkiye,TUR,Tayfur Havutçu,MF,32.0,1970.0,0.0
2002,2002 FIFA World Cup,Türkiye,TUR,Nihat Kahveci,FW,22.0,1979.0,0.0
2002,2002 FIFA World Cup,Türkiye,TUR,Ümit Özat,DF,25.0,1976.0,0.0
2002,2002 FIFA World Cup,Türkiye,TUR,İlhan Mansız,FW,26.0,1975.0,3.0
2002,2002 FIFA World Cup,Türkiye,TUR,Ergün Penbe,MF,30.0,1972.0,0.0
2002,2002 FIFA World Cup,Türkiye,TUR,Abdullah Ercan,MF,30.0,1971.0,0.0
2002,2002 FIFA World Cup,Türkiye,TUR,Hakan Ünsal,DF,29.0,1973.0,0.0
2002,2002 FIFA World Cup,Türkiye,TUR,Emre Belözoğlu,MF,21.0,1980.0,1.0
2002,2002 FIFA World Cup,Türkiye,TUR,Ümit Davala,MF,28.0,1973.0,2.0
2002,2002 FIFA World Cup,Türkiye,TUR,Zafer Özgültekin,GK,27.0,1975.0,0.0
2002,2002 FIFA World Cup,United States,USA,Brad Friedel,GK,31.0,1971.0,0.0
2002,2002 FIFA World Cup,United States,USA,Frankie Hejduk,MF,27.0,1974.0,0.0
2002,2002 FIFA World Cup,United States,USA,Gregg Berhalter,DF,28.0,1973.0,0.0
2002,2002 FIFA World Cup,United States,USA,Pablo Mastroeni,DF,25.0,1976.0,0.0
2002,2002 FIFA World Cup,United States,USA,John O'Brien,MF,24.0,1977.0,1.0
2002,2002 FIFA World Cup,United States,USA,David Regis,DF,33.0,1968.0,0.0
2002,2002 FIFA World Cup,United States,USA,Eddie Lewis,MF,28.0,1974.0,0.0
2002,2002 FIFA World Cup,United States,USA,Earnie Stewart,MF,33.0,1969.0,0.0
2002,2002 FIFA World Cup,United States,USA,Joe-Max Moore,FW,31.0,1971.0,0.0
2002,2002 FIFA World Cup,United States,USA,Claudio Reyna,MF,28.0,1973.0,0.0
2002,2002 FIFA World Cup,United States,USA,Clint Mathis,FW,25.0,1976.0,1.0
2002,2002 FIFA World Cup,United States,USA,Jeff Agoos,DF,34.0,1968.0,0.0
2002,2002 FIFA World Cup,United States,USA,Cobi Jones,MF,31.0,1970.0,0.0
2002,2002 FIFA World Cup,United States,USA,Steve Cherundolo,DF,23.0,1979.0,0.0
2002,2002 FIFA World Cup,United States,USA,Josh Wolff,FW,25.0,1977.0,0.0
2002,2002 FIFA World Cup,United States,USA,Carlos Llamosa,DF,32.0,1969.0,0.0
2002,2002 FIFA World Cup,United States,USA,DaMarcus Beasley,MF,20.0,1982.0,0.0
2002,2002 FIFA World Cup,United States,USA,Kasey Keller,GK,32.0,1969.0,0.0
2002,2002 FIFA World Cup,United States,USA,Tony Meola,GK,33.0,1969.0,0.0
2002,2002 FIFA World Cup,United States,USA,Brian McBride,FW,29.0,1972.0,2.0
2002,2002 FIFA World Cup,United States,USA,Landon Donovan,FW,20.0,1982.0,2.0
2002,2002 FIFA World Cup,United States,USA,Tony Sanneh,DF,30.0,1971.0,0.0
2002,2002 FIFA World Cup,United States,USA,Eddie Pope,DF,28.0,1973.0,0.0
2002,2002 FIFA World Cup,Uruguay,URY,Fabián Carini,GK,22.0,1979.0,0.0
2002,2002 FIFA World Cup,Uruguay,URY,Gustavo Méndez,DF,31.0,1971.0,0.0
2002,2002 FIFA World Cup,Uruguay,URY,Alejandro Lembo,DF,24.0,1978.0,0.0
2002,2002 FIFA World Cup,Uruguay,URY,Paolo Montero,DF,30.0,1971.0,0.0
2002,2002 FIFA World Cup,Uruguay,URY,Pablo García,MF,25.0,1977.0,0.0
2002,2002 FIFA World Cup,Uruguay,URY,Darío Rodríguez,DF,27.0,1974.0,1.0
2002,2002 FIFA World Cup,Uruguay,URY,Gianni Guigou,MF,27.0,1975.0,0.0
2002,2002 FIFA World Cup,Uruguay,URY,Gustavo Varela,FW,24.0,1978.0,0.0
2002,2002 FIFA World Cup,Uruguay,URY,Darío Silva,FW,29.0,1972.0,0.0
2002,2002 FIFA World Cup,Uruguay,URY,Fabián O'Neill,MF,28.0,1973.0,0.0
2002,2002 FIFA World Cup,Uruguay,URY,Federico Magallanes,FW,25.0,1976.0,0.0
2002,2002 FIFA World Cup,Uruguay,URY,Gustavo Munúa,GK,24.0,1978.0,0.0
2002,2002 FIFA World Cup,Uruguay,URY,Sebastián Abreu,FW,25.0,1976.0,0.0
2002,2002 FIFA World Cup,Uruguay,URY,Gonzalo Sorondo,DF,22.0,1979.0,0.0
2002,2002 FIFA World Cup,Uruguay,URY,Nicolás Olivera,FW,24.0,1978.0,0.0
2002,2002 FIFA World Cup,Uruguay,URY,Marcelo Romero,MF,25.0,1976.0,0.0
2002,2002 FIFA World Cup,Uruguay,URY,Mario Regueiro,MF,23.0,1978.0,0.0
2002,2002 FIFA World Cup,Uruguay,URY,Richard Morales,FW,27.0,1975.0,1.0
2002,2002 FIFA World Cup,Uruguay,URY,Joe Bizera,DF,22.0,1980.0,0.0
2002,2002 FIFA World Cup,Uruguay,URY,Álvaro Recoba,MF,26.0,1976.0,1.0
2002,2002 FIFA World Cup,Uruguay,URY,Diego Forlán,FW,23.0,1979.0,1.0
2002,2002 FIFA World Cup,Uruguay,URY,Gonzalo de los Santos,MF,25.0,1976.0,0.0
2002,2002 FIFA World Cup,Uruguay,URY,Federico Elduayen,GK,24.0,1977.0,0.0
2006,2006 FIFA World Cup,Angola,AGO,João Ricardo,GK,36.0,1970.0,0.0
2006,2006 FIFA World Cup,Angola,AGO,Marco Airosa,DF,21.0,1984.0,0.0
2006,2006 FIFA World Cup,Angola,AGO,Jamba,DF,28.0,1977.0,0.0
2006,2006 FIFA World Cup,Angola,AGO,Lebo Lebo,DF,29.0,1977.0,0.0
2006,2006 FIFA World Cup,Angola,AGO,Kali,DF,27.0,1978.0,0.0
2006,2006 FIFA World Cup,Angola,AGO,Miloy,MF,25.0,1981.0,0.0
2006,2006 FIFA World Cup,Angola,AGO,Paulo Figueiredo,MF,33.0,1972.0,0.0
2006,2006 FIFA World Cup,Angola,AGO,André Macanga,MF,28.0,1978.0,0.0
2006,2006 FIFA World Cup,Angola,AGO,Mantorras,FW,24.0,1982.0,0.0
2006,2006 FIFA World Cup,Angola,AGO,Akwá,FW,29.0,1977.0,0.0
2006,2006 FIFA World Cup,Angola,AGO,Mateus,FW,21.0,1984.0,0.0
2006,2006 FIFA World Cup,Angola,AGO,Lamá,GK,25.0,1981.0,0.0
2006,2006 FIFA World Cup,Angola,AGO,Edson Nobre,MF,26.0,1980.0,0.0
2006,2006 FIFA World Cup,Angola,AGO,Mendonça,MF,23.0,1982.0,0.0
2006,2006 FIFA World Cup,Angola,AGO,Rui Marques,DF,28.0,1977.0,0.0
2006,2006 FIFA World Cup,Angola,AGO,Flávio,FW,26.0,1979.0,1.0
2006,2006 FIFA World Cup,Angola,AGO,Zé Kalanga,MF,22.0,1983.0,0.0
2006,2006 FIFA World Cup,Angola,AGO,Love,FW,27.0,1979.0,0.0
2006,2006 FIFA World Cup,Angola,AGO,Titi Buengo,FW,26.0,1980.0,0.0
2006,2006 FIFA World Cup,Angola,AGO,Locó,DF,21.0,1984.0,0.0
2006,2006 FIFA World Cup,Angola,AGO,Delgado,DF,26.0,1979.0,0.0
2006,2006 FIFA World Cup,Angola,AGO,Mário Hipólito,GK,21.0,1985.0,0.0
2006,2006 FIFA World Cup,Angola,AGO,Marco Abreu,DF,31.0,1974.0,0.0
2006,2006 FIFA World Cup,Argentina,ARG,Roberto Abbondanzieri,GK,33.0,1972.0,0.0
2006,2006 FIFA World Cup,Argentina,ARG,Roberto Ayala,DF,33.0,1973.0,1.0
2006,2006 FIFA World Cup,Argentina,ARG,Juan Pablo Sorín,DF,30.0,1976.0,0.0
2006,2006 FIFA World Cup,Argentina,ARG,Fabricio Coloccini,DF,24.0,1982.0,0.0
2006,2006 FIFA World Cup,Argentina,ARG,Esteban Cambiasso,MF,25.0,1980.0,1.0
2006,2006 FIFA World Cup,Argentina,ARG,Gabriel Heinze,DF,28.0,1978.0,0.0
2006,2006 FIFA World Cup,Argentina,ARG,Javier Saviola,FW,24.0,1981.0,1.0
2006,2006 FIFA World Cup,Argentina,ARG,Javier Mascherano,MF,22.0,1984.0,0.0
2006,2006 FIFA World Cup,Argentina,ARG,Hernán Crespo,FW,30.0,1975.0,3.0
2006,2006 FIFA World Cup,Argentina,ARG,Juan Román Riquelme,MF,27.0,1978.0,0.0
2006,2006 FIFA World Cup,Argentina,ARG,Carlos Tevez,FW,22.0,1984.0,1.0
2006,2006 FIFA World Cup,Argentina,ARG,Leo Franco,GK,29.0,1977.0,0.0
2006,2006 FIFA World Cup,Argentina,ARG,Lionel Scaloni,DF,28.0,1978.0,0.0
2006,2006 FIFA World Cup,Argentina,ARG,Rodrigo Palacio,FW,24.0,1982.0,0.0
2006,2006 FIFA World Cup,Argentina,ARG,Gabriel Milito,DF,25.0,1980.0,0.0
2006,2006 FIFA World Cup,Argentina,ARG,Pablo Aimar,MF,26.0,1979.0,0.0
2006,2006 FIFA World Cup,Argentina,ARG,Leandro Cufré,DF,28.0,1978.0,0.0
2006,2006 FIFA World Cup,Argentina,ARG,Maxi Rodríguez,MF,25.0,1981.0,3.0
2006,2006 FIFA World Cup,Argentina,ARG,Lionel Messi,FW,18.0,1987.0,1.0
2006,2006 FIFA World Cup,Argentina,ARG,Julio Cruz,FW,31.0,1974.0,0.0
2006,2006 FIFA World Cup,Argentina,ARG,Nicolás Burdisso,DF,25.0,1981.0,0.0
2006,2006 FIFA World Cup,Argentina,ARG,Lucho González,MF,25.0,1981.0,0.0
2006,2006 FIFA World Cup,Argentina,ARG,Óscar Ustari,GK,19.0,1986.0,0.0
2006,2006 FIFA World Cup,Australia,AUS,Mark Schwarzer,GK,33.0,1972.0,0.0
2006,2006 FIFA World Cup,Australia,AUS,Lucas Neill,DF,28.0,1978.0,0.0
2006,2006 FIFA World Cup,Australia,AUS,Craig Moore,DF,30.0,1975.0,1.0
2006,2006 FIFA World Cup,Australia,AUS,Tim Cahill,MF,26.0,1979.0,2.0
2006,2006 FIFA World Cup,Australia,AUS,Jason Culina,MF,25.0,1980.0,0.0
2006,2006 FIFA World Cup,Australia,AUS,Tony Popovic,DF,32.0,1973.0,0.0
2006,2006 FIFA World Cup,Australia,AUS,Brett Emerton,DF,27.0,1979.0,0.0
2006,2006 FIFA World Cup,Australia,AUS,Josip Skoko,MF,30.0,1975.0,0.0
2006,2006 FIFA World Cup,Australia,AUS,Mark Viduka,FW,30.0,1975.0,0.0
2006,2006 FIFA World Cup,Australia,AUS,Harry Kewell,FW,27.0,1978.0,1.0
2006,2006 FIFA World Cup,Australia,AUS,Stan Lazaridis,DF,33.0,1972.0,0.0
2006,2006 FIFA World Cup,Australia,AUS,Ante Covic,GK,30.0,1975.0,0.0
2006,2006 FIFA World Cup,Australia,AUS,Vince Grella,MF,26.0,1979.0,0.0
2006,2006 FIFA World Cup,Australia,AUS,Scott Chipperfield,MF,30.0,1975.0,0.0
2006,2006 FIFA World Cup,Australia,AUS,John Aloisi,FW,30.0,1976.0,1.0
2006,2006 FIFA World Cup,Australia,AUS,Michael Beauchamp,DF,25.0,1981.0,0.0
2006,2006 FIFA World Cup,Australia,AUS,Archie Thompson,FW,27.0,1978.0,0.0
2006,2006 FIFA World Cup,Australia,AUS,Zeljko Kalac,GK,33.0,1972.0,0.0
2006,2006 FIFA World Cup,Australia,AUS,Joshua Kennedy,FW,23.0,1982.0,0.0
2006,2006 FIFA World Cup,Australia,AUS,Luke Wilkshire,DF,24.0,1981.0,0.0
2006,2006 FIFA World Cup,Australia,AUS,Mile Sterjovski,MF,27.0,1979.0,0.0
2006,2006 FIFA World Cup,Australia,AUS,Mark Milligan,DF,20.0,1985.0,0.0
2006,2006 FIFA World Cup,Australia,AUS,Mark Bresciano,MF,26.0,1980.0,0.0
2006,2006 FIFA World Cup,Brazil,BRA,Dida,GK,32.0,1973.0,0.0
2006,2006 FIFA World Cup,Brazil,BRA,Cafu,DF,36.0,1970.0,0.0
2006,2006 FIFA World Cup,Brazil,BRA,Lúcio,DF,28.0,1978.0,0.0
2006,2006 FIFA World Cup,Brazil,BRA,Juan,DF,27.0,1979.0,0.0
2006,2006 FIFA World Cup,Brazil,BRA,Emerson,MF,30.0,1976.0,0.0
2006,2006 FIFA World Cup,Brazil,BRA,Roberto Carlos,DF,33.0,1973.0,0.0
2006,2006 FIFA World Cup,Brazil,BRA,Adriano,FW,24.0,1982.0,2.0
2006,2006 FIFA World Cup,Brazil,BRA,Kaká,MF,24.0,1982.0,1.0
2006,2006 FIFA World Cup,Brazil,BRA,Ronaldo,FW,29.0,1976.0,3.0
2006,2006 FIFA World Cup,Brazil,BRA,Ronaldinho,MF,26.0,1980.0,0.0
2006,2006 FIFA World Cup,Brazil,BRA,Zé Roberto,MF,31.0,1974.0,1.0
2006,2006 FIFA World Cup,Brazil,BRA,Rogério Ceni,GK,33.0,1973.0,0.0
2006,2006 FIFA World Cup,Brazil,BRA,Cicinho,DF,25.0,1980.0,0.0
2006,2006 FIFA World Cup,Brazil,BRA,Luisão,DF,25.0,1981.0,0.0
2006,2006 FIFA World Cup,Brazil,BRA,Cris,DF,29.0,1977.0,0.0
2006,2006 FIFA World Cup,Brazil,BRA,Gilberto,DF,30.0,1976.0,1.0
2006,2006 FIFA World Cup,Brazil,BRA,Gilberto Silva,MF,29.0,1976.0,0.0
2006,2006 FIFA World Cup,Brazil,BRA,Mineiro,MF,30.0,1975.0,0.0
2006,2006 FIFA World Cup,Brazil,BRA,Juninho Pernambucano,MF,31.0,1975.0,1.0
2006,2006 FIFA World Cup,Brazil,BRA,Ricardinho,MF,30.0,1976.0,0.0
2006,2006 FIFA World Cup,Brazil,BRA,Fred,FW,22.0,1983.0,1.0
2006,2006 FIFA World Cup,Brazil,BRA,Júlio César,GK,26.0,1979.0,0.0
2006,2006 FIFA World Cup,Brazil,BRA,Robinho,FW,22.0,1984.0,0.0
2006,2006 FIFA World Cup,Costa Rica,CRI,Álvaro Mesén,GK,33.0,1972.0,0.0
2006,2006 FIFA World Cup,Costa Rica,CRI,Jervis Drummond,DF,29.0,1976.0,0.0
2006,2006 FIFA World Cup,Costa Rica,CRI,Luis Marín,DF,31.0,1974.0,0.0
2006,2006 FIFA World Cup,Costa Rica,CRI,Michael Umaña,DF,23.0,1982.0,0.0
2006,2006 FIFA World Cup,Costa Rica,CRI,Gilberto Martínez,DF,26.0,1979.0,0.0
2006,2006 FIFA World Cup,Costa Rica,CRI,Danny Fonseca,MF,26.0,1979.0,0.0
2006,2006 FIFA World Cup,Costa Rica,CRI,Christian Bolaños,MF,22.0,1984.0,0.0
2006,2006 FIFA World Cup,Costa Rica,CRI,Mauricio Solís,MF,33.0,1972.0,0.0
2006,2006 FIFA World Cup,Costa Rica,CRI,Paulo Wanchope,FW,29.0,1976.0,2.0
2006,2006 FIFA World Cup,Costa Rica,CRI,Walter Centeno,MF,31.0,1974.0,0.0
2006,2006 FIFA World Cup,Costa Rica,CRI,Rónald Gómez,FW,31.0,1975.0,1.0
2006,2006 FIFA World Cup,Costa Rica,CRI,Leonardo González,DF,25.0,1980.0,0.0
2006,2006 FIFA World Cup,Costa Rica,CRI,Kurt Bernard,FW,28.0,1977.0,0.0
2006,2006 FIFA World Cup,Costa Rica,CRI,Randall Azofeifa,MF,21.0,1984.0,0.0
2006,2006 FIFA World Cup,Costa Rica,CRI,Harold Wallace,DF,30.0,1975.0,0.0
2006,2006 FIFA World Cup,Costa Rica,CRI,Carlos Hernández,MF,24.0,1982.0,0.0
2006,2006 FIFA World Cup,Costa Rica,CRI,Gabriel Badilla,DF,21.0,1984.0,0.0
2006,2006 FIFA World Cup,Costa Rica,CRI,José Francisco Porras,GK,35.0,1970.0,0.0
2006,2006 FIFA World Cup,Costa Rica,CRI,Álvaro Saborío,FW,24.0,1982.0,0.0
2006,2006 FIFA World Cup,Costa Rica,CRI,Douglas Sequeira,MF,28.0,1977.0,0.0
2006,2006 FIFA World Cup,Costa Rica,CRI,Víctor Núñez,FW,26.0,1980.0,0.0
2006,2006 FIFA World Cup,Costa Rica,CRI,Michael Rodríguez,DF,24.0,1981.0,0.0
2006,2006 FIFA World Cup,Costa Rica,CRI,Wardy Alfaro,GK,28.0,1977.0,0.0
2006,2006 FIFA World Cup,Croatia,HRV,Stipe Pletikosa,GK,27.0,1979.0,0.0
2006,2006 FIFA World Cup,Croatia,HRV,Darijo Srna,MF,24.0,1982.0,1.0
2006,2006 FIFA World Cup,Croatia,HRV,Josip Šimunić,DF,28.0,1978.0,0.0
2006,2006 FIFA World Cup,Croatia,HRV,Robert Kovač,DF,32.0,1974.0,0.0
2006,2006 FIFA World Cup,Croatia,HRV,Igor Tudor,MF,28.0,1978.0,0.0
2006,2006 FIFA World Cup,Croatia,HRV,Jurica Vranješ,MF,26.0,1980.0,0.0
2006,2006 FIFA World Cup,Croatia,HRV,Dario Šimić,DF,30.0,1975.0,0.0
2006,2006 FIFA World Cup,Croatia,HRV,Marko Babić,MF,25.0,1981.0,0.0
2006,2006 FIFA World Cup,Croatia,HRV,Dado Pršo,FW,31.0,1974.0,0.0
2006,2006 FIFA World Cup,Croatia,HRV,Niko Kovač,MF,34.0,1971.0,1.0
2006,2006 FIFA World Cup,Croatia,HRV,Mario Tokić,DF,30.0,1975.0,0.0
2006,2006 FIFA World Cup,Croatia,HRV,Joey Didulica,GK,28.0,1977.0,0.0
2006,2006 FIFA World Cup,Croatia,HRV,Stjepan Tomas,DF,30.0,1976.0,0.0
2006,2006 FIFA World Cup,Croatia,HRV,Luka Modrić,MF,20.0,1985.0,0.0
2006,2006 FIFA World Cup,Croatia,HRV,Ivan Leko,MF,28.0,1978.0,0.0
2006,2006 FIFA World Cup,Croatia,HRV,Jerko Leko,MF,26.0,1980.0,0.0
2006,2006 FIFA World Cup,Croatia,HRV,Ivan Klasnić,FW,26.0,1980.0,0.0
2006,2006 FIFA World Cup,Croatia,HRV,Ivica Olić,FW,26.0,1979.0,0.0
2006,2006 FIFA World Cup,Croatia,HRV,Niko Kranjčar,MF,21.0,1984.0,0.0
2006,2006 FIFA World Cup,Croatia,HRV,Anthony Šerić,MF,27.0,1979.0,0.0
2006,2006 FIFA World Cup,Croatia,HRV,Boško Balaban,FW,27.0,1978.0,0.0
2006,2006 FIFA World Cup,Croatia,HRV,Ivan Bošnjak,FW,27.0,1979.0,0.0
2006,2006 FIFA World Cup,Croatia,HRV,Tomislav Butina,GK,32.0,1974.0,0.0
2006,2006 FIFA World Cup,Czech Republic,CZE,Petr Čech,GK,24.0,1982.0,0.0
2006,2006 FIFA World Cup,Czech Republic,CZE,Zdeněk Grygera,DF,26.0,1980.0,0.0
2006,2006 FIFA World Cup,Czech Republic,CZE,Pavel Mareš,DF,30.0,1976.0,0.0
2006,2006 FIFA World Cup,Czech Republic,CZE,Tomáš Galásek,MF,33.0,1973.0,0.0
2006,2006 FIFA World Cup,Czech Republic,CZE,Radoslav Kováč,DF,26.0,1979.0,0.0
2006,2006 FIFA World Cup,Czech Republic,CZE,Marek Jankulovski,DF,29.0,1977.0,0.0
2006,2006 FIFA World Cup,Czech Republic,CZE,Libor Sionko,MF,29.0,1977.0,0.0
2006,2006 FIFA World Cup,Czech Republic,CZE,Karel Poborský,MF,34.0,1972.0,0.0
2006,2006 FIFA World Cup,Czech Republic,CZE,Jan Koller,FW,33.0,1973.0,1.0
2006,2006 FIFA World Cup,Czech Republic,CZE,Tomáš Rosický,MF,25.0,1980.0,2.0
2006,2006 FIFA World Cup,Czech Republic,CZE,Pavel Nedvěd,MF,33.0,1972.0,0.0
2006,2006 FIFA World Cup,Czech Republic,CZE,Vratislav Lokvenc,FW,32.0,1973.0,0.0
2006,2006 FIFA World Cup,Czech Republic,CZE,Martin Jiránek,DF,27.0,1979.0,0.0
2006,2006 FIFA World Cup,Czech Republic,CZE,David Jarolím,MF,27.0,1979.0,0.0
2006,2006 FIFA World Cup,Czech Republic,CZE,Milan Baroš,FW,24.0,1981.0,0.0
2006,2006 FIFA World Cup,Czech Republic,CZE,Jaromír Blažek,GK,33.0,1972.0,0.0
2006,2006 FIFA World Cup,Czech Republic,CZE,Jiří Štajner,FW,30.0,1976.0,0.0
2006,2006 FIFA World Cup,Czech Republic,CZE,Marek Heinz,FW,28.0,1977.0,0.0
2006,2006 FIFA World Cup,Czech Republic,CZE,Jan Polák,MF,25.0,1981.0,0.0
2006,2006 FIFA World Cup,Czech Republic,CZE,Jaroslav Plašil,MF,24.0,1982.0,0.0
2006,2006 FIFA World Cup,Czech Republic,CZE,Tomáš Ujfaluši,DF,28.0,1978.0,0.0
2006,2006 FIFA World Cup,Czech Republic,CZE,David Rozehnal,DF,25.0,1980.0,0.0
2006,2006 FIFA World Cup,Czech Republic,CZE,Antonín Kinský,GK,31.0,1975.0,0.0
2006,2006 FIFA World Cup,Ecuador,ECU,Edwin Villafuerte,GK,27.0,1979.0,0.0
2006,2006 FIFA World Cup,Ecuador,ECU,Jorge Guagua,DF,24.0,1981.0,0.0
2006,2006 FIFA World Cup,Ecuador,ECU,Iván Hurtado,DF,31.0,1974.0,0.0
2006,2006 FIFA World Cup,Ecuador,ECU,Ulises de la Cruz,DF,32.0,1974.0,0.0
2006,2006 FIFA World Cup,Ecuador,ECU,José Luis Perlaza,DF,24.0,1981.0,0.0
2006,2006 FIFA World Cup,Ecuador,ECU,Patricio Urrutia,MF,27.0,1978.0,0.0
2006,2006 FIFA World Cup,Ecuador,ECU,Christian Lara,MF,26.0,1980.0,0.0
2006,2006 FIFA World Cup,Ecuador,ECU,Édison Méndez,MF,27.0,1979.0,0.0
2006,2006 FIFA World Cup,Ecuador,ECU,Félix Borja,FW,23.0,1983.0,0.0
2006,2006 FIFA World Cup,Ecuador,ECU,Iván Kaviedes,FW,28.0,1977.0,1.0
2006,2006 FIFA World Cup,Ecuador,ECU,Agustín Delgado,FW,31.0,1974.0,2.0
2006,2006 FIFA World Cup,Ecuador,ECU,Cristian Mora,GK,26.0,1979.0,0.0
2006,2006 FIFA World Cup,Ecuador,ECU,Paúl Ambrosi,DF,25.0,1980.0,0.0
2006,2006 FIFA World Cup,Ecuador,ECU,Segundo Castillo,MF,24.0,1982.0,0.0
2006,2006 FIFA World Cup,Ecuador,ECU,Marlon Ayoví,MF,34.0,1971.0,0.0
2006,2006 FIFA World Cup,Ecuador,ECU,Antonio Valencia,MF,20.0,1985.0,0.0
2006,2006 FIFA World Cup,Ecuador,ECU,Giovanny Espinoza,DF,29.0,1977.0,0.0
2006,2006 FIFA World Cup,Ecuador,ECU,Néicer Reasco,DF,28.0,1977.0,0.0
2006,2006 FIFA World Cup,Ecuador,ECU,Luis Saritama,MF,22.0,1983.0,0.0
2006,2006 FIFA World Cup,Ecuador,ECU,Edwin Tenorio,MF,29.0,1976.0,0.0
2006,2006 FIFA World Cup,Ecuador,ECU,Carlos Tenorio,FW,27.0,1979.0,2.0
2006,2006 FIFA World Cup,Ecuador,ECU,Damián Lanza,GK,24.0,1982.0,0.0
2006,2006 FIFA World Cup,Ecuador,ECU,Christian Benítez,FW,20.0,1986.0,0.0
2006,2006 FIFA World Cup,England,ENG,Paul Robinson,GK,26.0,1979.0,0.0
2006,2006 FIFA World Cup,England,ENG,Gary Neville,DF,31.0,1975.0,0.0
2006,2006 FIFA World Cup,England,ENG,Ashley Cole,DF,25.0,1980.0,0.0
2006,2006 FIFA World Cup,England,ENG,Steven Gerrard,MF,26.0,1980.0,2.0
2006,2006 FIFA World Cup,England,ENG,Rio Ferdinand,DF,27.0,1978.0,0.0
2006,2006 FIFA World Cup,England,ENG,John Terry,DF,25.0,1980.0,0.0
2006,2006 FIFA World Cup,England,ENG,David Beckham,MF,31.0,1975.0,1.0
2006,2006 FIFA World Cup,England,ENG,Frank Lampard,MF,27.0,1978.0,0.0
2006,2006 FIFA World Cup,England,ENG,Wayne Rooney,FW,20.0,1985.0,0.0
2006,2006 FIFA World Cup,England,ENG,Michael Owen,FW,26.0,1979.0,0.0
2006,2006 FIFA World Cup,England,ENG,Joe Cole,MF,24.0,1981.0,1.0
2006,2006 FIFA World Cup,England,ENG,Sol Campbell,DF,31.0,1974.0,0.0
2006,2006 FIFA World Cup,England,ENG,David James,GK,35.0,1970.0,0.0
2006,2006 FIFA World Cup,England,ENG,Wayne Bridge,DF,25.0,1980.0,0.0
2006,2006 FIFA World Cup,England,ENG,Jamie Carragher,DF,28.0,1978.0,0.0
2006,2006 FIFA World Cup,England,ENG,Owen Hargreaves,MF,25.0,1981.0,0.0
2006,2006 FIFA World Cup,England,ENG,Jermaine Jenas,MF,23.0,1983.0,0.0
2006,2006 FIFA World Cup,England,ENG,Michael Carrick,MF,24.0,1981.0,0.0
2006,2006 FIFA World Cup,England,ENG,Aaron Lennon,MF,19.0,1987.0,0.0
2006,2006 FIFA World Cup,England,ENG,Stewart Downing,MF,21.0,1984.0,0.0
2006,2006 FIFA World Cup,England,ENG,Peter Crouch,FW,25.0,1981.0,1.0
2006,2006 FIFA World Cup,England,ENG,Scott Carson,GK,20.0,1985.0,0.0
2006,2006 FIFA World Cup,England,ENG,Theo Walcott,FW,17.0,1989.0,0.0
2006,2006 FIFA World Cup,France,FRA,Mickaël Landreau,GK,27.0,1979.0,0.0
2006,2006 FIFA World Cup,France,FRA,Jean-Alain Boumsong,DF,26.0,1979.0,0.0
2006,2006 FIFA World Cup,France,FRA,Eric Abidal,DF,26.0,1979.0,0.0
2006,2006 FIFA World Cup,France,FRA,Patrick Vieira,MF,29.0,1976.0,2.0
2006,2006 FIFA World Cup,France,FRA,William Gallas,DF,28.0,1977.0,0.0
2006,2006 FIFA World Cup,France,FRA,Claude Makélélé,MF,33.0,1973.0,0.0
2006,2006 FIFA World Cup,France,FRA,Florent Malouda,MF,25.0,1980.0,0.0
2006,2006 FIFA World Cup,France,FRA,Vikash Dhorasoo,MF,32.0,1973.0,0.0
2006,2006 FIFA World Cup,France,FRA,Sidney Govou,FW,26.0,1979.0,0.0
2006,2006 FIFA World Cup,France,FRA,Zinedine Zidane,MF,33.0,1972.0,3.0
2006,2006 FIFA World Cup,France,FRA,Sylvain Wiltord,FW,32.0,1974.0,0.0
2006,2006 FIFA World Cup,France,FRA,Thierry Henry,FW,28.0,1977.0,3.0
2006,2006 FIFA World Cup,France,FRA,Mikaël Silvestre,DF,28.0,1977.0,0.0
2006,2006 FIFA World Cup,France,FRA,Louis Saha,FW,27.0,1978.0,0.0
2006,2006 FIFA World Cup,France,FRA,Lilian Thuram,DF,34.0,1972.0,0.0
2006,2006 FIFA World Cup,France,FRA,Fabien Barthez,GK,34.0,1971.0,0.0
2006,2006 FIFA World Cup,France,FRA,Gaël Givet,DF,24.0,1981.0,0.0
2006,2006 FIFA World Cup,France,FRA,Alou Diarra,MF,24.0,1981.0,0.0
2006,2006 FIFA World Cup,France,FRA,Willy Sagnol,DF,29.0,1977.0,0.0
2006,2006 FIFA World Cup,France,FRA,David Trezeguet,FW,28.0,1977.0,0.0
2006,2006 FIFA World Cup,France,FRA,Pascal Chimbonda,DF,27.0,1979.0,0.0
2006,2006 FIFA World Cup,France,FRA,Franck Ribéry,MF,23.0,1983.0,1.0
2006,2006 FIFA World Cup,France,FRA,Grégory Coupet,GK,33.0,1972.0,0.0
2006,2006 FIFA World Cup,Germany,DEU,Jens Lehmann,GK,36.0,1969.0,0.0
2006,2006 FIFA World Cup,Germany,DEU,Marcell Jansen,DF,20.0,1985.0,0.0
2006,2006 FIFA World Cup,Germany,DEU,Arne Friedrich,DF,27.0,1979.0,0.0
2006,2006 FIFA World Cup,Germany,DEU,Robert Huth,DF,21.0,1984.0,0.0
2006,2006 FIFA World Cup,Germany,DEU,Sebastian Kehl,MF,26.0,1980.0,0.0
2006,2006 FIFA World Cup,Germany,DEU,Jens Nowotny,DF,32.0,1974.0,0.0
2006,2006 FIFA World Cup,Germany,DEU,Bastian Schweinsteiger,MF,21.0,1984.0,2.0
2006,2006 FIFA World Cup,Germany,DEU,Torsten Frings,MF,29.0,1976.0,1.0
2006,2006 FIFA World Cup,Germany,DEU,Mike Hanke,FW,22.0,1983.0,0.0
2006,2006 FIFA World Cup,Germany,DEU,Oliver Neuville,FW,33.0,1973.0,1.0
2006,2006 FIFA World Cup,Germany,DEU,Miroslav Klose,FW,28.0,1978.0,5.0
2006,2006 FIFA World Cup,Germany,DEU,Oliver Kahn,GK,36.0,1969.0,0.0
2006,2006 FIFA World Cup,Germany,DEU,Michael Ballack,MF,29.0,1976.0,0.0
2006,2006 FIFA World Cup,Germany,DEU,Gerald Asamoah,FW,27.0,1978.0,0.0
2006,2006 FIFA World Cup,Germany,DEU,Thomas Hitzlsperger,MF,24.0,1982.0,0.0
2006,2006 FIFA World Cup,Germany,DEU,Philipp Lahm,DF,22.0,1983.0,1.0
2006,2006 FIFA World Cup,Germany,DEU,Per Mertesacker,DF,21.0,1984.0,0.0
2006,2006 FIFA World Cup,Germany,DEU,Tim Borowski,MF,26.0,1980.0,0.0
2006,2006 FIFA World Cup,Germany,DEU,Bernd Schneider,MF,32.0,1973.0,0.0
2006,2006 FIFA World Cup,Germany,DEU,Lukas Podolski,FW,21.0,1985.0,3.0
2006,2006 FIFA World Cup,Germany,DEU,Christoph Metzelder,DF,25.0,1980.0,0.0
2006,2006 FIFA World Cup,Germany,DEU,David Odonkor,MF,22.0,1984.0,0.0
2006,2006 FIFA World Cup,Germany,DEU,Timo Hildebrand,GK,27.0,1979.0,0.0
2006,2006 FIFA World Cup,Ghana,GHA,Sammy Adjei,GK,25.0,1980.0,0.0
2006,2006 FIFA World Cup,Ghana,GHA,Hans Sarpei,MF,29.0,1976.0,0.0
2006,2006 FIFA World Cup,Ghana,GHA,Asamoah Gyan,FW,20.0,1985.0,1.0
2006,2006 FIFA World Cup,Ghana,GHA,Samuel Kuffour,DF,29.0,1976.0,0.0
2006,2006 FIFA World Cup,Ghana,GHA,John Mensah,DF,23.0,1982.0,0.0
2006,2006 FIFA World Cup,Ghana,GHA,Emmanuel Pappoe,DF,25.0,1981.0,0.0
2006,2006 FIFA World Cup,Ghana,GHA,Illiasu Shilla,DF,23.0,1982.0,0.0
2006,2006 FIFA World Cup,Ghana,GHA,Michael Essien,MF,23.0,1982.0,0.0
2006,2006 FIFA World Cup,Ghana,GHA,Derek Boateng,MF,23.0,1983.0,0.0
2006,2006 FIFA World Cup,Ghana,GHA,Stephen Appiah,MF,25.0,1980.0,1.0
2006,2006 FIFA World Cup,Ghana,GHA,Sulley Muntari,MF,21.0,1984.0,1.0
2006,2006 FIFA World Cup,Ghana,GHA,Alex Tachie-Mensah,FW,29.0,1977.0,0.0
2006,2006 FIFA World Cup,Ghana,GHA,Habib Mohamed,DF,22.0,1983.0,0.0
2006,2006 FIFA World Cup,Ghana,GHA,Matthew Amoah,FW,25.0,1980.0,0.0
2006,2006 FIFA World Cup,Ghana,GHA,John Paintsil,MF,24.0,1981.0,0.0
2006,2006 FIFA World Cup,Ghana,GHA,George Owu,GK,23.0,1982.0,0.0
2006,2006 FIFA World Cup,Ghana,GHA,Daniel Quaye,DF,25.0,1980.0,0.0
2006,2006 FIFA World Cup,Ghana,GHA,Eric Addo,DF,27.0,1978.0,0.0
2006,2006 FIFA World Cup,Ghana,GHA,Razak Pimpong,FW,23.0,1982.0,0.0
2006,2006 FIFA World Cup,Ghana,GHA,Otto Addo,FW,31.0,1975.0,0.0
2006,2006 FIFA World Cup,Ghana,GHA,Issah Ahmed,DF,24.0,1982.0,0.0
2006,2006 FIFA World Cup,Ghana,GHA,Richard Kingson,GK,27.0,1978.0,0.0
2006,2006 FIFA World Cup,Ghana,GHA,Haminu Draman,MF,20.0,1986.0,1.0
2006,2006 FIFA World Cup,IR Iran,IRN,Ebrahim Mirzapour,GK,27.0,1978.0,0.0
2006,2006 FIFA World Cup,IR Iran,IRN,Mehdi Mahdavikia,MF,28.0,1977.0,0.0
2006,2006 FIFA World Cup,IR Iran,IRN,Sohrab Bakhtiarizadeh,DF,32.0,1973.0,1.0
2006,2006 FIFA World Cup,IR Iran,IRN,Yahya Golmohammadi,DF,35.0,1971.0,1.0
2006,2006 FIFA World Cup,IR Iran,IRN,Rahman Rezaei,DF,31.0,1975.0,0.0
2006,2006 FIFA World Cup,IR Iran,IRN,Javad Nekounam,MF,25.0,1980.0,0.0
2006,2006 FIFA World Cup,IR Iran,IRN,Ferydoon Zandi,MF,27.0,1979.0,0.0
2006,2006 FIFA World Cup,IR Iran,IRN,Ali Karimi,MF,27.0,1978.0,0.0
2006,2006 FIFA World Cup,IR Iran,IRN,Vahid Hashemian,FW,29.0,1976.0,0.0
2006,2006 FIFA World Cup,IR Iran,IRN,Ali Daei,FW,37.0,1969.0,0.0
2006,2006 FIFA World Cup,IR Iran,IRN,Rasoul Khatibi,FW,27.0,1978.0,0.0
2006,2006 FIFA World Cup,IR Iran,IRN,Hassan Roudbarian,GK,27.0,1978.0,0.0
2006,2006 FIFA World Cup,IR Iran,IRN,Hossein Kaebi,DF,20.0,1985.0,0.0
2006,2006 FIFA World Cup,IR Iran,IRN,Andranik Teymourian,MF,23.0,1983.0,0.0
2006,2006 FIFA World Cup,IR Iran,IRN,Arash Borhani,FW,22.0,1983.0,0.0
2006,2006 FIFA World Cup,IR Iran,IRN,Reza Enayati,FW,29.0,1976.0,0.0
2006,2006 FIFA World Cup,IR Iran,IRN,Javad Kazemian,FW,25.0,1981.0,0.0
2006,2006 FIFA World Cup,IR Iran,IRN,Moharram Navidkia,MF,23.0,1982.0,0.0
2006,2006 FIFA World Cup,IR Iran,IRN,Amir Hossein Sadeghi,DF,24.0,1981.0,0.0
2006,2006 FIFA World Cup,IR Iran,IRN,Mohammad Nosrati,DF,24.0,1982.0,0.0
2006,2006 FIFA World Cup,IR Iran,IRN,Mehrzad Madanchi,MF,23.0,1982.0,0.0
2006,2006 FIFA World Cup,IR Iran,IRN,Vahid Talebloo,GK,24.0,1982.0,0.0
2006,2006 FIFA World Cup,IR Iran,IRN,Masoud Shojaei,MF,22.0,1984.0,0.0
2006,2006 FIFA World Cup,Italy,ITA,Gianluigi Buffon,GK,28.0,1978.0,0.0
2006,2006 FIFA World Cup,Italy,ITA,Cristian Zaccardo,DF,24.0,1981.0,0.0
2006,2006 FIFA World Cup,Italy,ITA,Fabio Grosso,DF,28.0,1977.0,1.0
2006,2006 FIFA World Cup,Italy,ITA,Daniele De Rossi,MF,22.0,1983.0,0.0
2006,2006 FIFA World Cup,Italy,ITA,Fabio Cannavaro,DF,32.0,1973.0,0.0
2006,2006 FIFA World Cup,Italy,ITA,Andrea Barzagli,DF,25.0,1981.0,0.0
2006,2006 FIFA World Cup,Italy,ITA,Alessandro Del Piero,FW,31.0,1974.0,1.0
2006,2006 FIFA World Cup,Italy,ITA,Gennaro Gattuso,MF,28.0,1978.0,0.0
2006,2006 FIFA World Cup,Italy,ITA,Luca Toni,FW,29.0,1977.0,2.0
2006,2006 FIFA World Cup,Italy,ITA,Francesco Totti,FW,29.0,1976.0,1.0
2006,2006 FIFA World Cup,Italy,ITA,Alberto Gilardino,FW,23.0,1982.0,1.0
2006,2006 FIFA World Cup,Italy,ITA,Angelo Peruzzi,GK,36.0,1970.0,0.0
2006,2006 FIFA World Cup,Italy,ITA,Alessandro Nesta,DF,30.0,1976.0,0.0
2006,2006 FIFA World Cup,Italy,ITA,Marco Amelia,GK,24.0,1982.0,0.0
2006,2006 FIFA World Cup,Italy,ITA,Vincenzo Iaquinta,FW,26.0,1979.0,1.0
2006,2006 FIFA World Cup,Italy,ITA,Mauro Camoranesi,MF,29.0,1976.0,0.0
2006,2006 FIFA World Cup,Italy,ITA,Simone Barone,MF,28.0,1978.0,0.0
2006,2006 FIFA World Cup,Italy,ITA,Filippo Inzaghi,FW,32.0,1973.0,1.0
2006,2006 FIFA World Cup,Italy,ITA,Gianluca Zambrotta,DF,29.0,1977.0,1.0
2006,2006 FIFA World Cup,Italy,ITA,Simone Perrotta,MF,28.0,1977.0,0.0
2006,2006 FIFA World Cup,Italy,ITA,Andrea Pirlo,MF,27.0,1979.0,1.0
2006,2006 FIFA World Cup,Italy,ITA,Massimo Oddo,DF,29.0,1976.0,0.0
2006,2006 FIFA World Cup,Italy,ITA,Marco Materazzi,DF,32.0,1973.0,2.0
2006,2006 FIFA World Cup,Côte d'Ivoire,CIV,Jean-Jacques Tizié,GK,33.0,1972.0,0.0
2006,2006 FIFA World Cup,Côte d'Ivoire,CIV,Kanga Akalé,MF,25.0,1981.0,0.0
2006,2006 FIFA World Cup,Côte d'Ivoire,CIV,Arthur Boka,DF,23.0,1983.0,0.0
2006,2006 FIFA World Cup,Côte d'Ivoire,CIV,Kolo Touré,DF,25.0,1981.0,0.0
2006,2006 FIFA World Cup,Côte d'Ivoire,CIV,Didier Zokora,MF,25.0,1980.0,0.0
2006,2006 FIFA World Cup,Côte d'Ivoire,CIV,Blaise Kouassi,DF,31.0,1975.0,0.0
2006,2006 FIFA World Cup,Côte d'Ivoire,CIV,Emerse Faé,MF,22.0,1984.0,0.0
2006,2006 FIFA World Cup,Côte d'Ivoire,CIV,Bonaventure Kalou,FW,28.0,1978.0,1.0
2006,2006 FIFA World Cup,Côte d'Ivoire,CIV,Arouna Koné,FW,22.0,1983.0,0.0
2006,2006 FIFA World Cup,Côte d'Ivoire,CIV,Gilles Yapi Yapo,MF,24.0,1982.0,0.0
2006,2006 FIFA World Cup,Côte d'Ivoire,CIV,Didier Drogba,FW,28.0,1978.0,1.0
2006,2006 FIFA World Cup,Côte d'Ivoire,CIV,Abdoulaye Méïté,DF,25.0,1980.0,0.0
2006,2006 FIFA World Cup,Côte d'Ivoire,CIV,Marco Zoro,DF,22.0,1983.0,0.0
2006,2006 FIFA World Cup,Côte d'Ivoire,CIV,Bakari Koné,FW,24.0,1981.0,1.0
2006,2006 FIFA World Cup,Côte d'Ivoire,CIV,Aruna Dindane,FW,25.0,1980.0,2.0
2006,2006 FIFA World Cup,Côte d'Ivoire,CIV,Gérard Gnanhouan,GK,27.0,1979.0,0.0
2006,2006 FIFA World Cup,Côte d'Ivoire,CIV,Cyril Domoraud,DF,34.0,1971.0,0.0
2006,2006 FIFA World Cup,Côte d'Ivoire,CIV,Abdul Kader Keïta,MF,24.0,1981.0,0.0
2006,2006 FIFA World Cup,Côte d'Ivoire,CIV,Yaya Touré,MF,23.0,1983.0,0.0
2006,2006 FIFA World Cup,Côte d'Ivoire,CIV,Guy Demel,DF,24.0,1981.0,0.0
2006,2006 FIFA World Cup,Côte d'Ivoire,CIV,Emmanuel Eboué,DF,23.0,1983.0,0.0
2006,2006 FIFA World Cup,Côte d'Ivoire,CIV,Romaric,MF,23.0,1983.0,0.0
2006,2006 FIFA World Cup,Côte d'Ivoire,CIV,Boubacar Barry,GK,26.0,1979.0,0.0
2006,2006 FIFA World Cup,Japan,JPN,Seigo Narazaki,GK,30.0,1976.0,0.0
2006,2006 FIFA World Cup,Japan,JPN,Teruyuki Moniwa,DF,24.0,1981.0,0.0
2006,2006 FIFA World Cup,Japan,JPN,Yūichi Komano,DF,24.0,1981.0,0.0
2006,2006 FIFA World Cup,Japan,JPN,Yasuhito Endō,MF,26.0,1980.0,0.0
2006,2006 FIFA World Cup,Japan,JPN,Tsuneyasu Miyamoto,DF,29.0,1977.0,0.0
2006,2006 FIFA World Cup,Japan,JPN,Kōji Nakata,DF,26.0,1979.0,0.0
2006,2006 FIFA World Cup,Japan,JPN,Hidetoshi Nakata,MF,29.0,1977.0,0.0
2006,2006 FIFA World Cup,Japan,JPN,Mitsuo Ogasawara,MF,27.0,1979.0,0.0
2006,2006 FIFA World Cup,Japan,JPN,Naohiro Takahara,FW,27.0,1979.0,0.0
2006,2006 FIFA World Cup,Japan,JPN,Shunsuke Nakamura,MF,27.0,1978.0,1.0
2006,2006 FIFA World Cup,Japan,JPN,Seiichiro Maki,FW,25.0,1980.0,0.0
2006,2006 FIFA World Cup,Japan,JPN,Yoichi Doi,GK,32.0,1973.0,0.0
2006,2006 FIFA World Cup,Japan,JPN,Atsushi Yanagisawa,FW,29.0,1977.0,0.0
2006,2006 FIFA World Cup,Japan,JPN,Alessandro Santos,DF,28.0,1977.0,0.0
2006,2006 FIFA World Cup,Japan,JPN,Takashi Fukunishi,MF,29.0,1976.0,0.0
2006,2006 FIFA World Cup,Japan,JPN,Masashi Oguro,FW,26.0,1980.0,0.0
2006,2006 FIFA World Cup,Japan,JPN,Junichi Inamoto,MF,26.0,1979.0,0.0
2006,2006 FIFA World Cup,Japan,JPN,Shinji Ono,MF,26.0,1979.0,0.0
2006,2006 FIFA World Cup,Japan,JPN,Keisuke Tsuboi,DF,26.0,1979.0,0.0
2006,2006 FIFA World Cup,Japan,JPN,Keiji Tamada,FW,26.0,1980.0,1.0
2006,2006 FIFA World Cup,Japan,JPN,Akira Kaji,DF,26.0,1980.0,0.0
2006,2006 FIFA World Cup,Japan,JPN,Yuji Nakazawa,DF,28.0,1978.0,0.0
2006,2006 FIFA World Cup,Japan,JPN,Yoshikatsu Kawaguchi,GK,30.0,1975.0,0.0
2006,2006 FIFA World Cup,Mexico,MEX,Oswaldo Sánchez,GK,32.0,1973.0,0.0
2006,2006 FIFA World Cup,Mexico,MEX,Claudio Suárez,DF,37.0,1968.0,0.0
2006,2006 FIFA World Cup,Mexico,MEX,Carlos Salcido,DF,26.0,1980.0,0.0
2006,2006 FIFA World Cup,Mexico,MEX,Rafael Márquez,DF,27.0,1979.0,1.0
2006,2006 FIFA World Cup,Mexico,MEX,Ricardo Osorio,DF,26.0,1980.0,0.0
2006,2006 FIFA World Cup,Mexico,MEX,Gerardo Torrado,MF,27.0,1979.0,0.0
2006,2006 FIFA World Cup,Mexico,MEX,Sinha,MF,30.0,1976.0,1.0
2006,2006 FIFA World Cup,Mexico,MEX,Pável Pardo,MF,29.0,1976.0,0.0
2006,2006 FIFA World Cup,Mexico,MEX,Jared Borgetti,FW,32.0,1973.0,0.0
2006,2006 FIFA World Cup,Mexico,MEX,Guillermo Franco,FW,29.0,1976.0,0.0
2006,2006 FIFA World Cup,Mexico,MEX,Ramón Morales,MF,30.0,1975.0,0.0
2006,2006 FIFA World Cup,Mexico,MEX,José de Jesús Corona,GK,25.0,1981.0,0.0
2006,2006 FIFA World Cup,Mexico,MEX,Guillermo Ochoa,GK,20.0,1985.0,0.0
2006,2006 FIFA World Cup,Mexico,MEX,Gonzalo Pineda,DF,23.0,1982.0,0.0
2006,2006 FIFA World Cup,Mexico,MEX,José Antonio Castro,DF,25.0,1980.0,0.0
2006,2006 FIFA World Cup,Mexico,MEX,Mario Méndez,DF,27.0,1979.0,0.0
2006,2006 FIFA World Cup,Mexico,MEX,Francisco Fonseca,FW,26.0,1979.0,1.0
2006,2006 FIFA World Cup,Mexico,MEX,Andrés Guardado,MF,19.0,1986.0,0.0
2006,2006 FIFA World Cup,Mexico,MEX,Omar Bravo,FW,26.0,1980.0,2.0
2006,2006 FIFA World Cup,Mexico,MEX,Rafael García,MF,31.0,1974.0,0.0
2006,2006 FIFA World Cup,Mexico,MEX,Jesús Arellano,MF,33.0,1973.0,0.0
2006,2006 FIFA World Cup,Mexico,MEX,Francisco Javier Rodríguez,DF,24.0,1981.0,0.0
2006,2006 FIFA World Cup,Mexico,MEX,Luis Ernesto Pérez,MF,25.0,1981.0,0.0
2006,2006 FIFA World Cup,Netherlands,NLD,Edwin van der Sar,GK,35.0,1970.0,0.0
2006,2006 FIFA World Cup,Netherlands,NLD,Kew Jaliens,DF,27.0,1978.0,0.0
2006,2006 FIFA World Cup,Netherlands,NLD,Khalid Boulahrouz,DF,24.0,1981.0,0.0
2006,2006 FIFA World Cup,Netherlands,NLD,Joris Mathijsen,DF,26.0,1980.0,0.0
2006,2006 FIFA World Cup,Netherlands,NLD,Giovanni van Bronckhorst,DF,31.0,1975.0,0.0
2006,2006 FIFA World Cup,Netherlands,NLD,Denny Landzaat,MF,30.0,1976.0,0.0
2006,2006 FIFA World Cup,Netherlands,NLD,Dirk Kuyt,FW,25.0,1980.0,0.0
2006,2006 FIFA World Cup,Netherlands,NLD,Phillip Cocu,MF,35.0,1970.0,0.0
2006,2006 FIFA World Cup,Netherlands,NLD,Ruud van Nistelrooy,FW,29.0,1976.0,1.0
2006,2006 FIFA World Cup,Netherlands,NLD,Rafael van der Vaart,MF,23.0,1983.0,0.0
2006,2006 FIFA World Cup,Netherlands,NLD,Arjen Robben,MF,22.0,1984.0,1.0
2006,2006 FIFA World Cup,Netherlands,NLD,Jan Kromkamp,DF,25.0,1980.0,0.0
2006,2006 FIFA World Cup,Netherlands,NLD,André Ooijer,DF,31.0,1974.0,0.0
2006,2006 FIFA World Cup,Netherlands,NLD,John Heitinga,DF,22.0,1983.0,0.0
2006,2006 FIFA World Cup,Netherlands,NLD,Tim de Cler,DF,27.0,1978.0,0.0
2006,2006 FIFA World Cup,Netherlands,NLD,Hedwiges Maduro,MF,21.0,1985.0,0.0
2006,2006 FIFA World Cup,Netherlands,NLD,Robin van Persie,FW,22.0,1983.0,1.0
2006,2006 FIFA World Cup,Netherlands,NLD,Mark van Bommel,MF,29.0,1977.0,0.0
2006,2006 FIFA World Cup,Netherlands,NLD,Jan Vennegoor of Hesselink,FW,27.0,1978.0,0.0
2006,2006 FIFA World Cup,Netherlands,NLD,Wesley Sneijder,MF,22.0,1984.0,0.0
2006,2006 FIFA World Cup,Netherlands,NLD,Ryan Babel,FW,19.0,1986.0,0.0
2006,2006 FIFA World Cup,Netherlands,NLD,Henk Timmer,GK,34.0,1971.0,0.0
2006,2006 FIFA World Cup,Netherlands,NLD,Maarten Stekelenburg,GK,23.0,1982.0,0.0
2006,2006 FIFA World Cup,Paraguay,PRY,Justo Villar,GK,28.0,1977.0,0.0
2006,2006 FIFA World Cup,Paraguay,PRY,Jorge Núñez,DF,28.0,1978.0,0.0
2006,2006 FIFA World Cup,Paraguay,PRY,Delio Toledo,DF,29.0,1976.0,0.0
2006,2006 FIFA World Cup,Paraguay,PRY,Carlos Gamarra,DF,35.0,1971.0,0.0
2006,2006 FIFA World Cup,Paraguay,PRY,Julio César Cáceres,DF,26.0,1979.0,0.0
2006,2006 FIFA World Cup,Paraguay,PRY,Carlos Bonet,MF,28.0,1977.0,0.0
2006,2006 FIFA World Cup,Paraguay,PRY,Salvador Cabañas,FW,25.0,1980.0,0.0
2006,2006 FIFA World Cup,Paraguay,PRY,Édgar Barreto,MF,21.0,1984.0,0.0
2006,2006 FIFA World Cup,Paraguay,PRY,Roque Santa Cruz,FW,24.0,1981.0,0.0
2006,2006 FIFA World Cup,Paraguay,PRY,Roberto Acuña,MF,34.0,1972.0,0.0
2006,2006 FIFA World Cup,Paraguay,PRY,Diego Gavilán,MF,26.0,1980.0,0.0
2006,2006 FIFA World Cup,Paraguay,PRY,Derlis Gómez,GK,33.0,1972.0,0.0
2006,2006 FIFA World Cup,Paraguay,PRY,Carlos Paredes,MF,29.0,1976.0,0.0
2006,2006 FIFA World Cup,Paraguay,PRY,Paulo da Silva,DF,26.0,1980.0,0.0
2006,2006 FIFA World Cup,Paraguay,PRY,Julio César Manzur,DF,25.0,1981.0,0.0
2006,2006 FIFA World Cup,Paraguay,PRY,Cristian Riveros,MF,23.0,1982.0,0.0
2006,2006 FIFA World Cup,Paraguay,PRY,José Montiel,MF,18.0,1988.0,0.0
2006,2006 FIFA World Cup,Paraguay,PRY,Nelson Haedo Valdez,FW,22.0,1983.0,0.0
2006,2006 FIFA World Cup,Paraguay,PRY,Julio dos Santos,MF,23.0,1983.0,0.0
2006,2006 FIFA World Cup,Paraguay,PRY,Dante López,FW,22.0,1983.0,0.0
2006,2006 FIFA World Cup,Paraguay,PRY,Denis Caniza,DF,31.0,1974.0,0.0
2006,2006 FIFA World Cup,Paraguay,PRY,Aldo Bobadilla,GK,30.0,1976.0,0.0
2006,2006 FIFA World Cup,Paraguay,PRY,Nelson Cuevas,FW,26.0,1980.0,1.0
2006,2006 FIFA World Cup,Poland,POL,Artur Boruc,GK,26.0,1980.0,0.0
2006,2006 FIFA World Cup,Poland,POL,Mariusz Jop,DF,27.0,1978.0,0.0
2006,2006 FIFA World Cup,Poland,POL,Seweryn Gancarczyk,DF,24.0,1981.0,0.0
2006,2006 FIFA World Cup,Poland,POL,Marcin Baszczyński,DF,29.0,1977.0,0.0
2006,2006 FIFA World Cup,Poland,POL,Kamil Kosowski,MF,28.0,1977.0,0.0
2006,2006 FIFA World Cup,Poland,POL,Jacek Bąk,DF,33.0,1973.0,0.0
2006,2006 FIFA World Cup,Poland,POL,Radosław Sobolewski,MF,29.0,1976.0,0.0
2006,2006 FIFA World Cup,Poland,POL,Jacek Krzynówek,MF,30.0,1976.0,0.0
2006,2006 FIFA World Cup,Poland,POL,Maciej Żurawski,FW,29.0,1976.0,0.0
2006,2006 FIFA World Cup,Poland,POL,Mirosław Szymkowiak,MF,29.0,1976.0,0.0
2006,2006 FIFA World Cup,Poland,POL,Grzegorz Rasiak,FW,27.0,1979.0,0.0
2006,2006 FIFA World Cup,Poland,POL,Tomasz Kuszczak,GK,24.0,1982.0,0.0
2006,2006 FIFA World Cup,Poland,POL,Sebastian Mila,MF,23.0,1982.0,0.0
2006,2006 FIFA World Cup,Poland,POL,Michał Żewłakow,DF,30.0,1976.0,0.0
2006,2006 FIFA World Cup,Poland,POL,Euzebiusz Smolarek,FW,25.0,1981.0,0.0
2006,2006 FIFA World Cup,Poland,POL,Arkadiusz Radomski,MF,28.0,1977.0,0.0
2006,2006 FIFA World Cup,Poland,POL,Dariusz Dudka,MF,22.0,1983.0,0.0
2006,2006 FIFA World Cup,Poland,POL,Mariusz Lewandowski,DF,27.0,1979.0,0.0
2006,2006 FIFA World Cup,Poland,POL,Bartosz Bosacki,DF,30.0,1975.0,2.0
2006,2006 FIFA World Cup,Poland,POL,Piotr Giza,MF,26.0,1980.0,0.0
2006,2006 FIFA World Cup,Poland,POL,Ireneusz Jeleń,FW,25.0,1981.0,0.0
2006,2006 FIFA World Cup,Poland,POL,Łukasz Fabiański,GK,21.0,1985.0,0.0
2006,2006 FIFA World Cup,Poland,POL,Paweł Brożek,FW,23.0,1983.0,0.0
2006,2006 FIFA World Cup,Portugal,PRT,Ricardo,GK,30.0,1976.0,0.0
2006,2006 FIFA World Cup,Portugal,PRT,Paulo Ferreira,DF,27.0,1979.0,0.0
2006,2006 FIFA World Cup,Portugal,PRT,Marco Caneira,DF,27.0,1979.0,0.0
2006,2006 FIFA World Cup,Portugal,PRT,Ricardo Costa,DF,25.0,1981.0,0.0
2006,2006 FIFA World Cup,Portugal,PRT,Fernando Meira,DF,28.0,1978.0,0.0
2006,2006 FIFA World Cup,Portugal,PRT,Costinha,MF,31.0,1974.0,0.0
2006,2006 FIFA World Cup,Portugal,PRT,Luís Figo,MF,33.0,1972.0,0.0
2006,2006 FIFA World Cup,Portugal,PRT,Petit,MF,29.0,1976.0,0.0
2006,2006 FIFA World Cup,Portugal,PRT,Pauleta,FW,33.0,1973.0,1.0
2006,2006 FIFA World Cup,Portugal,PRT,Hugo Viana,MF,23.0,1983.0,0.0
2006,2006 FIFA World Cup,Portugal,PRT,Simão,FW,26.0,1979.0,1.0
2006,2006 FIFA World Cup,Portugal,PRT,Quim,GK,30.0,1975.0,0.0
2006,2006 FIFA World Cup,Portugal,PRT,Miguel,DF,26.0,1980.0,0.0
2006,2006 FIFA World Cup,Portugal,PRT,Nuno Valente,DF,31.0,1974.0,0.0
2006,2006 FIFA World Cup,Portugal,PRT,Luís Boa Morte,FW,28.0,1977.0,0.0
2006,2006 FIFA World Cup,Portugal,PRT,Ricardo Carvalho,DF,28.0,1978.0,0.0
2006,2006 FIFA World Cup,Portugal,PRT,Cristiano Ronaldo,FW,21.0,1985.0,1.0
2006,2006 FIFA World Cup,Portugal,PRT,Maniche,MF,28.0,1977.0,2.0
2006,2006 FIFA World Cup,Portugal,PRT,Tiago,MF,25.0,1981.0,0.0
2006,2006 FIFA World Cup,Portugal,PRT,Deco,MF,28.0,1977.0,1.0
2006,2006 FIFA World Cup,Portugal,PRT,Nuno Gomes,FW,29.0,1976.0,1.0
2006,2006 FIFA World Cup,Portugal,PRT,Paulo Santos,GK,33.0,1972.0,0.0
2006,2006 FIFA World Cup,Portugal,PRT,Hélder Postiga,FW,23.0,1982.0,0.0
2006,2006 FIFA World Cup,Saudi Arabia,SAU,Mohamed Al-Deayea,GK,33.0,1972.0,0.0
2006,2006 FIFA World Cup,Saudi Arabia,SAU,Ahmed Al-Dokhi,DF,29.0,1976.0,0.0
2006,2006 FIFA World Cup,Saudi Arabia,SAU,Redha Tukar,DF,30.0,1975.0,0.0
2006,2006 FIFA World Cup,Saudi Arabia,SAU,Hamad Al-Montashari,DF,23.0,1982.0,0.0
2006,2006 FIFA World Cup,Saudi Arabia,SAU,Naif Al-Qadi,DF,27.0,1979.0,0.0
2006,2006 FIFA World Cup,Saudi Arabia,SAU,Omar Al-Ghamdi,MF,27.0,1979.0,0.0
2006,2006 FIFA World Cup,Saudi Arabia,SAU,Mohammed Ameen,MF,26.0,1980.0,0.0
2006,2006 FIFA World Cup,Saudi Arabia,SAU,Mohammed Noor,MF,28.0,1978.0,0.0
2006,2006 FIFA World Cup,Saudi Arabia,SAU,Sami Al-Jaber,FW,33.0,1972.0,1.0
2006,2006 FIFA World Cup,Saudi Arabia,SAU,Mohammad Al-Shalhoub,MF,25.0,1980.0,0.0
2006,2006 FIFA World Cup,Saudi Arabia,SAU,Saad Al-Harthi,FW,22.0,1984.0,0.0
2006,2006 FIFA World Cup,Saudi Arabia,SAU,Abdulaziz Al-Khathran,DF,32.0,1973.0,0.0
2006,2006 FIFA World Cup,Saudi Arabia,SAU,Hussein Abdulghani,DF,29.0,1977.0,0.0
2006,2006 FIFA World Cup,Saudi Arabia,SAU,Saud Kariri,MF,25.0,1980.0,0.0
2006,2006 FIFA World Cup,Saudi Arabia,SAU,Ahmed Al-Bahri,DF,25.0,1980.0,0.0
2006,2006 FIFA World Cup,Saudi Arabia,SAU,Khaled Aziz,MF,24.0,1981.0,0.0
2006,2006 FIFA World Cup,Saudi Arabia,SAU,Mohamed Al-Bishi,DF,19.0,1987.0,0.0
2006,2006 FIFA World Cup,Saudi Arabia,SAU,Nawaf Al-Temyat,MF,29.0,1976.0,0.0
2006,2006 FIFA World Cup,Saudi Arabia,SAU,Mohammad Massad,DF,23.0,1983.0,0.0
2006,2006 FIFA World Cup,Saudi Arabia,SAU,Yasser Al-Qahtani,FW,23.0,1982.0,1.0
2006,2006 FIFA World Cup,Saudi Arabia,SAU,Mabrouk Zaid,GK,27.0,1979.0,0.0
2006,2006 FIFA World Cup,Saudi Arabia,SAU,Mohammad Khouja,GK,24.0,1982.0,0.0
2006,2006 FIFA World Cup,Saudi Arabia,SAU,Malek Mouath,FW,24.0,1981.0,0.0
2006,2006 FIFA World Cup,Serbia and Montenegro,SCG,Dragoslav Jevrić,GK,31.0,1974.0,0.0
2006,2006 FIFA World Cup,Serbia and Montenegro,SCG,Ivan Ergić,MF,25.0,1981.0,0.0
2006,2006 FIFA World Cup,Serbia and Montenegro,SCG,Ivica Dragutinović,DF,30.0,1975.0,0.0
2006,2006 FIFA World Cup,Serbia and Montenegro,SCG,Igor Duljaj,MF,26.0,1979.0,0.0
2006,2006 FIFA World Cup,Serbia and Montenegro,SCG,Nemanja Vidić,DF,24.0,1981.0,0.0
2006,2006 FIFA World Cup,Serbia and Montenegro,SCG,Goran Gavrančić,DF,27.0,1978.0,0.0
2006,2006 FIFA World Cup,Serbia and Montenegro,SCG,Ognjen Koroman,MF,27.0,1978.0,0.0
2006,2006 FIFA World Cup,Serbia and Montenegro,SCG,Mateja Kežman,FW,27.0,1979.0,0.0
2006,2006 FIFA World Cup,Serbia and Montenegro,SCG,Savo Milošević,FW,32.0,1973.0,0.0
2006,2006 FIFA World Cup,Serbia and Montenegro,SCG,Dejan Stanković,MF,27.0,1978.0,0.0
2006,2006 FIFA World Cup,Serbia and Montenegro,SCG,Predrag Đorđević,MF,33.0,1972.0,0.0
2006,2006 FIFA World Cup,Serbia and Montenegro,SCG,Oliver Kovačević,GK,31.0,1974.0,0.0
2006,2006 FIFA World Cup,Serbia and Montenegro,SCG,Dušan Basta,DF,21.0,1984.0,0.0
2006,2006 FIFA World Cup,Serbia and Montenegro,SCG,Nenad Đorđević,DF,26.0,1979.0,0.0
2006,2006 FIFA World Cup,Serbia and Montenegro,SCG,Milan Dudić,DF,26.0,1979.0,0.0
2006,2006 FIFA World Cup,Serbia and Montenegro,SCG,Dušan Petković,DF,31.0,1974.0,0.0
2006,2006 FIFA World Cup,Serbia and Montenegro,SCG,Albert Nađ,MF,31.0,1974.0,0.0
2006,2006 FIFA World Cup,Serbia and Montenegro,SCG,Zvonimir Vukić,MF,26.0,1979.0,0.0
2006,2006 FIFA World Cup,Serbia and Montenegro,SCG,Nikola Žigić,FW,25.0,1980.0,1.0
2006,2006 FIFA World Cup,Serbia and Montenegro,SCG,Mladen Krstajić,DF,32.0,1974.0,0.0
2006,2006 FIFA World Cup,Serbia and Montenegro,SCG,Danijel Ljuboja,FW,27.0,1978.0,0.0
2006,2006 FIFA World Cup,Serbia and Montenegro,SCG,Saša Ilić,MF,28.0,1977.0,1.0
2006,2006 FIFA World Cup,Serbia and Montenegro,SCG,Vladimir Stojković,GK,22.0,1983.0,0.0
2006,2006 FIFA World Cup,Korea Republic,KOR,Woon-jae Lee,GK,33.0,1973.0,0.0
2006,2006 FIFA World Cup,Korea Republic,KOR,Young-chul Kim,DF,29.0,1976.0,0.0
2006,2006 FIFA World Cup,Korea Republic,KOR,Dong-jin Kim,DF,24.0,1982.0,0.0
2006,2006 FIFA World Cup,Korea Republic,KOR,Jin-cheul Choi,DF,35.0,1971.0,0.0
2006,2006 FIFA World Cup,Korea Republic,KOR,Nam-il Kim,MF,29.0,1977.0,0.0
2006,2006 FIFA World Cup,Korea Republic,KOR,Jin-kyu Kim,DF,21.0,1985.0,0.0
2006,2006 FIFA World Cup,Korea Republic,KOR,Ji-sung Park,MF,25.0,1981.0,1.0
2006,2006 FIFA World Cup,Korea Republic,KOR,Do-heon Kim,MF,23.0,1982.0,0.0
2006,2006 FIFA World Cup,Korea Republic,KOR,Jung-hwan Ahn,FW,30.0,1976.0,1.0
2006,2006 FIFA World Cup,Korea Republic,KOR,Chu-young Park,FW,20.0,1985.0,0.0
2006,2006 FIFA World Cup,Korea Republic,KOR,Ki-hyeon Seol,FW,27.0,1979.0,0.0
2006,2006 FIFA World Cup,Korea Republic,KOR,Young-pyo Lee,DF,29.0,1977.0,0.0
2006,2006 FIFA World Cup,Korea Republic,KOR,Eul-yong Lee,MF,30.0,1975.0,0.0
2006,2006 FIFA World Cup,Korea Republic,KOR,Chun-soo Lee,FW,24.0,1981.0,1.0
2006,2006 FIFA World Cup,Korea Republic,KOR,Ji-hoon Baek,MF,21.0,1985.0,0.0
2006,2006 FIFA World Cup,Korea Republic,KOR,Kyung-ho Chung,FW,26.0,1980.0,0.0
2006,2006 FIFA World Cup,Korea Republic,KOR,Ho Lee,MF,21.0,1984.0,0.0
2006,2006 FIFA World Cup,Korea Republic,KOR,Sang-sik Kim,DF,29.0,1976.0,0.0
2006,2006 FIFA World Cup,Korea Republic,KOR,Jae-jin Cho,FW,24.0,1981.0,0.0
2006,2006 FIFA World Cup,Korea Republic,KOR,Yong-dae Kim,GK,26.0,1979.0,0.0
2006,2006 FIFA World Cup,Korea Republic,KOR,Young-kwang Kim,GK,22.0,1983.0,0.0
2006,2006 FIFA World Cup,Korea Republic,KOR,Chong-gug Song,DF,27.0,1979.0,0.0
2006,2006 FIFA World Cup,Korea Republic,KOR,Won-hee Cho,DF,23.0,1983.0,0.0
2006,2006 FIFA World Cup,Spain,ESP,Iker Casillas,GK,25.0,1981.0,0.0
2006,2006 FIFA World Cup,Spain,ESP,Míchel Salgado,DF,30.0,1975.0,0.0
2006,2006 FIFA World Cup,Spain,ESP,Mariano Pernía,DF,29.0,1977.0,0.0
2006,2006 FIFA World Cup,Spain,ESP,Carlos Marchena,DF,26.0,1979.0,0.0
2006,2006 FIFA World Cup,Spain,ESP,Carles Puyol,DF,28.0,1978.0,0.0
2006,2006 FIFA World Cup,Spain,ESP,David Albelda,MF,28.0,1977.0,0.0
2006,2006 FIFA World Cup,Spain,ESP,Raúl,FW,28.0,1977.0,1.0
2006,2006 FIFA World Cup,Spain,ESP,Xavi,MF,26.0,1980.0,0.0
2006,2006 FIFA World Cup,Spain,ESP,Fernando Torres,FW,22.0,1984.0,3.0
2006,2006 FIFA World Cup,Spain,ESP,José Antonio Reyes,MF,22.0,1983.0,0.0
2006,2006 FIFA World Cup,Spain,ESP,Luis García,MF,27.0,1978.0,0.0
2006,2006 FIFA World Cup,Spain,ESP,Antonio López,DF,24.0,1981.0,0.0
2006,2006 FIFA World Cup,Spain,ESP,Andrés Iniesta,MF,22.0,1984.0,0.0
2006,2006 FIFA World Cup,Spain,ESP,Xabi Alonso,MF,24.0,1981.0,1.0
2006,2006 FIFA World Cup,Spain,ESP,Sergio Ramos,DF,20.0,1986.0,0.0
2006,2006 FIFA World Cup,Spain,ESP,Marcos Senna,MF,29.0,1976.0,0.0
2006,2006 FIFA World Cup,Spain,ESP,Joaquín,MF,24.0,1981.0,0.0
2006,2006 FIFA World Cup,Spain,ESP,Cesc Fàbregas,MF,19.0,1987.0,0.0
2006,2006 FIFA World Cup,Spain,ESP,Santiago Cañizares,GK,36.0,1969.0,0.0
2006,2006 FIFA World Cup,Spain,ESP,Juanito,DF,29.0,1976.0,1.0
2006,2006 FIFA World Cup,Spain,ESP,David Villa,FW,24.0,1981.0,3.0
2006,2006 FIFA World Cup,Spain,ESP,Pablo Ibáñez,DF,24.0,1981.0,0.0
2006,2006 FIFA World Cup,Spain,ESP,Pepe Reina,GK,23.0,1982.0,0.0
2006,2006 FIFA World Cup,Sweden,SWE,Andreas Isaksson,GK,24.0,1981.0,0.0
2006,2006 FIFA World Cup,Sweden,SWE,Mikael Nilsson,DF,27.0,1978.0,0.0
2006,2006 FIFA World Cup,Sweden,SWE,Olof Mellberg,DF,28.0,1977.0,0.0
2006,2006 FIFA World Cup,Sweden,SWE,Teddy Lučić,DF,33.0,1973.0,0.0
2006,2006 FIFA World Cup,Sweden,SWE,Erik Edman,DF,27.0,1978.0,0.0
2006,2006 FIFA World Cup,Sweden,SWE,Tobias Linderoth,MF,27.0,1979.0,0.0
2006,2006 FIFA World Cup,Sweden,SWE,Niclas Alexandersson,MF,34.0,1971.0,0.0
2006,2006 FIFA World Cup,Sweden,SWE,Anders Svensson,MF,29.0,1976.0,0.0
2006,2006 FIFA World Cup,Sweden,SWE,Freddie Ljungberg,MF,29.0,1977.0,1.0
2006,2006 FIFA World Cup,Sweden,SWE,Zlatan Ibrahimović,FW,24.0,1981.0,0.0
2006,2006 FIFA World Cup,Sweden,SWE,Henrik Larsson,FW,34.0,1971.0,1.0
2006,2006 FIFA World Cup,Sweden,SWE,John Alvbåge,GK,23.0,1982.0,0.0
2006,2006 FIFA World Cup,Sweden,SWE,Petter Hansson,DF,29.0,1976.0,0.0
2006,2006 FIFA World Cup,Sweden,SWE,Fredrik Stenman,DF,23.0,1983.0,0.0
2006,2006 FIFA World Cup,Sweden,SWE,Karl Svensson,DF,22.0,1984.0,0.0
2006,2006 FIFA World Cup,Sweden,SWE,Kim Källström,MF,23.0,1982.0,0.0
2006,2006 FIFA World Cup,Sweden,SWE,Johan Elmander,FW,25.0,1981.0,0.0
2006,2006 FIFA World Cup,Sweden,SWE,Mattias Jonson,MF,32.0,1974.0,0.0
2006,2006 FIFA World Cup,Sweden,SWE,Daniel Andersson,MF,28.0,1977.0,0.0
2006,2006 FIFA World Cup,Sweden,SWE,Marcus Allbäck,FW,32.0,1973.0,1.0
2006,2006 FIFA World Cup,Sweden,SWE,Christian Wilhelmsson,MF,26.0,1979.0,0.0
2006,2006 FIFA World Cup,Sweden,SWE,Markus Rosenberg,FW,23.0,1982.0,0.0
2006,2006 FIFA World Cup,Sweden,SWE,Rami Shaaban,GK,30.0,1975.0,0.0
2006,2006 FIFA World Cup,Switzerland,CHE,Pascal Zuberbühler,GK,35.0,1971.0,0.0
2006,2006 FIFA World Cup,Switzerland,CHE,Johan Djourou,DF,19.0,1987.0,0.0
2006,2006 FIFA World Cup,Switzerland,CHE,Ludovic Magnin,DF,27.0,1979.0,0.0
2006,2006 FIFA World Cup,Switzerland,CHE,Philippe Senderos,DF,21.0,1985.0,1.0
2006,2006 FIFA World Cup,Switzerland,CHE,Xavier Margairaz,MF,22.0,1984.0,0.0
2006,2006 FIFA World Cup,Switzerland,CHE,Johann Vogel,MF,29.0,1977.0,0.0
2006,2006 FIFA World Cup,Switzerland,CHE,Ricardo Cabanas,MF,27.0,1979.0,0.0
2006,2006 FIFA World Cup,Switzerland,CHE,Raphaël Wicky,DF,29.0,1977.0,0.0
2006,2006 FIFA World Cup,Switzerland,CHE,Alexander Frei,FW,26.0,1979.0,2.0
2006,2006 FIFA World Cup,Switzerland,CHE,Daniel Gygax,FW,24.0,1981.0,0.0
2006,2006 FIFA World Cup,Switzerland,CHE,Marco Streller,FW,24.0,1981.0,0.0
2006,2006 FIFA World Cup,Switzerland,CHE,Diego Benaglio,GK,22.0,1983.0,0.0
2006,2006 FIFA World Cup,Switzerland,CHE,Stéphane Grichting,DF,27.0,1979.0,0.0
2006,2006 FIFA World Cup,Switzerland,CHE,David Degen,MF,23.0,1983.0,0.0
2006,2006 FIFA World Cup,Switzerland,CHE,Blerim Džemaili,MF,20.0,1986.0,0.0
2006,2006 FIFA World Cup,Switzerland,CHE,Tranquillo Barnetta,MF,21.0,1985.0,1.0
2006,2006 FIFA World Cup,Switzerland,CHE,Christoph Spycher,DF,28.0,1978.0,0.0
2006,2006 FIFA World Cup,Switzerland,CHE,Mauro Lustrinelli,FW,30.0,1976.0,0.0
2006,2006 FIFA World Cup,Switzerland,CHE,Valon Behrami,MF,21.0,1985.0,0.0
2006,2006 FIFA World Cup,Switzerland,CHE,Patrick Müller,DF,29.0,1976.0,0.0
2006,2006 FIFA World Cup,Switzerland,CHE,Fabio Coltorti,GK,25.0,1980.0,0.0
2006,2006 FIFA World Cup,Switzerland,CHE,Hakan Yakin,MF,29.0,1977.0,0.0
2006,2006 FIFA World Cup,Switzerland,CHE,Philipp Degen,DF,23.0,1983.0,0.0
2006,2006 FIFA World Cup,Togo,TGO,Ouro-Nimini Tchagnirou,GK,28.0,1977.0,0.0
2006,2006 FIFA World Cup,Togo,TGO,Daré Nibombé,DF,25.0,1980.0,0.0
2006,2006 FIFA World Cup,Togo,TGO,Jean-Paul Abalo,DF,30.0,1975.0,0.0
2006,2006 FIFA World Cup,Togo,TGO,Emmanuel Adebayor,FW,22.0,1984.0,0.0
2006,2006 FIFA World Cup,Togo,TGO,Massamasso Tchangai,DF,27.0,1978.0,0.0
2006,2006 FIFA World Cup,Togo,TGO,Yao Aziawonou,MF,26.0,1979.0,0.0
2006,2006 FIFA World Cup,Togo,TGO,Moustapha Salifou,FW,23.0,1983.0,0.0
2006,2006 FIFA World Cup,Togo,TGO,Kuami Agboh,MF,28.0,1977.0,0.0
2006,2006 FIFA World Cup,Togo,TGO,Thomas Dossevi,MF,27.0,1979.0,0.0
2006,2006 FIFA World Cup,Togo,TGO,Chérif Touré Mamam,MF,28.0,1978.0,0.0
2006,2006 FIFA World Cup,Togo,TGO,Robert Malm,FW,32.0,1973.0,0.0
2006,2006 FIFA World Cup,Togo,TGO,Eric Akoto,DF,25.0,1980.0,0.0
2006,2006 FIFA World Cup,Togo,TGO,Richmond Forson,DF,26.0,1980.0,0.0
2006,2006 FIFA World Cup,Togo,TGO,Adékambi Olufadé,MF,26.0,1980.0,0.0
2006,2006 FIFA World Cup,Togo,TGO,Alaixys Romao,MF,22.0,1984.0,0.0
2006,2006 FIFA World Cup,Togo,TGO,Kossi Agassa,GK,27.0,1978.0,0.0
2006,2006 FIFA World Cup,Togo,TGO,Mohamed Kader,FW,27.0,1979.0,1.0
2006,2006 FIFA World Cup,Togo,TGO,Yao Junior Sènaya,MF,22.0,1984.0,0.0
2006,2006 FIFA World Cup,Togo,TGO,Ludovic Assemoassa,DF,25.0,1980.0,0.0
2006,2006 FIFA World Cup,Togo,TGO,Affo Erassa,FW,23.0,1983.0,0.0
2006,2006 FIFA World Cup,Togo,TGO,Franck Atsou,MF,27.0,1978.0,0.0
2006,2006 FIFA World Cup,Togo,TGO,Kodjovi Obilalé,GK,21.0,1984.0,0.0
2006,2006 FIFA World Cup,Togo,TGO,Assimiou Touré,DF,18.0,1988.0,0.0
2006,2006 FIFA World Cup,Trinidad and Tobago,TTO,Shaka Hislop,GK,37.0,1969.0,0.0
2006,2006 FIFA World Cup,Trinidad and Tobago,TTO,Ian Cox,DF,35.0,1971.0,0.0
2006,2006 FIFA World Cup,Trinidad and Tobago,TTO,Avery John,DF,30.0,1975.0,0.0
2006,2006 FIFA World Cup,Trinidad and Tobago,TTO,Marvin Andrews,DF,30.0,1975.0,0.0
2006,2006 FIFA World Cup,Trinidad and Tobago,TTO,Brent Sancho,DF,29.0,1977.0,0.0
2006,2006 FIFA World Cup,Trinidad and Tobago,TTO,Dennis Lawrence,DF,31.0,1974.0,0.0
2006,2006 FIFA World Cup,Trinidad and Tobago,TTO,Chris Birchall,MF,22.0,1984.0,0.0
2006,2006 FIFA World Cup,Trinidad and Tobago,TTO,Cyd Gray,DF,32.0,1973.0,0.0
2006,2006 FIFA World Cup,Trinidad and Tobago,TTO,Aurtis Whitley,MF,29.0,1977.0,0.0
2006,2006 FIFA World Cup,Trinidad and Tobago,TTO,Russell Latapy,MF,37.0,1968.0,0.0
2006,2006 FIFA World Cup,Trinidad and Tobago,TTO,Carlos Edwards,MF,27.0,1978.0,0.0
2006,2006 FIFA World Cup,Trinidad and Tobago,TTO,Collin Samuel,FW,24.0,1981.0,0.0
2006,2006 FIFA World Cup,Trinidad and Tobago,TTO,Cornell Glen,FW,25.0,1980.0,0.0
2006,2006 FIFA World Cup,Trinidad and Tobago,TTO,Stern John,FW,29.0,1976.0,0.0
2006,2006 FIFA World Cup,Trinidad and Tobago,TTO,Kenwyne Jones,FW,21.0,1984.0,0.0
2006,2006 FIFA World Cup,Trinidad and Tobago,TTO,Evans Wise,MF,32.0,1973.0,0.0
2006,2006 FIFA World Cup,Trinidad and Tobago,TTO,David Atiba Charles,DF,28.0,1977.0,0.0
2006,2006 FIFA World Cup,Trinidad and Tobago,TTO,Densill Theobald,MF,23.0,1982.0,0.0
2006,2006 FIFA World Cup,Trinidad and Tobago,TTO,Dwight Yorke,FW,34.0,1971.0,0.0
2006,2006 FIFA World Cup,Trinidad and Tobago,TTO,Jason Scotland,FW,27.0,1979.0,0.0
2006,2006 FIFA World Cup,Trinidad and Tobago,TTO,Kelvin Jack,GK,30.0,1976.0,0.0
2006,2006 FIFA World Cup,Trinidad and Tobago,TTO,Clayton Ince,GK,33.0,1972.0,0.0
2006,2006 FIFA World Cup,Trinidad and Tobago,TTO,Anthony Wolfe,MF,22.0,1983.0,0.0
2006,2006 FIFA World Cup,Tunisia,TUN,Ali Boumnijel,GK,40.0,1966.0,0.0
2006,2006 FIFA World Cup,Tunisia,TUN,Karim Essediri,DF,26.0,1979.0,0.0
2006,2006 FIFA World Cup,Tunisia,TUN,Karim Haggui,DF,22.0,1984.0,0.0
2006,2006 FIFA World Cup,Tunisia,TUN,Alaeddine Yahia,DF,24.0,1981.0,0.0
2006,2006 FIFA World Cup,Tunisia,TUN,Ziad Jaziri,FW,27.0,1978.0,1.0
2006,2006 FIFA World Cup,Tunisia,TUN,Hatem Trabelsi,DF,29.0,1977.0,0.0
2006,2006 FIFA World Cup,Tunisia,TUN,Haykel Guemamdia,FW,24.0,1981.0,0.0
2006,2006 FIFA World Cup,Tunisia,TUN,Mehdi Nafti,MF,27.0,1978.0,0.0
2006,2006 FIFA World Cup,Tunisia,TUN,Yassine Chikhaoui,FW,19.0,1986.0,0.0
2006,2006 FIFA World Cup,Tunisia,TUN,Kaies Ghodhbane,MF,30.0,1976.0,0.0
2006,2006 FIFA World Cup,Tunisia,TUN,Francileudo Santos,FW,27.0,1979.0,0.0
2006,2006 FIFA World Cup,Tunisia,TUN,Jawhar Mnari,MF,29.0,1976.0,1.0
2006,2006 FIFA World Cup,Tunisia,TUN,Riadh Bouazizi,MF,33.0,1973.0,0.0
2006,2006 FIFA World Cup,Tunisia,TUN,Adel Chedli,MF,29.0,1976.0,0.0
2006,2006 FIFA World Cup,Tunisia,TUN,Radhi Jaïdi,DF,30.0,1975.0,1.0
2006,2006 FIFA World Cup,Tunisia,TUN,Adel Nefzi,GK,32.0,1974.0,0.0
2006,2006 FIFA World Cup,Tunisia,TUN,Chaouki Ben Saada,FW,21.0,1984.0,0.0
2006,2006 FIFA World Cup,Tunisia,TUN,David Jemmali,DF,31.0,1974.0,0.0
2006,2006 FIFA World Cup,Tunisia,TUN,Anis Ayari,DF,24.0,1982.0,0.0
2006,2006 FIFA World Cup,Tunisia,TUN,Hamed Namouchi,MF,22.0,1984.0,0.0
2006,2006 FIFA World Cup,Tunisia,TUN,Karim Saidi,DF,23.0,1983.0,0.0
2006,2006 FIFA World Cup,Tunisia,TUN,Hamdi Kasraoui,GK,23.0,1983.0,0.0
2006,2006 FIFA World Cup,Tunisia,TUN,Sofiane Melliti,MF,27.0,1978.0,0.0
2006,2006 FIFA World Cup,Ukraine,UKR,Oleksandr Shovkovskyi,GK,31.0,1975.0,0.0
2006,2006 FIFA World Cup,Ukraine,UKR,Andriy Nesmachniy,DF,27.0,1979.0,0.0
2006,2006 FIFA World Cup,Ukraine,UKR,Oleksandr Yatsenko,DF,21.0,1985.0,0.0
2006,2006 FIFA World Cup,Ukraine,UKR,Anatoliy Tymoshchuk,MF,27.0,1979.0,0.0
2006,2006 FIFA World Cup,Ukraine,UKR,Volodymyr Yezerskiy,DF,29.0,1976.0,0.0
2006,2006 FIFA World Cup,Ukraine,UKR,Andriy Rusol,DF,23.0,1983.0,1.0
2006,2006 FIFA World Cup,Ukraine,UKR,Andriy Shevchenko,FW,29.0,1976.0,2.0
2006,2006 FIFA World Cup,Ukraine,UKR,Oleh Shelayev,MF,29.0,1976.0,0.0
2006,2006 FIFA World Cup,Ukraine,UKR,Oleh Husyev,MF,23.0,1983.0,0.0
2006,2006 FIFA World Cup,Ukraine,UKR,Andriy Voronin,FW,26.0,1979.0,0.0
2006,2006 FIFA World Cup,Ukraine,UKR,Serhii Rebrov,FW,32.0,1974.0,1.0
2006,2006 FIFA World Cup,Ukraine,UKR,Andriy Pyatov,GK,21.0,1984.0,0.0
2006,2006 FIFA World Cup,Ukraine,UKR,Dmytro Chyhrynskyi,DF,19.0,1986.0,0.0
2006,2006 FIFA World Cup,Ukraine,UKR,Andriy Husin,MF,33.0,1972.0,0.0
2006,2006 FIFA World Cup,Ukraine,UKR,Artem Milevskyi,FW,21.0,1985.0,0.0
2006,2006 FIFA World Cup,Ukraine,UKR,Andriy Vorobey,FW,27.0,1978.0,0.0
2006,2006 FIFA World Cup,Ukraine,UKR,Vladyslav Vashchuk,DF,31.0,1975.0,0.0
2006,2006 FIFA World Cup,Ukraine,UKR,Serhiy Nazarenko,MF,26.0,1980.0,0.0
2006,2006 FIFA World Cup,Ukraine,UKR,Maksym Kalynychenko,MF,27.0,1979.0,1.0
2006,2006 FIFA World Cup,Ukraine,UKR,Oleksiy Byelik,FW,25.0,1981.0,0.0
2006,2006 FIFA World Cup,Ukraine,UKR,Ruslan Rotan,MF,24.0,1981.0,0.0
2006,2006 FIFA World Cup,Ukraine,UKR,Vyacheslav Sviderskyi,DF,27.0,1979.0,0.0
2006,2006 FIFA World Cup,Ukraine,UKR,Bohdan Shust,GK,20.0,1986.0,0.0
2006,2006 FIFA World Cup,United States,USA,Tim Howard,GK,27.0,1979.0,0.0
2006,2006 FIFA World Cup,United States,USA,Chris Albright,DF,27.0,1979.0,0.0
2006,2006 FIFA World Cup,United States,USA,Carlos Bocanegra,DF,27.0,1979.0,0.0
2006,2006 FIFA World Cup,United States,USA,Pablo Mastroeni,MF,29.0,1976.0,0.0
2006,2006 FIFA World Cup,United States,USA,John O'Brien,MF,28.0,1977.0,0.0
2006,2006 FIFA World Cup,United States,USA,Steve Cherundolo,DF,27.0,1979.0,0.0
2006,2006 FIFA World Cup,United States,USA,Eddie Lewis,MF,32.0,1974.0,0.0
2006,2006 FIFA World Cup,United States,USA,Clint Dempsey,MF,23.0,1983.0,1.0
2006,2006 FIFA World Cup,United States,USA,Eddie Johnson,FW,22.0,1984.0,0.0
2006,2006 FIFA World Cup,United States,USA,Claudio Reyna,MF,32.0,1973.0,0.0
2006,2006 FIFA World Cup,United States,USA,Brian Ching,FW,28.0,1978.0,0.0
2006,2006 FIFA World Cup,United States,USA,Gregg Berhalter,DF,32.0,1973.0,0.0
2006,2006 FIFA World Cup,United States,USA,Jimmy Conrad,DF,29.0,1977.0,0.0
2006,2006 FIFA World Cup,United States,USA,Ben Olsen,MF,29.0,1977.0,0.0
2006,2006 FIFA World Cup,United States,USA,Bobby Convey,MF,23.0,1983.0,0.0
2006,2006 FIFA World Cup,United States,USA,Josh Wolff,FW,29.0,1977.0,0.0
2006,2006 FIFA World Cup,United States,USA,DaMarcus Beasley,MF,24.0,1982.0,0.0
2006,2006 FIFA World Cup,United States,USA,Kasey Keller,GK,36.0,1969.0,0.0
2006,2006 FIFA World Cup,United States,USA,Marcus Hahnemann,GK,33.0,1972.0,0.0
2006,2006 FIFA World Cup,United States,USA,Brian McBride,FW,33.0,1972.0,0.0
2006,2006 FIFA World Cup,United States,USA,Landon Donovan,FW,24.0,1982.0,0.0
2006,2006 FIFA World Cup,United States,USA,Oguchi Onyewu,DF,24.0,1982.0,0.0
2006,2006 FIFA World Cup,United States,USA,Eddie Pope,DF,32.0,1973.0,0.0
2010,2010 FIFA World Cup,Algeria,DZA,Lounès Gaouaoui,GK,32.0,1977.0,0.0
2010,2010 FIFA World Cup,Algeria,DZA,Madjid Bougherra,DF,27.0,1982.0,0.0
2010,2010 FIFA World Cup,Algeria,DZA,Nadir Belhadj,DF,27.0,1982.0,0.0
2010,2010 FIFA World Cup,Algeria,DZA,Antar Yahia,DF,28.0,1982.0,0.0
2010,2010 FIFA World Cup,Algeria,DZA,Rafik Halliche,DF,23.0,1986.0,0.0
2010,2010 FIFA World Cup,Algeria,DZA,Yazid Mansouri,MF,32.0,1978.0,0.0
2010,2010 FIFA World Cup,Algeria,DZA,Ryad Boudebouz,MF,20.0,1990.0,0.0
2010,2010 FIFA World Cup,Algeria,DZA,Mehdi Lacen,MF,26.0,1984.0,0.0
2010,2010 FIFA World Cup,Algeria,DZA,Abdelkader Ghezzal,FW,25.0,1984.0,0.0
2010,2010 FIFA World Cup,Algeria,DZA,Rafik Saïfi,FW,35.0,1975.0,0.0
2010,2010 FIFA World Cup,Algeria,DZA,Rafik Djebbour,FW,26.0,1984.0,0.0
2010,2010 FIFA World Cup,Algeria,DZA,Habib Bellaïd,DF,24.0,1986.0,0.0
2010,2010 FIFA World Cup,Algeria,DZA,Karim Matmour,FW,24.0,1985.0,0.0
2010,2010 FIFA World Cup,Algeria,DZA,Abdelkader Laïfaoui,DF,28.0,1981.0,0.0
2010,2010 FIFA World Cup,Algeria,DZA,Karim Ziani,MF,27.0,1982.0,0.0
2010,2010 FIFA World Cup,Algeria,DZA,Faouzi Chaouchi,GK,25.0,1984.0,0.0
2010,2010 FIFA World Cup,Algeria,DZA,Adlène Guedioura,MF,24.0,1985.0,0.0
2010,2010 FIFA World Cup,Algeria,DZA,Carl Medjani,DF,25.0,1985.0,0.0
2010,2010 FIFA World Cup,Algeria,DZA,Hassan Yebda,MF,26.0,1984.0,0.0
2010,2010 FIFA World Cup,Algeria,DZA,Djamel Mesbah,DF,25.0,1984.0,0.0
2010,2010 FIFA World Cup,Algeria,DZA,Foued Kadir,MF,26.0,1983.0,0.0
2010,2010 FIFA World Cup,Algeria,DZA,Djamel Abdoun,MF,24.0,1986.0,0.0
2010,2010 FIFA World Cup,Algeria,DZA,Raïs M'Bolhi,GK,24.0,1986.0,0.0
2010,2010 FIFA World Cup,Argentina,ARG,Diego Pozo,GK,32.0,1978.0,0.0
2010,2010 FIFA World Cup,Argentina,ARG,Martín Demichelis,DF,29.0,1980.0,1.0
2010,2010 FIFA World Cup,Argentina,ARG,Clemente Rodríguez,DF,28.0,1981.0,0.0
2010,2010 FIFA World Cup,Argentina,ARG,Nicolás Burdisso,DF,29.0,1981.0,0.0
2010,2010 FIFA World Cup,Argentina,ARG,Mario Bolatti,MF,25.0,1985.0,0.0
2010,2010 FIFA World Cup,Argentina,ARG,Gabriel Heinze,DF,32.0,1978.0,1.0
2010,2010 FIFA World Cup,Argentina,ARG,Ángel Di María,MF,22.0,1988.0,0.0
2010,2010 FIFA World Cup,Argentina,ARG,Juan Sebastián Verón,MF,35.0,1975.0,0.0
2010,2010 FIFA World Cup,Argentina,ARG,Gonzalo Higuaín,FW,22.0,1987.0,4.0
2010,2010 FIFA World Cup,Argentina,ARG,Lionel Messi,FW,22.0,1987.0,0.0
2010,2010 FIFA World Cup,Argentina,ARG,Carlos Tevez,FW,26.0,1984.0,2.0
2010,2010 FIFA World Cup,Argentina,ARG,Ariel Garcé,DF,30.0,1979.0,0.0
2010,2010 FIFA World Cup,Argentina,ARG,Walter Samuel,DF,32.0,1978.0,0.0
2010,2010 FIFA World Cup,Argentina,ARG,Javier Mascherano,MF,26.0,1984.0,0.0
2010,2010 FIFA World Cup,Argentina,ARG,Nicolás Otamendi,DF,22.0,1988.0,0.0
2010,2010 FIFA World Cup,Argentina,ARG,Sergio Agüero,FW,22.0,1988.0,0.0
2010,2010 FIFA World Cup,Argentina,ARG,Jonás Gutiérrez,MF,26.0,1983.0,0.0
2010,2010 FIFA World Cup,Argentina,ARG,Martín Palermo,FW,36.0,1973.0,1.0
2010,2010 FIFA World Cup,Argentina,ARG,Diego Milito,FW,30.0,1979.0,0.0
2010,2010 FIFA World Cup,Argentina,ARG,Maxi Rodríguez,MF,29.0,1981.0,0.0
2010,2010 FIFA World Cup,Argentina,ARG,Mariano Andújar,GK,26.0,1983.0,0.0
2010,2010 FIFA World Cup,Argentina,ARG,Sergio Romero,GK,23.0,1987.0,0.0
2010,2010 FIFA World Cup,Argentina,ARG,Javier Pastore,MF,20.0,1989.0,0.0
2010,2010 FIFA World Cup,Australia,AUS,Mark Schwarzer,GK,37.0,1972.0,0.0
2010,2010 FIFA World Cup,Australia,AUS,Lucas Neill,DF,32.0,1978.0,0.0
2010,2010 FIFA World Cup,Australia,AUS,Craig Moore,DF,34.0,1975.0,0.0
2010,2010 FIFA World Cup,Australia,AUS,Tim Cahill,MF,30.0,1979.0,1.0
2010,2010 FIFA World Cup,Australia,AUS,Jason Culina,MF,29.0,1980.0,0.0
2010,2010 FIFA World Cup,Australia,AUS,Michael Beauchamp,DF,29.0,1981.0,0.0
2010,2010 FIFA World Cup,Australia,AUS,Brett Emerton,MF,31.0,1979.0,0.0
2010,2010 FIFA World Cup,Australia,AUS,Luke Wilkshire,DF,28.0,1981.0,0.0
2010,2010 FIFA World Cup,Australia,AUS,Joshua Kennedy,FW,27.0,1982.0,0.0
2010,2010 FIFA World Cup,Australia,AUS,Harry Kewell,FW,31.0,1978.0,0.0
2010,2010 FIFA World Cup,Australia,AUS,Scott Chipperfield,DF,34.0,1975.0,0.0
2010,2010 FIFA World Cup,Australia,AUS,Adam Federici,GK,25.0,1985.0,0.0
2010,2010 FIFA World Cup,Australia,AUS,Vince Grella,MF,30.0,1979.0,0.0
2010,2010 FIFA World Cup,Australia,AUS,Brett Holman,FW,26.0,1984.0,2.0
2010,2010 FIFA World Cup,Australia,AUS,Mile Jedinak,MF,25.0,1984.0,0.0
2010,2010 FIFA World Cup,Australia,AUS,Carl Valeri,MF,25.0,1984.0,0.0
2010,2010 FIFA World Cup,Australia,AUS,Nikita Rukavytsya,FW,22.0,1987.0,0.0
2010,2010 FIFA World Cup,Australia,AUS,Eugene Galekovic,GK,28.0,1981.0,0.0
2010,2010 FIFA World Cup,Australia,AUS,Richard Garcia,MF,28.0,1981.0,0.0
2010,2010 FIFA World Cup,Australia,AUS,Mark Milligan,DF,24.0,1985.0,0.0
2010,2010 FIFA World Cup,Australia,AUS,David Carney,DF,26.0,1983.0,0.0
2010,2010 FIFA World Cup,Australia,AUS,Dario Vidošić,MF,23.0,1987.0,0.0
2010,2010 FIFA World Cup,Australia,AUS,Mark Bresciano,MF,30.0,1980.0,0.0
2010,2010 FIFA World Cup,Brazil,BRA,Júlio César,GK,30.0,1979.0,0.0
2010,2010 FIFA World Cup,Brazil,BRA,Maicon,DF,28.0,1981.0,1.0
2010,2010 FIFA World Cup,Brazil,BRA,Lúcio,DF,32.0,1978.0,0.0
2010,2010 FIFA World Cup,Brazil,BRA,Juan,DF,31.0,1979.0,1.0
2010,2010 FIFA World Cup,Brazil,BRA,Felipe Melo,MF,26.0,1983.0,0.0
2010,2010 FIFA World Cup,Brazil,BRA,Michel Bastos,DF,26.0,1983.0,0.0
2010,2010 FIFA World Cup,Brazil,BRA,Elano,MF,28.0,1981.0,2.0
2010,2010 FIFA World Cup,Brazil,BRA,Gilberto Silva,MF,33.0,1976.0,0.0
2010,2010 FIFA World Cup,Brazil,BRA,Luís Fabiano,FW,29.0,1980.0,3.0
2010,2010 FIFA World Cup,Brazil,BRA,Kaká,MF,28.0,1982.0,0.0
2010,2010 FIFA World Cup,Brazil,BRA,Robinho,FW,26.0,1984.0,2.0
2010,2010 FIFA World Cup,Brazil,BRA,Heurelho Gomes,GK,29.0,1981.0,0.0
2010,2010 FIFA World Cup,Brazil,BRA,Dani Alves,DF,27.0,1983.0,0.0
2010,2010 FIFA World Cup,Brazil,BRA,Luisão,DF,29.0,1981.0,0.0
2010,2010 FIFA World Cup,Brazil,BRA,Thiago Silva,DF,25.0,1984.0,0.0
2010,2010 FIFA World Cup,Brazil,BRA,Gilberto,DF,34.0,1976.0,0.0
2010,2010 FIFA World Cup,Brazil,BRA,Josué,MF,30.0,1979.0,0.0
2010,2010 FIFA World Cup,Brazil,BRA,Ramires,MF,23.0,1987.0,0.0
2010,2010 FIFA World Cup,Brazil,BRA,Júlio Baptista,MF,28.0,1981.0,0.0
2010,2010 FIFA World Cup,Brazil,BRA,Kléberson,MF,30.0,1979.0,0.0
2010,2010 FIFA World Cup,Brazil,BRA,Nilmar,FW,25.0,1984.0,0.0
2010,2010 FIFA World Cup,Brazil,BRA,Doni,GK,30.0,1979.0,0.0
2010,2010 FIFA World Cup,Brazil,BRA,Grafite,FW,31.0,1979.0,0.0
2010,2010 FIFA World Cup,Cameroon,CMR,Carlos Kameni,GK,26.0,1984.0,0.0
2010,2010 FIFA World Cup,Cameroon,CMR,Benoît Assou-Ekotto,DF,26.0,1984.0,0.0
2010,2010 FIFA World Cup,Cameroon,CMR,Nicolas Nkoulou,DF,20.0,1990.0,0.0
2010,2010 FIFA World Cup,Cameroon,CMR,Rigobert Song,DF,33.0,1976.0,0.0
2010,2010 FIFA World Cup,Cameroon,CMR,Sébastien Bassong,DF,23.0,1986.0,0.0
2010,2010 FIFA World Cup,Cameroon,CMR,Alex Song,MF,22.0,1987.0,0.0
2010,2010 FIFA World Cup,Cameroon,CMR,Landry N'Guémo,MF,24.0,1985.0,0.0
2010,2010 FIFA World Cup,Cameroon,CMR,Geremi,DF,31.0,1978.0,0.0
2010,2010 FIFA World Cup,Cameroon,CMR,Samuel Eto'o,FW,29.0,1981.0,2.0
2010,2010 FIFA World Cup,Cameroon,CMR,Achille Emaná,MF,28.0,1982.0,0.0
2010,2010 FIFA World Cup,Cameroon,CMR,Jean Makoun,MF,27.0,1983.0,0.0
2010,2010 FIFA World Cup,Cameroon,CMR,Gaëtan Bong,DF,22.0,1988.0,0.0
2010,2010 FIFA World Cup,Cameroon,CMR,Eric Maxim Choupo-Moting,FW,21.0,1989.0,0.0
2010,2010 FIFA World Cup,Cameroon,CMR,Aurélien Chedjou,DF,24.0,1985.0,0.0
2010,2010 FIFA World Cup,Cameroon,CMR,Pierre Webó,FW,28.0,1982.0,0.0
2010,2010 FIFA World Cup,Cameroon,CMR,Souleymanou Hamidou,GK,36.0,1973.0,0.0
2010,2010 FIFA World Cup,Cameroon,CMR,Mohammadou Idrissou,FW,30.0,1980.0,0.0
2010,2010 FIFA World Cup,Cameroon,CMR,Eyong Enoh,MF,24.0,1986.0,0.0
2010,2010 FIFA World Cup,Cameroon,CMR,Stéphane Mbia,DF,24.0,1986.0,0.0
2010,2010 FIFA World Cup,Cameroon,CMR,Georges Mandjeck,MF,21.0,1988.0,0.0
2010,2010 FIFA World Cup,Cameroon,CMR,Joël Matip,MF,18.0,1991.0,0.0
2010,2010 FIFA World Cup,Cameroon,CMR,Guy N'dy Assembé,GK,24.0,1986.0,0.0
2010,2010 FIFA World Cup,Cameroon,CMR,Vincent Aboubakar,FW,18.0,1992.0,0.0
2010,2010 FIFA World Cup,Chile,CHL,Claudio Bravo,GK,27.0,1983.0,0.0
2010,2010 FIFA World Cup,Chile,CHL,Ismael Fuentes,DF,28.0,1981.0,0.0
2010,2010 FIFA World Cup,Chile,CHL,Waldo Ponce,DF,27.0,1982.0,0.0
2010,2010 FIFA World Cup,Chile,CHL,Mauricio Isla,MF,21.0,1988.0,0.0
2010,2010 FIFA World Cup,Chile,CHL,Pablo Contreras,DF,31.0,1978.0,0.0
2010,2010 FIFA World Cup,Chile,CHL,Carlos Carmona,MF,23.0,1987.0,0.0
2010,2010 FIFA World Cup,Chile,CHL,Alexis Sánchez,FW,21.0,1988.0,0.0
2010,2010 FIFA World Cup,Chile,CHL,Arturo Vidal,MF,23.0,1987.0,0.0
2010,2010 FIFA World Cup,Chile,CHL,Humberto Suazo,FW,29.0,1981.0,0.0
2010,2010 FIFA World Cup,Chile,CHL,Jorge Valdivia,MF,26.0,1983.0,0.0
2010,2010 FIFA World Cup,Chile,CHL,Mark González,FW,25.0,1984.0,1.0
2010,2010 FIFA World Cup,Chile,CHL,Miguel Pinto,GK,26.0,1983.0,0.0
2010,2010 FIFA World Cup,Chile,CHL,Marco Estrada,MF,27.0,1983.0,0.0
2010,2010 FIFA World Cup,Chile,CHL,Matías Fernández,MF,24.0,1986.0,0.0
2010,2010 FIFA World Cup,Chile,CHL,Jean Beausejour,FW,26.0,1984.0,1.0
2010,2010 FIFA World Cup,Chile,CHL,Fabián Orellana,FW,24.0,1986.0,0.0
2010,2010 FIFA World Cup,Chile,CHL,Gary Medel,DF,22.0,1987.0,0.0
2010,2010 FIFA World Cup,Chile,CHL,Gonzalo Jara,DF,24.0,1985.0,0.0
2010,2010 FIFA World Cup,Chile,CHL,Gonzalo Fierro,MF,27.0,1983.0,0.0
2010,2010 FIFA World Cup,Chile,CHL,Rodrigo Millar,MF,28.0,1981.0,1.0
2010,2010 FIFA World Cup,Chile,CHL,Rodrigo Tello,MF,30.0,1979.0,0.0
2010,2010 FIFA World Cup,Chile,CHL,Esteban Paredes,FW,29.0,1980.0,0.0
2010,2010 FIFA World Cup,Chile,CHL,Luis Marín,GK,27.0,1983.0,0.0
2010,2010 FIFA World Cup,Denmark,DNK,Thomas Sørensen,GK,33.0,1976.0,0.0
2010,2010 FIFA World Cup,Denmark,DNK,Christian Poulsen,MF,30.0,1980.0,0.0
2010,2010 FIFA World Cup,Denmark,DNK,Simon Kjær,DF,21.0,1989.0,0.0
2010,2010 FIFA World Cup,Denmark,DNK,Daniel Agger,DF,25.0,1984.0,0.0
2010,2010 FIFA World Cup,Denmark,DNK,William Kvist,DF,25.0,1985.0,0.0
2010,2010 FIFA World Cup,Denmark,DNK,Lars Jacobsen,DF,30.0,1979.0,0.0
2010,2010 FIFA World Cup,Denmark,DNK,Daniel Jensen,MF,30.0,1979.0,0.0
2010,2010 FIFA World Cup,Denmark,DNK,Jesper Grønkjær,MF,32.0,1977.0,0.0
2010,2010 FIFA World Cup,Denmark,DNK,Jon Dahl Tomasson,FW,33.0,1976.0,1.0
2010,2010 FIFA World Cup,Denmark,DNK,Martin Jørgensen,MF,34.0,1975.0,0.0
2010,2010 FIFA World Cup,Denmark,DNK,Nicklas Bendtner,FW,22.0,1988.0,1.0
2010,2010 FIFA World Cup,Denmark,DNK,Thomas Kahlenberg,MF,27.0,1983.0,0.0
2010,2010 FIFA World Cup,Denmark,DNK,Per Krøldrup,DF,30.0,1979.0,0.0
2010,2010 FIFA World Cup,Denmark,DNK,Jakob Poulsen,MF,26.0,1983.0,0.0
2010,2010 FIFA World Cup,Denmark,DNK,Simon Poulsen,DF,25.0,1984.0,0.0
2010,2010 FIFA World Cup,Denmark,DNK,Stephan Andersen,GK,28.0,1981.0,0.0
2010,2010 FIFA World Cup,Denmark,DNK,Mikkel Beckmann,MF,26.0,1983.0,0.0
2010,2010 FIFA World Cup,Denmark,DNK,Søren Larsen,FW,28.0,1981.0,0.0
2010,2010 FIFA World Cup,Denmark,DNK,Dennis Rommedahl,MF,31.0,1978.0,1.0
2010,2010 FIFA World Cup,Denmark,DNK,Thomas Enevoldsen,MF,22.0,1987.0,0.0
2010,2010 FIFA World Cup,Denmark,DNK,Christian Eriksen,MF,18.0,1992.0,0.0
2010,2010 FIFA World Cup,Denmark,DNK,Jesper Christiansen,GK,32.0,1978.0,0.0
2010,2010 FIFA World Cup,Denmark,DNK,Patrick Mtiliga,DF,29.0,1981.0,0.0
2010,2010 FIFA World Cup,England,ENG,David James,GK,39.0,1970.0,0.0
2010,2010 FIFA World Cup,England,ENG,Glen Johnson,DF,25.0,1984.0,0.0
2010,2010 FIFA World Cup,England,ENG,Ashley Cole,DF,29.0,1980.0,0.0
2010,2010 FIFA World Cup,England,ENG,Steven Gerrard,MF,30.0,1980.0,1.0
2010,2010 FIFA World Cup,England,ENG,Michael Dawson,DF,26.0,1983.0,0.0
2010,2010 FIFA World Cup,England,ENG,John Terry,DF,29.0,1980.0,0.0
2010,2010 FIFA World Cup,England,ENG,Aaron Lennon,MF,23.0,1987.0,0.0
2010,2010 FIFA World Cup,England,ENG,Frank Lampard,MF,31.0,1978.0,0.0
2010,2010 FIFA World Cup,England,ENG,Peter Crouch,FW,29.0,1981.0,0.0
2010,2010 FIFA World Cup,England,ENG,Wayne Rooney,FW,24.0,1985.0,0.0
2010,2010 FIFA World Cup,England,ENG,Joe Cole,MF,28.0,1981.0,0.0
2010,2010 FIFA World Cup,England,ENG,Robert Green,GK,30.0,1980.0,0.0
2010,2010 FIFA World Cup,England,ENG,Stephen Warnock,DF,28.0,1981.0,0.0
2010,2010 FIFA World Cup,England,ENG,Gareth Barry,MF,29.0,1981.0,0.0
2010,2010 FIFA World Cup,England,ENG,Matthew Upson,DF,31.0,1979.0,1.0
2010,2010 FIFA World Cup,England,ENG,James Milner,MF,24.0,1986.0,0.0
2010,2010 FIFA World Cup,England,ENG,Shaun Wright-Phillips,MF,28.0,1981.0,0.0
2010,2010 FIFA World Cup,England,ENG,Jamie Carragher,DF,32.0,1978.0,0.0
2010,2010 FIFA World Cup,England,ENG,Jermain Defoe,FW,27.0,1982.0,1.0
2010,2010 FIFA World Cup,England,ENG,Ledley King,DF,29.0,1980.0,0.0
2010,2010 FIFA World Cup,England,ENG,Emile Heskey,FW,32.0,1978.0,0.0
2010,2010 FIFA World Cup,England,ENG,Michael Carrick,MF,28.0,1981.0,0.0
2010,2010 FIFA World Cup,England,ENG,Joe Hart,GK,23.0,1987.0,0.0
2010,2010 FIFA World Cup,France,FRA,Hugo Lloris,GK,23.0,1986.0,0.0
2010,2010 FIFA World Cup,France,FRA,Bacary Sagna,DF,27.0,1983.0,0.0
2010,2010 FIFA World Cup,France,FRA,Eric Abidal,DF,30.0,1979.0,0.0
2010,2010 FIFA World Cup,France,FRA,Anthony Réveillère,DF,30.0,1979.0,0.0
2010,2010 FIFA World Cup,France,FRA,William Gallas,DF,32.0,1977.0,0.0
2010,2010 FIFA World Cup,France,FRA,Marc Planus,DF,28.0,1982.0,0.0
2010,2010 FIFA World Cup,France,FRA,Franck Ribéry,MF,27.0,1983.0,0.0
2010,2010 FIFA World Cup,France,FRA,Yoann Gourcuff,MF,23.0,1986.0,0.0
2010,2010 FIFA World Cup,France,FRA,Djibril Cissé,FW,28.0,1981.0,0.0
2010,2010 FIFA World Cup,France,FRA,Sidney Govou,FW,30.0,1979.0,0.0
2010,2010 FIFA World Cup,France,FRA,André-Pierre Gignac,FW,24.0,1985.0,0.0
2010,2010 FIFA World Cup,France,FRA,Thierry Henry,FW,32.0,1977.0,0.0
2010,2010 FIFA World Cup,France,FRA,Patrice Evra,DF,29.0,1981.0,0.0
2010,2010 FIFA World Cup,France,FRA,Jérémy Toulalan,MF,26.0,1983.0,0.0
2010,2010 FIFA World Cup,France,FRA,Florent Malouda,MF,29.0,1980.0,1.0
2010,2010 FIFA World Cup,France,FRA,Steve Mandanda,GK,25.0,1985.0,0.0
2010,2010 FIFA World Cup,France,FRA,Sébastien Squillaci,DF,29.0,1980.0,0.0
2010,2010 FIFA World Cup,France,FRA,Alou Diarra,MF,28.0,1981.0,0.0
2010,2010 FIFA World Cup,France,FRA,Abou Diaby,MF,24.0,1986.0,0.0
2010,2010 FIFA World Cup,France,FRA,Mathieu Valbuena,MF,25.0,1984.0,0.0
2010,2010 FIFA World Cup,France,FRA,Nicolas Anelka,FW,31.0,1979.0,0.0
2010,2010 FIFA World Cup,France,FRA,Gaël Clichy,DF,24.0,1985.0,0.0
2010,2010 FIFA World Cup,France,FRA,Cédric Carrasso,GK,28.0,1981.0,0.0
2010,2010 FIFA World Cup,Germany,DEU,Manuel Neuer,GK,24.0,1986.0,0.0
2010,2010 FIFA World Cup,Germany,DEU,Marcell Jansen,DF,24.0,1985.0,1.0
2010,2010 FIFA World Cup,Germany,DEU,Arne Friedrich,DF,31.0,1979.0,1.0
2010,2010 FIFA World Cup,Germany,DEU,Dennis Aogo,DF,23.0,1987.0,0.0
2010,2010 FIFA World Cup,Germany,DEU,Serdar Tasci,DF,23.0,1987.0,0.0
2010,2010 FIFA World Cup,Germany,DEU,Sami Khedira,MF,23.0,1987.0,1.0
2010,2010 FIFA World Cup,Germany,DEU,Bastian Schweinsteiger,MF,25.0,1984.0,0.0
2010,2010 FIFA World Cup,Germany,DEU,Mesut Özil,MF,21.0,1988.0,1.0
2010,2010 FIFA World Cup,Germany,DEU,Stefan Kießling,FW,26.0,1984.0,0.0
2010,2010 FIFA World Cup,Germany,DEU,Lukas Podolski,MF,25.0,1985.0,2.0
2010,2010 FIFA World Cup,Germany,DEU,Miroslav Klose,FW,32.0,1978.0,4.0
2010,2010 FIFA World Cup,Germany,DEU,Tim Wiese,GK,28.0,1981.0,0.0
2010,2010 FIFA World Cup,Germany,DEU,Thomas Müller,MF,20.0,1989.0,5.0
2010,2010 FIFA World Cup,Germany,DEU,Holger Badstuber,DF,21.0,1989.0,0.0
2010,2010 FIFA World Cup,Germany,DEU,Piotr Trochowski,MF,26.0,1984.0,0.0
2010,2010 FIFA World Cup,Germany,DEU,Philipp Lahm,DF,26.0,1983.0,0.0
2010,2010 FIFA World Cup,Germany,DEU,Per Mertesacker,DF,25.0,1984.0,0.0
2010,2010 FIFA World Cup,Germany,DEU,Toni Kroos,MF,20.0,1990.0,0.0
2010,2010 FIFA World Cup,Germany,DEU,Cacau,FW,29.0,1981.0,1.0
2010,2010 FIFA World Cup,Germany,DEU,Jérôme Boateng,DF,21.0,1988.0,0.0
2010,2010 FIFA World Cup,Germany,DEU,Marko Marin,MF,21.0,1989.0,0.0
2010,2010 FIFA World Cup,Germany,DEU,Hans-Jörg Butt,GK,36.0,1974.0,0.0
2010,2010 FIFA World Cup,Germany,DEU,Mario Gómez,FW,24.0,1985.0,0.0
2010,2010 FIFA World Cup,Ghana,GHA,Daniel Agyei,GK,20.0,1989.0,0.0
2010,2010 FIFA World Cup,Ghana,GHA,Hans Sarpei,DF,33.0,1976.0,0.0
2010,2010 FIFA World Cup,Ghana,GHA,Asamoah Gyan,FW,24.0,1985.0,3.0
2010,2010 FIFA World Cup,Ghana,GHA,John Paintsil,DF,28.0,1981.0,0.0
2010,2010 FIFA World Cup,Ghana,GHA,John Mensah,DF,27.0,1982.0,0.0
2010,2010 FIFA World Cup,Ghana,GHA,Anthony Annan,MF,23.0,1986.0,0.0
2010,2010 FIFA World Cup,Ghana,GHA,Samuel Inkoom,DF,21.0,1989.0,0.0
2010,2010 FIFA World Cup,Ghana,GHA,Jonathan Mensah,DF,19.0,1990.0,0.0
2010,2010 FIFA World Cup,Ghana,GHA,Derek Boateng,MF,27.0,1983.0,0.0
2010,2010 FIFA World Cup,Ghana,GHA,Stephen Appiah,MF,29.0,1980.0,0.0
2010,2010 FIFA World Cup,Ghana,GHA,Sulley Muntari,MF,25.0,1984.0,1.0
2010,2010 FIFA World Cup,Ghana,GHA,Prince Tagoe,FW,23.0,1986.0,0.0
2010,2010 FIFA World Cup,Ghana,GHA,André Ayew,MF,20.0,1989.0,0.0
2010,2010 FIFA World Cup,Ghana,GHA,Matthew Amoah,FW,29.0,1980.0,0.0
2010,2010 FIFA World Cup,Ghana,GHA,Isaac Vorsah,DF,21.0,1988.0,0.0
2010,2010 FIFA World Cup,Ghana,GHA,Stephen Ahorlu,GK,21.0,1988.0,0.0
2010,2010 FIFA World Cup,Ghana,GHA,Ibrahim Ayew,DF,22.0,1988.0,0.0
2010,2010 FIFA World Cup,Ghana,GHA,Dominic Adiyiah,FW,20.0,1989.0,0.0
2010,2010 FIFA World Cup,Ghana,GHA,Lee Addy,DF,24.0,1985.0,0.0
2010,2010 FIFA World Cup,Ghana,GHA,Quincy Owusu-Abeyie,MF,24.0,1986.0,0.0
2010,2010 FIFA World Cup,Ghana,GHA,Kwadwo Asamoah,MF,21.0,1988.0,0.0
2010,2010 FIFA World Cup,Ghana,GHA,Richard Kingson,GK,31.0,1978.0,0.0
2010,2010 FIFA World Cup,Ghana,GHA,Kevin-Prince Boateng,MF,23.0,1987.0,1.0
2010,2010 FIFA World Cup,Greece,GRC,Kostas Chalkias,GK,36.0,1974.0,0.0
2010,2010 FIFA World Cup,Greece,GRC,Giourkas Seitaridis,DF,29.0,1981.0,0.0
2010,2010 FIFA World Cup,Greece,GRC,Christos Patsatzoglou,DF,31.0,1979.0,0.0
2010,2010 FIFA World Cup,Greece,GRC,Nikos Spyropoulos,DF,26.0,1983.0,0.0
2010,2010 FIFA World Cup,Greece,GRC,Vangelis Moras,DF,28.0,1981.0,0.0
2010,2010 FIFA World Cup,Greece,GRC,Alexandros Tziolis,MF,25.0,1985.0,0.0
2010,2010 FIFA World Cup,Greece,GRC,Georgios Samaras,FW,25.0,1985.0,0.0
2010,2010 FIFA World Cup,Greece,GRC,Avraam Papadopoulos,DF,25.0,1984.0,0.0
2010,2010 FIFA World Cup,Greece,GRC,Angelos Charisteas,FW,30.0,1980.0,0.0
2010,2010 FIFA World Cup,Greece,GRC,Giorgos Karagounis,MF,33.0,1977.0,0.0
2010,2010 FIFA World Cup,Greece,GRC,Loukas Vyntra,DF,29.0,1981.0,0.0
2010,2010 FIFA World Cup,Greece,GRC,Alexandros Tzorvas,GK,27.0,1982.0,0.0
2010,2010 FIFA World Cup,Greece,GRC,Michalis Sifakis,GK,25.0,1984.0,0.0
2010,2010 FIFA World Cup,Greece,GRC,Dimitris Salpingidis,FW,28.0,1981.0,1.0
2010,2010 FIFA World Cup,Greece,GRC,Vasilis Torosidis,DF,25.0,1985.0,1.0
2010,2010 FIFA World Cup,Greece,GRC,Sotirios Kyrgiakos,DF,30.0,1979.0,0.0
2010,2010 FIFA World Cup,Greece,GRC,Theofanis Gekas,FW,30.0,1980.0,0.0
2010,2010 FIFA World Cup,Greece,GRC,Sotiris Ninis,MF,20.0,1990.0,0.0
2010,2010 FIFA World Cup,Greece,GRC,Sokratis Papastathopoulos,DF,22.0,1988.0,0.0
2010,2010 FIFA World Cup,Greece,GRC,Pantelis Kapetanos,FW,27.0,1983.0,0.0
2010,2010 FIFA World Cup,Greece,GRC,Kostas Katsouranis,MF,30.0,1979.0,0.0
2010,2010 FIFA World Cup,Greece,GRC,Stelios Malezas,DF,25.0,1985.0,0.0
2010,2010 FIFA World Cup,Greece,GRC,Sakis Prittas,MF,31.0,1979.0,0.0
2010,2010 FIFA World Cup,Honduras,HND,Ricardo Canales,GK,28.0,1982.0,0.0
2010,2010 FIFA World Cup,Honduras,HND,Osman Chávez,DF,25.0,1984.0,0.0
2010,2010 FIFA World Cup,Honduras,HND,Maynor Figueroa,DF,27.0,1983.0,0.0
2010,2010 FIFA World Cup,Honduras,HND,Johnny Palacios,DF,23.0,1986.0,0.0
2010,2010 FIFA World Cup,Honduras,HND,Víctor Bernárdez,DF,28.0,1982.0,0.0
2010,2010 FIFA World Cup,Honduras,HND,Hendry Thomas,MF,25.0,1985.0,0.0
2010,2010 FIFA World Cup,Honduras,HND,Ramón Núñez,MF,25.0,1984.0,0.0
2010,2010 FIFA World Cup,Honduras,HND,Wilson Palacios,MF,25.0,1984.0,0.0
2010,2010 FIFA World Cup,Honduras,HND,Carlos Pavón,FW,36.0,1973.0,0.0
2010,2010 FIFA World Cup,Honduras,HND,Jerry Palacios,FW,28.0,1981.0,0.0
2010,2010 FIFA World Cup,Honduras,HND,David Suazo,FW,30.0,1979.0,0.0
2010,2010 FIFA World Cup,Honduras,HND,Georgie Welcome,FW,25.0,1985.0,0.0
2010,2010 FIFA World Cup,Honduras,HND,Roger Espinoza,FW,23.0,1986.0,0.0
2010,2010 FIFA World Cup,Honduras,HND,Boniek García,DF,25.0,1984.0,0.0
2010,2010 FIFA World Cup,Honduras,HND,Walter Martínez,FW,28.0,1982.0,0.0
2010,2010 FIFA World Cup,Honduras,HND,Mauricio Sabillón,DF,31.0,1978.0,0.0
2010,2010 FIFA World Cup,Honduras,HND,Édgar Álvarez,MF,30.0,1980.0,0.0
2010,2010 FIFA World Cup,Honduras,HND,Noel Valladares,GK,33.0,1977.0,0.0
2010,2010 FIFA World Cup,Honduras,HND,Danilo Turcios,MF,32.0,1978.0,0.0
2010,2010 FIFA World Cup,Honduras,HND,Amado Guevara,MF,34.0,1976.0,0.0
2010,2010 FIFA World Cup,Honduras,HND,Emilio Izaguirre,DF,24.0,1986.0,0.0
2010,2010 FIFA World Cup,Honduras,HND,Donis Escober,GK,29.0,1981.0,0.0
2010,2010 FIFA World Cup,Honduras,HND,Sergio Mendoza,DF,29.0,1981.0,0.0
2010,2010 FIFA World Cup,Italy,ITA,Gianluigi Buffon,GK,32.0,1978.0,0.0
2010,2010 FIFA World Cup,Italy,ITA,Christian Maggio,DF,28.0,1982.0,0.0
2010,2010 FIFA World Cup,Italy,ITA,Domenico Criscito,DF,23.0,1986.0,0.0
2010,2010 FIFA World Cup,Italy,ITA,Giorgio Chiellini,DF,25.0,1984.0,0.0
2010,2010 FIFA World Cup,Italy,ITA,Fabio Cannavaro,DF,36.0,1973.0,0.0
2010,2010 FIFA World Cup,Italy,ITA,Daniele De Rossi,MF,26.0,1983.0,1.0
2010,2010 FIFA World Cup,Italy,ITA,Simone Pepe,MF,26.0,1983.0,0.0
2010,2010 FIFA World Cup,Italy,ITA,Gennaro Gattuso,MF,32.0,1978.0,0.0
2010,2010 FIFA World Cup,Italy,ITA,Vincenzo Iaquinta,FW,30.0,1979.0,1.0
2010,2010 FIFA World Cup,Italy,ITA,Antonio Di Natale,FW,32.0,1977.0,1.0
2010,2010 FIFA World Cup,Italy,ITA,Alberto Gilardino,FW,27.0,1982.0,0.0
2010,2010 FIFA World Cup,Italy,ITA,Federico Marchetti,GK,27.0,1983.0,0.0
2010,2010 FIFA World Cup,Italy,ITA,Salvatore Bocchetti,DF,23.0,1986.0,0.0
2010,2010 FIFA World Cup,Italy,ITA,Morgan De Sanctis,GK,33.0,1977.0,0.0
2010,2010 FIFA World Cup,Italy,ITA,Claudio Marchisio,MF,24.0,1986.0,0.0
2010,2010 FIFA World Cup,Italy,ITA,Mauro Camoranesi,MF,33.0,1976.0,0.0
2010,2010 FIFA World Cup,Italy,ITA,Angelo Palombo,MF,28.0,1981.0,0.0
2010,2010 FIFA World Cup,Italy,ITA,Fabio Quagliarella,FW,27.0,1983.0,1.0
2010,2010 FIFA World Cup,Italy,ITA,Gianluca Zambrotta,DF,33.0,1977.0,0.0
2010,2010 FIFA World Cup,Italy,ITA,Giampaolo Pazzini,FW,25.0,1984.0,0.0
2010,2010 FIFA World Cup,Italy,ITA,Andrea Pirlo,MF,31.0,1979.0,0.0
2010,2010 FIFA World Cup,Italy,ITA,Riccardo Montolivo,MF,25.0,1985.0,0.0
2010,2010 FIFA World Cup,Italy,ITA,Leonardo Bonucci,DF,23.0,1987.0,0.0
2010,2010 FIFA World Cup,Côte d'Ivoire,CIV,Boubacar Barry,GK,30.0,1979.0,0.0
2010,2010 FIFA World Cup,Côte d'Ivoire,CIV,Benjamin Angoua,DF,23.0,1986.0,0.0
2010,2010 FIFA World Cup,Côte d'Ivoire,CIV,Arthur Boka,DF,27.0,1983.0,0.0
2010,2010 FIFA World Cup,Côte d'Ivoire,CIV,Kolo Touré,DF,29.0,1981.0,0.0
2010,2010 FIFA World Cup,Côte d'Ivoire,CIV,Didier Zokora,MF,29.0,1980.0,0.0
2010,2010 FIFA World Cup,Côte d'Ivoire,CIV,Steve Gohouri,DF,29.0,1981.0,0.0
2010,2010 FIFA World Cup,Côte d'Ivoire,CIV,Seydou Doumbia,FW,22.0,1987.0,0.0
2010,2010 FIFA World Cup,Côte d'Ivoire,CIV,Salomon Kalou,FW,24.0,1985.0,1.0
2010,2010 FIFA World Cup,Côte d'Ivoire,CIV,Cheick Tioté,MF,23.0,1986.0,0.0
2010,2010 FIFA World Cup,Côte d'Ivoire,CIV,Gervinho,FW,23.0,1987.0,0.0
2010,2010 FIFA World Cup,Côte d'Ivoire,CIV,Didier Drogba,FW,32.0,1978.0,1.0
2010,2010 FIFA World Cup,Côte d'Ivoire,CIV,Jean-Jacques Gosso,MF,27.0,1983.0,0.0
2010,2010 FIFA World Cup,Côte d'Ivoire,CIV,Romaric,MF,27.0,1983.0,1.0
2010,2010 FIFA World Cup,Côte d'Ivoire,CIV,Emmanuel Koné,MF,23.0,1986.0,0.0
2010,2010 FIFA World Cup,Côte d'Ivoire,CIV,Aruna Dindane,FW,29.0,1980.0,0.0
2010,2010 FIFA World Cup,Côte d'Ivoire,CIV,Aristide Zogbo,GK,28.0,1981.0,0.0
2010,2010 FIFA World Cup,Côte d'Ivoire,CIV,Siaka Tiéné,DF,28.0,1982.0,0.0
2010,2010 FIFA World Cup,Côte d'Ivoire,CIV,Abdul Kader Keïta,MF,28.0,1981.0,0.0
2010,2010 FIFA World Cup,Côte d'Ivoire,CIV,Yaya Touré,MF,27.0,1983.0,1.0
2010,2010 FIFA World Cup,Côte d'Ivoire,CIV,Guy Demel,DF,28.0,1981.0,0.0
2010,2010 FIFA World Cup,Côte d'Ivoire,CIV,Emmanuel Eboué,DF,27.0,1983.0,0.0
2010,2010 FIFA World Cup,Côte d'Ivoire,CIV,Sol Bamba,DF,25.0,1985.0,0.0
2010,2010 FIFA World Cup,Côte d'Ivoire,CIV,Daniel Yeboah,GK,25.0,1984.0,0.0
2010,2010 FIFA World Cup,Japan,JPN,Seigo Narazaki,GK,34.0,1976.0,0.0
2010,2010 FIFA World Cup,Japan,JPN,Yuki Abe,MF,28.0,1981.0,0.0
2010,2010 FIFA World Cup,Japan,JPN,Yūichi Komano,DF,28.0,1981.0,0.0
2010,2010 FIFA World Cup,Japan,JPN,Marcus Tulio Tanaka,DF,29.0,1981.0,0.0
2010,2010 FIFA World Cup,Japan,JPN,Yuto Nagatomo,DF,23.0,1986.0,0.0
2010,2010 FIFA World Cup,Japan,JPN,Atsuto Uchida,DF,22.0,1988.0,0.0
2010,2010 FIFA World Cup,Japan,JPN,Yasuhito Endō,MF,30.0,1980.0,1.0
2010,2010 FIFA World Cup,Japan,JPN,Daisuke Matsui,FW,29.0,1981.0,0.0
2010,2010 FIFA World Cup,Japan,JPN,Shinji Okazaki,FW,24.0,1986.0,1.0
2010,2010 FIFA World Cup,Japan,JPN,Shunsuke Nakamura,MF,31.0,1978.0,0.0
2010,2010 FIFA World Cup,Japan,JPN,Keiji Tamada,FW,30.0,1980.0,0.0
2010,2010 FIFA World Cup,Japan,JPN,Kisho Yano,FW,26.0,1984.0,0.0
2010,2010 FIFA World Cup,Japan,JPN,Daiki Iwamasa,DF,28.0,1982.0,0.0
2010,2010 FIFA World Cup,Japan,JPN,Kengo Nakamura,MF,29.0,1980.0,0.0
2010,2010 FIFA World Cup,Japan,JPN,Yasuyuki Konno,DF,27.0,1983.0,0.0
2010,2010 FIFA World Cup,Japan,JPN,Yoshito Ōkubo,FW,28.0,1982.0,0.0
2010,2010 FIFA World Cup,Japan,JPN,Makoto Hasebe,MF,26.0,1984.0,0.0
2010,2010 FIFA World Cup,Japan,JPN,Keisuke Honda,MF,23.0,1986.0,2.0
2010,2010 FIFA World Cup,Japan,JPN,Takayuki Morimoto,FW,22.0,1988.0,0.0
2010,2010 FIFA World Cup,Japan,JPN,Junichi Inamoto,MF,30.0,1979.0,0.0
2010,2010 FIFA World Cup,Japan,JPN,Eiji Kawashima,GK,27.0,1983.0,0.0
2010,2010 FIFA World Cup,Japan,JPN,Yuji Nakazawa,DF,32.0,1978.0,0.0
2010,2010 FIFA World Cup,Japan,JPN,Yoshikatsu Kawaguchi,GK,34.0,1975.0,0.0
2010,2010 FIFA World Cup,Mexico,MEX,Óscar Pérez,GK,37.0,1973.0,0.0
2010,2010 FIFA World Cup,Mexico,MEX,Francisco Javier Rodríguez,DF,28.0,1981.0,0.0
2010,2010 FIFA World Cup,Mexico,MEX,Carlos Salcido,DF,30.0,1980.0,0.0
2010,2010 FIFA World Cup,Mexico,MEX,Rafael Márquez,DF,31.0,1979.0,1.0
2010,2010 FIFA World Cup,Mexico,MEX,Ricardo Osorio,DF,30.0,1980.0,0.0
2010,2010 FIFA World Cup,Mexico,MEX,Gerardo Torrado,MF,31.0,1979.0,0.0
2010,2010 FIFA World Cup,Mexico,MEX,Pablo Barrera,MF,22.0,1987.0,0.0
2010,2010 FIFA World Cup,Mexico,MEX,Israel Castro,MF,29.0,1980.0,0.0
2010,2010 FIFA World Cup,Mexico,MEX,Guillermo Franco,FW,33.0,1976.0,0.0
2010,2010 FIFA World Cup,Mexico,MEX,Cuauhtémoc Blanco,FW,37.0,1973.0,1.0
2010,2010 FIFA World Cup,Mexico,MEX,Carlos Vela,FW,21.0,1989.0,0.0
2010,2010 FIFA World Cup,Mexico,MEX,Paul Aguilar,DF,24.0,1986.0,0.0
2010,2010 FIFA World Cup,Mexico,MEX,Guillermo Ochoa,GK,24.0,1985.0,0.0
2010,2010 FIFA World Cup,Mexico,MEX,Javier Hernández,FW,22.0,1988.0,2.0
2010,2010 FIFA World Cup,Mexico,MEX,Héctor Moreno,DF,22.0,1988.0,0.0
2010,2010 FIFA World Cup,Mexico,MEX,Efraín Juárez,DF,22.0,1988.0,0.0
2010,2010 FIFA World Cup,Mexico,MEX,Giovani dos Santos,FW,21.0,1989.0,0.0
2010,2010 FIFA World Cup,Mexico,MEX,Andrés Guardado,MF,23.0,1986.0,0.0
2010,2010 FIFA World Cup,Mexico,MEX,Jonny Magallón,DF,28.0,1981.0,0.0
2010,2010 FIFA World Cup,Mexico,MEX,Jorge Torres Nilo,DF,22.0,1988.0,0.0
2010,2010 FIFA World Cup,Mexico,MEX,Adolfo Bautista,FW,31.0,1979.0,0.0
2010,2010 FIFA World Cup,Mexico,MEX,Alberto Medina,MF,27.0,1983.0,0.0
2010,2010 FIFA World Cup,Mexico,MEX,Luis Ernesto Michel,GK,30.0,1979.0,0.0
2010,2010 FIFA World Cup,Netherlands,NLD,Maarten Stekelenburg,GK,27.0,1982.0,0.0
2010,2010 FIFA World Cup,Netherlands,NLD,Gregory van der Wiel,DF,22.0,1988.0,0.0
2010,2010 FIFA World Cup,Netherlands,NLD,John Heitinga,DF,26.0,1983.0,0.0
2010,2010 FIFA World Cup,Netherlands,NLD,Joris Mathijsen,DF,30.0,1980.0,0.0
2010,2010 FIFA World Cup,Netherlands,NLD,Giovanni van Bronckhorst,DF,35.0,1975.0,1.0
2010,2010 FIFA World Cup,Netherlands,NLD,Mark van Bommel,MF,33.0,1977.0,0.0
2010,2010 FIFA World Cup,Netherlands,NLD,Dirk Kuyt,FW,29.0,1980.0,1.0
2010,2010 FIFA World Cup,Netherlands,NLD,Nigel de Jong,MF,25.0,1984.0,0.0
2010,2010 FIFA World Cup,Netherlands,NLD,Robin van Persie,FW,26.0,1983.0,1.0
2010,2010 FIFA World Cup,Netherlands,NLD,Wesley Sneijder,MF,26.0,1984.0,5.0
2010,2010 FIFA World Cup,Netherlands,NLD,Arjen Robben,FW,26.0,1984.0,2.0
2010,2010 FIFA World Cup,Netherlands,NLD,Khalid Boulahrouz,DF,28.0,1981.0,0.0
2010,2010 FIFA World Cup,Netherlands,NLD,André Ooijer,DF,35.0,1974.0,0.0
2010,2010 FIFA World Cup,Netherlands,NLD,Demy de Zeeuw,MF,27.0,1983.0,0.0
2010,2010 FIFA World Cup,Netherlands,NLD,Edson Braafheid,DF,27.0,1983.0,0.0
2010,2010 FIFA World Cup,Netherlands,NLD,Michel Vorm,GK,26.0,1983.0,0.0
2010,2010 FIFA World Cup,Netherlands,NLD,Eljero Elia,FW,23.0,1987.0,0.0
2010,2010 FIFA World Cup,Netherlands,NLD,Stijn Schaars,MF,26.0,1984.0,0.0
2010,2010 FIFA World Cup,Netherlands,NLD,Ryan Babel,FW,23.0,1986.0,0.0
2010,2010 FIFA World Cup,Netherlands,NLD,Ibrahim Afellay,MF,24.0,1986.0,0.0
2010,2010 FIFA World Cup,Netherlands,NLD,Klaas-Jan Huntelaar,FW,26.0,1983.0,1.0
2010,2010 FIFA World Cup,Netherlands,NLD,Sander Boschker,GK,39.0,1970.0,0.0
2010,2010 FIFA World Cup,Netherlands,NLD,Rafael van der Vaart,MF,27.0,1983.0,0.0
2010,2010 FIFA World Cup,New Zealand,NZL,Mark Paston,GK,33.0,1976.0,0.0
2010,2010 FIFA World Cup,New Zealand,NZL,Ben Sigmund,DF,29.0,1981.0,0.0
2010,2010 FIFA World Cup,New Zealand,NZL,Tony Lochhead,DF,28.0,1982.0,0.0
2010,2010 FIFA World Cup,New Zealand,NZL,Winston Reid,DF,21.0,1988.0,1.0
2010,2010 FIFA World Cup,New Zealand,NZL,Ivan Vicelich,DF,33.0,1976.0,0.0
2010,2010 FIFA World Cup,New Zealand,NZL,Ryan Nelsen,DF,32.0,1977.0,0.0
2010,2010 FIFA World Cup,New Zealand,NZL,Simon Elliott,MF,36.0,1974.0,0.0
2010,2010 FIFA World Cup,New Zealand,NZL,Tim Brown,MF,29.0,1981.0,0.0
2010,2010 FIFA World Cup,New Zealand,NZL,Shane Smeltz,FW,28.0,1981.0,1.0
2010,2010 FIFA World Cup,New Zealand,NZL,Chris Killen,FW,28.0,1981.0,0.0
2010,2010 FIFA World Cup,New Zealand,NZL,Leo Bertos,MF,28.0,1981.0,0.0
2010,2010 FIFA World Cup,New Zealand,NZL,Glen Moss,GK,27.0,1983.0,0.0
2010,2010 FIFA World Cup,New Zealand,NZL,Andy Barron,MF,29.0,1980.0,0.0
2010,2010 FIFA World Cup,New Zealand,NZL,Rory Fallon,FW,28.0,1982.0,0.0
2010,2010 FIFA World Cup,New Zealand,NZL,Michael McGlinchey,MF,23.0,1987.0,0.0
2010,2010 FIFA World Cup,New Zealand,NZL,Aaron Clapham,MF,23.0,1987.0,0.0
2010,2010 FIFA World Cup,New Zealand,NZL,Dave Mulligan,MF,28.0,1982.0,0.0
2010,2010 FIFA World Cup,New Zealand,NZL,Andrew Boyens,DF,26.0,1983.0,0.0
2010,2010 FIFA World Cup,New Zealand,NZL,Tommy Smith,DF,20.0,1990.0,0.0
2010,2010 FIFA World Cup,New Zealand,NZL,Chris Wood,FW,18.0,1991.0,0.0
2010,2010 FIFA World Cup,New Zealand,NZL,Jeremy Christie,MF,27.0,1983.0,0.0
2010,2010 FIFA World Cup,New Zealand,NZL,Jeremy Brockie,MF,22.0,1987.0,0.0
2010,2010 FIFA World Cup,New Zealand,NZL,James Bannatyne,GK,34.0,1975.0,0.0
2010,2010 FIFA World Cup,Nigeria,NGA,Vincent Enyeama,GK,27.0,1982.0,0.0
2010,2010 FIFA World Cup,Nigeria,NGA,Joseph Yobo,DF,29.0,1980.0,0.0
2010,2010 FIFA World Cup,Nigeria,NGA,Taye Taiwo,DF,25.0,1985.0,0.0
2010,2010 FIFA World Cup,Nigeria,NGA,Nwankwo Kanu,FW,33.0,1976.0,0.0
2010,2010 FIFA World Cup,Nigeria,NGA,Rabiu Afolabi,DF,30.0,1980.0,0.0
2010,2010 FIFA World Cup,Nigeria,NGA,Danny Shittu,DF,29.0,1980.0,0.0
2010,2010 FIFA World Cup,Nigeria,NGA,John Utaka,FW,28.0,1982.0,0.0
2010,2010 FIFA World Cup,Nigeria,NGA,Yakubu,FW,27.0,1982.0,1.0
2010,2010 FIFA World Cup,Nigeria,NGA,Obafemi Martins,FW,25.0,1984.0,0.0
2010,2010 FIFA World Cup,Nigeria,NGA,Brown Ideye,FW,21.0,1988.0,0.0
2010,2010 FIFA World Cup,Nigeria,NGA,Peter Odemwingie,FW,28.0,1981.0,0.0
2010,2010 FIFA World Cup,Nigeria,NGA,Kalu Uche,FW,27.0,1982.0,2.0
2010,2010 FIFA World Cup,Nigeria,NGA,Ayila Yussuf,MF,25.0,1984.0,0.0
2010,2010 FIFA World Cup,Nigeria,NGA,Sani Kaita,MF,24.0,1986.0,0.0
2010,2010 FIFA World Cup,Nigeria,NGA,Lukman Haruna,MF,19.0,1990.0,0.0
2010,2010 FIFA World Cup,Nigeria,NGA,Austin Ejide,GK,26.0,1984.0,0.0
2010,2010 FIFA World Cup,Nigeria,NGA,Chidi Odiah,DF,26.0,1983.0,0.0
2010,2010 FIFA World Cup,Nigeria,NGA,Victor Obinna,FW,23.0,1987.0,0.0
2010,2010 FIFA World Cup,Nigeria,NGA,Chinedu Obasi,FW,24.0,1986.0,0.0
2010,2010 FIFA World Cup,Nigeria,NGA,Dickson Etuhu,MF,28.0,1982.0,0.0
2010,2010 FIFA World Cup,Nigeria,NGA,Elderson Echiéjilé,DF,22.0,1988.0,0.0
2010,2010 FIFA World Cup,Nigeria,NGA,Dele Adeleye,DF,21.0,1988.0,0.0
2010,2010 FIFA World Cup,Nigeria,NGA,Dele Aiyenugba,GK,26.0,1983.0,0.0
2010,2010 FIFA World Cup,Korea DPR,PRK,Myong-guk Ri,GK,23.0,1986.0,0.0
2010,2010 FIFA World Cup,Korea DPR,PRK,Jong-hyok Cha,DF,24.0,1985.0,0.0
2010,2010 FIFA World Cup,Korea DPR,PRK,Jun-il Ri,DF,22.0,1987.0,0.0
2010,2010 FIFA World Cup,Korea DPR,PRK,Nam-chol Pak,MF,24.0,1985.0,0.0
2010,2010 FIFA World Cup,Korea DPR,PRK,Kwang-chon Ri,DF,24.0,1985.0,0.0
2010,2010 FIFA World Cup,Korea DPR,PRK,Kum-il Kim,MF,22.0,1987.0,0.0
2010,2010 FIFA World Cup,Korea DPR,PRK,Chol-hyok An,FW,22.0,1987.0,0.0
2010,2010 FIFA World Cup,Korea DPR,PRK,Yun-nam Ji,DF,33.0,1976.0,1.0
2010,2010 FIFA World Cup,Korea DPR,PRK,Tae-se Jong,FW,26.0,1984.0,0.0
2010,2010 FIFA World Cup,Korea DPR,PRK,Yong-jo Hong,FW,28.0,1982.0,0.0
2010,2010 FIFA World Cup,Korea DPR,PRK,In-guk Mun,MF,31.0,1978.0,0.0
2010,2010 FIFA World Cup,Korea DPR,PRK,Kum-chol Choe,FW,23.0,1987.0,0.0
2010,2010 FIFA World Cup,Korea DPR,PRK,Chol-jin Pak,DF,24.0,1985.0,0.0
2010,2010 FIFA World Cup,Korea DPR,PRK,Nam-Chol Pak,DF,21.0,1988.0,0.0
2010,2010 FIFA World Cup,Korea DPR,PRK,Yong-jun Kim,MF,26.0,1983.0,0.0
2010,2010 FIFA World Cup,Korea DPR,PRK,Song-chol Nam,DF,28.0,1982.0,0.0
2010,2010 FIFA World Cup,Korea DPR,PRK,Yong-hak An,MF,31.0,1978.0,0.0
2010,2010 FIFA World Cup,Korea DPR,PRK,Myong-gil Kim,GK,25.0,1984.0,0.0
2010,2010 FIFA World Cup,Korea DPR,PRK,Chol-myong Ri,MF,22.0,1988.0,0.0
2010,2010 FIFA World Cup,Korea DPR,PRK,Myong-won Kim,GK,26.0,1983.0,0.0
2010,2010 FIFA World Cup,Korea DPR,PRK,Kwang-hyok Ri,DF,22.0,1987.0,0.0
2010,2010 FIFA World Cup,Korea DPR,PRK,Kyong-il Kim,MF,21.0,1988.0,0.0
2010,2010 FIFA World Cup,Korea DPR,PRK,Il-gwan Jong,MF,17.0,1992.0,0.0
2010,2010 FIFA World Cup,Paraguay,PRY,Justo Villar,GK,32.0,1977.0,0.0
2010,2010 FIFA World Cup,Paraguay,PRY,Darío Verón,DF,30.0,1979.0,0.0
2010,2010 FIFA World Cup,Paraguay,PRY,Claudio Morel,DF,32.0,1978.0,0.0
2010,2010 FIFA World Cup,Paraguay,PRY,Denis Caniza,DF,35.0,1974.0,0.0
2010,2010 FIFA World Cup,Paraguay,PRY,Julio César Cáceres,DF,30.0,1979.0,0.0
2010,2010 FIFA World Cup,Paraguay,PRY,Carlos Bonet,DF,32.0,1977.0,0.0
2010,2010 FIFA World Cup,Paraguay,PRY,Óscar Cardozo,FW,27.0,1983.0,0.0
2010,2010 FIFA World Cup,Paraguay,PRY,Édgar Barreto,MF,25.0,1984.0,0.0
2010,2010 FIFA World Cup,Paraguay,PRY,Roque Santa Cruz,FW,28.0,1981.0,0.0
2010,2010 FIFA World Cup,Paraguay,PRY,Édgar Benítez,FW,22.0,1987.0,0.0
2010,2010 FIFA World Cup,Paraguay,PRY,Jonathan Santana,MF,28.0,1981.0,0.0
2010,2010 FIFA World Cup,Paraguay,PRY,Diego Barreto,GK,28.0,1981.0,0.0
2010,2010 FIFA World Cup,Paraguay,PRY,Enrique Vera,MF,31.0,1979.0,1.0
2010,2010 FIFA World Cup,Paraguay,PRY,Paulo da Silva,DF,30.0,1980.0,0.0
2010,2010 FIFA World Cup,Paraguay,PRY,Víctor Cáceres,MF,25.0,1985.0,0.0
2010,2010 FIFA World Cup,Paraguay,PRY,Cristian Riveros,MF,27.0,1982.0,1.0
2010,2010 FIFA World Cup,Paraguay,PRY,Aureliano Torres,DF,27.0,1982.0,0.0
2010,2010 FIFA World Cup,Paraguay,PRY,Nelson Valdez,FW,26.0,1983.0,0.0
2010,2010 FIFA World Cup,Paraguay,PRY,Lucas Barrios,FW,25.0,1984.0,0.0
2010,2010 FIFA World Cup,Paraguay,PRY,Néstor Ortigoza,MF,25.0,1984.0,0.0
2010,2010 FIFA World Cup,Paraguay,PRY,Antolín Alcaraz,DF,27.0,1982.0,1.0
2010,2010 FIFA World Cup,Paraguay,PRY,Aldo Bobadilla,GK,34.0,1976.0,0.0
2010,2010 FIFA World Cup,Paraguay,PRY,Rodolfo Gamarra,FW,21.0,1988.0,0.0
2010,2010 FIFA World Cup,Portugal,PRT,Eduardo,GK,27.0,1982.0,0.0
2010,2010 FIFA World Cup,Portugal,PRT,Bruno Alves,DF,28.0,1981.0,0.0
2010,2010 FIFA World Cup,Portugal,PRT,Paulo Ferreira,DF,31.0,1979.0,0.0
2010,2010 FIFA World Cup,Portugal,PRT,Rolando,DF,24.0,1985.0,0.0
2010,2010 FIFA World Cup,Portugal,PRT,Duda,MF,29.0,1980.0,0.0
2010,2010 FIFA World Cup,Portugal,PRT,Ricardo Carvalho,DF,32.0,1978.0,0.0
2010,2010 FIFA World Cup,Portugal,PRT,Cristiano Ronaldo,FW,25.0,1985.0,1.0
2010,2010 FIFA World Cup,Portugal,PRT,Pedro Mendes,MF,31.0,1979.0,0.0
2010,2010 FIFA World Cup,Portugal,PRT,Liédson,FW,32.0,1977.0,1.0
2010,2010 FIFA World Cup,Portugal,PRT,Danny,MF,26.0,1983.0,0.0
2010,2010 FIFA World Cup,Portugal,PRT,Simão,MF,30.0,1979.0,1.0
2010,2010 FIFA World Cup,Portugal,PRT,Beto,GK,28.0,1982.0,0.0
2010,2010 FIFA World Cup,Portugal,PRT,Miguel,DF,30.0,1980.0,0.0
2010,2010 FIFA World Cup,Portugal,PRT,Miguel Veloso,MF,24.0,1986.0,0.0
2010,2010 FIFA World Cup,Portugal,PRT,Pepe,DF,27.0,1983.0,0.0
2010,2010 FIFA World Cup,Portugal,PRT,Raul Meireles,MF,27.0,1983.0,1.0
2010,2010 FIFA World Cup,Portugal,PRT,Rúben Amorim,MF,25.0,1985.0,0.0
2010,2010 FIFA World Cup,Portugal,PRT,Hugo Almeida,FW,26.0,1984.0,1.0
2010,2010 FIFA World Cup,Portugal,PRT,Tiago,MF,29.0,1981.0,2.0
2010,2010 FIFA World Cup,Portugal,PRT,Deco,MF,32.0,1977.0,0.0
2010,2010 FIFA World Cup,Portugal,PRT,Ricardo Costa,DF,29.0,1981.0,0.0
2010,2010 FIFA World Cup,Portugal,PRT,Daniel Fernandes,GK,26.0,1983.0,0.0
2010,2010 FIFA World Cup,Portugal,PRT,Fábio Coentrão,DF,22.0,1988.0,0.0
2010,2010 FIFA World Cup,Serbia,SRB,Vladimir Stojković,GK,26.0,1983.0,0.0
2010,2010 FIFA World Cup,Serbia,SRB,Antonio Rukavina,DF,26.0,1984.0,0.0
2010,2010 FIFA World Cup,Serbia,SRB,Aleksandar Kolarov,DF,24.0,1985.0,0.0
2010,2010 FIFA World Cup,Serbia,SRB,Gojko Kačar,MF,23.0,1987.0,0.0
2010,2010 FIFA World Cup,Serbia,SRB,Nemanja Vidić,DF,28.0,1981.0,0.0
2010,2010 FIFA World Cup,Serbia,SRB,Branislav Ivanović,DF,26.0,1984.0,0.0
2010,2010 FIFA World Cup,Serbia,SRB,Zoran Tošić,MF,23.0,1987.0,0.0
2010,2010 FIFA World Cup,Serbia,SRB,Danko Lazović,FW,27.0,1983.0,0.0
2010,2010 FIFA World Cup,Serbia,SRB,Marko Pantelić,FW,31.0,1978.0,1.0
2010,2010 FIFA World Cup,Serbia,SRB,Dejan Stanković,MF,31.0,1978.0,0.0
2010,2010 FIFA World Cup,Serbia,SRB,Nenad Milijaš,MF,27.0,1983.0,0.0
2010,2010 FIFA World Cup,Serbia,SRB,Bojan Isailović,GK,30.0,1980.0,0.0
2010,2010 FIFA World Cup,Serbia,SRB,Aleksandar Luković,DF,27.0,1982.0,0.0
2010,2010 FIFA World Cup,Serbia,SRB,Milan Jovanović,MF,29.0,1981.0,1.0
2010,2010 FIFA World Cup,Serbia,SRB,Nikola Žigić,FW,29.0,1980.0,0.0
2010,2010 FIFA World Cup,Serbia,SRB,Ivan Obradović,DF,21.0,1988.0,0.0
2010,2010 FIFA World Cup,Serbia,SRB,Miloš Krasić,MF,25.0,1984.0,0.0
2010,2010 FIFA World Cup,Serbia,SRB,Miloš Ninković,MF,25.0,1984.0,0.0
2010,2010 FIFA World Cup,Serbia,SRB,Radosav Petrović,MF,21.0,1989.0,0.0
2010,2010 FIFA World Cup,Serbia,SRB,Neven Subotić,DF,21.0,1988.0,0.0
2010,2010 FIFA World Cup,Serbia,SRB,Dragan Mrđa,FW,26.0,1984.0,0.0
2010,2010 FIFA World Cup,Serbia,SRB,Zdravko Kuzmanović,MF,22.0,1987.0,0.0
2010,2010 FIFA World Cup,Serbia,SRB,Anđelko Đuričić,GK,29.0,1980.0,0.0
2010,2010 FIFA World Cup,Slovakia,SVK,Ján Mucha,GK,27.0,1982.0,0.0
2010,2010 FIFA World Cup,Slovakia,SVK,Peter Pekarík,DF,23.0,1986.0,0.0
2010,2010 FIFA World Cup,Slovakia,SVK,Martin Škrtel,DF,25.0,1984.0,0.0
2010,2010 FIFA World Cup,Slovakia,SVK,Marek Čech,DF,27.0,1983.0,0.0
2010,2010 FIFA World Cup,Slovakia,SVK,Radoslav Zabavník,DF,29.0,1980.0,0.0
2010,2010 FIFA World Cup,Slovakia,SVK,Zdeno Štrba,MF,34.0,1976.0,0.0
2010,2010 FIFA World Cup,Slovakia,SVK,Vladimír Weiss,MF,20.0,1989.0,0.0
2010,2010 FIFA World Cup,Slovakia,SVK,Ján Kozák,MF,30.0,1980.0,0.0
2010,2010 FIFA World Cup,Slovakia,SVK,Stanislav Šesták,MF,27.0,1982.0,0.0
2010,2010 FIFA World Cup,Slovakia,SVK,Marek Sapara,MF,27.0,1982.0,0.0
2010,2010 FIFA World Cup,Slovakia,SVK,Róbert Vittek,FW,28.0,1982.0,4.0
2010,2010 FIFA World Cup,Slovakia,SVK,Dušan Perniš,GK,25.0,1984.0,0.0
2010,2010 FIFA World Cup,Slovakia,SVK,Filip Hološko,FW,26.0,1984.0,0.0
2010,2010 FIFA World Cup,Slovakia,SVK,Martin Jakubko,FW,30.0,1980.0,0.0
2010,2010 FIFA World Cup,Slovakia,SVK,Miroslav Stoch,MF,20.0,1989.0,0.0
2010,2010 FIFA World Cup,Slovakia,SVK,Ján Ďurica,DF,28.0,1981.0,0.0
2010,2010 FIFA World Cup,Slovakia,SVK,Marek Hamšík,MF,22.0,1987.0,0.0
2010,2010 FIFA World Cup,Slovakia,SVK,Erik Jendrišek,FW,23.0,1986.0,0.0
2010,2010 FIFA World Cup,Slovakia,SVK,Juraj Kucka,MF,23.0,1987.0,0.0
2010,2010 FIFA World Cup,Slovakia,SVK,Kamil Kopúnek,MF,26.0,1984.0,1.0
2010,2010 FIFA World Cup,Slovakia,SVK,Kornel Saláta,DF,25.0,1985.0,0.0
2010,2010 FIFA World Cup,Slovakia,SVK,Martin Petráš,DF,30.0,1979.0,0.0
2010,2010 FIFA World Cup,Slovakia,SVK,Dušan Kuciak,GK,25.0,1985.0,0.0
2010,2010 FIFA World Cup,Slovenia,SVN,Samir Handanović,GK,25.0,1984.0,0.0
2010,2010 FIFA World Cup,Slovenia,SVN,Mišo Brečko,DF,26.0,1984.0,0.0
2010,2010 FIFA World Cup,Slovenia,SVN,Elvedin Džinić,DF,24.0,1985.0,0.0
2010,2010 FIFA World Cup,Slovenia,SVN,Marko Šuler,DF,27.0,1983.0,0.0
2010,2010 FIFA World Cup,Slovenia,SVN,Boštjan Cesar,DF,27.0,1982.0,0.0
2010,2010 FIFA World Cup,Slovenia,SVN,Branko Ilić,DF,27.0,1983.0,0.0
2010,2010 FIFA World Cup,Slovenia,SVN,Nejc Pečnik,FW,24.0,1986.0,0.0
2010,2010 FIFA World Cup,Slovenia,SVN,Robert Koren,MF,29.0,1980.0,1.0
2010,2010 FIFA World Cup,Slovenia,SVN,Zlatan Ljubijankić,FW,26.0,1983.0,1.0
2010,2010 FIFA World Cup,Slovenia,SVN,Valter Birsa,FW,23.0,1986.0,1.0
2010,2010 FIFA World Cup,Slovenia,SVN,Milivoje Novaković,FW,31.0,1979.0,0.0
2010,2010 FIFA World Cup,Slovenia,SVN,Jasmin Handanović,GK,32.0,1978.0,0.0
2010,2010 FIFA World Cup,Slovenia,SVN,Bojan Jokić,DF,24.0,1986.0,0.0
2010,2010 FIFA World Cup,Slovenia,SVN,Zlatko Dedić,FW,26.0,1984.0,0.0
2010,2010 FIFA World Cup,Slovenia,SVN,Rene Krhin,MF,20.0,1990.0,0.0
2010,2010 FIFA World Cup,Slovenia,SVN,Aleksander Šeliga,GK,30.0,1980.0,0.0
2010,2010 FIFA World Cup,Slovenia,SVN,Andraž Kirm,MF,25.0,1984.0,0.0
2010,2010 FIFA World Cup,Slovenia,SVN,Aleksandar Radosavljević,MF,31.0,1979.0,0.0
2010,2010 FIFA World Cup,Slovenia,SVN,Suad Fileković,DF,31.0,1978.0,0.0
2010,2010 FIFA World Cup,Slovenia,SVN,Andrej Komac,MF,30.0,1979.0,0.0
2010,2010 FIFA World Cup,Slovenia,SVN,Dalibor Stevanović,MF,25.0,1984.0,0.0
2010,2010 FIFA World Cup,Slovenia,SVN,Matej Mavrič,DF,31.0,1979.0,0.0
2010,2010 FIFA World Cup,Slovenia,SVN,Tim Matavž,FW,21.0,1989.0,0.0
2010,2010 FIFA World Cup,South Africa,ZAF,Moeneeb Josephs,GK,30.0,1980.0,0.0
2010,2010 FIFA World Cup,South Africa,ZAF,Siboniso Gaxa,DF,26.0,1984.0,0.0
2010,2010 FIFA World Cup,South Africa,ZAF,Tsepo Masilela,DF,25.0,1985.0,0.0
2010,2010 FIFA World Cup,South Africa,ZAF,Aaron Mokoena,DF,29.0,1980.0,0.0
2010,2010 FIFA World Cup,South Africa,ZAF,Anele Ngcongca,DF,22.0,1987.0,0.0
2010,2010 FIFA World Cup,South Africa,ZAF,MacBeth Sibaya,MF,32.0,1977.0,0.0
2010,2010 FIFA World Cup,South Africa,ZAF,Lance Davids,MF,25.0,1985.0,0.0
2010,2010 FIFA World Cup,South Africa,ZAF,Siphiwe Tshabalala,MF,25.0,1984.0,1.0
2010,2010 FIFA World Cup,South Africa,ZAF,Katlego Mphela,FW,25.0,1984.0,1.0
2010,2010 FIFA World Cup,South Africa,ZAF,Steven Pienaar,MF,28.0,1982.0,0.0
2010,2010 FIFA World Cup,South Africa,ZAF,Teko Modise,MF,27.0,1982.0,0.0
2010,2010 FIFA World Cup,South Africa,ZAF,Reneilwe Letsholonyane,MF,28.0,1982.0,0.0
2010,2010 FIFA World Cup,South Africa,ZAF,Kagisho Dikgacoi,MF,25.0,1984.0,0.0
2010,2010 FIFA World Cup,South Africa,ZAF,Matthew Booth,DF,33.0,1977.0,0.0
2010,2010 FIFA World Cup,South Africa,ZAF,Lucas Thwala,DF,28.0,1981.0,0.0
2010,2010 FIFA World Cup,South Africa,ZAF,Itumeleng Khune,GK,22.0,1987.0,0.0
2010,2010 FIFA World Cup,South Africa,ZAF,Bernard Parker,FW,24.0,1986.0,0.0
2010,2010 FIFA World Cup,South Africa,ZAF,Siyabonga Nomvethe,FW,32.0,1977.0,0.0
2010,2010 FIFA World Cup,South Africa,ZAF,Surprise Moriri,MF,30.0,1980.0,0.0
2010,2010 FIFA World Cup,South Africa,ZAF,Bongani Khumalo,DF,23.0,1987.0,1.0
2010,2010 FIFA World Cup,South Africa,ZAF,Siyabonga Sangweni,DF,28.0,1981.0,0.0
2010,2010 FIFA World Cup,South Africa,ZAF,Shu-Aib Walters,GK,28.0,1981.0,0.0
2010,2010 FIFA World Cup,South Africa,ZAF,Thanduyise Khuboni,MF,24.0,1986.0,0.0
2010,2010 FIFA World Cup,Korea Republic,KOR,Woon-jae Lee,GK,37.0,1973.0,0.0
2010,2010 FIFA World Cup,Korea Republic,KOR,Beom-seok Oh,DF,25.0,1984.0,0.0
2010,2010 FIFA World Cup,Korea Republic,KOR,Hyung-il Kim,DF,26.0,1984.0,0.0
2010,2010 FIFA World Cup,Korea Republic,KOR,Yong-hyung Cho,MF,26.0,1983.0,0.0
2010,2010 FIFA World Cup,Korea Republic,KOR,Nam-il Kim,MF,33.0,1977.0,0.0
2010,2010 FIFA World Cup,Korea Republic,KOR,Bo-kyung Kim,MF,20.0,1989.0,0.0
2010,2010 FIFA World Cup,Korea Republic,KOR,Ji-sung Park,MF,29.0,1981.0,1.0
2010,2010 FIFA World Cup,Korea Republic,KOR,Jung-woo Kim,MF,28.0,1982.0,0.0
2010,2010 FIFA World Cup,Korea Republic,KOR,Jung-hwan Ahn,FW,34.0,1976.0,0.0
2010,2010 FIFA World Cup,Korea Republic,KOR,Chu-young Park,FW,24.0,1985.0,1.0
2010,2010 FIFA World Cup,Korea Republic,KOR,Seung-yeoul Lee,FW,21.0,1989.0,0.0
2010,2010 FIFA World Cup,Korea Republic,KOR,Young-pyo Lee,DF,33.0,1977.0,0.0
2010,2010 FIFA World Cup,Korea Republic,KOR,Jae-sung Kim,MF,26.0,1983.0,0.0
2010,2010 FIFA World Cup,Korea Republic,KOR,Jung-soo Lee,DF,30.0,1980.0,2.0
2010,2010 FIFA World Cup,Korea Republic,KOR,Dong-jin Kim,DF,28.0,1982.0,0.0
2010,2010 FIFA World Cup,Korea Republic,KOR,Sung-yueng Ki,MF,21.0,1989.0,0.0
2010,2010 FIFA World Cup,Korea Republic,KOR,Chung-yong Lee,MF,21.0,1988.0,2.0
2010,2010 FIFA World Cup,Korea Republic,KOR,Sung-ryong Jung,GK,25.0,1985.0,0.0
2010,2010 FIFA World Cup,Korea Republic,KOR,Ki-hun Yeom,FW,27.0,1983.0,0.0
2010,2010 FIFA World Cup,Korea Republic,KOR,Dong-gook Lee,FW,31.0,1979.0,0.0
2010,2010 FIFA World Cup,Korea Republic,KOR,Young-kwang Kim,GK,26.0,1983.0,0.0
2010,2010 FIFA World Cup,Korea Republic,KOR,Du-ri Cha,DF,29.0,1980.0,0.0
2010,2010 FIFA World Cup,Korea Republic,KOR,Min-soo Kang,DF,24.0,1986.0,0.0
2010,2010 FIFA World Cup,Spain,ESP,Iker Casillas,GK,29.0,1981.0,0.0
2010,2010 FIFA World Cup,Spain,ESP,Raúl Albiol,DF,24.0,1985.0,0.0
2010,2010 FIFA World Cup,Spain,ESP,Gerard Piqué,DF,23.0,1987.0,0.0
2010,2010 FIFA World Cup,Spain,ESP,Carlos Marchena,DF,30.0,1979.0,0.0
2010,2010 FIFA World Cup,Spain,ESP,Carles Puyol,DF,32.0,1978.0,1.0
2010,2010 FIFA World Cup,Spain,ESP,Andrés Iniesta,MF,26.0,1984.0,2.0
2010,2010 FIFA World Cup,Spain,ESP,David Villa,FW,28.0,1981.0,5.0
2010,2010 FIFA World Cup,Spain,ESP,Xavi,MF,30.0,1980.0,0.0
2010,2010 FIFA World Cup,Spain,ESP,Fernando Torres,FW,26.0,1984.0,0.0
2010,2010 FIFA World Cup,Spain,ESP,Cesc Fàbregas,MF,23.0,1987.0,0.0
2010,2010 FIFA World Cup,Spain,ESP,Joan Capdevila,DF,32.0,1978.0,0.0
2010,2010 FIFA World Cup,Spain,ESP,Víctor Valdés,GK,28.0,1982.0,0.0
2010,2010 FIFA World Cup,Spain,ESP,Juan Mata,MF,22.0,1988.0,0.0
2010,2010 FIFA World Cup,Spain,ESP,Xabi Alonso,MF,28.0,1981.0,0.0
2010,2010 FIFA World Cup,Spain,ESP,Sergio Ramos,DF,24.0,1986.0,0.0
2010,2010 FIFA World Cup,Spain,ESP,Sergio Busquets,MF,21.0,1988.0,0.0
2010,2010 FIFA World Cup,Spain,ESP,Álvaro Arbeloa,DF,27.0,1983.0,0.0
2010,2010 FIFA World Cup,Spain,ESP,Pedro,FW,22.0,1987.0,0.0
2010,2010 FIFA World Cup,Spain,ESP,Fernando Llorente,FW,25.0,1985.0,0.0
2010,2010 FIFA World Cup,Spain,ESP,Javi Martínez,MF,21.0,1988.0,0.0
2010,2010 FIFA World Cup,Spain,ESP,David Silva,MF,24.0,1986.0,0.0
2010,2010 FIFA World Cup,Spain,ESP,Jesús Navas,MF,24.0,1985.0,0.0
2010,2010 FIFA World Cup,Spain,ESP,Pepe Reina,GK,27.0,1982.0,0.0
2010,2010 FIFA World Cup,Switzerland,CHE,Diego Benaglio,GK,26.0,1983.0,0.0
2010,2010 FIFA World Cup,Switzerland,CHE,Stephan Lichtsteiner,DF,26.0,1984.0,0.0
2010,2010 FIFA World Cup,Switzerland,CHE,Ludovic Magnin,DF,31.0,1979.0,0.0
2010,2010 FIFA World Cup,Switzerland,CHE,Philippe Senderos,DF,25.0,1985.0,0.0
2010,2010 FIFA World Cup,Switzerland,CHE,Steve von Bergen,DF,27.0,1983.0,0.0
2010,2010 FIFA World Cup,Switzerland,CHE,Benjamin Huggel,MF,32.0,1977.0,0.0
2010,2010 FIFA World Cup,Switzerland,CHE,Tranquillo Barnetta,MF,25.0,1985.0,0.0
2010,2010 FIFA World Cup,Switzerland,CHE,Gökhan Inler,MF,25.0,1984.0,0.0
2010,2010 FIFA World Cup,Switzerland,CHE,Alexander Frei,FW,30.0,1979.0,0.0
2010,2010 FIFA World Cup,Switzerland,CHE,Blaise Nkufo,FW,35.0,1975.0,0.0
2010,2010 FIFA World Cup,Switzerland,CHE,Valon Behrami,MF,25.0,1985.0,0.0
2010,2010 FIFA World Cup,Switzerland,CHE,Marco Wölfli,GK,27.0,1982.0,0.0
2010,2010 FIFA World Cup,Switzerland,CHE,Stéphane Grichting,DF,31.0,1979.0,0.0
2010,2010 FIFA World Cup,Switzerland,CHE,Marco Padalino,MF,26.0,1983.0,0.0
2010,2010 FIFA World Cup,Switzerland,CHE,Hakan Yakin,MF,33.0,1977.0,0.0
2010,2010 FIFA World Cup,Switzerland,CHE,Gélson Fernandes,MF,23.0,1986.0,1.0
2010,2010 FIFA World Cup,Switzerland,CHE,Reto Ziegler,DF,24.0,1986.0,0.0
2010,2010 FIFA World Cup,Switzerland,CHE,Albert Bunjaku,FW,26.0,1983.0,0.0
2010,2010 FIFA World Cup,Switzerland,CHE,Eren Derdiyok,FW,21.0,1988.0,0.0
2010,2010 FIFA World Cup,Switzerland,CHE,Pirmin Schwegler,MF,23.0,1987.0,0.0
2010,2010 FIFA World Cup,Switzerland,CHE,Johnny Leoni,GK,25.0,1984.0,0.0
2010,2010 FIFA World Cup,Switzerland,CHE,Mario Eggimann,DF,29.0,1981.0,0.0
2010,2010 FIFA World Cup,Switzerland,CHE,Xherdan Shaqiri,MF,18.0,1991.0,0.0
2010,2010 FIFA World Cup,United States,USA,Tim Howard,GK,31.0,1979.0,0.0
2010,2010 FIFA World Cup,United States,USA,Jonathan Spector,DF,24.0,1986.0,0.0
2010,2010 FIFA World Cup,United States,USA,Carlos Bocanegra,DF,31.0,1979.0,0.0
2010,2010 FIFA World Cup,United States,USA,Michael Bradley,MF,22.0,1987.0,1.0
2010,2010 FIFA World Cup,United States,USA,Oguchi Onyewu,DF,28.0,1982.0,0.0
2010,2010 FIFA World Cup,United States,USA,Steve Cherundolo,DF,31.0,1979.0,0.0
2010,2010 FIFA World Cup,United States,USA,DaMarcus Beasley,MF,28.0,1982.0,0.0
2010,2010 FIFA World Cup,United States,USA,Clint Dempsey,MF,27.0,1983.0,1.0
2010,2010 FIFA World Cup,United States,USA,Herculez Gomez,FW,28.0,1982.0,0.0
2010,2010 FIFA World Cup,United States,USA,Landon Donovan,MF,28.0,1982.0,3.0
2010,2010 FIFA World Cup,United States,USA,Stuart Holden,MF,24.0,1985.0,0.0
2010,2010 FIFA World Cup,United States,USA,Jonathan Bornstein,DF,25.0,1984.0,0.0
2010,2010 FIFA World Cup,United States,USA,Ricardo Clark,MF,27.0,1983.0,0.0
2010,2010 FIFA World Cup,United States,USA,Edson Buddle,FW,29.0,1981.0,0.0
2010,2010 FIFA World Cup,United States,USA,Jay DeMerit,DF,30.0,1979.0,0.0
2010,2010 FIFA World Cup,United States,USA,José Francisco Torres,MF,22.0,1987.0,0.0
2010,2010 FIFA World Cup,United States,USA,Jozy Altidore,FW,20.0,1989.0,0.0
2010,2010 FIFA World Cup,United States,USA,Brad Guzan,GK,25.0,1984.0,0.0
2010,2010 FIFA World Cup,United States,USA,Maurice Edu,MF,24.0,1986.0,0.0
2010,2010 FIFA World Cup,United States,USA,Robbie Findley,FW,24.0,1985.0,0.0
2010,2010 FIFA World Cup,United States,USA,Clarence Goodson,DF,28.0,1982.0,0.0
2010,2010 FIFA World Cup,United States,USA,Benny Feilhaber,MF,25.0,1985.0,0.0
2010,2010 FIFA World Cup,United States,USA,Marcus Hahnemann,GK,37.0,1972.0,0.0
2010,2010 FIFA World Cup,Uruguay,URY,Fernando Muslera,GK,23.0,1986.0,0.0
2010,2010 FIFA World Cup,Uruguay,URY,Diego Lugano,DF,29.0,1980.0,0.0
2010,2010 FIFA World Cup,Uruguay,URY,Diego Godín,DF,24.0,1986.0,0.0
2010,2010 FIFA World Cup,Uruguay,URY,Jorge Fucile,DF,25.0,1984.0,0.0
2010,2010 FIFA World Cup,Uruguay,URY,Walter Gargano,MF,25.0,1984.0,0.0
2010,2010 FIFA World Cup,Uruguay,URY,Mauricio Victorino,DF,27.0,1982.0,0.0
2010,2010 FIFA World Cup,Uruguay,URY,Edinson Cavani,FW,23.0,1987.0,1.0
2010,2010 FIFA World Cup,Uruguay,URY,Sebastián Eguren,MF,29.0,1981.0,0.0
2010,2010 FIFA World Cup,Uruguay,URY,Luis Suárez,FW,23.0,1987.0,3.0
2010,2010 FIFA World Cup,Uruguay,URY,Diego Forlán,FW,31.0,1979.0,5.0
2010,2010 FIFA World Cup,Uruguay,URY,Álvaro Pereira,MF,24.0,1985.0,1.0
2010,2010 FIFA World Cup,Uruguay,URY,Juan Castillo,GK,32.0,1978.0,0.0
2010,2010 FIFA World Cup,Uruguay,URY,Sebastián Abreu,FW,33.0,1976.0,0.0
2010,2010 FIFA World Cup,Uruguay,URY,Nicolás Lodeiro,MF,21.0,1989.0,0.0
2010,2010 FIFA World Cup,Uruguay,URY,Diego Pérez,MF,30.0,1980.0,0.0
2010,2010 FIFA World Cup,Uruguay,URY,Maxi Pereira,DF,26.0,1984.0,1.0
2010,2010 FIFA World Cup,Uruguay,URY,Egidio Arévalo Ríos,MF,28.0,1982.0,0.0
2010,2010 FIFA World Cup,Uruguay,URY,Ignacio González,MF,28.0,1982.0,0.0
2010,2010 FIFA World Cup,Uruguay,URY,Andrés Scotti,DF,34.0,1975.0,0.0
2010,2010 FIFA World Cup,Uruguay,URY,Álvaro Fernández,MF,24.0,1985.0,0.0
2010,2010 FIFA World Cup,Uruguay,URY,Sebastián Fernández,FW,25.0,1985.0,0.0
2010,2010 FIFA World Cup,Uruguay,URY,Martín Cáceres,DF,23.0,1987.0,0.0
2010,2010 FIFA World Cup,Uruguay,URY,Martín Silva,GK,27.0,1983.0,0.0
2014,2014 FIFA World Cup,Algeria,DZA,Cédric Si Mohamed,GK,29.0,1985.0,0.0
2014,2014 FIFA World Cup,Algeria,DZA,Madjid Bougherra,DF,31.0,1982.0,0.0
2014,2014 FIFA World Cup,Algeria,DZA,Faouzi Ghoulam,DF,23.0,1991.0,0.0
2014,2014 FIFA World Cup,Algeria,DZA,Essaïd Belkalem,DF,25.0,1989.0,0.0
2014,2014 FIFA World Cup,Algeria,DZA,Rafik Halliche,DF,27.0,1986.0,1.0
2014,2014 FIFA World Cup,Algeria,DZA,Djamel Mesbah,DF,29.0,1984.0,0.0
2014,2014 FIFA World Cup,Algeria,DZA,Hassan Yebda,MF,30.0,1984.0,0.0
2014,2014 FIFA World Cup,Algeria,DZA,Mehdi Lacen,MF,30.0,1984.0,0.0
2014,2014 FIFA World Cup,Algeria,DZA,Nabil Ghilas,FW,24.0,1990.0,0.0
2014,2014 FIFA World Cup,Algeria,DZA,Sofiane Feghouli,MF,24.0,1989.0,1.0
2014,2014 FIFA World Cup,Algeria,DZA,Yacine Brahimi,MF,24.0,1990.0,1.0
2014,2014 FIFA World Cup,Algeria,DZA,Carl Medjani,DF,29.0,1985.0,0.0
2014,2014 FIFA World Cup,Algeria,DZA,Islam Slimani,FW,25.0,1988.0,2.0
2014,2014 FIFA World Cup,Algeria,DZA,Nabil Bentaleb,MF,19.0,1994.0,0.0
2014,2014 FIFA World Cup,Algeria,DZA,Hillal Soudani,FW,26.0,1987.0,0.0
2014,2014 FIFA World Cup,Algeria,DZA,Mohamed Zemmamouche,GK,29.0,1985.0,0.0
2014,2014 FIFA World Cup,Algeria,DZA,Liassine Cadamuro-Bentaïba,DF,26.0,1988.0,0.0
2014,2014 FIFA World Cup,Algeria,DZA,Abdelmoumene Djabou,MF,27.0,1987.0,2.0
2014,2014 FIFA World Cup,Algeria,DZA,Saphir Taïder,MF,22.0,1992.0,0.0
2014,2014 FIFA World Cup,Algeria,DZA,Aïssa Mandi,DF,22.0,1991.0,0.0
2014,2014 FIFA World Cup,Algeria,DZA,Riyad Mahrez,MF,23.0,1991.0,0.0
2014,2014 FIFA World Cup,Algeria,DZA,Mehdi Mostefa,MF,30.0,1983.0,0.0
2014,2014 FIFA World Cup,Algeria,DZA,Raïs M'Bolhi,GK,28.0,1986.0,0.0
2014,2014 FIFA World Cup,Argentina,ARG,Sergio Romero,GK,27.0,1987.0,0.0
2014,2014 FIFA World Cup,Argentina,ARG,Ezequiel Garay,DF,27.0,1986.0,0.0
2014,2014 FIFA World Cup,Argentina,ARG,Hugo Campagnaro,DF,33.0,1980.0,0.0
2014,2014 FIFA World Cup,Argentina,ARG,Pablo Zabaleta,DF,29.0,1985.0,0.0
2014,2014 FIFA World Cup,Argentina,ARG,Fernando Gago,MF,28.0,1986.0,0.0
2014,2014 FIFA World Cup,Argentina,ARG,Lucas Biglia,MF,28.0,1986.0,0.0
2014,2014 FIFA World Cup,Argentina,ARG,Ángel Di María,MF,26.0,1988.0,1.0
2014,2014 FIFA World Cup,Argentina,ARG,Enzo Pérez,MF,28.0,1986.0,0.0
2014,2014 FIFA World Cup,Argentina,ARG,Gonzalo Higuaín,FW,26.0,1987.0,1.0
2014,2014 FIFA World Cup,Argentina,ARG,Lionel Messi,FW,26.0,1987.0,4.0
2014,2014 FIFA World Cup,Argentina,ARG,Maxi Rodríguez,MF,33.0,1981.0,0.0
2014,2014 FIFA World Cup,Argentina,ARG,Agustín Orión,GK,32.0,1981.0,0.0
2014,2014 FIFA World Cup,Argentina,ARG,Augusto Fernández,MF,28.0,1986.0,0.0
2014,2014 FIFA World Cup,Argentina,ARG,Javier Mascherano,MF,30.0,1984.0,0.0
2014,2014 FIFA World Cup,Argentina,ARG,Martín Demichelis,DF,33.0,1980.0,0.0
2014,2014 FIFA World Cup,Argentina,ARG,Marcos Rojo,DF,24.0,1990.0,1.0
2014,2014 FIFA World Cup,Argentina,ARG,Federico Fernández,DF,25.0,1989.0,0.0
2014,2014 FIFA World Cup,Argentina,ARG,Rodrigo Palacio,FW,32.0,1982.0,0.0
2014,2014 FIFA World Cup,Argentina,ARG,Ricky Álvarez,MF,26.0,1988.0,0.0
2014,2014 FIFA World Cup,Argentina,ARG,Sergio Agüero,FW,26.0,1988.0,0.0
2014,2014 FIFA World Cup,Argentina,ARG,Mariano Andújar,GK,30.0,1983.0,0.0
2014,2014 FIFA World Cup,Argentina,ARG,Ezequiel Lavezzi,FW,29.0,1985.0,0.0
2014,2014 FIFA World Cup,Argentina,ARG,José María Basanta,DF,30.0,1984.0,0.0
2014,2014 FIFA World Cup,Australia,AUS,Mathew Ryan,GK,22.0,1992.0,0.0
2014,2014 FIFA World Cup,Australia,AUS,Ivan Franjic,DF,26.0,1987.0,0.0
2014,2014 FIFA World Cup,Australia,AUS,Jason Davidson,DF,22.0,1991.0,0.0
2014,2014 FIFA World Cup,Australia,AUS,Tim Cahill,FW,34.0,1979.0,2.0
2014,2014 FIFA World Cup,Australia,AUS,Mark Milligan,MF,28.0,1985.0,0.0
2014,2014 FIFA World Cup,Australia,AUS,Matthew Spiranovic,DF,25.0,1988.0,0.0
2014,2014 FIFA World Cup,Australia,AUS,Mathew Leckie,FW,23.0,1991.0,0.0
2014,2014 FIFA World Cup,Australia,AUS,Bailey Wright,DF,21.0,1992.0,0.0
2014,2014 FIFA World Cup,Australia,AUS,Adam Taggart,FW,21.0,1993.0,0.0
2014,2014 FIFA World Cup,Australia,AUS,Ben Halloran,MF,21.0,1992.0,0.0
2014,2014 FIFA World Cup,Australia,AUS,Tommy Oar,MF,22.0,1991.0,0.0
2014,2014 FIFA World Cup,Australia,AUS,Mitchell Langerak,GK,25.0,1988.0,0.0
2014,2014 FIFA World Cup,Australia,AUS,Oliver Bozanic,MF,25.0,1989.0,0.0
2014,2014 FIFA World Cup,Australia,AUS,James Troisi,MF,25.0,1988.0,0.0
2014,2014 FIFA World Cup,Australia,AUS,Mile Jedinak,MF,29.0,1984.0,1.0
2014,2014 FIFA World Cup,Australia,AUS,James Holland,MF,25.0,1989.0,0.0
2014,2014 FIFA World Cup,Australia,AUS,Matt McKay,MF,31.0,1983.0,0.0
2014,2014 FIFA World Cup,Australia,AUS,Eugene Galekovic,GK,33.0,1981.0,0.0
2014,2014 FIFA World Cup,Australia,AUS,Ryan McGowan,DF,24.0,1989.0,0.0
2014,2014 FIFA World Cup,Australia,AUS,Dario Vidošić,MF,27.0,1987.0,0.0
2014,2014 FIFA World Cup,Australia,AUS,Massimo Luongo,MF,21.0,1992.0,0.0
2014,2014 FIFA World Cup,Australia,AUS,Alex Wilkinson,DF,29.0,1984.0,0.0
2014,2014 FIFA World Cup,Australia,AUS,Mark Bresciano,MF,34.0,1980.0,0.0
2014,2014 FIFA World Cup,Belgium,BEL,Thibaut Courtois,GK,22.0,1992.0,0.0
2014,2014 FIFA World Cup,Belgium,BEL,Toby Alderweireld,DF,25.0,1989.0,0.0
2014,2014 FIFA World Cup,Belgium,BEL,Thomas Vermaelen,DF,28.0,1985.0,0.0
2014,2014 FIFA World Cup,Belgium,BEL,Vincent Kompany,DF,28.0,1986.0,0.0
2014,2014 FIFA World Cup,Belgium,BEL,Jan Vertonghen,DF,27.0,1987.0,1.0
2014,2014 FIFA World Cup,Belgium,BEL,Axel Witsel,MF,25.0,1989.0,0.0
2014,2014 FIFA World Cup,Belgium,BEL,Kevin De Bruyne,MF,22.0,1991.0,1.0
2014,2014 FIFA World Cup,Belgium,BEL,Marouane Fellaini,MF,26.0,1987.0,1.0
2014,2014 FIFA World Cup,Belgium,BEL,Romelu Lukaku,FW,21.0,1993.0,1.0
2014,2014 FIFA World Cup,Belgium,BEL,Eden Hazard,MF,23.0,1991.0,0.0
2014,2014 FIFA World Cup,Belgium,BEL,Kevin Mirallas,MF,26.0,1987.0,0.0
2014,2014 FIFA World Cup,Belgium,BEL,Simon Mignolet,GK,26.0,1988.0,0.0
2014,2014 FIFA World Cup,Belgium,BEL,Sammy Bossut,GK,28.0,1985.0,0.0
2014,2014 FIFA World Cup,Belgium,BEL,Dries Mertens,FW,27.0,1987.0,1.0
2014,2014 FIFA World Cup,Belgium,BEL,Daniel Van Buyten,DF,36.0,1978.0,0.0
2014,2014 FIFA World Cup,Belgium,BEL,Steven Defour,MF,26.0,1988.0,0.0
2014,2014 FIFA World Cup,Belgium,BEL,Divock Origi,FW,19.0,1995.0,1.0
2014,2014 FIFA World Cup,Belgium,BEL,Nicolas Lombaerts,DF,29.0,1985.0,0.0
2014,2014 FIFA World Cup,Belgium,BEL,Mousa Dembélé,MF,26.0,1987.0,0.0
2014,2014 FIFA World Cup,Belgium,BEL,Adnan Januzaj,MF,19.0,1995.0,0.0
2014,2014 FIFA World Cup,Belgium,BEL,Anthony Vanden Borre,DF,26.0,1987.0,0.0
2014,2014 FIFA World Cup,Belgium,BEL,Nacer Chadli,MF,24.0,1989.0,0.0
2014,2014 FIFA World Cup,Belgium,BEL,Laurent Ciman,DF,28.0,1985.0,0.0
2014,2014 FIFA World Cup,Bosnia and Herzegovina,BIH,Asmir Begović,GK,26.0,1987.0,0.0
2014,2014 FIFA World Cup,Bosnia and Herzegovina,BIH,Avdija Vršajević,DF,28.0,1986.0,1.0
2014,2014 FIFA World Cup,Bosnia and Herzegovina,BIH,Ermin Bičakčić,DF,24.0,1990.0,0.0
2014,2014 FIFA World Cup,Bosnia and Herzegovina,BIH,Emir Spahić,DF,33.0,1980.0,0.0
2014,2014 FIFA World Cup,Bosnia and Herzegovina,BIH,Sead Kolašinac,DF,20.0,1993.0,0.0
2014,2014 FIFA World Cup,Bosnia and Herzegovina,BIH,Ognjen Vranješ,DF,24.0,1989.0,0.0
2014,2014 FIFA World Cup,Bosnia and Herzegovina,BIH,Muhamed Bešić,DF,21.0,1992.0,0.0
2014,2014 FIFA World Cup,Bosnia and Herzegovina,BIH,Miralem Pjanić,MF,24.0,1990.0,1.0
2014,2014 FIFA World Cup,Bosnia and Herzegovina,BIH,Vedad Ibišević,FW,29.0,1984.0,1.0
2014,2014 FIFA World Cup,Bosnia and Herzegovina,BIH,Zvjezdan Misimović,MF,32.0,1982.0,0.0
2014,2014 FIFA World Cup,Bosnia and Herzegovina,BIH,Edin Džeko,FW,28.0,1986.0,1.0
2014,2014 FIFA World Cup,Bosnia and Herzegovina,BIH,Jasmin Fejzić,GK,28.0,1986.0,0.0
2014,2014 FIFA World Cup,Bosnia and Herzegovina,BIH,Mensur Mujdža,DF,30.0,1984.0,0.0
2014,2014 FIFA World Cup,Bosnia and Herzegovina,BIH,Tino-Sven Sušić,MF,22.0,1992.0,0.0
2014,2014 FIFA World Cup,Bosnia and Herzegovina,BIH,Toni Šunjić,DF,25.0,1988.0,0.0
2014,2014 FIFA World Cup,Bosnia and Herzegovina,BIH,Senad Lulić,MF,28.0,1986.0,0.0
2014,2014 FIFA World Cup,Bosnia and Herzegovina,BIH,Senijad Ibričić,MF,28.0,1985.0,0.0
2014,2014 FIFA World Cup,Bosnia and Herzegovina,BIH,Haris Medunjanin,MF,29.0,1985.0,0.0
2014,2014 FIFA World Cup,Bosnia and Herzegovina,BIH,Edin Višća,FW,24.0,1990.0,0.0
2014,2014 FIFA World Cup,Bosnia and Herzegovina,BIH,Izet Hajrović,MF,22.0,1991.0,0.0
2014,2014 FIFA World Cup,Bosnia and Herzegovina,BIH,Anel Hadžić,MF,24.0,1989.0,0.0
2014,2014 FIFA World Cup,Bosnia and Herzegovina,BIH,Asmir Avdukić,GK,33.0,1981.0,0.0
2014,2014 FIFA World Cup,Bosnia and Herzegovina,BIH,Sejad Salihović,MF,29.0,1984.0,0.0
2014,2014 FIFA World Cup,Brazil,BRA,Jefferson,GK,31.0,1983.0,0.0
2014,2014 FIFA World Cup,Brazil,BRA,Dani Alves,DF,31.0,1983.0,0.0
2014,2014 FIFA World Cup,Brazil,BRA,Thiago Silva,DF,29.0,1984.0,1.0
2014,2014 FIFA World Cup,Brazil,BRA,David Luiz,DF,27.0,1987.0,2.0
2014,2014 FIFA World Cup,Brazil,BRA,Fernandinho,MF,29.0,1985.0,1.0
2014,2014 FIFA World Cup,Brazil,BRA,Marcelo,DF,26.0,1988.0,0.0
2014,2014 FIFA World Cup,Brazil,BRA,Hulk,FW,27.0,1986.0,0.0
2014,2014 FIFA World Cup,Brazil,BRA,Paulinho,MF,25.0,1988.0,0.0
2014,2014 FIFA World Cup,Brazil,BRA,Fred,FW,30.0,1983.0,1.0
2014,2014 FIFA World Cup,Brazil,BRA,Neymar,FW,22.0,1992.0,4.0
2014,2014 FIFA World Cup,Brazil,BRA,Oscar,MF,22.0,1991.0,2.0
2014,2014 FIFA World Cup,Brazil,BRA,Júlio César,GK,34.0,1979.0,0.0
2014,2014 FIFA World Cup,Brazil,BRA,Dante,DF,30.0,1983.0,0.0
2014,2014 FIFA World Cup,Brazil,BRA,Maxwell,DF,32.0,1981.0,0.0
2014,2014 FIFA World Cup,Brazil,BRA,Henrique,DF,27.0,1986.0,0.0
2014,2014 FIFA World Cup,Brazil,BRA,Ramires,MF,27.0,1987.0,0.0
2014,2014 FIFA World Cup,Brazil,BRA,Luiz Gustavo,MF,26.0,1987.0,0.0
2014,2014 FIFA World Cup,Brazil,BRA,Hernanes,MF,29.0,1985.0,0.0
2014,2014 FIFA World Cup,Brazil,BRA,Willian,MF,25.0,1988.0,0.0
2014,2014 FIFA World Cup,Brazil,BRA,Bernard,FW,21.0,1992.0,0.0
2014,2014 FIFA World Cup,Brazil,BRA,Jô,FW,27.0,1987.0,0.0
2014,2014 FIFA World Cup,Brazil,BRA,Victor,GK,31.0,1983.0,0.0
2014,2014 FIFA World Cup,Brazil,BRA,Maicon,DF,32.0,1981.0,0.0
2014,2014 FIFA World Cup,Cameroon,CMR,Loïc Feudjou,GK,22.0,1992.0,0.0
2014,2014 FIFA World Cup,Cameroon,CMR,Benoît Assou-Ekotto,DF,30.0,1984.0,0.0
2014,2014 FIFA World Cup,Cameroon,CMR,Nicolas Nkoulou,DF,24.0,1990.0,0.0
2014,2014 FIFA World Cup,Cameroon,CMR,Cédric Djeugoué,DF,21.0,1992.0,0.0
2014,2014 FIFA World Cup,Cameroon,CMR,Dany Nounkeu,DF,28.0,1986.0,0.0
2014,2014 FIFA World Cup,Cameroon,CMR,Alex Song,MF,26.0,1987.0,0.0
2014,2014 FIFA World Cup,Cameroon,CMR,Landry N'Guémo,MF,28.0,1985.0,0.0
2014,2014 FIFA World Cup,Cameroon,CMR,Benjamin Moukandjo,FW,25.0,1988.0,0.0
2014,2014 FIFA World Cup,Cameroon,CMR,Samuel Eto'o,FW,33.0,1981.0,0.0
2014,2014 FIFA World Cup,Cameroon,CMR,Vincent Aboubakar,FW,22.0,1992.0,0.0
2014,2014 FIFA World Cup,Cameroon,CMR,Jean Makoun,MF,31.0,1983.0,0.0
2014,2014 FIFA World Cup,Cameroon,CMR,Henri Bedimo,DF,30.0,1984.0,0.0
2014,2014 FIFA World Cup,Cameroon,CMR,Eric Maxim Choupo-Moting,FW,25.0,1989.0,0.0
2014,2014 FIFA World Cup,Cameroon,CMR,Aurélien Chedjou,DF,28.0,1985.0,0.0
2014,2014 FIFA World Cup,Cameroon,CMR,Pierre Webó,FW,32.0,1982.0,0.0
2014,2014 FIFA World Cup,Cameroon,CMR,Charles Itandje,GK,31.0,1982.0,0.0
2014,2014 FIFA World Cup,Cameroon,CMR,Stéphane Mbia,MF,28.0,1986.0,0.0
2014,2014 FIFA World Cup,Cameroon,CMR,Eyong Enoh,MF,28.0,1986.0,0.0
2014,2014 FIFA World Cup,Cameroon,CMR,Fabrice Olinga,FW,18.0,1996.0,0.0
2014,2014 FIFA World Cup,Cameroon,CMR,Edgar Salli,MF,21.0,1992.0,0.0
2014,2014 FIFA World Cup,Cameroon,CMR,Joël Matip,MF,22.0,1991.0,1.0
2014,2014 FIFA World Cup,Cameroon,CMR,Allan Nyom,DF,26.0,1988.0,0.0
2014,2014 FIFA World Cup,Cameroon,CMR,Sammy Ndjock,GK,24.0,1990.0,0.0
2014,2014 FIFA World Cup,Chile,CHL,Claudio Bravo,GK,31.0,1983.0,0.0
2014,2014 FIFA World Cup,Chile,CHL,Eugenio Mena,DF,25.0,1988.0,0.0
2014,2014 FIFA World Cup,Chile,CHL,Miiko Albornoz,DF,23.0,1990.0,0.0
2014,2014 FIFA World Cup,Chile,CHL,Mauricio Isla,MF,26.0,1988.0,0.0
2014,2014 FIFA World Cup,Chile,CHL,Francisco Silva,MF,28.0,1986.0,0.0
2014,2014 FIFA World Cup,Chile,CHL,Carlos Carmona,MF,27.0,1987.0,0.0
2014,2014 FIFA World Cup,Chile,CHL,Alexis Sánchez,FW,25.0,1988.0,2.0
2014,2014 FIFA World Cup,Chile,CHL,Arturo Vidal,MF,27.0,1987.0,0.0
2014,2014 FIFA World Cup,Chile,CHL,Mauricio Pinilla,FW,30.0,1984.0,0.0
2014,2014 FIFA World Cup,Chile,CHL,Jorge Valdivia,MF,30.0,1983.0,1.0
2014,2014 FIFA World Cup,Chile,CHL,Eduardo Vargas,FW,24.0,1989.0,1.0
2014,2014 FIFA World Cup,Chile,CHL,Cristopher Toselli,GK,25.0,1988.0,0.0
2014,2014 FIFA World Cup,Chile,CHL,José Manuel Rojas,DF,31.0,1983.0,0.0
2014,2014 FIFA World Cup,Chile,CHL,Fabián Orellana,MF,28.0,1986.0,0.0
2014,2014 FIFA World Cup,Chile,CHL,Jean Beausejour,MF,30.0,1984.0,1.0
2014,2014 FIFA World Cup,Chile,CHL,Felipe Gutiérrez,MF,23.0,1990.0,0.0
2014,2014 FIFA World Cup,Chile,CHL,Gary Medel,DF,26.0,1987.0,0.0
2014,2014 FIFA World Cup,Chile,CHL,Gonzalo Jara,DF,28.0,1985.0,0.0
2014,2014 FIFA World Cup,Chile,CHL,José Pablo Fuenzalida,MF,29.0,1985.0,0.0
2014,2014 FIFA World Cup,Chile,CHL,Charles Aránguiz,MF,25.0,1989.0,1.0
2014,2014 FIFA World Cup,Chile,CHL,Marcelo Díaz,MF,27.0,1986.0,0.0
2014,2014 FIFA World Cup,Chile,CHL,Esteban Paredes,FW,33.0,1980.0,0.0
2014,2014 FIFA World Cup,Chile,CHL,Johnny Herrera,GK,33.0,1981.0,0.0
2014,2014 FIFA World Cup,Colombia,COL,David Ospina,GK,25.0,1988.0,0.0
2014,2014 FIFA World Cup,Colombia,COL,Cristián Zapata,DF,27.0,1986.0,0.0
2014,2014 FIFA World Cup,Colombia,COL,Mario Yepes,DF,38.0,1976.0,0.0
2014,2014 FIFA World Cup,Colombia,COL,Santiago Arias,DF,22.0,1992.0,0.0
2014,2014 FIFA World Cup,Colombia,COL,Carlos Carbonero,MF,23.0,1990.0,0.0
2014,2014 FIFA World Cup,Colombia,COL,Carlos Sánchez,MF,28.0,1986.0,0.0
2014,2014 FIFA World Cup,Colombia,COL,Pablo Armero,DF,27.0,1986.0,1.0
2014,2014 FIFA World Cup,Colombia,COL,Abel Aguilar,MF,29.0,1985.0,0.0
2014,2014 FIFA World Cup,Colombia,COL,Teófilo Gutiérrez,FW,29.0,1985.0,1.0
2014,2014 FIFA World Cup,Colombia,COL,James Rodríguez,MF,22.0,1991.0,6.0
2014,2014 FIFA World Cup,Colombia,COL,Juan Cuadrado,MF,26.0,1988.0,1.0
2014,2014 FIFA World Cup,Colombia,COL,Camilo Vargas,GK,25.0,1989.0,0.0
2014,2014 FIFA World Cup,Colombia,COL,Fredy Guarín,MF,27.0,1986.0,0.0
2014,2014 FIFA World Cup,Colombia,COL,Víctor Ibarbo,FW,24.0,1990.0,0.0
2014,2014 FIFA World Cup,Colombia,COL,Alexander Mejía,MF,25.0,1988.0,0.0
2014,2014 FIFA World Cup,Colombia,COL,Éder Álvarez Balanta,DF,21.0,1993.0,0.0
2014,2014 FIFA World Cup,Colombia,COL,Carlos Bacca,FW,27.0,1986.0,0.0
2014,2014 FIFA World Cup,Colombia,COL,Juan Camilo Zúñiga,DF,28.0,1985.0,0.0
2014,2014 FIFA World Cup,Colombia,COL,Adrián Ramos,FW,28.0,1986.0,0.0
2014,2014 FIFA World Cup,Colombia,COL,Juan Fernando Quintero,MF,21.0,1993.0,1.0
2014,2014 FIFA World Cup,Colombia,COL,Jackson Martínez,FW,27.0,1986.0,2.0
2014,2014 FIFA World Cup,Colombia,COL,Faryd Mondragón,GK,42.0,1971.0,0.0
2014,2014 FIFA World Cup,Colombia,COL,Carlos Valdés,DF,29.0,1985.0,0.0
2014,2014 FIFA World Cup,Costa Rica,CRI,Keylor Navas,GK,27.0,1986.0,0.0
2014,2014 FIFA World Cup,Costa Rica,CRI,Jhonny Acosta,DF,30.0,1983.0,0.0
2014,2014 FIFA World Cup,Costa Rica,CRI,Giancarlo González,DF,26.0,1988.0,0.0
2014,2014 FIFA World Cup,Costa Rica,CRI,Michael Umaña,DF,31.0,1982.0,0.0
2014,2014 FIFA World Cup,Costa Rica,CRI,Celso Borges,MF,26.0,1988.0,0.0
2014,2014 FIFA World Cup,Costa Rica,CRI,Óscar Duarte,DF,25.0,1989.0,1.0
2014,2014 FIFA World Cup,Costa Rica,CRI,Christian Bolaños,MF,30.0,1984.0,0.0
2014,2014 FIFA World Cup,Costa Rica,CRI,David Myrie,DF,26.0,1988.0,0.0
2014,2014 FIFA World Cup,Costa Rica,CRI,Joel Campbell,FW,21.0,1992.0,1.0
2014,2014 FIFA World Cup,Costa Rica,CRI,Bryan Ruiz,FW,28.0,1985.0,2.0
2014,2014 FIFA World Cup,Costa Rica,CRI,Michael Barrantes,MF,30.0,1983.0,0.0
2014,2014 FIFA World Cup,Costa Rica,CRI,Waylon Francis,DF,23.0,1990.0,0.0
2014,2014 FIFA World Cup,Costa Rica,CRI,Óscar Granados,MF,28.0,1985.0,0.0
2014,2014 FIFA World Cup,Costa Rica,CRI,Randall Brenes,FW,30.0,1983.0,0.0
2014,2014 FIFA World Cup,Costa Rica,CRI,Júnior Díaz,DF,30.0,1983.0,0.0
2014,2014 FIFA World Cup,Costa Rica,CRI,Cristian Gamboa,DF,24.0,1989.0,0.0
2014,2014 FIFA World Cup,Costa Rica,CRI,Yeltsin Tejeda,MF,22.0,1992.0,0.0
2014,2014 FIFA World Cup,Costa Rica,CRI,Patrick Pemberton,GK,32.0,1982.0,0.0
2014,2014 FIFA World Cup,Costa Rica,CRI,Roy Miller,DF,29.0,1984.0,0.0
2014,2014 FIFA World Cup,Costa Rica,CRI,Diego Calvo,MF,23.0,1991.0,0.0
2014,2014 FIFA World Cup,Costa Rica,CRI,Marco Ureña,FW,24.0,1990.0,1.0
2014,2014 FIFA World Cup,Costa Rica,CRI,José Miguel Cubero,MF,27.0,1987.0,0.0
2014,2014 FIFA World Cup,Costa Rica,CRI,Daniel Cambronero,GK,28.0,1986.0,0.0
2014,2014 FIFA World Cup,Croatia,HRV,Stipe Pletikosa,GK,35.0,1979.0,0.0
2014,2014 FIFA World Cup,Croatia,HRV,Šime Vrsaljko,DF,22.0,1992.0,0.0
2014,2014 FIFA World Cup,Croatia,HRV,Danijel Pranjić,DF,32.0,1981.0,0.0
2014,2014 FIFA World Cup,Croatia,HRV,Ivan Perišić,MF,25.0,1989.0,2.0
2014,2014 FIFA World Cup,Croatia,HRV,Vedran Ćorluka,DF,28.0,1986.0,0.0
2014,2014 FIFA World Cup,Croatia,HRV,Dejan Lovren,DF,24.0,1989.0,0.0
2014,2014 FIFA World Cup,Croatia,HRV,Ivan Rakitić,MF,26.0,1988.0,0.0
2014,2014 FIFA World Cup,Croatia,HRV,Ognjen Vukojević,MF,30.0,1983.0,0.0
2014,2014 FIFA World Cup,Croatia,HRV,Nikica Jelavić,FW,28.0,1985.0,0.0
2014,2014 FIFA World Cup,Croatia,HRV,Luka Modrić,MF,28.0,1985.0,0.0
2014,2014 FIFA World Cup,Croatia,HRV,Darijo Srna,DF,32.0,1982.0,0.0
2014,2014 FIFA World Cup,Croatia,HRV,Oliver Zelenika,GK,21.0,1993.0,0.0
2014,2014 FIFA World Cup,Croatia,HRV,Gordon Schildenfeld,DF,29.0,1985.0,0.0
2014,2014 FIFA World Cup,Croatia,HRV,Marcelo Brozović,MF,21.0,1992.0,0.0
2014,2014 FIFA World Cup,Croatia,HRV,Milan Badelj,MF,25.0,1989.0,0.0
2014,2014 FIFA World Cup,Croatia,HRV,Ante Rebić,FW,20.0,1993.0,0.0
2014,2014 FIFA World Cup,Croatia,HRV,Mario Mandžukić,FW,28.0,1986.0,2.0
2014,2014 FIFA World Cup,Croatia,HRV,Ivica Olić,FW,34.0,1979.0,1.0
2014,2014 FIFA World Cup,Croatia,HRV,Sammir,MF,27.0,1987.0,0.0
2014,2014 FIFA World Cup,Croatia,HRV,Mateo Kovačić,MF,20.0,1994.0,0.0
2014,2014 FIFA World Cup,Croatia,HRV,Domagoj Vida,DF,25.0,1989.0,0.0
2014,2014 FIFA World Cup,Croatia,HRV,Eduardo,FW,31.0,1983.0,0.0
2014,2014 FIFA World Cup,Croatia,HRV,Danijel Subašić,GK,29.0,1984.0,0.0
2014,2014 FIFA World Cup,Ecuador,ECU,Máximo Banguera,GK,28.0,1985.0,0.0
2014,2014 FIFA World Cup,Ecuador,ECU,Jorge Guagua,DF,32.0,1981.0,0.0
2014,2014 FIFA World Cup,Ecuador,ECU,Frickson Erazo,DF,26.0,1988.0,0.0
2014,2014 FIFA World Cup,Ecuador,ECU,Juan Carlos Paredes,DF,26.0,1987.0,0.0
2014,2014 FIFA World Cup,Ecuador,ECU,Renato Ibarra,MF,23.0,1991.0,0.0
2014,2014 FIFA World Cup,Ecuador,ECU,Christian Noboa,MF,29.0,1985.0,0.0
2014,2014 FIFA World Cup,Ecuador,ECU,Jefferson Montero,MF,24.0,1989.0,0.0
2014,2014 FIFA World Cup,Ecuador,ECU,Édison Méndez,MF,35.0,1979.0,0.0
2014,2014 FIFA World Cup,Ecuador,ECU,Joao Rojas,MF,24.0,1989.0,0.0
2014,2014 FIFA World Cup,Ecuador,ECU,Walter Ayoví,DF,34.0,1979.0,0.0
2014,2014 FIFA World Cup,Ecuador,ECU,Felipe Caicedo,FW,25.0,1988.0,0.0
2014,2014 FIFA World Cup,Ecuador,ECU,Adrián Bone,GK,25.0,1988.0,0.0
2014,2014 FIFA World Cup,Ecuador,ECU,Enner Valencia,FW,24.0,1989.0,3.0
2014,2014 FIFA World Cup,Ecuador,ECU,Oswaldo Minda,MF,30.0,1983.0,0.0
2014,2014 FIFA World Cup,Ecuador,ECU,Michael Arroyo,MF,27.0,1987.0,0.0
2014,2014 FIFA World Cup,Ecuador,ECU,Antonio Valencia,MF,28.0,1985.0,0.0
2014,2014 FIFA World Cup,Ecuador,ECU,Jaime Ayoví,FW,26.0,1988.0,0.0
2014,2014 FIFA World Cup,Ecuador,ECU,Óscar Bagüí,DF,31.0,1982.0,0.0
2014,2014 FIFA World Cup,Ecuador,ECU,Luis Saritama,MF,30.0,1983.0,0.0
2014,2014 FIFA World Cup,Ecuador,ECU,Fidel Martínez,MF,24.0,1990.0,0.0
2014,2014 FIFA World Cup,Ecuador,ECU,Gabriel Achilier,DF,29.0,1985.0,0.0
2014,2014 FIFA World Cup,Ecuador,ECU,Alexander Domínguez,GK,27.0,1987.0,0.0
2014,2014 FIFA World Cup,Ecuador,ECU,Carlos Gruezo,MF,19.0,1995.0,0.0
2014,2014 FIFA World Cup,England,ENG,Joe Hart,GK,27.0,1987.0,0.0
2014,2014 FIFA World Cup,England,ENG,Glen Johnson,DF,29.0,1984.0,0.0
2014,2014 FIFA World Cup,England,ENG,Leighton Baines,DF,29.0,1984.0,0.0
2014,2014 FIFA World Cup,England,ENG,Steven Gerrard,MF,34.0,1980.0,0.0
2014,2014 FIFA World Cup,England,ENG,Gary Cahill,DF,28.0,1985.0,0.0
2014,2014 FIFA World Cup,England,ENG,Phil Jagielka,DF,31.0,1982.0,0.0
2014,2014 FIFA World Cup,England,ENG,Jack Wilshere,MF,22.0,1992.0,0.0
2014,2014 FIFA World Cup,England,ENG,Frank Lampard,MF,35.0,1978.0,0.0
2014,2014 FIFA World Cup,England,ENG,Daniel Sturridge,FW,24.0,1989.0,1.0
2014,2014 FIFA World Cup,England,ENG,Wayne Rooney,FW,28.0,1985.0,1.0
2014,2014 FIFA World Cup,England,ENG,Danny Welbeck,FW,23.0,1990.0,0.0
2014,2014 FIFA World Cup,England,ENG,Chris Smalling,DF,24.0,1989.0,0.0
2014,2014 FIFA World Cup,England,ENG,Ben Foster,GK,31.0,1983.0,0.0
2014,2014 FIFA World Cup,England,ENG,Jordan Henderson,MF,23.0,1990.0,0.0
2014,2014 FIFA World Cup,England,ENG,Alex Oxlade-Chamberlain,MF,20.0,1993.0,0.0
2014,2014 FIFA World Cup,England,ENG,Phil Jones,DF,22.0,1992.0,0.0
2014,2014 FIFA World Cup,England,ENG,James Milner,MF,28.0,1986.0,0.0
2014,2014 FIFA World Cup,England,ENG,Rickie Lambert,FW,32.0,1982.0,0.0
2014,2014 FIFA World Cup,England,ENG,Raheem Sterling,MF,19.0,1994.0,0.0
2014,2014 FIFA World Cup,England,ENG,Adam Lallana,MF,26.0,1988.0,0.0
2014,2014 FIFA World Cup,England,ENG,Ross Barkley,MF,20.0,1993.0,0.0
2014,2014 FIFA World Cup,England,ENG,Fraser Forster,GK,26.0,1988.0,0.0
2014,2014 FIFA World Cup,England,ENG,Luke Shaw,DF,18.0,1995.0,0.0
2014,2014 FIFA World Cup,France,FRA,Hugo Lloris,GK,27.0,1986.0,0.0
2014,2014 FIFA World Cup,France,FRA,Mathieu Debuchy,DF,28.0,1985.0,0.0
2014,2014 FIFA World Cup,France,FRA,Patrice Evra,DF,33.0,1981.0,0.0
2014,2014 FIFA World Cup,France,FRA,Raphaël Varane,DF,21.0,1993.0,0.0
2014,2014 FIFA World Cup,France,FRA,Mamadou Sakho,DF,24.0,1990.0,0.0
2014,2014 FIFA World Cup,France,FRA,Yohan Cabaye,MF,28.0,1986.0,0.0
2014,2014 FIFA World Cup,France,FRA,Rémy Cabella,MF,24.0,1990.0,0.0
2014,2014 FIFA World Cup,France,FRA,Mathieu Valbuena,MF,29.0,1984.0,1.0
2014,2014 FIFA World Cup,France,FRA,Olivier Giroud,FW,27.0,1986.0,1.0
2014,2014 FIFA World Cup,France,FRA,Karim Benzema,FW,26.0,1987.0,3.0
2014,2014 FIFA World Cup,France,FRA,Antoine Griezmann,FW,23.0,1991.0,0.0
2014,2014 FIFA World Cup,France,FRA,Rio Mavuba,MF,30.0,1984.0,0.0
2014,2014 FIFA World Cup,France,FRA,Eliaquim Mangala,DF,23.0,1991.0,0.0
2014,2014 FIFA World Cup,France,FRA,Blaise Matuidi,MF,27.0,1987.0,1.0
2014,2014 FIFA World Cup,France,FRA,Bacary Sagna,DF,31.0,1983.0,0.0
2014,2014 FIFA World Cup,France,FRA,Stéphane Ruffier,GK,27.0,1986.0,0.0
2014,2014 FIFA World Cup,France,FRA,Lucas Digne,DF,20.0,1993.0,0.0
2014,2014 FIFA World Cup,France,FRA,Moussa Sissoko,MF,24.0,1989.0,1.0
2014,2014 FIFA World Cup,France,FRA,Paul Pogba,MF,21.0,1993.0,1.0
2014,2014 FIFA World Cup,France,FRA,Loïc Rémy,FW,27.0,1987.0,0.0
2014,2014 FIFA World Cup,France,FRA,Laurent Koscielny,DF,28.0,1985.0,0.0
2014,2014 FIFA World Cup,France,FRA,Morgan Schneiderlin,MF,24.0,1989.0,0.0
2014,2014 FIFA World Cup,France,FRA,Mickaël Landreau,GK,35.0,1979.0,0.0
2014,2014 FIFA World Cup,Germany,DEU,Manuel Neuer,GK,28.0,1986.0,0.0
2014,2014 FIFA World Cup,Germany,DEU,Kevin Großkreutz,DF,25.0,1988.0,0.0
2014,2014 FIFA World Cup,Germany,DEU,Matthias Ginter,DF,20.0,1994.0,0.0
2014,2014 FIFA World Cup,Germany,DEU,Benedikt Höwedes,DF,26.0,1988.0,0.0
2014,2014 FIFA World Cup,Germany,DEU,Mats Hummels,DF,25.0,1988.0,2.0
2014,2014 FIFA World Cup,Germany,DEU,Sami Khedira,MF,27.0,1987.0,1.0
2014,2014 FIFA World Cup,Germany,DEU,Bastian Schweinsteiger,MF,29.0,1984.0,0.0
2014,2014 FIFA World Cup,Germany,DEU,Mesut Özil,MF,25.0,1988.0,1.0
2014,2014 FIFA World Cup,Germany,DEU,André Schürrle,FW,23.0,1990.0,3.0
2014,2014 FIFA World Cup,Germany,DEU,Lukas Podolski,FW,29.0,1985.0,0.0
2014,2014 FIFA World Cup,Germany,DEU,Miroslav Klose,FW,36.0,1978.0,2.0
2014,2014 FIFA World Cup,Germany,DEU,Ron-Robert Zieler,GK,25.0,1989.0,0.0
2014,2014 FIFA World Cup,Germany,DEU,Thomas Müller,FW,24.0,1989.0,5.0
2014,2014 FIFA World Cup,Germany,DEU,Julian Draxler,MF,20.0,1993.0,0.0
2014,2014 FIFA World Cup,Germany,DEU,Erik Durm,DF,22.0,1992.0,0.0
2014,2014 FIFA World Cup,Germany,DEU,Philipp Lahm,DF,30.0,1983.0,0.0
2014,2014 FIFA World Cup,Germany,DEU,Per Mertesacker,DF,29.0,1984.0,0.0
2014,2014 FIFA World Cup,Germany,DEU,Toni Kroos,MF,24.0,1990.0,2.0
2014,2014 FIFA World Cup,Germany,DEU,Mario Götze,MF,22.0,1992.0,2.0
2014,2014 FIFA World Cup,Germany,DEU,Jérôme Boateng,DF,25.0,1988.0,0.0
2014,2014 FIFA World Cup,Germany,DEU,Shkodran Mustafi,DF,22.0,1992.0,0.0
2014,2014 FIFA World Cup,Germany,DEU,Roman Weidenfeller,GK,33.0,1980.0,0.0
2014,2014 FIFA World Cup,Germany,DEU,Christoph Kramer,MF,23.0,1991.0,0.0
2014,2014 FIFA World Cup,Ghana,GHA,Stephen Adams,GK,24.0,1989.0,0.0
2014,2014 FIFA World Cup,Ghana,GHA,Samuel Inkoom,DF,25.0,1989.0,0.0
2014,2014 FIFA World Cup,Ghana,GHA,Asamoah Gyan,FW,28.0,1985.0,2.0
2014,2014 FIFA World Cup,Ghana,GHA,Daniel Opare,DF,23.0,1990.0,0.0
2014,2014 FIFA World Cup,Ghana,GHA,Michael Essien,MF,31.0,1982.0,0.0
2014,2014 FIFA World Cup,Ghana,GHA,Afriyie Acquah,MF,22.0,1992.0,0.0
2014,2014 FIFA World Cup,Ghana,GHA,Christian Atsu,MF,22.0,1992.0,0.0
2014,2014 FIFA World Cup,Ghana,GHA,Emmanuel Agyemang-Badu,MF,23.0,1990.0,0.0
2014,2014 FIFA World Cup,Ghana,GHA,Kevin-Prince Boateng,FW,27.0,1987.0,0.0
2014,2014 FIFA World Cup,Ghana,GHA,André Ayew,MF,24.0,1989.0,2.0
2014,2014 FIFA World Cup,Ghana,GHA,Sulley Muntari,MF,29.0,1984.0,0.0
2014,2014 FIFA World Cup,Ghana,GHA,Adam Larsen Kwarasey,GK,26.0,1987.0,0.0
2014,2014 FIFA World Cup,Ghana,GHA,Jordan Ayew,FW,22.0,1991.0,0.0
2014,2014 FIFA World Cup,Ghana,GHA,Albert Adomah,MF,26.0,1987.0,0.0
2014,2014 FIFA World Cup,Ghana,GHA,Rashid Sumaila,DF,21.0,1992.0,0.0
2014,2014 FIFA World Cup,Ghana,GHA,Fatau Dauda,GK,29.0,1985.0,0.0
2014,2014 FIFA World Cup,Ghana,GHA,Mohammed Rabiu,MF,24.0,1989.0,0.0
2014,2014 FIFA World Cup,Ghana,GHA,Abdul Majeed Waris,FW,22.0,1991.0,0.0
2014,2014 FIFA World Cup,Ghana,GHA,Jonathan Mensah,DF,23.0,1990.0,0.0
2014,2014 FIFA World Cup,Ghana,GHA,Kwadwo Asamoah,MF,25.0,1988.0,0.0
2014,2014 FIFA World Cup,Ghana,GHA,John Boye,DF,27.0,1987.0,0.0
2014,2014 FIFA World Cup,Ghana,GHA,Mubarak Wakaso,MF,23.0,1990.0,0.0
2014,2014 FIFA World Cup,Ghana,GHA,Harrison Afful,DF,27.0,1986.0,0.0
2014,2014 FIFA World Cup,Greece,GRC,Orestis Karnezis,GK,28.0,1985.0,0.0
2014,2014 FIFA World Cup,Greece,GRC,Giannis Maniatis,MF,27.0,1986.0,0.0
2014,2014 FIFA World Cup,Greece,GRC,Giorgos Tzavellas,DF,26.0,1987.0,0.0
2014,2014 FIFA World Cup,Greece,GRC,Kostas Manolas,DF,22.0,1991.0,0.0
2014,2014 FIFA World Cup,Greece,GRC,Vangelis Moras,DF,32.0,1981.0,0.0
2014,2014 FIFA World Cup,Greece,GRC,Alexandros Tziolis,MF,29.0,1985.0,0.0
2014,2014 FIFA World Cup,Greece,GRC,Georgios Samaras,FW,29.0,1985.0,1.0
2014,2014 FIFA World Cup,Greece,GRC,Panagiotis Kone,MF,26.0,1987.0,0.0
2014,2014 FIFA World Cup,Greece,GRC,Kostas Mitroglou,FW,26.0,1988.0,0.0
2014,2014 FIFA World Cup,Greece,GRC,Giorgos Karagounis,MF,37.0,1977.0,0.0
2014,2014 FIFA World Cup,Greece,GRC,Loukas Vyntra,DF,33.0,1981.0,0.0
2014,2014 FIFA World Cup,Greece,GRC,Panagiotis Glykos,GK,28.0,1986.0,0.0
2014,2014 FIFA World Cup,Greece,GRC,Stefanos Kapino,GK,20.0,1994.0,0.0
2014,2014 FIFA World Cup,Greece,GRC,Dimitris Salpingidis,FW,32.0,1981.0,0.0
2014,2014 FIFA World Cup,Greece,GRC,Vasilis Torosidis,DF,29.0,1985.0,0.0
2014,2014 FIFA World Cup,Greece,GRC,Lazaros Christodoulopoulos,MF,27.0,1986.0,0.0
2014,2014 FIFA World Cup,Greece,GRC,Theofanis Gekas,FW,34.0,1980.0,0.0
2014,2014 FIFA World Cup,Greece,GRC,Giannis Fetfatzidis,MF,23.0,1990.0,0.0
2014,2014 FIFA World Cup,Greece,GRC,Sokratis Papastathopoulos,DF,26.0,1988.0,1.0
2014,2014 FIFA World Cup,Greece,GRC,José Holebas,DF,29.0,1984.0,0.0
2014,2014 FIFA World Cup,Greece,GRC,Kostas Katsouranis,MF,34.0,1979.0,0.0
2014,2014 FIFA World Cup,Greece,GRC,Andreas Samaris,MF,24.0,1989.0,1.0
2014,2014 FIFA World Cup,Greece,GRC,Panagiotis Tachtsidis,MF,23.0,1991.0,0.0
2014,2014 FIFA World Cup,Honduras,HND,Luis López,GK,20.0,1993.0,0.0
2014,2014 FIFA World Cup,Honduras,HND,Osman Chávez,DF,29.0,1984.0,0.0
2014,2014 FIFA World Cup,Honduras,HND,Maynor Figueroa,DF,31.0,1983.0,0.0
2014,2014 FIFA World Cup,Honduras,HND,Juan Pablo Montes,DF,28.0,1985.0,0.0
2014,2014 FIFA World Cup,Honduras,HND,Víctor Bernárdez,DF,32.0,1982.0,0.0
2014,2014 FIFA World Cup,Honduras,HND,Juan Carlos García,DF,26.0,1988.0,0.0
2014,2014 FIFA World Cup,Honduras,HND,Emilio Izaguirre,DF,28.0,1986.0,0.0
2014,2014 FIFA World Cup,Honduras,HND,Wilson Palacios,MF,29.0,1984.0,0.0
2014,2014 FIFA World Cup,Honduras,HND,Jerry Palacios,FW,32.0,1981.0,0.0
2014,2014 FIFA World Cup,Honduras,HND,Mario Martínez,MF,24.0,1989.0,0.0
2014,2014 FIFA World Cup,Honduras,HND,Jerry Bengtson,FW,27.0,1987.0,0.0
2014,2014 FIFA World Cup,Honduras,HND,Edder Delgado,MF,27.0,1986.0,0.0
2014,2014 FIFA World Cup,Honduras,HND,Carlo Costly,FW,31.0,1982.0,1.0
2014,2014 FIFA World Cup,Honduras,HND,Boniek García,MF,29.0,1984.0,0.0
2014,2014 FIFA World Cup,Honduras,HND,Roger Espinoza,MF,27.0,1986.0,0.0
2014,2014 FIFA World Cup,Honduras,HND,Rony Martínez,FW,26.0,1987.0,0.0
2014,2014 FIFA World Cup,Honduras,HND,Andy Najar,MF,21.0,1993.0,0.0
2014,2014 FIFA World Cup,Honduras,HND,Noel Valladares,GK,37.0,1977.0,0.0
2014,2014 FIFA World Cup,Honduras,HND,Luis Garrido,MF,23.0,1990.0,0.0
2014,2014 FIFA World Cup,Honduras,HND,Jorge Claros,MF,28.0,1986.0,0.0
2014,2014 FIFA World Cup,Honduras,HND,Brayan Beckeles,DF,28.0,1985.0,0.0
2014,2014 FIFA World Cup,Honduras,HND,Donis Escober,GK,33.0,1981.0,0.0
2014,2014 FIFA World Cup,Honduras,HND,Marvin Chávez,MF,30.0,1983.0,0.0
2014,2014 FIFA World Cup,IR Iran,IRN,Rahman Ahmadi,GK,33.0,1980.0,0.0
2014,2014 FIFA World Cup,IR Iran,IRN,Khosro Heydari,DF,30.0,1983.0,0.0
2014,2014 FIFA World Cup,IR Iran,IRN,Ehsan Hajsafi,MF,24.0,1990.0,0.0
2014,2014 FIFA World Cup,IR Iran,IRN,Jalal Hosseini,DF,32.0,1982.0,0.0
2014,2014 FIFA World Cup,IR Iran,IRN,Amir Hossein Sadeghi,DF,32.0,1981.0,0.0
2014,2014 FIFA World Cup,IR Iran,IRN,Javad Nekounam,MF,33.0,1980.0,0.0
2014,2014 FIFA World Cup,IR Iran,IRN,Masoud Shojaei,MF,30.0,1984.0,0.0
2014,2014 FIFA World Cup,IR Iran,IRN,Reza Haghighi,MF,25.0,1989.0,0.0
2014,2014 FIFA World Cup,IR Iran,IRN,Alireza Jahanbakhsh,FW,20.0,1993.0,0.0
2014,2014 FIFA World Cup,IR Iran,IRN,Karim Ansarifard,FW,24.0,1990.0,0.0
2014,2014 FIFA World Cup,IR Iran,IRN,Ghasem Haddadifar,MF,30.0,1983.0,0.0
2014,2014 FIFA World Cup,IR Iran,IRN,Alireza Haghighi,GK,26.0,1988.0,0.0
2014,2014 FIFA World Cup,IR Iran,IRN,Hossein Mahini,DF,27.0,1986.0,0.0
2014,2014 FIFA World Cup,IR Iran,IRN,Andranik Teymourian,MF,31.0,1983.0,0.0
2014,2014 FIFA World Cup,IR Iran,IRN,Pejman Montazeri,DF,30.0,1983.0,0.0
2014,2014 FIFA World Cup,IR Iran,IRN,Reza Ghoochannejhad,FW,26.0,1987.0,1.0
2014,2014 FIFA World Cup,IR Iran,IRN,Ahmad Alenemeh,DF,31.0,1982.0,0.0
2014,2014 FIFA World Cup,IR Iran,IRN,Bakhtiar Rahmani,MF,22.0,1991.0,0.0
2014,2014 FIFA World Cup,IR Iran,IRN,Hashem Beikzadeh,DF,30.0,1984.0,0.0
2014,2014 FIFA World Cup,IR Iran,IRN,Steven Beitashour,DF,27.0,1987.0,0.0
2014,2014 FIFA World Cup,IR Iran,IRN,Ashkan Dejagah,MF,27.0,1986.0,0.0
2014,2014 FIFA World Cup,IR Iran,IRN,Daniel Davari,GK,26.0,1988.0,0.0
2014,2014 FIFA World Cup,IR Iran,IRN,Mehrdad Pooladi,DF,27.0,1987.0,0.0
2014,2014 FIFA World Cup,Italy,ITA,Gianluigi Buffon,GK,36.0,1978.0,0.0
2014,2014 FIFA World Cup,Italy,ITA,Mattia De Sciglio,DF,21.0,1992.0,0.0
2014,2014 FIFA World Cup,Italy,ITA,Giorgio Chiellini,DF,29.0,1984.0,0.0
2014,2014 FIFA World Cup,Italy,ITA,Matteo Darmian,DF,24.0,1989.0,0.0
2014,2014 FIFA World Cup,Italy,ITA,Thiago Motta,MF,31.0,1982.0,0.0
2014,2014 FIFA World Cup,Italy,ITA,Antonio Candreva,MF,27.0,1987.0,0.0
2014,2014 FIFA World Cup,Italy,ITA,Ignazio Abate,DF,27.0,1986.0,0.0
2014,2014 FIFA World Cup,Italy,ITA,Claudio Marchisio,MF,28.0,1986.0,1.0
2014,2014 FIFA World Cup,Italy,ITA,Mario Balotelli,FW,23.0,1990.0,1.0
2014,2014 FIFA World Cup,Italy,ITA,Antonio Cassano,FW,31.0,1982.0,0.0
2014,2014 FIFA World Cup,Italy,ITA,Alessio Cerci,FW,26.0,1987.0,0.0
2014,2014 FIFA World Cup,Italy,ITA,Salvatore Sirigu,GK,27.0,1987.0,0.0
2014,2014 FIFA World Cup,Italy,ITA,Mattia Perin,GK,21.0,1992.0,0.0
2014,2014 FIFA World Cup,Italy,ITA,Alberto Aquilani,MF,29.0,1984.0,0.0
2014,2014 FIFA World Cup,Italy,ITA,Andrea Barzagli,DF,33.0,1981.0,0.0
2014,2014 FIFA World Cup,Italy,ITA,Daniele De Rossi,MF,30.0,1983.0,0.0
2014,2014 FIFA World Cup,Italy,ITA,Ciro Immobile,FW,24.0,1990.0,0.0
2014,2014 FIFA World Cup,Italy,ITA,Marco Parolo,MF,29.0,1985.0,0.0
2014,2014 FIFA World Cup,Italy,ITA,Leonardo Bonucci,DF,27.0,1987.0,0.0
2014,2014 FIFA World Cup,Italy,ITA,Gabriel Paletta,DF,28.0,1986.0,0.0
2014,2014 FIFA World Cup,Italy,ITA,Andrea Pirlo,MF,35.0,1979.0,0.0
2014,2014 FIFA World Cup,Italy,ITA,Lorenzo Insigne,FW,23.0,1991.0,0.0
2014,2014 FIFA World Cup,Italy,ITA,Marco Verratti,MF,21.0,1992.0,0.0
2014,2014 FIFA World Cup,Côte d'Ivoire,CIV,Boubacar Barry,GK,34.0,1979.0,0.0
2014,2014 FIFA World Cup,Côte d'Ivoire,CIV,Ousmane Viera,DF,27.0,1986.0,0.0
2014,2014 FIFA World Cup,Côte d'Ivoire,CIV,Arthur Boka,DF,31.0,1983.0,0.0
2014,2014 FIFA World Cup,Côte d'Ivoire,CIV,Kolo Touré,DF,33.0,1981.0,0.0
2014,2014 FIFA World Cup,Côte d'Ivoire,CIV,Didier Zokora,DF,33.0,1980.0,0.0
2014,2014 FIFA World Cup,Côte d'Ivoire,CIV,Mathis Bolly,FW,23.0,1990.0,0.0
2014,2014 FIFA World Cup,Côte d'Ivoire,CIV,Jean-Daniel Akpa Akpro,DF,21.0,1992.0,0.0
2014,2014 FIFA World Cup,Côte d'Ivoire,CIV,Salomon Kalou,FW,28.0,1985.0,0.0
2014,2014 FIFA World Cup,Côte d'Ivoire,CIV,Cheick Tioté,MF,27.0,1986.0,0.0
2014,2014 FIFA World Cup,Côte d'Ivoire,CIV,Gervinho,FW,27.0,1987.0,2.0
2014,2014 FIFA World Cup,Côte d'Ivoire,CIV,Didier Drogba,FW,36.0,1978.0,0.0
2014,2014 FIFA World Cup,Côte d'Ivoire,CIV,Wilfried Bony,FW,25.0,1988.0,2.0
2014,2014 FIFA World Cup,Côte d'Ivoire,CIV,Didier Ya Konan,FW,30.0,1984.0,0.0
2014,2014 FIFA World Cup,Côte d'Ivoire,CIV,Ismaël Diomandé,MF,21.0,1992.0,0.0
2014,2014 FIFA World Cup,Côte d'Ivoire,CIV,Max Gradel,FW,26.0,1987.0,0.0
2014,2014 FIFA World Cup,Côte d'Ivoire,CIV,Sylvain Gbohouo,GK,25.0,1988.0,0.0
2014,2014 FIFA World Cup,Côte d'Ivoire,CIV,Serge Aurier,DF,21.0,1992.0,0.0
2014,2014 FIFA World Cup,Côte d'Ivoire,CIV,Constant Djakpa,DF,27.0,1986.0,0.0
2014,2014 FIFA World Cup,Côte d'Ivoire,CIV,Yaya Touré,MF,31.0,1983.0,0.0
2014,2014 FIFA World Cup,Côte d'Ivoire,CIV,Serey Dié,MF,29.0,1984.0,0.0
2014,2014 FIFA World Cup,Côte d'Ivoire,CIV,Giovanni Sio,FW,25.0,1989.0,0.0
2014,2014 FIFA World Cup,Côte d'Ivoire,CIV,Sol Bamba,DF,29.0,1985.0,0.0
2014,2014 FIFA World Cup,Côte d'Ivoire,CIV,Sayouba Mandé,GK,20.0,1993.0,0.0
2014,2014 FIFA World Cup,Japan,JPN,Eiji Kawashima,GK,31.0,1983.0,0.0
2014,2014 FIFA World Cup,Japan,JPN,Atsuto Uchida,DF,26.0,1988.0,0.0
2014,2014 FIFA World Cup,Japan,JPN,Gōtoku Sakai,DF,23.0,1991.0,0.0
2014,2014 FIFA World Cup,Japan,JPN,Keisuke Honda,MF,27.0,1986.0,1.0
2014,2014 FIFA World Cup,Japan,JPN,Yuto Nagatomo,DF,27.0,1986.0,0.0
2014,2014 FIFA World Cup,Japan,JPN,Masato Morishige,DF,27.0,1987.0,0.0
2014,2014 FIFA World Cup,Japan,JPN,Yasuhito Endō,MF,34.0,1980.0,0.0
2014,2014 FIFA World Cup,Japan,JPN,Hiroshi Kiyotake,MF,24.0,1989.0,0.0
2014,2014 FIFA World Cup,Japan,JPN,Shinji Okazaki,FW,28.0,1986.0,1.0
2014,2014 FIFA World Cup,Japan,JPN,Shinji Kagawa,MF,25.0,1989.0,0.0
2014,2014 FIFA World Cup,Japan,JPN,Yoichiro Kakitani,FW,24.0,1990.0,0.0
2014,2014 FIFA World Cup,Japan,JPN,Shusaku Nishikawa,GK,27.0,1986.0,0.0
2014,2014 FIFA World Cup,Japan,JPN,Yoshito Ōkubo,FW,32.0,1982.0,0.0
2014,2014 FIFA World Cup,Japan,JPN,Toshihiro Aoyama,MF,28.0,1986.0,0.0
2014,2014 FIFA World Cup,Japan,JPN,Yasuyuki Konno,DF,31.0,1983.0,0.0
2014,2014 FIFA World Cup,Japan,JPN,Hotaru Yamaguchi,MF,23.0,1990.0,0.0
2014,2014 FIFA World Cup,Japan,JPN,Makoto Hasebe,MF,30.0,1984.0,0.0
2014,2014 FIFA World Cup,Japan,JPN,Yuya Osako,FW,24.0,1990.0,0.0
2014,2014 FIFA World Cup,Japan,JPN,Masahiko Inoha,DF,30.0,1983.0,0.0
2014,2014 FIFA World Cup,Japan,JPN,Manabu Saitō,FW,24.0,1990.0,0.0
2014,2014 FIFA World Cup,Japan,JPN,Hiroki Sakai,DF,24.0,1990.0,0.0
2014,2014 FIFA World Cup,Japan,JPN,Maya Yoshida,DF,25.0,1988.0,0.0
2014,2014 FIFA World Cup,Japan,JPN,Shūichi Gonda,GK,25.0,1989.0,0.0
2014,2014 FIFA World Cup,Mexico,MEX,José de Jesús Corona,GK,33.0,1981.0,0.0
2014,2014 FIFA World Cup,Mexico,MEX,Francisco Javier Rodríguez,DF,32.0,1981.0,0.0
2014,2014 FIFA World Cup,Mexico,MEX,Carlos Salcido,DF,34.0,1980.0,0.0
2014,2014 FIFA World Cup,Mexico,MEX,Rafael Márquez,DF,35.0,1979.0,1.0
2014,2014 FIFA World Cup,Mexico,MEX,Diego Reyes,DF,21.0,1992.0,0.0
2014,2014 FIFA World Cup,Mexico,MEX,Héctor Herrera,MF,24.0,1990.0,0.0
2014,2014 FIFA World Cup,Mexico,MEX,Miguel Layún,DF,25.0,1988.0,0.0
2014,2014 FIFA World Cup,Mexico,MEX,Marco Fabián,MF,24.0,1989.0,0.0
2014,2014 FIFA World Cup,Mexico,MEX,Raúl Jiménez,FW,23.0,1991.0,0.0
2014,2014 FIFA World Cup,Mexico,MEX,Giovani dos Santos,MF,25.0,1989.0,1.0
2014,2014 FIFA World Cup,Mexico,MEX,Alan Pulido,FW,23.0,1991.0,0.0
2014,2014 FIFA World Cup,Mexico,MEX,Alfredo Talavera,GK,31.0,1982.0,0.0
2014,2014 FIFA World Cup,Mexico,MEX,Guillermo Ochoa,GK,28.0,1985.0,0.0
2014,2014 FIFA World Cup,Mexico,MEX,Javier Hernández,FW,26.0,1988.0,1.0
2014,2014 FIFA World Cup,Mexico,MEX,Héctor Moreno,DF,26.0,1988.0,0.0
2014,2014 FIFA World Cup,Mexico,MEX,Miguel Ángel Ponce,DF,25.0,1989.0,0.0
2014,2014 FIFA World Cup,Mexico,MEX,Isaác Brizuela,MF,23.0,1990.0,0.0
2014,2014 FIFA World Cup,Mexico,MEX,Andrés Guardado,MF,27.0,1986.0,1.0
2014,2014 FIFA World Cup,Mexico,MEX,Oribe Peralta,FW,30.0,1984.0,1.0
2014,2014 FIFA World Cup,Mexico,MEX,Javier Aquino,MF,24.0,1990.0,0.0
2014,2014 FIFA World Cup,Mexico,MEX,Carlos Peña,MF,24.0,1990.0,0.0
2014,2014 FIFA World Cup,Mexico,MEX,Paul Aguilar,DF,28.0,1986.0,0.0
2014,2014 FIFA World Cup,Mexico,MEX,José Juan Vázquez,MF,26.0,1988.0,0.0
2014,2014 FIFA World Cup,Netherlands,NLD,Jasper Cillessen,GK,25.0,1989.0,0.0
2014,2014 FIFA World Cup,Netherlands,NLD,Ron Vlaar,DF,29.0,1985.0,0.0
2014,2014 FIFA World Cup,Netherlands,NLD,Stefan de Vrij,DF,22.0,1992.0,1.0
2014,2014 FIFA World Cup,Netherlands,NLD,Bruno Martins Indi,DF,22.0,1992.0,0.0
2014,2014 FIFA World Cup,Netherlands,NLD,Daley Blind,DF,24.0,1990.0,1.0
2014,2014 FIFA World Cup,Netherlands,NLD,Nigel de Jong,MF,29.0,1984.0,0.0
2014,2014 FIFA World Cup,Netherlands,NLD,Daryl Janmaat,DF,24.0,1989.0,0.0
2014,2014 FIFA World Cup,Netherlands,NLD,Jonathan de Guzmán,MF,26.0,1987.0,0.0
2014,2014 FIFA World Cup,Netherlands,NLD,Robin van Persie,FW,30.0,1983.0,4.0
2014,2014 FIFA World Cup,Netherlands,NLD,Wesley Sneijder,MF,30.0,1984.0,1.0
2014,2014 FIFA World Cup,Netherlands,NLD,Arjen Robben,FW,30.0,1984.0,3.0
2014,2014 FIFA World Cup,Netherlands,NLD,Paul Verhaegh,DF,30.0,1983.0,0.0
2014,2014 FIFA World Cup,Netherlands,NLD,Joël Veltman,DF,22.0,1992.0,0.0
2014,2014 FIFA World Cup,Netherlands,NLD,Terence Kongolo,DF,20.0,1994.0,0.0
2014,2014 FIFA World Cup,Netherlands,NLD,Dirk Kuyt,FW,33.0,1980.0,0.0
2014,2014 FIFA World Cup,Netherlands,NLD,Jordy Clasie,MF,22.0,1991.0,0.0
2014,2014 FIFA World Cup,Netherlands,NLD,Jeremain Lens,FW,26.0,1987.0,0.0
2014,2014 FIFA World Cup,Netherlands,NLD,Leroy Fer,MF,24.0,1990.0,1.0
2014,2014 FIFA World Cup,Netherlands,NLD,Klaas-Jan Huntelaar,FW,30.0,1983.0,1.0
2014,2014 FIFA World Cup,Netherlands,NLD,Georginio Wijnaldum,MF,23.0,1990.0,1.0
2014,2014 FIFA World Cup,Netherlands,NLD,Memphis Depay,FW,20.0,1994.0,2.0
2014,2014 FIFA World Cup,Netherlands,NLD,Michel Vorm,GK,30.0,1983.0,0.0
2014,2014 FIFA World Cup,Netherlands,NLD,Tim Krul,GK,26.0,1988.0,0.0
2014,2014 FIFA World Cup,Nigeria,NGA,Vincent Enyeama,GK,31.0,1982.0,0.0
2014,2014 FIFA World Cup,Nigeria,NGA,Joseph Yobo,DF,33.0,1980.0,0.0
2014,2014 FIFA World Cup,Nigeria,NGA,Ejike Uzoenyi,MF,26.0,1988.0,0.0
2014,2014 FIFA World Cup,Nigeria,NGA,Reuben Gabriel,MF,23.0,1990.0,0.0
2014,2014 FIFA World Cup,Nigeria,NGA,Efe Ambrose,DF,25.0,1988.0,0.0
2014,2014 FIFA World Cup,Nigeria,NGA,Azubuike Egwuekwe,DF,24.0,1989.0,0.0
2014,2014 FIFA World Cup,Nigeria,NGA,Ahmed Musa,FW,21.0,1992.0,2.0
2014,2014 FIFA World Cup,Nigeria,NGA,Peter Odemwingie,FW,32.0,1981.0,1.0
2014,2014 FIFA World Cup,Nigeria,NGA,Emmanuel Emenike,FW,27.0,1987.0,0.0
2014,2014 FIFA World Cup,Nigeria,NGA,John Obi Mikel,MF,27.0,1987.0,0.0
2014,2014 FIFA World Cup,Nigeria,NGA,Victor Moses,MF,23.0,1990.0,0.0
2014,2014 FIFA World Cup,Nigeria,NGA,Kunle Odunlami,DF,23.0,1991.0,0.0
2014,2014 FIFA World Cup,Nigeria,NGA,Juwon Oshaniwa,DF,23.0,1990.0,0.0
2014,2014 FIFA World Cup,Nigeria,NGA,Godfrey Oboabona,DF,23.0,1990.0,0.0
2014,2014 FIFA World Cup,Nigeria,NGA,Ramon Azeez,MF,21.0,1992.0,0.0
2014,2014 FIFA World Cup,Nigeria,NGA,Austin Ejide,GK,30.0,1984.0,0.0
2014,2014 FIFA World Cup,Nigeria,NGA,Ogenyi Onazi,MF,21.0,1992.0,0.0
2014,2014 FIFA World Cup,Nigeria,NGA,Michael Babatunde,MF,21.0,1992.0,0.0
2014,2014 FIFA World Cup,Nigeria,NGA,Uche Nwofor,FW,22.0,1991.0,0.0
2014,2014 FIFA World Cup,Nigeria,NGA,Michael Uchebo,FW,24.0,1990.0,0.0
2014,2014 FIFA World Cup,Nigeria,NGA,Chigozie Agbim,GK,29.0,1984.0,0.0
2014,2014 FIFA World Cup,Nigeria,NGA,Kenneth Omeruo,DF,20.0,1993.0,0.0
2014,2014 FIFA World Cup,Nigeria,NGA,Shola Ameobi,FW,32.0,1981.0,0.0
2014,2014 FIFA World Cup,Portugal,PRT,Eduardo,GK,31.0,1982.0,0.0
2014,2014 FIFA World Cup,Portugal,PRT,Bruno Alves,DF,32.0,1981.0,0.0
2014,2014 FIFA World Cup,Portugal,PRT,Pepe,DF,31.0,1983.0,0.0
2014,2014 FIFA World Cup,Portugal,PRT,Miguel Veloso,MF,28.0,1986.0,0.0
2014,2014 FIFA World Cup,Portugal,PRT,Fábio Coentrão,DF,26.0,1988.0,0.0
2014,2014 FIFA World Cup,Portugal,PRT,William Carvalho,MF,22.0,1992.0,0.0
2014,2014 FIFA World Cup,Portugal,PRT,Cristiano Ronaldo,FW,29.0,1985.0,1.0
2014,2014 FIFA World Cup,Portugal,PRT,João Moutinho,MF,27.0,1986.0,0.0
2014,2014 FIFA World Cup,Portugal,PRT,Hugo Almeida,FW,30.0,1984.0,0.0
2014,2014 FIFA World Cup,Portugal,PRT,Vieirinha,MF,28.0,1986.0,0.0
2014,2014 FIFA World Cup,Portugal,PRT,Eder,FW,26.0,1987.0,0.0
2014,2014 FIFA World Cup,Portugal,PRT,Rui Patrício,GK,26.0,1988.0,0.0
2014,2014 FIFA World Cup,Portugal,PRT,Ricardo Costa,DF,33.0,1981.0,0.0
2014,2014 FIFA World Cup,Portugal,PRT,Luís Neto,DF,26.0,1988.0,0.0
2014,2014 FIFA World Cup,Portugal,PRT,Rafa Silva,MF,21.0,1993.0,0.0
2014,2014 FIFA World Cup,Portugal,PRT,Raul Meireles,MF,31.0,1983.0,0.0
2014,2014 FIFA World Cup,Portugal,PRT,Nani,MF,27.0,1986.0,1.0
2014,2014 FIFA World Cup,Portugal,PRT,Silvestre Varela,MF,29.0,1985.0,1.0
2014,2014 FIFA World Cup,Portugal,PRT,André Almeida,DF,23.0,1990.0,0.0
2014,2014 FIFA World Cup,Portugal,PRT,Rúben Amorim,MF,29.0,1985.0,0.0
2014,2014 FIFA World Cup,Portugal,PRT,João Pereira,DF,30.0,1984.0,0.0
2014,2014 FIFA World Cup,Portugal,PRT,Beto,GK,32.0,1982.0,0.0
2014,2014 FIFA World Cup,Portugal,PRT,Hélder Postiga,FW,31.0,1982.0,0.0
2014,2014 FIFA World Cup,Russia,RUS,Igor Akinfeev,GK,28.0,1986.0,0.0
2014,2014 FIFA World Cup,Russia,RUS,Aleksei Kozlov,DF,27.0,1986.0,0.0
2014,2014 FIFA World Cup,Russia,RUS,Georgi Shchennikov,DF,23.0,1991.0,0.0
2014,2014 FIFA World Cup,Russia,RUS,Sergei Ignashevich,DF,34.0,1979.0,0.0
2014,2014 FIFA World Cup,Russia,RUS,Andrei Semyonov,DF,25.0,1989.0,0.0
2014,2014 FIFA World Cup,Russia,RUS,Maksim Kanunnikov,FW,22.0,1991.0,0.0
2014,2014 FIFA World Cup,Russia,RUS,Igor Denisov,MF,30.0,1984.0,0.0
2014,2014 FIFA World Cup,Russia,RUS,Denis Glushakov,MF,27.0,1987.0,0.0
2014,2014 FIFA World Cup,Russia,RUS,Aleksandr Kokorin,FW,23.0,1991.0,1.0
2014,2014 FIFA World Cup,Russia,RUS,Alan Dzagoev,MF,23.0,1990.0,0.0
2014,2014 FIFA World Cup,Russia,RUS,Aleksandr Kerzhakov,FW,31.0,1982.0,1.0
2014,2014 FIFA World Cup,Russia,RUS,Yuri Lodygin,GK,24.0,1990.0,0.0
2014,2014 FIFA World Cup,Russia,RUS,Vladimir Granat,DF,27.0,1987.0,0.0
2014,2014 FIFA World Cup,Russia,RUS,Vasili Berezutski,DF,31.0,1982.0,0.0
2014,2014 FIFA World Cup,Russia,RUS,Pavel Mogilevets,MF,21.0,1993.0,0.0
2014,2014 FIFA World Cup,Russia,RUS,Sergey Ryzhikov,GK,33.0,1980.0,0.0
2014,2014 FIFA World Cup,Russia,RUS,Oleg Shatov,MF,23.0,1990.0,0.0
2014,2014 FIFA World Cup,Russia,RUS,Yuri Zhirkov,DF,30.0,1983.0,0.0
2014,2014 FIFA World Cup,Russia,RUS,Aleksandr Samedov,FW,29.0,1984.0,0.0
2014,2014 FIFA World Cup,Russia,RUS,Viktor Fayzulin,MF,28.0,1986.0,0.0
2014,2014 FIFA World Cup,Russia,RUS,Aleksei Ionov,FW,25.0,1989.0,0.0
2014,2014 FIFA World Cup,Russia,RUS,Andrey Yeshchenko,DF,30.0,1984.0,0.0
2014,2014 FIFA World Cup,Russia,RUS,Dmitri Kombarov,DF,27.0,1987.0,0.0
2014,2014 FIFA World Cup,Korea Republic,KOR,Sung-ryong Jung,GK,29.0,1985.0,0.0
2014,2014 FIFA World Cup,Korea Republic,KOR,Chang-soo Kim,DF,28.0,1985.0,0.0
2014,2014 FIFA World Cup,Korea Republic,KOR,Suk-young Yun,DF,24.0,1990.0,0.0
2014,2014 FIFA World Cup,Korea Republic,KOR,Tae-hwi Kwak,DF,32.0,1981.0,0.0
2014,2014 FIFA World Cup,Korea Republic,KOR,Young-gwon Kim,DF,24.0,1990.0,0.0
2014,2014 FIFA World Cup,Korea Republic,KOR,Seok-ho Hwang,DF,24.0,1989.0,0.0
2014,2014 FIFA World Cup,Korea Republic,KOR,Bo-kyung Kim,MF,24.0,1989.0,0.0
2014,2014 FIFA World Cup,Korea Republic,KOR,Dae-sung Ha,MF,29.0,1985.0,0.0
2014,2014 FIFA World Cup,Korea Republic,KOR,Heung-min Son,FW,21.0,1992.0,1.0
2014,2014 FIFA World Cup,Korea Republic,KOR,Chu-young Park,FW,28.0,1985.0,0.0
2014,2014 FIFA World Cup,Korea Republic,KOR,Keun-ho Lee,FW,29.0,1985.0,1.0
2014,2014 FIFA World Cup,Korea Republic,KOR,Yong Lee,DF,27.0,1986.0,0.0
2014,2014 FIFA World Cup,Korea Republic,KOR,Ja-cheol Koo,MF,25.0,1989.0,1.0
2014,2014 FIFA World Cup,Korea Republic,KOR,Kook-young Han,MF,24.0,1990.0,0.0
2014,2014 FIFA World Cup,Korea Republic,KOR,Jong-woo Park,MF,25.0,1989.0,0.0
2014,2014 FIFA World Cup,Korea Republic,KOR,Sung-yueng Ki,MF,25.0,1989.0,0.0
2014,2014 FIFA World Cup,Korea Republic,KOR,Chung-yong Lee,MF,25.0,1988.0,0.0
2014,2014 FIFA World Cup,Korea Republic,KOR,Shin-wook Kim,FW,26.0,1988.0,0.0
2014,2014 FIFA World Cup,Korea Republic,KOR,Dong-won Ji,FW,23.0,1991.0,0.0
2014,2014 FIFA World Cup,Korea Republic,KOR,Jeong-ho Hong,DF,24.0,1989.0,0.0
2014,2014 FIFA World Cup,Korea Republic,KOR,Seung-gyu Kim,GK,23.0,1990.0,0.0
2014,2014 FIFA World Cup,Korea Republic,KOR,Joo-ho Park,DF,27.0,1987.0,0.0
2014,2014 FIFA World Cup,Korea Republic,KOR,Bum-young Lee,GK,25.0,1989.0,0.0
2014,2014 FIFA World Cup,Spain,ESP,Iker Casillas,GK,33.0,1981.0,0.0
2014,2014 FIFA World Cup,Spain,ESP,Raúl Albiol,DF,28.0,1985.0,0.0
2014,2014 FIFA World Cup,Spain,ESP,Gerard Piqué,DF,27.0,1987.0,0.0
2014,2014 FIFA World Cup,Spain,ESP,Javi Martínez,MF,25.0,1988.0,0.0
2014,2014 FIFA World Cup,Spain,ESP,Juanfran,DF,29.0,1985.0,0.0
2014,2014 FIFA World Cup,Spain,ESP,Andrés Iniesta,MF,30.0,1984.0,0.0
2014,2014 FIFA World Cup,Spain,ESP,David Villa,FW,32.0,1981.0,1.0
2014,2014 FIFA World Cup,Spain,ESP,Xavi,MF,34.0,1980.0,0.0
2014,2014 FIFA World Cup,Spain,ESP,Fernando Torres,FW,30.0,1984.0,1.0
2014,2014 FIFA World Cup,Spain,ESP,Cesc Fàbregas,MF,27.0,1987.0,0.0
2014,2014 FIFA World Cup,Spain,ESP,Pedro,FW,26.0,1987.0,0.0
2014,2014 FIFA World Cup,Spain,ESP,David de Gea,GK,23.0,1990.0,0.0
2014,2014 FIFA World Cup,Spain,ESP,Juan Mata,MF,26.0,1988.0,1.0
2014,2014 FIFA World Cup,Spain,ESP,Xabi Alonso,MF,32.0,1981.0,1.0
2014,2014 FIFA World Cup,Spain,ESP,Sergio Ramos,DF,28.0,1986.0,0.0
2014,2014 FIFA World Cup,Spain,ESP,Sergio Busquets,MF,25.0,1988.0,0.0
2014,2014 FIFA World Cup,Spain,ESP,Koke,MF,22.0,1992.0,0.0
2014,2014 FIFA World Cup,Spain,ESP,Jordi Alba,DF,25.0,1989.0,0.0
2014,2014 FIFA World Cup,Spain,ESP,Diego Costa,FW,25.0,1988.0,0.0
2014,2014 FIFA World Cup,Spain,ESP,Santi Cazorla,MF,29.0,1984.0,0.0
2014,2014 FIFA World Cup,Spain,ESP,David Silva,MF,28.0,1986.0,0.0
2014,2014 FIFA World Cup,Spain,ESP,César Azpilicueta,DF,24.0,1989.0,0.0
2014,2014 FIFA World Cup,Spain,ESP,Pepe Reina,GK,31.0,1982.0,0.0
2014,2014 FIFA World Cup,Switzerland,CHE,Diego Benaglio,GK,30.0,1983.0,0.0
2014,2014 FIFA World Cup,Switzerland,CHE,Stephan Lichtsteiner,DF,30.0,1984.0,0.0
2014,2014 FIFA World Cup,Switzerland,CHE,Reto Ziegler,DF,28.0,1986.0,0.0
2014,2014 FIFA World Cup,Switzerland,CHE,Philippe Senderos,DF,29.0,1985.0,0.0
2014,2014 FIFA World Cup,Switzerland,CHE,Steve von Bergen,DF,31.0,1983.0,0.0
2014,2014 FIFA World Cup,Switzerland,CHE,Michael Lang,DF,23.0,1991.0,0.0
2014,2014 FIFA World Cup,Switzerland,CHE,Tranquillo Barnetta,MF,29.0,1985.0,0.0
2014,2014 FIFA World Cup,Switzerland,CHE,Gökhan Inler,MF,29.0,1984.0,0.0
2014,2014 FIFA World Cup,Switzerland,CHE,Haris Seferovic,FW,22.0,1992.0,1.0
2014,2014 FIFA World Cup,Switzerland,CHE,Granit Xhaka,MF,21.0,1992.0,1.0
2014,2014 FIFA World Cup,Switzerland,CHE,Valon Behrami,MF,29.0,1985.0,0.0
2014,2014 FIFA World Cup,Switzerland,CHE,Yann Sommer,GK,25.0,1988.0,0.0
2014,2014 FIFA World Cup,Switzerland,CHE,Ricardo Rodríguez,DF,21.0,1992.0,0.0
2014,2014 FIFA World Cup,Switzerland,CHE,Valentin Stocker,MF,25.0,1989.0,0.0
2014,2014 FIFA World Cup,Switzerland,CHE,Blerim Džemaili,MF,28.0,1986.0,1.0
2014,2014 FIFA World Cup,Switzerland,CHE,Gélson Fernandes,MF,27.0,1986.0,0.0
2014,2014 FIFA World Cup,Switzerland,CHE,Mario Gavranović,FW,24.0,1989.0,0.0
2014,2014 FIFA World Cup,Switzerland,CHE,Admir Mehmedi,FW,23.0,1991.0,1.0
2014,2014 FIFA World Cup,Switzerland,CHE,Josip Drmić,FW,21.0,1992.0,0.0
2014,2014 FIFA World Cup,Switzerland,CHE,Johan Djourou,DF,27.0,1987.0,0.0
2014,2014 FIFA World Cup,Switzerland,CHE,Roman Bürki,GK,23.0,1990.0,0.0
2014,2014 FIFA World Cup,Switzerland,CHE,Fabian Schär,DF,22.0,1991.0,0.0
2014,2014 FIFA World Cup,Switzerland,CHE,Xherdan Shaqiri,MF,22.0,1991.0,3.0
2014,2014 FIFA World Cup,United States,USA,Tim Howard,GK,35.0,1979.0,0.0
2014,2014 FIFA World Cup,United States,USA,DeAndre Yedlin,DF,20.0,1993.0,0.0
2014,2014 FIFA World Cup,United States,USA,Omar Gonzalez,DF,25.0,1988.0,0.0
2014,2014 FIFA World Cup,United States,USA,Michael Bradley,MF,26.0,1987.0,0.0
2014,2014 FIFA World Cup,United States,USA,Matt Besler,DF,27.0,1987.0,0.0
2014,2014 FIFA World Cup,United States,USA,John Brooks,DF,21.0,1993.0,1.0
2014,2014 FIFA World Cup,United States,USA,DaMarcus Beasley,DF,32.0,1982.0,0.0
2014,2014 FIFA World Cup,United States,USA,Clint Dempsey,FW,31.0,1983.0,2.0
2014,2014 FIFA World Cup,United States,USA,Aron Jóhannsson,FW,23.0,1990.0,0.0
2014,2014 FIFA World Cup,United States,USA,Mix Diskerud,MF,23.0,1990.0,0.0
2014,2014 FIFA World Cup,United States,USA,Alejandro Bedoya,MF,27.0,1987.0,0.0
2014,2014 FIFA World Cup,United States,USA,Brad Guzan,GK,29.0,1984.0,0.0
2014,2014 FIFA World Cup,United States,USA,Jermaine Jones,MF,32.0,1981.0,1.0
2014,2014 FIFA World Cup,United States,USA,Brad Davis,MF,32.0,1981.0,0.0
2014,2014 FIFA World Cup,United States,USA,Kyle Beckerman,MF,32.0,1982.0,0.0
2014,2014 FIFA World Cup,United States,USA,Julian Green,MF,19.0,1995.0,1.0
2014,2014 FIFA World Cup,United States,USA,Jozy Altidore,FW,24.0,1989.0,0.0
2014,2014 FIFA World Cup,United States,USA,Chris Wondolowski,FW,31.0,1983.0,0.0
2014,2014 FIFA World Cup,United States,USA,Graham Zusi,MF,27.0,1986.0,0.0
2014,2014 FIFA World Cup,United States,USA,Geoff Cameron,DF,28.0,1985.0,0.0
2014,2014 FIFA World Cup,United States,USA,Timothy Chandler,DF,24.0,1990.0,0.0
2014,2014 FIFA World Cup,United States,USA,Nick Rimando,GK,34.0,1979.0,0.0
2014,2014 FIFA World Cup,United States,USA,Fabian Johnson,DF,26.0,1987.0,0.0
2014,2014 FIFA World Cup,Uruguay,URY,Fernando Muslera,GK,27.0,1986.0,0.0
2014,2014 FIFA World Cup,Uruguay,URY,Diego Lugano,DF,33.0,1980.0,0.0
2014,2014 FIFA World Cup,Uruguay,URY,Diego Godín,DF,28.0,1986.0,1.0
2014,2014 FIFA World Cup,Uruguay,URY,Jorge Fucile,DF,29.0,1984.0,0.0
2014,2014 FIFA World Cup,Uruguay,URY,Walter Gargano,MF,29.0,1984.0,0.0
2014,2014 FIFA World Cup,Uruguay,URY,Álvaro Pereira,MF,28.0,1985.0,0.0
2014,2014 FIFA World Cup,Uruguay,URY,Cristian Rodríguez,MF,28.0,1985.0,0.0
2014,2014 FIFA World Cup,Uruguay,URY,Abel Hernández,FW,23.0,1990.0,0.0
2014,2014 FIFA World Cup,Uruguay,URY,Luis Suárez,FW,27.0,1987.0,2.0
2014,2014 FIFA World Cup,Uruguay,URY,Diego Forlán,FW,35.0,1979.0,0.0
2014,2014 FIFA World Cup,Uruguay,URY,Cristhian Stuani,FW,27.0,1986.0,0.0
2014,2014 FIFA World Cup,Uruguay,URY,Rodrigo Muñoz,GK,32.0,1982.0,0.0
2014,2014 FIFA World Cup,Uruguay,URY,José Giménez,DF,19.0,1995.0,0.0
2014,2014 FIFA World Cup,Uruguay,URY,Nicolás Lodeiro,MF,25.0,1989.0,0.0
2014,2014 FIFA World Cup,Uruguay,URY,Diego Pérez,MF,34.0,1980.0,0.0
2014,2014 FIFA World Cup,Uruguay,URY,Maxi Pereira,DF,30.0,1984.0,0.0
2014,2014 FIFA World Cup,Uruguay,URY,Egidio Arévalo Ríos,MF,32.0,1982.0,0.0
2014,2014 FIFA World Cup,Uruguay,URY,Gastón Ramírez,MF,23.0,1990.0,0.0
2014,2014 FIFA World Cup,Uruguay,URY,Sebastián Coates,DF,23.0,1990.0,0.0
2014,2014 FIFA World Cup,Uruguay,URY,Álvaro González,MF,29.0,1984.0,0.0
2014,2014 FIFA World Cup,Uruguay,URY,Edinson Cavani,FW,27.0,1987.0,1.0
2014,2014 FIFA World Cup,Uruguay,URY,Martín Cáceres,DF,27.0,1987.0,0.0
2014,2014 FIFA World Cup,Uruguay,URY,Martín Silva,GK,31.0,1983.0,0.0
2018,2018 FIFA World Cup,Argentina,ARG,Nahuel Guzmán,GK,32.0,1986.0,0.0
2018,2018 FIFA World Cup,Argentina,ARG,Gabriel Mercado,DF,31.0,1987.0,1.0
2018,2018 FIFA World Cup,Argentina,ARG,Nicolás Tagliafico,DF,25.0,1992.0,0.0
2018,2018 FIFA World Cup,Argentina,ARG,Cristian Ansaldi,DF,31.0,1986.0,0.0
2018,2018 FIFA World Cup,Argentina,ARG,Lucas Biglia,MF,32.0,1986.0,0.0
2018,2018 FIFA World Cup,Argentina,ARG,Federico Fazio,DF,31.0,1987.0,0.0
2018,2018 FIFA World Cup,Argentina,ARG,Éver Banega,MF,29.0,1988.0,0.0
2018,2018 FIFA World Cup,Argentina,ARG,Marcos Acuña,DF,26.0,1991.0,0.0
2018,2018 FIFA World Cup,Argentina,ARG,Gonzalo Higuaín,FW,30.0,1987.0,0.0
2018,2018 FIFA World Cup,Argentina,ARG,Lionel Messi,FW,30.0,1987.0,1.0
2018,2018 FIFA World Cup,Argentina,ARG,Ángel Di María,MF,30.0,1988.0,1.0
2018,2018 FIFA World Cup,Argentina,ARG,Franco Armani,GK,31.0,1986.0,0.0
2018,2018 FIFA World Cup,Argentina,ARG,Maximiliano Meza,MF,25.0,1992.0,0.0
2018,2018 FIFA World Cup,Argentina,ARG,Javier Mascherano,DF,34.0,1984.0,0.0
2018,2018 FIFA World Cup,Argentina,ARG,Enzo Pérez,MF,32.0,1986.0,0.0
2018,2018 FIFA World Cup,Argentina,ARG,Marcos Rojo,DF,28.0,1990.0,1.0
2018,2018 FIFA World Cup,Argentina,ARG,Nicolás Otamendi,DF,30.0,1988.0,0.0
2018,2018 FIFA World Cup,Argentina,ARG,Eduardo Salvio,DF,27.0,1990.0,0.0
2018,2018 FIFA World Cup,Argentina,ARG,Sergio Agüero,FW,30.0,1988.0,2.0
2018,2018 FIFA World Cup,Argentina,ARG,Giovani Lo Celso,MF,22.0,1996.0,0.0
2018,2018 FIFA World Cup,Argentina,ARG,Paulo Dybala,FW,24.0,1993.0,0.0
2018,2018 FIFA World Cup,Argentina,ARG,Cristian Pavón,MF,22.0,1996.0,0.0
2018,2018 FIFA World Cup,Argentina,ARG,Willy Caballero,GK,36.0,1981.0,0.0
2018,2018 FIFA World Cup,Australia,AUS,Mathew Ryan,GK,26.0,1992.0,0.0
2018,2018 FIFA World Cup,Australia,AUS,Miloš Degenek,DF,24.0,1994.0,0.0
2018,2018 FIFA World Cup,Australia,AUS,James Meredith,DF,30.0,1988.0,0.0
2018,2018 FIFA World Cup,Australia,AUS,Tim Cahill,FW,38.0,1979.0,0.0
2018,2018 FIFA World Cup,Australia,AUS,Mark Milligan,DF,32.0,1985.0,0.0
2018,2018 FIFA World Cup,Australia,AUS,Matthew Jurman,DF,28.0,1989.0,0.0
2018,2018 FIFA World Cup,Australia,AUS,Mathew Leckie,FW,27.0,1991.0,0.0
2018,2018 FIFA World Cup,Australia,AUS,Massimo Luongo,MF,25.0,1992.0,0.0
2018,2018 FIFA World Cup,Australia,AUS,Tomi Juric,FW,26.0,1991.0,0.0
2018,2018 FIFA World Cup,Australia,AUS,Robbie Kruse,FW,29.0,1988.0,0.0
2018,2018 FIFA World Cup,Australia,AUS,Andrew Nabbout,FW,25.0,1992.0,0.0
2018,2018 FIFA World Cup,Australia,AUS,Brad Jones,GK,36.0,1982.0,0.0
2018,2018 FIFA World Cup,Australia,AUS,Aaron Mooy,MF,27.0,1990.0,0.0
2018,2018 FIFA World Cup,Australia,AUS,Jamie Maclaren,FW,24.0,1993.0,0.0
2018,2018 FIFA World Cup,Australia,AUS,Mile Jedinak,MF,33.0,1984.0,2.0
2018,2018 FIFA World Cup,Australia,AUS,Aziz Behich,DF,27.0,1990.0,0.0
2018,2018 FIFA World Cup,Australia,AUS,Daniel Arzani,FW,19.0,1999.0,0.0
2018,2018 FIFA World Cup,Australia,AUS,Danny Vukovic,GK,33.0,1985.0,0.0
2018,2018 FIFA World Cup,Australia,AUS,Josh Risdon,DF,25.0,1992.0,0.0
2018,2018 FIFA World Cup,Australia,AUS,Trent Sainsbury,DF,26.0,1992.0,0.0
2018,2018 FIFA World Cup,Australia,AUS,Dimitri Petratos,FW,25.0,1992.0,0.0
2018,2018 FIFA World Cup,Australia,AUS,Jackson Irvine,MF,25.0,1993.0,0.0
2018,2018 FIFA World Cup,Australia,AUS,Tom Rogic,MF,25.0,1992.0,0.0
2018,2018 FIFA World Cup,Belgium,BEL,Thibaut Courtois,GK,26.0,1992.0,0.0
2018,2018 FIFA World Cup,Belgium,BEL,Toby Alderweireld,DF,29.0,1989.0,0.0
2018,2018 FIFA World Cup,Belgium,BEL,Thomas Vermaelen,DF,32.0,1985.0,0.0
2018,2018 FIFA World Cup,Belgium,BEL,Vincent Kompany,DF,32.0,1986.0,0.0
2018,2018 FIFA World Cup,Belgium,BEL,Jan Vertonghen,DF,31.0,1987.0,1.0
2018,2018 FIFA World Cup,Belgium,BEL,Axel Witsel,MF,29.0,1989.0,0.0
2018,2018 FIFA World Cup,Belgium,BEL,Kevin De Bruyne,MF,26.0,1991.0,1.0
2018,2018 FIFA World Cup,Belgium,BEL,Marouane Fellaini,MF,30.0,1987.0,1.0
2018,2018 FIFA World Cup,Belgium,BEL,Romelu Lukaku,FW,25.0,1993.0,4.0
2018,2018 FIFA World Cup,Belgium,BEL,Eden Hazard,FW,27.0,1991.0,3.0
2018,2018 FIFA World Cup,Belgium,BEL,Yannick Carrasco,MF,24.0,1993.0,0.0
2018,2018 FIFA World Cup,Belgium,BEL,Simon Mignolet,GK,30.0,1988.0,0.0
2018,2018 FIFA World Cup,Belgium,BEL,Koen Casteels,GK,25.0,1992.0,0.0
2018,2018 FIFA World Cup,Belgium,BEL,Dries Mertens,FW,31.0,1987.0,1.0
2018,2018 FIFA World Cup,Belgium,BEL,Thomas Meunier,DF,26.0,1991.0,1.0
2018,2018 FIFA World Cup,Belgium,BEL,Thorgan Hazard,MF,25.0,1993.0,0.0
2018,2018 FIFA World Cup,Belgium,BEL,Youri Tielemans,MF,21.0,1997.0,0.0
2018,2018 FIFA World Cup,Belgium,BEL,Adnan Januzaj,FW,23.0,1995.0,1.0
2018,2018 FIFA World Cup,Belgium,BEL,Mousa Dembélé,MF,30.0,1987.0,0.0
2018,2018 FIFA World Cup,Belgium,BEL,Dedryck Boyata,DF,27.0,1990.0,0.0
2018,2018 FIFA World Cup,Belgium,BEL,Michy Batshuayi,FW,24.0,1993.0,1.0
2018,2018 FIFA World Cup,Belgium,BEL,Nacer Chadli,MF,28.0,1989.0,1.0
2018,2018 FIFA World Cup,Belgium,BEL,Leander Dendoncker,DF,23.0,1995.0,0.0
2018,2018 FIFA World Cup,Brazil,BRA,Alisson,GK,25.0,1992.0,0.0
2018,2018 FIFA World Cup,Brazil,BRA,Thiago Silva,DF,33.0,1984.0,1.0
2018,2018 FIFA World Cup,Brazil,BRA,Miranda,DF,33.0,1984.0,0.0
2018,2018 FIFA World Cup,Brazil,BRA,Pedro Geromel,DF,32.0,1985.0,0.0
2018,2018 FIFA World Cup,Brazil,BRA,Casemiro,MF,26.0,1992.0,0.0
2018,2018 FIFA World Cup,Brazil,BRA,Filipe Luís,DF,32.0,1985.0,0.0
2018,2018 FIFA World Cup,Brazil,BRA,Douglas Costa,FW,27.0,1990.0,0.0
2018,2018 FIFA World Cup,Brazil,BRA,Renato Augusto,MF,30.0,1988.0,1.0
2018,2018 FIFA World Cup,Brazil,BRA,Gabriel Jesus,FW,21.0,1997.0,0.0
2018,2018 FIFA World Cup,Brazil,BRA,Neymar,FW,26.0,1992.0,2.0
2018,2018 FIFA World Cup,Brazil,BRA,Philippe Coutinho,MF,26.0,1992.0,2.0
2018,2018 FIFA World Cup,Brazil,BRA,Marcelo,DF,30.0,1988.0,0.0
2018,2018 FIFA World Cup,Brazil,BRA,Marquinhos,DF,24.0,1994.0,0.0
2018,2018 FIFA World Cup,Brazil,BRA,Danilo,DF,26.0,1991.0,0.0
2018,2018 FIFA World Cup,Brazil,BRA,Paulinho,MF,29.0,1988.0,1.0
2018,2018 FIFA World Cup,Brazil,BRA,Cássio,GK,31.0,1987.0,0.0
2018,2018 FIFA World Cup,Brazil,BRA,Fernandinho,MF,33.0,1985.0,0.0
2018,2018 FIFA World Cup,Brazil,BRA,Fred,MF,25.0,1993.0,0.0
2018,2018 FIFA World Cup,Brazil,BRA,Willian,MF,29.0,1988.0,0.0
2018,2018 FIFA World Cup,Brazil,BRA,Roberto Firmino,FW,26.0,1991.0,1.0
2018,2018 FIFA World Cup,Brazil,BRA,Taison,FW,30.0,1988.0,0.0
2018,2018 FIFA World Cup,Brazil,BRA,Fagner,DF,29.0,1989.0,0.0
2018,2018 FIFA World Cup,Brazil,BRA,Ederson,GK,24.0,1993.0,0.0
2018,2018 FIFA World Cup,Colombia,COL,David Ospina,GK,29.0,1988.0,0.0
2018,2018 FIFA World Cup,Colombia,COL,Cristián Zapata,DF,31.0,1986.0,0.0
2018,2018 FIFA World Cup,Colombia,COL,Óscar Murillo,DF,30.0,1988.0,0.0
2018,2018 FIFA World Cup,Colombia,COL,Santiago Arias,DF,26.0,1992.0,0.0
2018,2018 FIFA World Cup,Colombia,COL,Wilmar Barrios,MF,24.0,1993.0,0.0
2018,2018 FIFA World Cup,Colombia,COL,Carlos Sánchez,MF,32.0,1986.0,0.0
2018,2018 FIFA World Cup,Colombia,COL,Carlos Bacca,FW,31.0,1986.0,0.0
2018,2018 FIFA World Cup,Colombia,COL,Abel Aguilar,MF,33.0,1985.0,0.0
2018,2018 FIFA World Cup,Colombia,COL,Radamel Falcao,FW,32.0,1986.0,1.0
2018,2018 FIFA World Cup,Colombia,COL,James Rodríguez,MF,26.0,1991.0,0.0
2018,2018 FIFA World Cup,Colombia,COL,Juan Cuadrado,MF,30.0,1988.0,1.0
2018,2018 FIFA World Cup,Colombia,COL,Camilo Vargas,GK,29.0,1989.0,0.0
2018,2018 FIFA World Cup,Colombia,COL,Yerry Mina,DF,23.0,1994.0,3.0
2018,2018 FIFA World Cup,Colombia,COL,Luis Muriel,FW,27.0,1991.0,0.0
2018,2018 FIFA World Cup,Colombia,COL,Mateus Uribe,MF,27.0,1991.0,0.0
2018,2018 FIFA World Cup,Colombia,COL,Jefferson Lerma,MF,23.0,1994.0,0.0
2018,2018 FIFA World Cup,Colombia,COL,Johan Mojica,DF,25.0,1992.0,0.0
2018,2018 FIFA World Cup,Colombia,COL,Farid Díaz,DF,34.0,1983.0,0.0
2018,2018 FIFA World Cup,Colombia,COL,Miguel Borja,FW,25.0,1993.0,0.0
2018,2018 FIFA World Cup,Colombia,COL,Juan Fernando Quintero,MF,25.0,1993.0,1.0
2018,2018 FIFA World Cup,Colombia,COL,José Izquierdo,FW,25.0,1992.0,0.0
2018,2018 FIFA World Cup,Colombia,COL,José Fernando Cuadrado,GK,33.0,1985.0,0.0
2018,2018 FIFA World Cup,Colombia,COL,Davinson Sánchez,DF,22.0,1996.0,0.0
2018,2018 FIFA World Cup,Costa Rica,CRI,Keylor Navas,GK,31.0,1986.0,0.0
2018,2018 FIFA World Cup,Costa Rica,CRI,Jhonny Acosta,DF,34.0,1983.0,0.0
2018,2018 FIFA World Cup,Costa Rica,CRI,Giancarlo González,DF,30.0,1988.0,0.0
2018,2018 FIFA World Cup,Costa Rica,CRI,Ian Smith,DF,20.0,1998.0,0.0
2018,2018 FIFA World Cup,Costa Rica,CRI,Celso Borges,MF,30.0,1988.0,0.0
2018,2018 FIFA World Cup,Costa Rica,CRI,Óscar Duarte,DF,29.0,1989.0,0.0
2018,2018 FIFA World Cup,Costa Rica,CRI,Christian Bolaños,MF,34.0,1984.0,0.0
2018,2018 FIFA World Cup,Costa Rica,CRI,Bryan Oviedo,DF,28.0,1990.0,0.0
2018,2018 FIFA World Cup,Costa Rica,CRI,Daniel Colindres,MF,33.0,1985.0,0.0
2018,2018 FIFA World Cup,Costa Rica,CRI,Bryan Ruiz,MF,32.0,1985.0,0.0
2018,2018 FIFA World Cup,Costa Rica,CRI,Johan Venegas,FW,29.0,1988.0,0.0
2018,2018 FIFA World Cup,Costa Rica,CRI,Joel Campbell,FW,25.0,1992.0,0.0
2018,2018 FIFA World Cup,Costa Rica,CRI,Rodney Wallace,MF,29.0,1988.0,0.0
2018,2018 FIFA World Cup,Costa Rica,CRI,Randall Azofeifa,MF,33.0,1984.0,0.0
2018,2018 FIFA World Cup,Costa Rica,CRI,Francisco Calvo,DF,25.0,1992.0,0.0
2018,2018 FIFA World Cup,Costa Rica,CRI,Cristian Gamboa,DF,28.0,1989.0,0.0
2018,2018 FIFA World Cup,Costa Rica,CRI,Yeltsin Tejeda,MF,26.0,1992.0,0.0
2018,2018 FIFA World Cup,Costa Rica,CRI,Patrick Pemberton,GK,36.0,1982.0,0.0
2018,2018 FIFA World Cup,Costa Rica,CRI,Kendall Waston,DF,30.0,1988.0,1.0
2018,2018 FIFA World Cup,Costa Rica,CRI,David Guzmán,MF,28.0,1990.0,0.0
2018,2018 FIFA World Cup,Costa Rica,CRI,Marco Ureña,FW,28.0,1990.0,0.0
2018,2018 FIFA World Cup,Costa Rica,CRI,Kenner Gutiérrez,DF,29.0,1989.0,0.0
2018,2018 FIFA World Cup,Costa Rica,CRI,Leonel Moreira,GK,28.0,1990.0,0.0
2018,2018 FIFA World Cup,Croatia,HRV,Dominik Livaković,GK,23.0,1995.0,0.0
2018,2018 FIFA World Cup,Croatia,HRV,Šime Vrsaljko,DF,26.0,1992.0,0.0
2018,2018 FIFA World Cup,Croatia,HRV,Ivan Strinić,DF,30.0,1987.0,0.0
2018,2018 FIFA World Cup,Croatia,HRV,Ivan Perišić,FW,29.0,1989.0,3.0
2018,2018 FIFA World Cup,Croatia,HRV,Vedran Ćorluka,DF,32.0,1986.0,0.0
2018,2018 FIFA World Cup,Croatia,HRV,Dejan Lovren,DF,28.0,1989.0,0.0
2018,2018 FIFA World Cup,Croatia,HRV,Ivan Rakitić,MF,30.0,1988.0,1.0
2018,2018 FIFA World Cup,Croatia,HRV,Mateo Kovačić,MF,24.0,1994.0,0.0
2018,2018 FIFA World Cup,Croatia,HRV,Andrej Kramarić,FW,26.0,1991.0,1.0
2018,2018 FIFA World Cup,Croatia,HRV,Luka Modrić,MF,32.0,1985.0,2.0
2018,2018 FIFA World Cup,Croatia,HRV,Marcelo Brozović,MF,25.0,1992.0,0.0
2018,2018 FIFA World Cup,Croatia,HRV,Lovre Kalinić,GK,28.0,1990.0,0.0
2018,2018 FIFA World Cup,Croatia,HRV,Tin Jedvaj,DF,22.0,1995.0,0.0
2018,2018 FIFA World Cup,Croatia,HRV,Filip Bradarić,MF,26.0,1992.0,0.0
2018,2018 FIFA World Cup,Croatia,HRV,Duje Ćaleta-Car,DF,21.0,1996.0,0.0
2018,2018 FIFA World Cup,Croatia,HRV,Nikola Kalinić,FW,30.0,1988.0,0.0
2018,2018 FIFA World Cup,Croatia,HRV,Mario Mandžukić,FW,32.0,1986.0,3.0
2018,2018 FIFA World Cup,Croatia,HRV,Ante Rebić,FW,24.0,1993.0,1.0
2018,2018 FIFA World Cup,Croatia,HRV,Milan Badelj,MF,29.0,1989.0,1.0
2018,2018 FIFA World Cup,Croatia,HRV,Marko Pjaca,FW,23.0,1995.0,0.0
2018,2018 FIFA World Cup,Croatia,HRV,Domagoj Vida,DF,29.0,1989.0,1.0
2018,2018 FIFA World Cup,Croatia,HRV,Josip Pivarić,DF,29.0,1989.0,0.0
2018,2018 FIFA World Cup,Croatia,HRV,Danijel Subašić,GK,33.0,1984.0,0.0
2018,2018 FIFA World Cup,Denmark,DNK,Kasper Schmeichel,GK,31.0,1986.0,0.0
2018,2018 FIFA World Cup,Denmark,DNK,Michael Krohn-Dehli,MF,35.0,1983.0,0.0
2018,2018 FIFA World Cup,Denmark,DNK,Jannik Vestergaard,DF,25.0,1992.0,0.0
2018,2018 FIFA World Cup,Denmark,DNK,Simon Kjær,DF,29.0,1989.0,0.0
2018,2018 FIFA World Cup,Denmark,DNK,Jonas Knudsen,DF,25.0,1992.0,0.0
2018,2018 FIFA World Cup,Denmark,DNK,Andreas Christensen,DF,22.0,1996.0,0.0
2018,2018 FIFA World Cup,Denmark,DNK,William Kvist,MF,33.0,1985.0,0.0
2018,2018 FIFA World Cup,Denmark,DNK,Thomas Delaney,MF,26.0,1991.0,0.0
2018,2018 FIFA World Cup,Denmark,DNK,Nicolai Jørgensen,FW,27.0,1991.0,0.0
2018,2018 FIFA World Cup,Denmark,DNK,Christian Eriksen,MF,26.0,1992.0,1.0
2018,2018 FIFA World Cup,Denmark,DNK,Martin Braithwaite,FW,27.0,1991.0,0.0
2018,2018 FIFA World Cup,Denmark,DNK,Kasper Dolberg,FW,20.0,1997.0,0.0
2018,2018 FIFA World Cup,Denmark,DNK,Mathias Jørgensen,DF,28.0,1990.0,1.0
2018,2018 FIFA World Cup,Denmark,DNK,Henrik Dalsgaard,DF,28.0,1989.0,0.0
2018,2018 FIFA World Cup,Denmark,DNK,Viktor Fischer,FW,24.0,1994.0,0.0
2018,2018 FIFA World Cup,Denmark,DNK,Jonas Lössl,GK,29.0,1989.0,0.0
2018,2018 FIFA World Cup,Denmark,DNK,Jens Stryger Larsen,DF,27.0,1991.0,0.0
2018,2018 FIFA World Cup,Denmark,DNK,Lukas Lerager,MF,24.0,1993.0,0.0
2018,2018 FIFA World Cup,Denmark,DNK,Lasse Schöne,MF,32.0,1986.0,0.0
2018,2018 FIFA World Cup,Denmark,DNK,Yussuf Poulsen,FW,23.0,1994.0,1.0
2018,2018 FIFA World Cup,Denmark,DNK,Andreas Cornelius,FW,25.0,1993.0,0.0
2018,2018 FIFA World Cup,Denmark,DNK,Frederik Rønnow,GK,25.0,1992.0,0.0
2018,2018 FIFA World Cup,Denmark,DNK,Pione Sisto,FW,23.0,1995.0,0.0
2018,2018 FIFA World Cup,Egypt,EGY,Essam El Hadary,GK,45.0,1973.0,0.0
2018,2018 FIFA World Cup,Egypt,EGY,Ali Gabr,DF,29.0,1989.0,0.0
2018,2018 FIFA World Cup,Egypt,EGY,Ahmed Elmohamady,DF,30.0,1987.0,0.0
2018,2018 FIFA World Cup,Egypt,EGY,Omar Gaber,MF,26.0,1992.0,0.0
2018,2018 FIFA World Cup,Egypt,EGY,Sam Morsy,MF,26.0,1991.0,0.0
2018,2018 FIFA World Cup,Egypt,EGY,Ahmed Hegazi,DF,27.0,1991.0,0.0
2018,2018 FIFA World Cup,Egypt,EGY,Ahmed Fathy,DF,33.0,1984.0,0.0
2018,2018 FIFA World Cup,Egypt,EGY,Tarek Hamed,MF,29.0,1988.0,0.0
2018,2018 FIFA World Cup,Egypt,EGY,Marwan Mohsen,FW,29.0,1989.0,0.0
2018,2018 FIFA World Cup,Egypt,EGY,Mohamed Salah,FW,25.0,1992.0,2.0
2018,2018 FIFA World Cup,Egypt,EGY,Kahraba,FW,24.0,1994.0,0.0
2018,2018 FIFA World Cup,Egypt,EGY,Ayman Ashraf,DF,27.0,1991.0,0.0
2018,2018 FIFA World Cup,Egypt,EGY,Mohamed Abdel Shafy,DF,32.0,1985.0,0.0
2018,2018 FIFA World Cup,Egypt,EGY,Ramadan Sobhi,FW,21.0,1997.0,0.0
2018,2018 FIFA World Cup,Egypt,EGY,Mahmoud Hamdy,DF,23.0,1995.0,0.0
2018,2018 FIFA World Cup,Egypt,EGY,Sherif Ekramy,GK,34.0,1983.0,0.0
2018,2018 FIFA World Cup,Egypt,EGY,Mohamed Elneny,MF,25.0,1992.0,0.0
2018,2018 FIFA World Cup,Egypt,EGY,Shikabala,FW,32.0,1986.0,0.0
2018,2018 FIFA World Cup,Egypt,EGY,Abdallah El Said,MF,32.0,1985.0,0.0
2018,2018 FIFA World Cup,Egypt,EGY,Saad Samir,DF,29.0,1989.0,0.0
2018,2018 FIFA World Cup,Egypt,EGY,Trézéguet,MF,23.0,1994.0,0.0
2018,2018 FIFA World Cup,Egypt,EGY,Amr Warda,FW,24.0,1993.0,0.0
2018,2018 FIFA World Cup,Egypt,EGY,Mohamed El Shenawy,GK,29.0,1988.0,0.0
2018,2018 FIFA World Cup,England,ENG,Jordan Pickford,GK,24.0,1994.0,0.0
2018,2018 FIFA World Cup,England,ENG,Kyle Walker,DF,28.0,1990.0,0.0
2018,2018 FIFA World Cup,England,ENG,Danny Rose,DF,27.0,1990.0,0.0
2018,2018 FIFA World Cup,England,ENG,Eric Dier,MF,24.0,1994.0,0.0
2018,2018 FIFA World Cup,England,ENG,John Stones,DF,24.0,1994.0,2.0
2018,2018 FIFA World Cup,England,ENG,Harry Maguire,DF,25.0,1993.0,1.0
2018,2018 FIFA World Cup,England,ENG,Jesse Lingard,MF,25.0,1992.0,1.0
2018,2018 FIFA World Cup,England,ENG,Jordan Henderson,MF,27.0,1990.0,0.0
2018,2018 FIFA World Cup,England,ENG,Harry Kane,FW,24.0,1993.0,6.0
2018,2018 FIFA World Cup,England,ENG,Raheem Sterling,FW,23.0,1994.0,0.0
2018,2018 FIFA World Cup,England,ENG,Jamie Vardy,FW,31.0,1987.0,0.0
2018,2018 FIFA World Cup,England,ENG,Kieran Trippier,DF,27.0,1990.0,1.0
2018,2018 FIFA World Cup,England,ENG,Jack Butland,GK,25.0,1993.0,0.0
2018,2018 FIFA World Cup,England,ENG,Danny Welbeck,FW,27.0,1990.0,0.0
2018,2018 FIFA World Cup,England,ENG,Gary Cahill,DF,32.0,1985.0,0.0
2018,2018 FIFA World Cup,England,ENG,Phil Jones,DF,26.0,1992.0,0.0
2018,2018 FIFA World Cup,England,ENG,Fabian Delph,DF,28.0,1989.0,0.0
2018,2018 FIFA World Cup,England,ENG,Ashley Young,DF,32.0,1985.0,0.0
2018,2018 FIFA World Cup,England,ENG,Marcus Rashford,FW,20.0,1997.0,0.0
2018,2018 FIFA World Cup,England,ENG,Dele Alli,MF,22.0,1996.0,1.0
2018,2018 FIFA World Cup,England,ENG,Ruben Loftus-Cheek,MF,22.0,1996.0,0.0
2018,2018 FIFA World Cup,England,ENG,Trent Alexander-Arnold,DF,19.0,1998.0,0.0
2018,2018 FIFA World Cup,England,ENG,Nick Pope,GK,26.0,1992.0,0.0
2018,2018 FIFA World Cup,France,FRA,Hugo Lloris,GK,31.0,1986.0,0.0
2018,2018 FIFA World Cup,France,FRA,Benjamin Pavard,DF,22.0,1996.0,1.0
2018,2018 FIFA World Cup,France,FRA,Presnel Kimpembe,DF,22.0,1995.0,0.0
2018,2018 FIFA World Cup,France,FRA,Raphaël Varane,DF,25.0,1993.0,1.0
2018,2018 FIFA World Cup,France,FRA,Samuel Umtiti,DF,24.0,1993.0,1.0
2018,2018 FIFA World Cup,France,FRA,Paul Pogba,MF,25.0,1993.0,1.0
2018,2018 FIFA World Cup,France,FRA,Antoine Griezmann,FW,27.0,1991.0,4.0
2018,2018 FIFA World Cup,France,FRA,Thomas Lemar,FW,22.0,1995.0,0.0
2018,2018 FIFA World Cup,France,FRA,Olivier Giroud,FW,31.0,1986.0,0.0
2018,2018 FIFA World Cup,France,FRA,Kylian Mbappé,FW,19.0,1998.0,4.0
2018,2018 FIFA World Cup,France,FRA,Ousmane Dembélé,FW,21.0,1997.0,0.0
2018,2018 FIFA World Cup,France,FRA,Corentin Tolisso,MF,23.0,1994.0,0.0
2018,2018 FIFA World Cup,France,FRA,N'Golo Kanté,MF,27.0,1991.0,0.0
2018,2018 FIFA World Cup,France,FRA,Blaise Matuidi,MF,31.0,1987.0,0.0
2018,2018 FIFA World Cup,France,FRA,Steven Nzonzi,MF,29.0,1988.0,0.0
2018,2018 FIFA World Cup,France,FRA,Steve Mandanda,GK,33.0,1985.0,0.0
2018,2018 FIFA World Cup,France,FRA,Adil Rami,DF,32.0,1985.0,0.0
2018,2018 FIFA World Cup,France,FRA,Nabil Fekir,FW,24.0,1993.0,0.0
2018,2018 FIFA World Cup,France,FRA,Djibril Sidibé,DF,25.0,1992.0,0.0
2018,2018 FIFA World Cup,France,FRA,Florian Thauvin,FW,25.0,1993.0,0.0
2018,2018 FIFA World Cup,France,FRA,Lucas Hernandez,DF,22.0,1996.0,0.0
2018,2018 FIFA World Cup,France,FRA,Benjamin Mendy,DF,23.0,1994.0,0.0
2018,2018 FIFA World Cup,France,FRA,Alphonse Areola,GK,25.0,1993.0,0.0
2018,2018 FIFA World Cup,Germany,DEU,Manuel Neuer,GK,32.0,1986.0,0.0
2018,2018 FIFA World Cup,Germany,DEU,Marvin Plattenhardt,DF,26.0,1992.0,0.0
2018,2018 FIFA World Cup,Germany,DEU,Jonas Hector,DF,28.0,1990.0,0.0
2018,2018 FIFA World Cup,Germany,DEU,Matthias Ginter,DF,24.0,1994.0,0.0
2018,2018 FIFA World Cup,Germany,DEU,Mats Hummels,DF,29.0,1988.0,0.0
2018,2018 FIFA World Cup,Germany,DEU,Sami Khedira,MF,31.0,1987.0,0.0
2018,2018 FIFA World Cup,Germany,DEU,Julian Draxler,MF,24.0,1993.0,0.0
2018,2018 FIFA World Cup,Germany,DEU,Toni Kroos,MF,28.0,1990.0,1.0
2018,2018 FIFA World Cup,Germany,DEU,Timo Werner,FW,22.0,1996.0,0.0
2018,2018 FIFA World Cup,Germany,DEU,Mesut Özil,MF,29.0,1988.0,0.0
2018,2018 FIFA World Cup,Germany,DEU,Marco Reus,FW,29.0,1989.0,1.0
2018,2018 FIFA World Cup,Germany,DEU,Kevin Trapp,GK,27.0,1990.0,0.0
2018,2018 FIFA World Cup,Germany,DEU,Thomas Müller,MF,28.0,1989.0,0.0
2018,2018 FIFA World Cup,Germany,DEU,Leon Goretzka,MF,23.0,1995.0,0.0
2018,2018 FIFA World Cup,Germany,DEU,Niklas Süle,DF,22.0,1995.0,0.0
2018,2018 FIFA World Cup,Germany,DEU,Antonio Rüdiger,DF,25.0,1993.0,0.0
2018,2018 FIFA World Cup,Germany,DEU,Jérôme Boateng,DF,29.0,1988.0,0.0
2018,2018 FIFA World Cup,Germany,DEU,Joshua Kimmich,DF,23.0,1995.0,0.0
2018,2018 FIFA World Cup,Germany,DEU,Sebastian Rudy,MF,28.0,1990.0,0.0
2018,2018 FIFA World Cup,Germany,DEU,Julian Brandt,MF,22.0,1996.0,0.0
2018,2018 FIFA World Cup,Germany,DEU,İlkay Gündoğan,MF,27.0,1990.0,0.0
2018,2018 FIFA World Cup,Germany,DEU,Marc-André ter Stegen,GK,26.0,1992.0,0.0
2018,2018 FIFA World Cup,Germany,DEU,Mario Gómez,FW,32.0,1985.0,0.0
2018,2018 FIFA World Cup,Iceland,ISL,Hannes Þór Halldórsson,GK,34.0,1984.0,0.0
2018,2018 FIFA World Cup,Iceland,ISL,Birkir Már Sævarsson,DF,33.0,1984.0,0.0
2018,2018 FIFA World Cup,Iceland,ISL,Samúel Friðjónsson,MF,22.0,1996.0,0.0
2018,2018 FIFA World Cup,Iceland,ISL,Albert Guðmundsson,MF,20.0,1997.0,0.0
2018,2018 FIFA World Cup,Iceland,ISL,Sverrir Ingi Ingason,DF,24.0,1993.0,0.0
2018,2018 FIFA World Cup,Iceland,ISL,Ragnar Sigurðsson,DF,31.0,1986.0,0.0
2018,2018 FIFA World Cup,Iceland,ISL,Jóhann Berg Guðmundsson,MF,27.0,1990.0,0.0
2018,2018 FIFA World Cup,Iceland,ISL,Birkir Bjarnason,MF,30.0,1988.0,0.0
2018,2018 FIFA World Cup,Iceland,ISL,Björn Bergmann Sigurðarson,FW,27.0,1991.0,0.0
2018,2018 FIFA World Cup,Iceland,ISL,Gylfi Sigurðsson,MF,28.0,1989.0,1.0
2018,2018 FIFA World Cup,Iceland,ISL,Alfreð Finnbogason,FW,29.0,1989.0,1.0
2018,2018 FIFA World Cup,Iceland,ISL,Frederik Schram,GK,23.0,1995.0,0.0
2018,2018 FIFA World Cup,Iceland,ISL,Rúnar Alex Rúnarsson,GK,23.0,1995.0,0.0
2018,2018 FIFA World Cup,Iceland,ISL,Kári Árnason,DF,35.0,1982.0,0.0
2018,2018 FIFA World Cup,Iceland,ISL,Hólmar Örn Eyjólfsson,DF,27.0,1990.0,0.0
2018,2018 FIFA World Cup,Iceland,ISL,Ólafur Ingi Skúlason,MF,35.0,1983.0,0.0
2018,2018 FIFA World Cup,Iceland,ISL,Aron Gunnarsson,MF,29.0,1989.0,0.0
2018,2018 FIFA World Cup,Iceland,ISL,Hörður Björgvin Magnússon,DF,25.0,1993.0,0.0
2018,2018 FIFA World Cup,Iceland,ISL,Rúrik Gíslason,MF,30.0,1988.0,0.0
2018,2018 FIFA World Cup,Iceland,ISL,Emil Hallfreðsson,MF,33.0,1984.0,0.0
2018,2018 FIFA World Cup,Iceland,ISL,Arnór Ingvi Traustason,MF,25.0,1993.0,0.0
2018,2018 FIFA World Cup,Iceland,ISL,Jón Daði Böðvarsson,FW,26.0,1992.0,0.0
2018,2018 FIFA World Cup,Iceland,ISL,Ari Freyr Skúlason,DF,31.0,1987.0,0.0
2018,2018 FIFA World Cup,IR Iran,IRN,Alireza Beiranvand,GK,25.0,1992.0,0.0
2018,2018 FIFA World Cup,IR Iran,IRN,Mehdi Torabi,MF,23.0,1994.0,0.0
2018,2018 FIFA World Cup,IR Iran,IRN,Ehsan Hajsafi,DF,28.0,1990.0,0.0
2018,2018 FIFA World Cup,IR Iran,IRN,Rouzbeh Cheshmi,DF,24.0,1993.0,0.0
2018,2018 FIFA World Cup,IR Iran,IRN,Milad Mohammadi,DF,24.0,1993.0,0.0
2018,2018 FIFA World Cup,IR Iran,IRN,Saeid Ezatolahi,MF,21.0,1996.0,0.0
2018,2018 FIFA World Cup,IR Iran,IRN,Masoud Shojaei,MF,34.0,1984.0,0.0
2018,2018 FIFA World Cup,IR Iran,IRN,Morteza Pouraliganji,DF,26.0,1992.0,0.0
2018,2018 FIFA World Cup,IR Iran,IRN,Omid Ebrahimi,MF,30.0,1987.0,0.0
2018,2018 FIFA World Cup,IR Iran,IRN,Karim Ansarifard,FW,28.0,1990.0,1.0
2018,2018 FIFA World Cup,IR Iran,IRN,Vahid Amiri,MF,30.0,1988.0,0.0
2018,2018 FIFA World Cup,IR Iran,IRN,Mohammad Rashid Mazaheri,GK,29.0,1989.0,0.0
2018,2018 FIFA World Cup,IR Iran,IRN,Mohammad Reza Khanzadeh,DF,27.0,1991.0,0.0
2018,2018 FIFA World Cup,IR Iran,IRN,Saman Ghoddos,FW,24.0,1993.0,0.0
2018,2018 FIFA World Cup,IR Iran,IRN,Pejman Montazeri,DF,34.0,1983.0,0.0
2018,2018 FIFA World Cup,IR Iran,IRN,Reza Ghoochannejhad,FW,30.0,1987.0,0.0
2018,2018 FIFA World Cup,IR Iran,IRN,Mehdi Taremi,FW,25.0,1992.0,0.0
2018,2018 FIFA World Cup,IR Iran,IRN,Alireza Jahanbakhsh,FW,24.0,1993.0,0.0
2018,2018 FIFA World Cup,IR Iran,IRN,Majid Hosseini,DF,21.0,1996.0,0.0
2018,2018 FIFA World Cup,IR Iran,IRN,Sardar Azmoun,FW,23.0,1995.0,0.0
2018,2018 FIFA World Cup,IR Iran,IRN,Ashkan Dejagah,MF,31.0,1986.0,0.0
2018,2018 FIFA World Cup,IR Iran,IRN,Amir Abedzadeh,GK,25.0,1993.0,0.0
2018,2018 FIFA World Cup,IR Iran,IRN,Ramin Rezaeian,DF,28.0,1990.0,0.0
2018,2018 FIFA World Cup,Japan,JPN,Eiji Kawashima,GK,35.0,1983.0,0.0
2018,2018 FIFA World Cup,Japan,JPN,Naomichi Ueda,DF,23.0,1994.0,0.0
2018,2018 FIFA World Cup,Japan,JPN,Gen Shoji,DF,25.0,1992.0,0.0
2018,2018 FIFA World Cup,Japan,JPN,Keisuke Honda,MF,32.0,1986.0,1.0
2018,2018 FIFA World Cup,Japan,JPN,Yuto Nagatomo,DF,31.0,1986.0,0.0
2018,2018 FIFA World Cup,Japan,JPN,Wataru Endo,DF,25.0,1993.0,0.0
2018,2018 FIFA World Cup,Japan,JPN,Gaku Shibasaki,MF,26.0,1992.0,0.0
2018,2018 FIFA World Cup,Japan,JPN,Genki Haraguchi,MF,27.0,1991.0,1.0
2018,2018 FIFA World Cup,Japan,JPN,Shinji Okazaki,FW,32.0,1986.0,0.0
2018,2018 FIFA World Cup,Japan,JPN,Shinji Kagawa,MF,29.0,1989.0,1.0
2018,2018 FIFA World Cup,Japan,JPN,Takashi Usami,MF,26.0,1992.0,0.0
2018,2018 FIFA World Cup,Japan,JPN,Masaaki Higashiguchi,GK,32.0,1986.0,0.0
2018,2018 FIFA World Cup,Japan,JPN,Yoshinori Muto,FW,25.0,1992.0,0.0
2018,2018 FIFA World Cup,Japan,JPN,Takashi Inui,MF,30.0,1988.0,2.0
2018,2018 FIFA World Cup,Japan,JPN,Yuya Osako,FW,28.0,1990.0,1.0
2018,2018 FIFA World Cup,Japan,JPN,Hotaru Yamaguchi,MF,27.0,1990.0,0.0
2018,2018 FIFA World Cup,Japan,JPN,Makoto Hasebe,MF,34.0,1984.0,0.0
2018,2018 FIFA World Cup,Japan,JPN,Ryota Oshima,MF,25.0,1993.0,0.0
2018,2018 FIFA World Cup,Japan,JPN,Hiroki Sakai,DF,28.0,1990.0,0.0
2018,2018 FIFA World Cup,Japan,JPN,Tomoaki Makino,DF,31.0,1987.0,0.0
2018,2018 FIFA World Cup,Japan,JPN,Gōtoku Sakai,DF,27.0,1991.0,0.0
2018,2018 FIFA World Cup,Japan,JPN,Maya Yoshida,DF,29.0,1988.0,0.0
2018,2018 FIFA World Cup,Japan,JPN,Kosuke Nakamura,GK,23.0,1995.0,0.0
2018,2018 FIFA World Cup,Mexico,MEX,José de Jesús Corona,GK,37.0,1981.0,0.0
2018,2018 FIFA World Cup,Mexico,MEX,Hugo Ayala,DF,31.0,1987.0,0.0
2018,2018 FIFA World Cup,Mexico,MEX,Carlos Salcedo,DF,24.0,1993.0,0.0
2018,2018 FIFA World Cup,Mexico,MEX,Rafael Márquez,DF,39.0,1979.0,0.0
2018,2018 FIFA World Cup,Mexico,MEX,Érick Gutiérrez,MF,22.0,1995.0,0.0
2018,2018 FIFA World Cup,Mexico,MEX,Jonathan dos Santos,MF,28.0,1990.0,0.0
2018,2018 FIFA World Cup,Mexico,MEX,Miguel Layún,MF,29.0,1988.0,0.0
2018,2018 FIFA World Cup,Mexico,MEX,Marco Fabián,FW,28.0,1989.0,0.0
2018,2018 FIFA World Cup,Mexico,MEX,Raúl Jiménez,FW,27.0,1991.0,0.0
2018,2018 FIFA World Cup,Mexico,MEX,Giovani dos Santos,MF,29.0,1989.0,0.0
2018,2018 FIFA World Cup,Mexico,MEX,Carlos Vela,FW,29.0,1989.0,1.0
2018,2018 FIFA World Cup,Mexico,MEX,Alfredo Talavera,GK,35.0,1982.0,0.0
2018,2018 FIFA World Cup,Mexico,MEX,Guillermo Ochoa,GK,32.0,1985.0,0.0
2018,2018 FIFA World Cup,Mexico,MEX,Javier Hernández,FW,30.0,1988.0,1.0
2018,2018 FIFA World Cup,Mexico,MEX,Héctor Moreno,DF,30.0,1988.0,0.0
2018,2018 FIFA World Cup,Mexico,MEX,Héctor Herrera,DF,28.0,1990.0,0.0
2018,2018 FIFA World Cup,Mexico,MEX,Jesús Manuel Corona,MF,25.0,1993.0,0.0
2018,2018 FIFA World Cup,Mexico,MEX,Andrés Guardado,MF,31.0,1986.0,0.0
2018,2018 FIFA World Cup,Mexico,MEX,Oribe Peralta,FW,34.0,1984.0,0.0
2018,2018 FIFA World Cup,Mexico,MEX,Javier Aquino,MF,28.0,1990.0,0.0
2018,2018 FIFA World Cup,Mexico,MEX,Edson Álvarez,DF,20.0,1997.0,0.0
2018,2018 FIFA World Cup,Mexico,MEX,Hirving Lozano,FW,22.0,1995.0,1.0
2018,2018 FIFA World Cup,Mexico,MEX,Jesús Gallardo,MF,23.0,1994.0,0.0
2018,2018 FIFA World Cup,Morocco,MAR,Yassine Bounou,GK,27.0,1991.0,0.0
2018,2018 FIFA World Cup,Morocco,MAR,Achraf Hakimi,DF,19.0,1998.0,0.0
2018,2018 FIFA World Cup,Morocco,MAR,Hamza Mendyl,DF,20.0,1997.0,0.0
2018,2018 FIFA World Cup,Morocco,MAR,Manuel da Costa,DF,32.0,1986.0,0.0
2018,2018 FIFA World Cup,Morocco,MAR,Medhi Benatia,DF,31.0,1987.0,0.0
2018,2018 FIFA World Cup,Morocco,MAR,Romain Saïss,DF,28.0,1990.0,0.0
2018,2018 FIFA World Cup,Morocco,MAR,Hakim Ziyech,MF,25.0,1993.0,0.0
2018,2018 FIFA World Cup,Morocco,MAR,Karim El Ahmadi,MF,33.0,1985.0,0.0
2018,2018 FIFA World Cup,Morocco,MAR,Ayoub El Kaabi,FW,24.0,1993.0,0.0
2018,2018 FIFA World Cup,Morocco,MAR,Younès Belhanda,MF,28.0,1990.0,0.0
2018,2018 FIFA World Cup,Morocco,MAR,Fayçal Fajr,MF,29.0,1988.0,0.0
2018,2018 FIFA World Cup,Morocco,MAR,Munir Mohamedi,GK,29.0,1989.0,0.0
2018,2018 FIFA World Cup,Morocco,MAR,Khalid Boutaïb,FW,31.0,1987.0,1.0
2018,2018 FIFA World Cup,Morocco,MAR,Mbark Boussoufa,MF,33.0,1984.0,0.0
2018,2018 FIFA World Cup,Morocco,MAR,Youssef Aït Bennasser,MF,21.0,1996.0,0.0
2018,2018 FIFA World Cup,Morocco,MAR,Nordin Amrabat,MF,31.0,1987.0,0.0
2018,2018 FIFA World Cup,Morocco,MAR,Nabil Dirar,DF,32.0,1986.0,0.0
2018,2018 FIFA World Cup,Morocco,MAR,Amine Harit,MF,20.0,1997.0,0.0
2018,2018 FIFA World Cup,Morocco,MAR,Youssef En-Nesyri,FW,21.0,1997.0,1.0
2018,2018 FIFA World Cup,Morocco,MAR,Aziz Bouhaddouz,FW,31.0,1987.0,0.0
2018,2018 FIFA World Cup,Morocco,MAR,Sofyan Amrabat,MF,21.0,1996.0,0.0
2018,2018 FIFA World Cup,Morocco,MAR,Ahmed Reda Tagnaouti,GK,22.0,1996.0,0.0
2018,2018 FIFA World Cup,Morocco,MAR,Mehdi Carcela,MF,28.0,1989.0,0.0
2018,2018 FIFA World Cup,Nigeria,NGA,Ikechukwu Ezenwa,GK,29.0,1988.0,0.0
2018,2018 FIFA World Cup,Nigeria,NGA,Brian Idowu,DF,26.0,1992.0,0.0
2018,2018 FIFA World Cup,Nigeria,NGA,Elderson Echiéjilé,DF,30.0,1988.0,0.0
2018,2018 FIFA World Cup,Nigeria,NGA,Wilfred Ndidi,MF,21.0,1996.0,0.0
2018,2018 FIFA World Cup,Nigeria,NGA,William Troost-Ekong,DF,24.0,1993.0,0.0
2018,2018 FIFA World Cup,Nigeria,NGA,Leon Balogun,DF,29.0,1988.0,0.0
2018,2018 FIFA World Cup,Nigeria,NGA,Ahmed Musa,FW,25.0,1992.0,2.0
2018,2018 FIFA World Cup,Nigeria,NGA,Peter Etebo,MF,22.0,1995.0,0.0
2018,2018 FIFA World Cup,Nigeria,NGA,Odion Ighalo,FW,28.0,1989.0,0.0
2018,2018 FIFA World Cup,Nigeria,NGA,John Obi Mikel,MF,31.0,1987.0,0.0
2018,2018 FIFA World Cup,Nigeria,NGA,Victor Moses,FW,27.0,1990.0,1.0
2018,2018 FIFA World Cup,Nigeria,NGA,Shehu Abdullahi,DF,25.0,1993.0,0.0
2018,2018 FIFA World Cup,Nigeria,NGA,Simeon Nwankwo,FW,26.0,1992.0,0.0
2018,2018 FIFA World Cup,Nigeria,NGA,Kelechi Iheanacho,FW,22.0,1996.0,0.0
2018,2018 FIFA World Cup,Nigeria,NGA,Joel Obi,MF,27.0,1991.0,0.0
2018,2018 FIFA World Cup,Nigeria,NGA,Daniel Akpeyi,GK,32.0,1986.0,0.0
2018,2018 FIFA World Cup,Nigeria,NGA,Ogenyi Onazi,MF,25.0,1992.0,0.0
2018,2018 FIFA World Cup,Nigeria,NGA,Alex Iwobi,FW,22.0,1996.0,0.0
2018,2018 FIFA World Cup,Nigeria,NGA,John Ogu,MF,30.0,1988.0,0.0
2018,2018 FIFA World Cup,Nigeria,NGA,Chidozie Awaziem,DF,21.0,1997.0,0.0
2018,2018 FIFA World Cup,Nigeria,NGA,Tyronne Ebuehi,DF,22.0,1995.0,0.0
2018,2018 FIFA World Cup,Nigeria,NGA,Kenneth Omeruo,DF,24.0,1993.0,0.0
2018,2018 FIFA World Cup,Nigeria,NGA,Francis Uzoho,GK,19.0,1998.0,0.0
2018,2018 FIFA World Cup,Panama,PAN,Jaime Penedo,GK,36.0,1981.0,0.0
2018,2018 FIFA World Cup,Panama,PAN,Michael Amir Murillo,DF,22.0,1996.0,0.0
2018,2018 FIFA World Cup,Panama,PAN,Harold Cummings,DF,26.0,1992.0,0.0
2018,2018 FIFA World Cup,Panama,PAN,Fidel Escobar,DF,23.0,1995.0,0.0
2018,2018 FIFA World Cup,Panama,PAN,Román Torres,DF,32.0,1986.0,0.0
2018,2018 FIFA World Cup,Panama,PAN,Gabriel Gómez,MF,34.0,1984.0,0.0
2018,2018 FIFA World Cup,Panama,PAN,Blas Pérez,FW,37.0,1981.0,0.0
2018,2018 FIFA World Cup,Panama,PAN,Édgar Bárcenas,MF,24.0,1993.0,0.0
2018,2018 FIFA World Cup,Panama,PAN,Gabriel Torres,FW,29.0,1988.0,0.0
2018,2018 FIFA World Cup,Panama,PAN,Ismael Díaz,FW,21.0,1997.0,0.0
2018,2018 FIFA World Cup,Panama,PAN,Armando Cooper,MF,30.0,1987.0,0.0
2018,2018 FIFA World Cup,Panama,PAN,José Calderón,GK,32.0,1985.0,0.0
2018,2018 FIFA World Cup,Panama,PAN,Adolfo Machado,DF,33.0,1985.0,0.0
2018,2018 FIFA World Cup,Panama,PAN,Valentín Pimentel,MF,27.0,1991.0,0.0
2018,2018 FIFA World Cup,Panama,PAN,Erick Davis,DF,27.0,1991.0,0.0
2018,2018 FIFA World Cup,Panama,PAN,Abdiel Arroyo,FW,24.0,1993.0,0.0
2018,2018 FIFA World Cup,Panama,PAN,Luis Ovalle,DF,29.0,1988.0,0.0
2018,2018 FIFA World Cup,Panama,PAN,Luis Tejada,FW,36.0,1982.0,0.0
2018,2018 FIFA World Cup,Panama,PAN,Ricardo Ávila,MF,21.0,1997.0,0.0
2018,2018 FIFA World Cup,Panama,PAN,Aníbal Godoy,MF,28.0,1990.0,0.0
2018,2018 FIFA World Cup,Panama,PAN,José Luis Rodríguez,MF,19.0,1998.0,0.0
2018,2018 FIFA World Cup,Panama,PAN,Álex Rodríguez,GK,27.0,1990.0,0.0
2018,2018 FIFA World Cup,Panama,PAN,Felipe Baloy,DF,37.0,1981.0,1.0
2018,2018 FIFA World Cup,Peru,PER,Pedro Gallese,GK,28.0,1990.0,0.0
2018,2018 FIFA World Cup,Peru,PER,Alberto Rodríguez,DF,34.0,1984.0,0.0
2018,2018 FIFA World Cup,Peru,PER,Aldo Corzo,DF,29.0,1989.0,0.0
2018,2018 FIFA World Cup,Peru,PER,Anderson Santamaría,DF,26.0,1992.0,0.0
2018,2018 FIFA World Cup,Peru,PER,Miguel Araujo,DF,23.0,1994.0,0.0
2018,2018 FIFA World Cup,Peru,PER,Miguel Trauco,DF,25.0,1992.0,0.0
2018,2018 FIFA World Cup,Peru,PER,Paolo Hurtado,MF,27.0,1990.0,0.0
2018,2018 FIFA World Cup,Peru,PER,Christian Cueva,MF,26.0,1991.0,0.0
2018,2018 FIFA World Cup,Peru,PER,Paolo Guerrero,FW,34.0,1984.0,1.0
2018,2018 FIFA World Cup,Peru,PER,Jefferson Farfán,FW,33.0,1984.0,0.0
2018,2018 FIFA World Cup,Peru,PER,Raúl Ruidíaz,FW,27.0,1990.0,0.0
2018,2018 FIFA World Cup,Peru,PER,Carlos Cáceda,GK,26.0,1991.0,0.0
2018,2018 FIFA World Cup,Peru,PER,Renato Tapia,MF,22.0,1995.0,0.0
2018,2018 FIFA World Cup,Peru,PER,Andy Polo,MF,23.0,1994.0,0.0
2018,2018 FIFA World Cup,Peru,PER,Christian Ramos,DF,29.0,1988.0,0.0
2018,2018 FIFA World Cup,Peru,PER,Wilder Cartagena,MF,23.0,1994.0,0.0
2018,2018 FIFA World Cup,Peru,PER,Luis Advíncula,DF,28.0,1990.0,0.0
2018,2018 FIFA World Cup,Peru,PER,André Carrillo,FW,27.0,1991.0,1.0
2018,2018 FIFA World Cup,Peru,PER,Yoshimar Yotún,MF,28.0,1990.0,0.0
2018,2018 FIFA World Cup,Peru,PER,Edison Flores,FW,24.0,1994.0,0.0
2018,2018 FIFA World Cup,Peru,PER,José Carvallo,GK,32.0,1986.0,0.0
2018,2018 FIFA World Cup,Peru,PER,Nilson Loyola,DF,23.0,1994.0,0.0
2018,2018 FIFA World Cup,Peru,PER,Pedro Aquino,MF,23.0,1995.0,0.0
2018,2018 FIFA World Cup,Poland,POL,Wojciech Szczęsny,GK,28.0,1990.0,0.0
2018,2018 FIFA World Cup,Poland,POL,Michał Pazdan,DF,30.0,1987.0,0.0
2018,2018 FIFA World Cup,Poland,POL,Artur Jędrzejczyk,DF,30.0,1987.0,0.0
2018,2018 FIFA World Cup,Poland,POL,Thiago Cionek,DF,32.0,1986.0,0.0
2018,2018 FIFA World Cup,Poland,POL,Jan Bednarek,DF,22.0,1996.0,1.0
2018,2018 FIFA World Cup,Poland,POL,Jacek Góralski,MF,25.0,1992.0,0.0
2018,2018 FIFA World Cup,Poland,POL,Arkadiusz Milik,FW,24.0,1994.0,0.0
2018,2018 FIFA World Cup,Poland,POL,Karol Linetty,MF,23.0,1995.0,0.0
2018,2018 FIFA World Cup,Poland,POL,Robert Lewandowski,FW,29.0,1988.0,0.0
2018,2018 FIFA World Cup,Poland,POL,Grzegorz Krychowiak,MF,28.0,1990.0,1.0
2018,2018 FIFA World Cup,Poland,POL,Kamil Grosicki,MF,30.0,1988.0,0.0
2018,2018 FIFA World Cup,Poland,POL,Bartosz Białkowski,GK,30.0,1987.0,0.0
2018,2018 FIFA World Cup,Poland,POL,Maciej Rybus,MF,28.0,1989.0,0.0
2018,2018 FIFA World Cup,Poland,POL,Łukasz Teodorczyk,FW,27.0,1991.0,0.0
2018,2018 FIFA World Cup,Poland,POL,Kamil Glik,DF,30.0,1988.0,0.0
2018,2018 FIFA World Cup,Poland,POL,Jakub Błaszczykowski,MF,32.0,1985.0,0.0
2018,2018 FIFA World Cup,Poland,POL,Sławomir Peszko,MF,33.0,1985.0,0.0
2018,2018 FIFA World Cup,Poland,POL,Bartosz Bereszyński,DF,25.0,1992.0,0.0
2018,2018 FIFA World Cup,Poland,POL,Piotr Zieliński,MF,24.0,1994.0,0.0
2018,2018 FIFA World Cup,Poland,POL,Łukasz Piszczek,DF,33.0,1985.0,0.0
2018,2018 FIFA World Cup,Poland,POL,Rafał Kurzawa,MF,25.0,1993.0,0.0
2018,2018 FIFA World Cup,Poland,POL,Łukasz Fabiański,GK,33.0,1985.0,0.0
2018,2018 FIFA World Cup,Poland,POL,Dawid Kownacki,FW,21.0,1997.0,0.0
2018,2018 FIFA World Cup,Portugal,PRT,Rui Patrício,GK,30.0,1988.0,0.0
2018,2018 FIFA World Cup,Portugal,PRT,Bruno Alves,DF,36.0,1981.0,0.0
2018,2018 FIFA World Cup,Portugal,PRT,Pepe,DF,35.0,1983.0,1.0
2018,2018 FIFA World Cup,Portugal,PRT,Manuel Fernandes,MF,32.0,1986.0,0.0
2018,2018 FIFA World Cup,Portugal,PRT,Raphaël Guerreiro,DF,24.0,1993.0,0.0
2018,2018 FIFA World Cup,Portugal,PRT,José Fonte,DF,34.0,1983.0,0.0
2018,2018 FIFA World Cup,Portugal,PRT,Cristiano Ronaldo,FW,33.0,1985.0,4.0
2018,2018 FIFA World Cup,Portugal,PRT,João Moutinho,MF,31.0,1986.0,0.0
2018,2018 FIFA World Cup,Portugal,PRT,André Silva,FW,22.0,1995.0,0.0
2018,2018 FIFA World Cup,Portugal,PRT,João Mário,MF,25.0,1993.0,0.0
2018,2018 FIFA World Cup,Portugal,PRT,Bernardo Silva,MF,23.0,1994.0,0.0
2018,2018 FIFA World Cup,Portugal,PRT,Anthony Lopes,GK,27.0,1990.0,0.0
2018,2018 FIFA World Cup,Portugal,PRT,Rúben Dias,DF,21.0,1997.0,0.0
2018,2018 FIFA World Cup,Portugal,PRT,William Carvalho,MF,26.0,1992.0,0.0
2018,2018 FIFA World Cup,Portugal,PRT,Ricardo Pereira,DF,24.0,1993.0,0.0
2018,2018 FIFA World Cup,Portugal,PRT,Bruno Fernandes,MF,23.0,1994.0,0.0
2018,2018 FIFA World Cup,Portugal,PRT,Gonçalo Guedes,FW,21.0,1996.0,0.0
2018,2018 FIFA World Cup,Portugal,PRT,Gelson Martins,FW,23.0,1995.0,0.0
2018,2018 FIFA World Cup,Portugal,PRT,Mário Rui,DF,27.0,1991.0,0.0
2018,2018 FIFA World Cup,Portugal,PRT,Ricardo Quaresma,FW,34.0,1983.0,1.0
2018,2018 FIFA World Cup,Portugal,PRT,Cédric,DF,26.0,1991.0,0.0
2018,2018 FIFA World Cup,Portugal,PRT,Beto,GK,36.0,1982.0,0.0
2018,2018 FIFA World Cup,Portugal,PRT,Adrien Silva,MF,29.0,1989.0,0.0
2018,2018 FIFA World Cup,Russia,RUS,Igor Akinfeev,GK,32.0,1986.0,0.0
2018,2018 FIFA World Cup,Russia,RUS,Mário Fernandes,DF,27.0,1990.0,1.0
2018,2018 FIFA World Cup,Russia,RUS,Ilya Kutepov,DF,24.0,1993.0,0.0
2018,2018 FIFA World Cup,Russia,RUS,Sergei Ignashevich,DF,38.0,1979.0,0.0
2018,2018 FIFA World Cup,Russia,RUS,Andrei Semyonov,DF,29.0,1989.0,0.0
2018,2018 FIFA World Cup,Russia,RUS,Denis Cheryshev,MF,27.0,1990.0,4.0
2018,2018 FIFA World Cup,Russia,RUS,Daler Kuzyayev,MF,25.0,1993.0,0.0
2018,2018 FIFA World Cup,Russia,RUS,Yury Gazinsky,MF,28.0,1989.0,1.0
2018,2018 FIFA World Cup,Russia,RUS,Alan Dzagoev,MF,27.0,1990.0,0.0
2018,2018 FIFA World Cup,Russia,RUS,Fyodor Smolov,FW,28.0,1990.0,0.0
2018,2018 FIFA World Cup,Russia,RUS,Roman Zobnin,MF,24.0,1994.0,0.0
2018,2018 FIFA World Cup,Russia,RUS,Andrey Lunyov,GK,26.0,1991.0,0.0
2018,2018 FIFA World Cup,Russia,RUS,Fyodor Kudryashov,DF,31.0,1987.0,0.0
2018,2018 FIFA World Cup,Russia,RUS,Vladimir Granat,DF,31.0,1987.0,0.0
2018,2018 FIFA World Cup,Russia,RUS,Aleksei Miranchuk,MF,22.0,1995.0,0.0
2018,2018 FIFA World Cup,Russia,RUS,Anton Miranchuk,MF,22.0,1995.0,0.0
2018,2018 FIFA World Cup,Russia,RUS,Aleksandr Golovin,MF,22.0,1996.0,1.0
2018,2018 FIFA World Cup,Russia,RUS,Yuri Zhirkov,MF,34.0,1983.0,0.0
2018,2018 FIFA World Cup,Russia,RUS,Aleksandr Samedov,MF,33.0,1984.0,0.0
2018,2018 FIFA World Cup,Russia,RUS,Vladimir Gabulov,GK,34.0,1983.0,0.0
2018,2018 FIFA World Cup,Russia,RUS,Aleksandr Yerokhin,MF,28.0,1989.0,0.0
2018,2018 FIFA World Cup,Russia,RUS,Artem Dzyuba,FW,29.0,1988.0,3.0
2018,2018 FIFA World Cup,Russia,RUS,Igor Smolnikov,DF,29.0,1988.0,0.0
2018,2018 FIFA World Cup,Saudi Arabia,SAU,Abdullah Al-Mayouf,GK,31.0,1987.0,0.0
2018,2018 FIFA World Cup,Saudi Arabia,SAU,Mansoor Al-Harbi,DF,30.0,1987.0,0.0
2018,2018 FIFA World Cup,Saudi Arabia,SAU,Osama Hawsawi,DF,34.0,1984.0,0.0
2018,2018 FIFA World Cup,Saudi Arabia,SAU,Ali Al-Bulaihi,DF,28.0,1989.0,0.0
2018,2018 FIFA World Cup,Saudi Arabia,SAU,Omar Hawsawi,DF,32.0,1985.0,0.0
2018,2018 FIFA World Cup,Saudi Arabia,SAU,Mohammed Al-Breik,DF,25.0,1992.0,0.0
2018,2018 FIFA World Cup,Saudi Arabia,SAU,Salman Al-Faraj,MF,28.0,1989.0,1.0
2018,2018 FIFA World Cup,Saudi Arabia,SAU,Yahya Al-Shehri,MF,27.0,1990.0,0.0
2018,2018 FIFA World Cup,Saudi Arabia,SAU,Hattan Bahebri,MF,25.0,1992.0,0.0
2018,2018 FIFA World Cup,Saudi Arabia,SAU,Mohammad Al-Sahlawi,FW,31.0,1987.0,0.0
2018,2018 FIFA World Cup,Saudi Arabia,SAU,Abdulmalek Al-Khaibri,MF,32.0,1986.0,0.0
2018,2018 FIFA World Cup,Saudi Arabia,SAU,Mohamed Kanno,MF,23.0,1994.0,0.0
2018,2018 FIFA World Cup,Saudi Arabia,SAU,Yasser Al-Shahrani,DF,26.0,1992.0,0.0
2018,2018 FIFA World Cup,Saudi Arabia,SAU,Abdullah Otayf,MF,25.0,1992.0,0.0
2018,2018 FIFA World Cup,Saudi Arabia,SAU,Abdullah Al-Khaibari,MF,21.0,1996.0,0.0
2018,2018 FIFA World Cup,Saudi Arabia,SAU,Housain Al-Mogahwi,MF,30.0,1988.0,0.0
2018,2018 FIFA World Cup,Saudi Arabia,SAU,Taisir Al-Jassim,MF,33.0,1984.0,0.0
2018,2018 FIFA World Cup,Saudi Arabia,SAU,Salem Al-Dawsari,MF,26.0,1991.0,1.0
2018,2018 FIFA World Cup,Saudi Arabia,SAU,Fahad Al-Muwallad,FW,23.0,1994.0,0.0
2018,2018 FIFA World Cup,Saudi Arabia,SAU,Muhannad Assiri,FW,31.0,1986.0,0.0
2018,2018 FIFA World Cup,Saudi Arabia,SAU,Yasser Al-Mosailem,GK,34.0,1984.0,0.0
2018,2018 FIFA World Cup,Saudi Arabia,SAU,Mohammed Al-Owais,GK,26.0,1991.0,0.0
2018,2018 FIFA World Cup,Saudi Arabia,SAU,Motaz Hawsawi,DF,26.0,1992.0,0.0
2018,2018 FIFA World Cup,Senegal,SEN,Abdoulaye Diallo,GK,26.0,1992.0,0.0
2018,2018 FIFA World Cup,Senegal,SEN,Adama Mbengue,DF,24.0,1993.0,0.0
2018,2018 FIFA World Cup,Senegal,SEN,Kalidou Koulibaly,DF,26.0,1991.0,0.0
2018,2018 FIFA World Cup,Senegal,SEN,Kara Mbodji,DF,28.0,1989.0,0.0
2018,2018 FIFA World Cup,Senegal,SEN,Idrissa Gueye,MF,28.0,1989.0,0.0
2018,2018 FIFA World Cup,Senegal,SEN,Salif Sané,MF,27.0,1990.0,0.0
2018,2018 FIFA World Cup,Senegal,SEN,Moussa Sow,FW,32.0,1986.0,0.0
2018,2018 FIFA World Cup,Senegal,SEN,Cheikhou Kouyaté,MF,28.0,1989.0,0.0
2018,2018 FIFA World Cup,Senegal,SEN,Mame Biram Diouf,FW,30.0,1987.0,0.0
2018,2018 FIFA World Cup,Senegal,SEN,Sadio Mané,FW,26.0,1992.0,1.0
2018,2018 FIFA World Cup,Senegal,SEN,Cheikh N'Doye,MF,32.0,1986.0,0.0
2018,2018 FIFA World Cup,Senegal,SEN,Youssouf Sabaly,DF,25.0,1993.0,0.0
2018,2018 FIFA World Cup,Senegal,SEN,Alfred N'Diaye,MF,28.0,1990.0,0.0
2018,2018 FIFA World Cup,Senegal,SEN,Moussa Konaté,FW,25.0,1993.0,0.0
2018,2018 FIFA World Cup,Senegal,SEN,Diafra Sakho,FW,28.0,1989.0,0.0
2018,2018 FIFA World Cup,Senegal,SEN,Khadim N'Diaye,GK,33.0,1985.0,0.0
2018,2018 FIFA World Cup,Senegal,SEN,Badou Ndiaye,MF,27.0,1990.0,0.0
2018,2018 FIFA World Cup,Senegal,SEN,Ismaïla Sarr,FW,20.0,1998.0,0.0
2018,2018 FIFA World Cup,Senegal,SEN,M'Baye Niang,FW,23.0,1994.0,1.0
2018,2018 FIFA World Cup,Senegal,SEN,Keita Baldé,FW,23.0,1995.0,0.0
2018,2018 FIFA World Cup,Senegal,SEN,Lamine Gassama,DF,28.0,1989.0,0.0
2018,2018 FIFA World Cup,Senegal,SEN,Moussa Wagué,DF,19.0,1998.0,1.0
2018,2018 FIFA World Cup,Senegal,SEN,Alfred Gomis,GK,24.0,1993.0,0.0
2018,2018 FIFA World Cup,Serbia,SRB,Vladimir Stojković,GK,34.0,1983.0,0.0
2018,2018 FIFA World Cup,Serbia,SRB,Antonio Rukavina,DF,34.0,1984.0,0.0
2018,2018 FIFA World Cup,Serbia,SRB,Duško Tošić,DF,33.0,1985.0,0.0
2018,2018 FIFA World Cup,Serbia,SRB,Luka Milivojević,MF,27.0,1991.0,0.0
2018,2018 FIFA World Cup,Serbia,SRB,Uroš Spajić,DF,25.0,1993.0,0.0
2018,2018 FIFA World Cup,Serbia,SRB,Branislav Ivanović,DF,34.0,1984.0,0.0
2018,2018 FIFA World Cup,Serbia,SRB,Andrija Živković,MF,21.0,1996.0,0.0
2018,2018 FIFA World Cup,Serbia,SRB,Aleksandar Prijović,FW,28.0,1990.0,0.0
2018,2018 FIFA World Cup,Serbia,SRB,Aleksandar Mitrović,FW,23.0,1994.0,1.0
2018,2018 FIFA World Cup,Serbia,SRB,Dušan Tadić,MF,29.0,1988.0,0.0
2018,2018 FIFA World Cup,Serbia,SRB,Aleksandar Kolarov,DF,32.0,1985.0,1.0
2018,2018 FIFA World Cup,Serbia,SRB,Predrag Rajković,GK,22.0,1995.0,0.0
2018,2018 FIFA World Cup,Serbia,SRB,Miloš Veljković,DF,22.0,1995.0,0.0
2018,2018 FIFA World Cup,Serbia,SRB,Milan Rodić,DF,27.0,1991.0,0.0
2018,2018 FIFA World Cup,Serbia,SRB,Nikola Milenković,DF,20.0,1997.0,0.0
2018,2018 FIFA World Cup,Serbia,SRB,Marko Grujić,MF,22.0,1996.0,0.0
2018,2018 FIFA World Cup,Serbia,SRB,Filip Kostić,MF,25.0,1992.0,0.0
2018,2018 FIFA World Cup,Serbia,SRB,Nemanja Radonjić,FW,22.0,1996.0,0.0
2018,2018 FIFA World Cup,Serbia,SRB,Luka Jović,FW,20.0,1997.0,0.0
2018,2018 FIFA World Cup,Serbia,SRB,Sergej Milinković-Savić,MF,23.0,1995.0,0.0
2018,2018 FIFA World Cup,Serbia,SRB,Nemanja Matić,MF,29.0,1988.0,0.0
2018,2018 FIFA World Cup,Serbia,SRB,Adem Ljajić,MF,26.0,1991.0,0.0
2018,2018 FIFA World Cup,Serbia,SRB,Marko Dmitrović,GK,26.0,1992.0,0.0
2018,2018 FIFA World Cup,Korea Republic,KOR,Seung-gyu Kim,GK,27.0,1990.0,0.0
2018,2018 FIFA World Cup,Korea Republic,KOR,Yong Lee,DF,31.0,1986.0,0.0
2018,2018 FIFA World Cup,Korea Republic,KOR,Seung-hyun Jung,DF,24.0,1994.0,0.0
2018,2018 FIFA World Cup,Korea Republic,KOR,Ban-suk Oh,DF,30.0,1988.0,0.0
2018,2018 FIFA World Cup,Korea Republic,KOR,Young-sun Yun,DF,29.0,1988.0,0.0
2018,2018 FIFA World Cup,Korea Republic,KOR,Joo-ho Park,DF,31.0,1987.0,0.0
2018,2018 FIFA World Cup,Korea Republic,KOR,Heung-min Son,FW,25.0,1992.0,2.0
2018,2018 FIFA World Cup,Korea Republic,KOR,Se-jong Ju,MF,27.0,1990.0,0.0
2018,2018 FIFA World Cup,Korea Republic,KOR,Shin-wook Kim,FW,30.0,1988.0,0.0
2018,2018 FIFA World Cup,Korea Republic,KOR,Seung-woo Lee,MF,20.0,1998.0,0.0
2018,2018 FIFA World Cup,Korea Republic,KOR,Hee-chan Hwang,FW,22.0,1996.0,0.0
2018,2018 FIFA World Cup,Korea Republic,KOR,Min-woo Kim,DF,28.0,1990.0,0.0
2018,2018 FIFA World Cup,Korea Republic,KOR,Ja-cheol Koo,MF,29.0,1989.0,0.0
2018,2018 FIFA World Cup,Korea Republic,KOR,Chul Hong,DF,27.0,1990.0,0.0
2018,2018 FIFA World Cup,Korea Republic,KOR,Woo-young Jung,MF,28.0,1989.0,0.0
2018,2018 FIFA World Cup,Korea Republic,KOR,Sung-yueng Ki,MF,29.0,1989.0,0.0
2018,2018 FIFA World Cup,Korea Republic,KOR,Jae-sung Lee,MF,25.0,1992.0,0.0
2018,2018 FIFA World Cup,Korea Republic,KOR,Seon-min Moon,MF,26.0,1992.0,0.0
2018,2018 FIFA World Cup,Korea Republic,KOR,Young-gwon Kim,DF,28.0,1990.0,1.0
2018,2018 FIFA World Cup,Korea Republic,KOR,Hyun-soo Jang,DF,26.0,1991.0,0.0
2018,2018 FIFA World Cup,Korea Republic,KOR,Jin-hyeon Kim,GK,30.0,1987.0,0.0
2018,2018 FIFA World Cup,Korea Republic,KOR,Yo-han Go,DF,30.0,1988.0,0.0
2018,2018 FIFA World Cup,Korea Republic,KOR,Hyeon-woo Jo,GK,26.0,1991.0,0.0
2018,2018 FIFA World Cup,Spain,ESP,David de Gea,GK,27.0,1990.0,0.0
2018,2018 FIFA World Cup,Spain,ESP,Dani Carvajal,DF,26.0,1992.0,0.0
2018,2018 FIFA World Cup,Spain,ESP,Gerard Piqué,DF,31.0,1987.0,0.0
2018,2018 FIFA World Cup,Spain,ESP,Nacho,DF,28.0,1990.0,1.0
2018,2018 FIFA World Cup,Spain,ESP,Sergio Busquets,MF,29.0,1988.0,0.0
2018,2018 FIFA World Cup,Spain,ESP,Andrés Iniesta,MF,34.0,1984.0,0.0
2018,2018 FIFA World Cup,Spain,ESP,Saúl,MF,23.0,1994.0,0.0
2018,2018 FIFA World Cup,Spain,ESP,Koke,MF,26.0,1992.0,0.0
2018,2018 FIFA World Cup,Spain,ESP,Rodrigo,FW,27.0,1991.0,0.0
2018,2018 FIFA World Cup,Spain,ESP,Thiago,MF,27.0,1991.0,0.0
2018,2018 FIFA World Cup,Spain,ESP,Lucas Vázquez,FW,26.0,1991.0,0.0
2018,2018 FIFA World Cup,Spain,ESP,Álvaro Odriozola,DF,22.0,1995.0,0.0
2018,2018 FIFA World Cup,Spain,ESP,Kepa Arrizabalaga,GK,23.0,1994.0,0.0
2018,2018 FIFA World Cup,Spain,ESP,César Azpilicueta,DF,28.0,1989.0,0.0
2018,2018 FIFA World Cup,Spain,ESP,Sergio Ramos,DF,32.0,1986.0,0.0
2018,2018 FIFA World Cup,Spain,ESP,Nacho Monreal,DF,32.0,1986.0,0.0
2018,2018 FIFA World Cup,Spain,ESP,Iago Aspas,FW,30.0,1987.0,1.0
2018,2018 FIFA World Cup,Spain,ESP,Jordi Alba,DF,29.0,1989.0,0.0
2018,2018 FIFA World Cup,Spain,ESP,Diego Costa,FW,29.0,1988.0,3.0
2018,2018 FIFA World Cup,Spain,ESP,Marco Asensio,MF,22.0,1996.0,0.0
2018,2018 FIFA World Cup,Spain,ESP,David Silva,FW,32.0,1986.0,0.0
2018,2018 FIFA World Cup,Spain,ESP,Isco,MF,26.0,1992.0,1.0
2018,2018 FIFA World Cup,Spain,ESP,Pepe Reina,GK,35.0,1982.0,0.0
2018,2018 FIFA World Cup,Sweden,SWE,Robin Olsen,GK,28.0,1990.0,0.0
2018,2018 FIFA World Cup,Sweden,SWE,Mikael Lustig,DF,31.0,1986.0,0.0
2018,2018 FIFA World Cup,Sweden,SWE,Victor Lindelöf,DF,23.0,1994.0,0.0
2018,2018 FIFA World Cup,Sweden,SWE,Andreas Granqvist,DF,33.0,1985.0,2.0
2018,2018 FIFA World Cup,Sweden,SWE,Martin Olsson,DF,30.0,1988.0,0.0
2018,2018 FIFA World Cup,Sweden,SWE,Ludwig Augustinsson,DF,24.0,1994.0,1.0
2018,2018 FIFA World Cup,Sweden,SWE,Sebastian Larsson,MF,33.0,1985.0,0.0
2018,2018 FIFA World Cup,Sweden,SWE,Albin Ekdal,MF,28.0,1989.0,0.0
2018,2018 FIFA World Cup,Sweden,SWE,Marcus Berg,FW,31.0,1986.0,0.0
2018,2018 FIFA World Cup,Sweden,SWE,Emil Forsberg,MF,26.0,1991.0,1.0
2018,2018 FIFA World Cup,Sweden,SWE,John Guidetti,FW,26.0,1992.0,0.0
2018,2018 FIFA World Cup,Sweden,SWE,Karl-Johan Johnsson,GK,28.0,1990.0,0.0
2018,2018 FIFA World Cup,Sweden,SWE,Gustav Svensson,MF,31.0,1987.0,0.0
2018,2018 FIFA World Cup,Sweden,SWE,Filip Helander,DF,25.0,1993.0,0.0
2018,2018 FIFA World Cup,Sweden,SWE,Oscar Hiljemark,MF,25.0,1992.0,0.0
2018,2018 FIFA World Cup,Sweden,SWE,Emil Krafth,DF,23.0,1994.0,0.0
2018,2018 FIFA World Cup,Sweden,SWE,Viktor Claesson,MF,26.0,1992.0,0.0
2018,2018 FIFA World Cup,Sweden,SWE,Pontus Jansson,DF,27.0,1991.0,0.0
2018,2018 FIFA World Cup,Sweden,SWE,Marcus Rohdén,MF,27.0,1991.0,0.0
2018,2018 FIFA World Cup,Sweden,SWE,Ola Toivonen,FW,31.0,1986.0,1.0
2018,2018 FIFA World Cup,Sweden,SWE,Jimmy Durmaz,MF,29.0,1989.0,0.0
2018,2018 FIFA World Cup,Sweden,SWE,Isaac Kiese Thelin,FW,25.0,1992.0,0.0
2018,2018 FIFA World Cup,Sweden,SWE,Kristoffer Nordfeldt,GK,28.0,1989.0,0.0
2018,2018 FIFA World Cup,Switzerland,CHE,Yann Sommer,GK,29.0,1988.0,0.0
2018,2018 FIFA World Cup,Switzerland,CHE,Stephan Lichtsteiner,DF,34.0,1984.0,0.0
2018,2018 FIFA World Cup,Switzerland,CHE,François Moubandje,DF,27.0,1990.0,0.0
2018,2018 FIFA World Cup,Switzerland,CHE,Nico Elvedi,DF,21.0,1996.0,0.0
2018,2018 FIFA World Cup,Switzerland,CHE,Manuel Akanji,DF,22.0,1995.0,0.0
2018,2018 FIFA World Cup,Switzerland,CHE,Michael Lang,DF,27.0,1991.0,0.0
2018,2018 FIFA World Cup,Switzerland,CHE,Breel Embolo,FW,21.0,1997.0,0.0
2018,2018 FIFA World Cup,Switzerland,CHE,Remo Freuler,MF,26.0,1992.0,0.0
2018,2018 FIFA World Cup,Switzerland,CHE,Haris Seferovic,FW,26.0,1992.0,0.0
2018,2018 FIFA World Cup,Switzerland,CHE,Granit Xhaka,MF,25.0,1992.0,1.0
2018,2018 FIFA World Cup,Switzerland,CHE,Valon Behrami,MF,33.0,1985.0,0.0
2018,2018 FIFA World Cup,Switzerland,CHE,Yvon Mvogo,GK,24.0,1994.0,0.0
2018,2018 FIFA World Cup,Switzerland,CHE,Ricardo Rodríguez,DF,25.0,1992.0,0.0
2018,2018 FIFA World Cup,Switzerland,CHE,Steven Zuber,MF,26.0,1991.0,1.0
2018,2018 FIFA World Cup,Switzerland,CHE,Blerim Džemaili,MF,32.0,1986.0,1.0
2018,2018 FIFA World Cup,Switzerland,CHE,Gélson Fernandes,MF,31.0,1986.0,0.0
2018,2018 FIFA World Cup,Switzerland,CHE,Denis Zakaria,MF,21.0,1996.0,0.0
2018,2018 FIFA World Cup,Switzerland,CHE,Mario Gavranović,FW,28.0,1989.0,0.0
2018,2018 FIFA World Cup,Switzerland,CHE,Josip Drmić,FW,25.0,1992.0,1.0
2018,2018 FIFA World Cup,Switzerland,CHE,Johan Djourou,DF,31.0,1987.0,0.0
2018,2018 FIFA World Cup,Switzerland,CHE,Roman Bürki,GK,27.0,1990.0,0.0
2018,2018 FIFA World Cup,Switzerland,CHE,Fabian Schär,DF,26.0,1991.0,0.0
2018,2018 FIFA World Cup,Switzerland,CHE,Xherdan Shaqiri,MF,26.0,1991.0,1.0
2018,2018 FIFA World Cup,Tunisia,TUN,Farouk Ben Mustapha,GK,28.0,1989.0,0.0
2018,2018 FIFA World Cup,Tunisia,TUN,Syam Ben Youssef,DF,29.0,1989.0,0.0
2018,2018 FIFA World Cup,Tunisia,TUN,Yohan Benalouane,DF,31.0,1987.0,0.0
2018,2018 FIFA World Cup,Tunisia,TUN,Yassine Meriah,DF,24.0,1993.0,0.0
2018,2018 FIFA World Cup,Tunisia,TUN,Oussama Haddadi,DF,26.0,1992.0,0.0
2018,2018 FIFA World Cup,Tunisia,TUN,Rami Bedoui,DF,28.0,1990.0,0.0
2018,2018 FIFA World Cup,Tunisia,TUN,Saîf-Eddine Khaoui,FW,23.0,1995.0,0.0
2018,2018 FIFA World Cup,Tunisia,TUN,Fakhreddine Ben Youssef,FW,26.0,1991.0,1.0
2018,2018 FIFA World Cup,Tunisia,TUN,Anice Badri,MF,27.0,1990.0,0.0
2018,2018 FIFA World Cup,Tunisia,TUN,Wahbi Khazri,FW,27.0,1991.0,2.0
2018,2018 FIFA World Cup,Tunisia,TUN,Dylan Bronn,DF,22.0,1995.0,1.0
2018,2018 FIFA World Cup,Tunisia,TUN,Ali Maâloul,DF,28.0,1990.0,0.0
2018,2018 FIFA World Cup,Tunisia,TUN,Ferjani Sassi,MF,26.0,1992.0,1.0
2018,2018 FIFA World Cup,Tunisia,TUN,Mohamed Amine Ben Amor,MF,26.0,1992.0,0.0
2018,2018 FIFA World Cup,Tunisia,TUN,Ahmed Khalil,FW,23.0,1994.0,0.0
2018,2018 FIFA World Cup,Tunisia,TUN,Aymen Mathlouthi,GK,33.0,1984.0,0.0
2018,2018 FIFA World Cup,Tunisia,TUN,Ellyes Skhiri,MF,23.0,1995.0,0.0
2018,2018 FIFA World Cup,Tunisia,TUN,Bassem Srarfi,FW,20.0,1997.0,0.0
2018,2018 FIFA World Cup,Tunisia,TUN,Saber Khalifa,FW,31.0,1986.0,0.0
2018,2018 FIFA World Cup,Tunisia,TUN,Ghailene Chaalali,FW,24.0,1994.0,0.0
2018,2018 FIFA World Cup,Tunisia,TUN,Hamdi Nagguez,DF,25.0,1992.0,0.0
2018,2018 FIFA World Cup,Tunisia,TUN,Mouez Hassen,GK,23.0,1995.0,0.0
2018,2018 FIFA World Cup,Tunisia,TUN,Naïm Sliti,FW,25.0,1992.0,0.0
2018,2018 FIFA World Cup,Uruguay,URY,Fernando Muslera,GK,31.0,1986.0,0.0
2018,2018 FIFA World Cup,Uruguay,URY,José Giménez,DF,23.0,1995.0,1.0
2018,2018 FIFA World Cup,Uruguay,URY,Diego Godín,DF,32.0,1986.0,0.0
2018,2018 FIFA World Cup,Uruguay,URY,Guillermo Varela,DF,25.0,1993.0,0.0
2018,2018 FIFA World Cup,Uruguay,URY,Carlos Sánchez,MF,33.0,1984.0,0.0
2018,2018 FIFA World Cup,Uruguay,URY,Rodrigo Bentancur,MF,20.0,1997.0,0.0
2018,2018 FIFA World Cup,Uruguay,URY,Cristian Rodríguez,MF,32.0,1985.0,0.0
2018,2018 FIFA World Cup,Uruguay,URY,Nahitan Nández,MF,22.0,1995.0,0.0
2018,2018 FIFA World Cup,Uruguay,URY,Luis Suárez,FW,31.0,1987.0,2.0
2018,2018 FIFA World Cup,Uruguay,URY,Giorgian De Arrascaeta,FW,24.0,1994.0,0.0
2018,2018 FIFA World Cup,Uruguay,URY,Cristhian Stuani,FW,31.0,1986.0,0.0
2018,2018 FIFA World Cup,Uruguay,URY,Martín Campaña,GK,29.0,1989.0,0.0
2018,2018 FIFA World Cup,Uruguay,URY,Gastón Silva,DF,24.0,1994.0,0.0
2018,2018 FIFA World Cup,Uruguay,URY,Lucas Torreira,MF,22.0,1996.0,0.0
2018,2018 FIFA World Cup,Uruguay,URY,Matías Vecino,MF,26.0,1991.0,0.0
2018,2018 FIFA World Cup,Uruguay,URY,Maxi Pereira,DF,34.0,1984.0,0.0
2018,2018 FIFA World Cup,Uruguay,URY,Diego Laxalt,MF,25.0,1993.0,0.0
2018,2018 FIFA World Cup,Uruguay,URY,Maxi Gómez,FW,21.0,1996.0,0.0
2018,2018 FIFA World Cup,Uruguay,URY,Sebastián Coates,DF,27.0,1990.0,0.0
2018,2018 FIFA World Cup,Uruguay,URY,Jonathan Urretaviscaya,FW,28.0,1990.0,0.0
2018,2018 FIFA World Cup,Uruguay,URY,Edinson Cavani,FW,31.0,1987.0,3.0
2018,2018 FIFA World Cup,Uruguay,URY,Martín Cáceres,DF,31.0,1987.0,0.0
2018,2018 FIFA World Cup,Uruguay,URY,Martín Silva,GK,35.0,1983.0,0.0
2022,2022 FIFA World Cup,Argentina,ARG,Franco Armani,GK,36.0,1986.0,0.0
2022,2022 FIFA World Cup,Argentina,ARG,Juan Foyth,DF,24.0,1998.0,0.0
2022,2022 FIFA World Cup,Argentina,ARG,Nicolás Tagliafico,DF,30.0,1992.0,0.0
2022,2022 FIFA World Cup,Argentina,ARG,Gonzalo Montiel,DF,25.0,1997.0,0.0
2022,2022 FIFA World Cup,Argentina,ARG,Leandro Paredes,MF,28.0,1994.0,0.0
2022,2022 FIFA World Cup,Argentina,ARG,Germán Pezzella,DF,31.0,1991.0,0.0
2022,2022 FIFA World Cup,Argentina,ARG,Rodrigo De Paul,MF,28.0,1994.0,0.0
2022,2022 FIFA World Cup,Argentina,ARG,Marcos Acuña,MF,31.0,1991.0,0.0
2022,2022 FIFA World Cup,Argentina,ARG,Julián Álvarez,FW,22.0,2000.0,4.0
2022,2022 FIFA World Cup,Argentina,ARG,Lionel Messi,FW,35.0,1987.0,7.0
2022,2022 FIFA World Cup,Argentina,ARG,Ángel Di María,FW,34.0,1988.0,1.0
2022,2022 FIFA World Cup,Argentina,ARG,Gerónimo Rulli,GK,30.0,1992.0,0.0
2022,2022 FIFA World Cup,Argentina,ARG,Cristian Romero,DF,24.0,1998.0,0.0
2022,2022 FIFA World Cup,Argentina,ARG,Exequiel Palacios,MF,24.0,1998.0,0.0
2022,2022 FIFA World Cup,Argentina,ARG,Ángel Correa,FW,27.0,1995.0,0.0
2022,2022 FIFA World Cup,Argentina,ARG,Thiago Almada,MF,21.0,2001.0,0.0
2022,2022 FIFA World Cup,Argentina,ARG,Papu Gómez,MF,34.0,1988.0,0.0
2022,2022 FIFA World Cup,Argentina,ARG,Guido Rodríguez,MF,28.0,1994.0,0.0
2022,2022 FIFA World Cup,Argentina,ARG,Nicolás Otamendi,DF,34.0,1988.0,0.0
2022,2022 FIFA World Cup,Argentina,ARG,Alexis Mac Allister,MF,23.0,1998.0,1.0
2022,2022 FIFA World Cup,Argentina,ARG,Paulo Dybala,FW,29.0,1993.0,0.0
2022,2022 FIFA World Cup,Argentina,ARG,Lautaro Martínez,FW,25.0,1997.0,0.0
2022,2022 FIFA World Cup,Argentina,ARG,Emiliano Martínez,GK,30.0,1992.0,0.0
2022,2022 FIFA World Cup,Argentina,ARG,Enzo Fernández,MF,21.0,2001.0,1.0
2022,2022 FIFA World Cup,Argentina,ARG,Lisandro Martínez,DF,24.0,1998.0,0.0
2022,2022 FIFA World Cup,Argentina,ARG,Nahuel Molina,DF,24.0,1998.0,1.0
2022,2022 FIFA World Cup,Australia,AUS,Mathew Ryan,GK,30.0,1992.0,0.0
2022,2022 FIFA World Cup,Australia,AUS,Miloš Degenek,DF,28.0,1994.0,0.0
2022,2022 FIFA World Cup,Australia,AUS,Nathaniel Atkinson,DF,23.0,1999.0,0.0
2022,2022 FIFA World Cup,Australia,AUS,Kye Rowles,DF,24.0,1998.0,0.0
2022,2022 FIFA World Cup,Australia,AUS,Fran Karačić,DF,26.0,1996.0,0.0
2022,2022 FIFA World Cup,Australia,AUS,Marco Tilio,FW,21.0,2001.0,0.0
2022,2022 FIFA World Cup,Australia,AUS,Mathew Leckie,FW,31.0,1991.0,1.0
2022,2022 FIFA World Cup,Australia,AUS,Bailey Wright,DF,30.0,1992.0,0.0
2022,2022 FIFA World Cup,Australia,AUS,Jamie Maclaren,FW,29.0,1993.0,0.0
2022,2022 FIFA World Cup,Australia,AUS,Ajdin Hrustic,MF,26.0,1996.0,0.0
2022,2022 FIFA World Cup,Australia,AUS,Awer Mabil,FW,27.0,1995.0,0.0
2022,2022 FIFA World Cup,Australia,AUS,Andrew Redmayne,GK,33.0,1989.0,0.0
2022,2022 FIFA World Cup,Australia,AUS,Aaron Mooy,MF,32.0,1990.0,0.0
2022,2022 FIFA World Cup,Australia,AUS,Riley McGree,MF,24.0,1998.0,0.0
2022,2022 FIFA World Cup,Australia,AUS,Mitchell Duke,FW,31.0,1991.0,1.0
2022,2022 FIFA World Cup,Australia,AUS,Aziz Behich,DF,31.0,1990.0,0.0
2022,2022 FIFA World Cup,Australia,AUS,Cameron Devlin,MF,24.0,1998.0,0.0
2022,2022 FIFA World Cup,Australia,AUS,Danny Vukovic,GK,37.0,1985.0,0.0
2022,2022 FIFA World Cup,Australia,AUS,Harry Souttar,DF,24.0,1998.0,0.0
2022,2022 FIFA World Cup,Australia,AUS,Thomas Deng,DF,25.0,1997.0,0.0
2022,2022 FIFA World Cup,Australia,AUS,Garang Kuol,FW,18.0,2004.0,0.0
2022,2022 FIFA World Cup,Australia,AUS,Jackson Irvine,MF,29.0,1993.0,0.0
2022,2022 FIFA World Cup,Australia,AUS,Craig Goodwin,FW,30.0,1991.0,1.0
2022,2022 FIFA World Cup,Australia,AUS,Joel King,DF,22.0,2000.0,0.0
2022,2022 FIFA World Cup,Australia,AUS,Jason Cummings,FW,27.0,1995.0,0.0
2022,2022 FIFA World Cup,Australia,AUS,Keanu Baccus,MF,24.0,1998.0,0.0
2022,2022 FIFA World Cup,Belgium,BEL,Thibaut Courtois,GK,30.0,1992.0,0.0
2022,2022 FIFA World Cup,Belgium,BEL,Toby Alderweireld,DF,33.0,1989.0,0.0
2022,2022 FIFA World Cup,Belgium,BEL,Arthur Theate,DF,22.0,2000.0,0.0
2022,2022 FIFA World Cup,Belgium,BEL,Wout Faes,DF,24.0,1998.0,0.0
2022,2022 FIFA World Cup,Belgium,BEL,Jan Vertonghen,DF,35.0,1987.0,0.0
2022,2022 FIFA World Cup,Belgium,BEL,Axel Witsel,MF,33.0,1989.0,0.0
2022,2022 FIFA World Cup,Belgium,BEL,Kevin De Bruyne,MF,31.0,1991.0,0.0
2022,2022 FIFA World Cup,Belgium,BEL,Youri Tielemans,MF,25.0,1997.0,0.0
2022,2022 FIFA World Cup,Belgium,BEL,Romelu Lukaku,FW,29.0,1993.0,0.0
2022,2022 FIFA World Cup,Belgium,BEL,Eden Hazard,FW,31.0,1991.0,0.0
2022,2022 FIFA World Cup,Belgium,BEL,Yannick Carrasco,FW,29.0,1993.0,0.0
2022,2022 FIFA World Cup,Belgium,BEL,Simon Mignolet,GK,34.0,1988.0,0.0
2022,2022 FIFA World Cup,Belgium,BEL,Koen Casteels,GK,30.0,1992.0,0.0
2022,2022 FIFA World Cup,Belgium,BEL,Dries Mertens,FW,35.0,1987.0,0.0
2022,2022 FIFA World Cup,Belgium,BEL,Thomas Meunier,MF,31.0,1991.0,0.0
2022,2022 FIFA World Cup,Belgium,BEL,Thorgan Hazard,MF,29.0,1993.0,0.0
2022,2022 FIFA World Cup,Belgium,BEL,Leandro Trossard,FW,27.0,1994.0,0.0
2022,2022 FIFA World Cup,Belgium,BEL,Amadou Onana,MF,21.0,2001.0,0.0
2022,2022 FIFA World Cup,Belgium,BEL,Leander Dendoncker,DF,27.0,1995.0,0.0
2022,2022 FIFA World Cup,Belgium,BEL,Hans Vanaken,MF,30.0,1992.0,0.0
2022,2022 FIFA World Cup,Belgium,BEL,Timothy Castagne,MF,26.0,1995.0,0.0
2022,2022 FIFA World Cup,Belgium,BEL,Charles De Ketelaere,FW,21.0,2001.0,0.0
2022,2022 FIFA World Cup,Belgium,BEL,Michy Batshuayi,FW,29.0,1993.0,1.0
2022,2022 FIFA World Cup,Belgium,BEL,Loïs Openda,FW,22.0,2000.0,0.0
2022,2022 FIFA World Cup,Belgium,BEL,Jérémy Doku,FW,20.0,2002.0,0.0
2022,2022 FIFA World Cup,Belgium,BEL,Zeno Debast,DF,19.0,2003.0,0.0
2022,2022 FIFA World Cup,Brazil,BRA,Alisson,GK,30.0,1992.0,0.0
2022,2022 FIFA World Cup,Brazil,BRA,Danilo,DF,31.0,1991.0,0.0
2022,2022 FIFA World Cup,Brazil,BRA,Thiago Silva,DF,38.0,1984.0,0.0
2022,2022 FIFA World Cup,Brazil,BRA,Marquinhos,DF,28.0,1994.0,0.0
2022,2022 FIFA World Cup,Brazil,BRA,Casemiro,MF,30.0,1992.0,1.0
2022,2022 FIFA World Cup,Brazil,BRA,Alex Sandro,DF,31.0,1991.0,0.0
2022,2022 FIFA World Cup,Brazil,BRA,Lucas Paquetá,MF,25.0,1997.0,1.0
2022,2022 FIFA World Cup,Brazil,BRA,Fred,MF,29.0,1993.0,0.0
2022,2022 FIFA World Cup,Brazil,BRA,Richarlison,FW,25.0,1997.0,3.0
2022,2022 FIFA World Cup,Brazil,BRA,Neymar,FW,30.0,1992.0,2.0
2022,2022 FIFA World Cup,Brazil,BRA,Raphinha,FW,25.0,1996.0,0.0
2022,2022 FIFA World Cup,Brazil,BRA,Weverton,GK,34.0,1987.0,0.0
2022,2022 FIFA World Cup,Brazil,BRA,Dani Alves,DF,39.0,1983.0,0.0
2022,2022 FIFA World Cup,Brazil,BRA,Éder Militão,DF,24.0,1998.0,0.0
2022,2022 FIFA World Cup,Brazil,BRA,Fabinho,MF,29.0,1993.0,0.0
2022,2022 FIFA World Cup,Brazil,BRA,Alex Telles,DF,29.0,1992.0,0.0
2022,2022 FIFA World Cup,Brazil,BRA,Bruno Guimarães,MF,25.0,1997.0,0.0
2022,2022 FIFA World Cup,Brazil,BRA,Gabriel Jesus,FW,25.0,1997.0,0.0
2022,2022 FIFA World Cup,Brazil,BRA,Antony,FW,22.0,2000.0,0.0
2022,2022 FIFA World Cup,Brazil,BRA,Vinícius Júnior,FW,22.0,2000.0,1.0
2022,2022 FIFA World Cup,Brazil,BRA,Rodrygo,FW,21.0,2001.0,0.0
2022,2022 FIFA World Cup,Brazil,BRA,Éverton Ribeiro,MF,33.0,1989.0,0.0
2022,2022 FIFA World Cup,Brazil,BRA,Ederson,GK,29.0,1993.0,0.0
2022,2022 FIFA World Cup,Brazil,BRA,Bremer,DF,25.0,1997.0,0.0
2022,2022 FIFA World Cup,Brazil,BRA,Pedro,FW,25.0,1997.0,0.0
2022,2022 FIFA World Cup,Brazil,BRA,Gabriel Martinelli,FW,21.0,2001.0,0.0
2022,2022 FIFA World Cup,Cameroon,CMR,Simon Ngapandouetnbu,GK,19.0,2003.0,0.0
2022,2022 FIFA World Cup,Cameroon,CMR,Jerome Ngom Mbekeli,DF,24.0,1998.0,0.0
2022,2022 FIFA World Cup,Cameroon,CMR,Nicolas Nkoulou,DF,32.0,1990.0,0.0
2022,2022 FIFA World Cup,Cameroon,CMR,Christopher Wooh,DF,21.0,2001.0,0.0
2022,2022 FIFA World Cup,Cameroon,CMR,Gaël Ondoua,MF,27.0,1995.0,0.0
2022,2022 FIFA World Cup,Cameroon,CMR,Moumi Ngamaleu,FW,28.0,1994.0,0.0
2022,2022 FIFA World Cup,Cameroon,CMR,Georges-Kévin Nkoudou,MF,27.0,1995.0,0.0
2022,2022 FIFA World Cup,Cameroon,CMR,André-Frank Zambo Anguissa,MF,27.0,1995.0,0.0
2022,2022 FIFA World Cup,Cameroon,CMR,Jean-Pierre Nsame,FW,29.0,1993.0,0.0
2022,2022 FIFA World Cup,Cameroon,CMR,Vincent Aboubakar,FW,30.0,1992.0,2.0
2022,2022 FIFA World Cup,Cameroon,CMR,Christian Bassogog,FW,27.0,1995.0,0.0
2022,2022 FIFA World Cup,Cameroon,CMR,Karl Toko Ekambi,FW,30.0,1992.0,0.0
2022,2022 FIFA World Cup,Cameroon,CMR,Eric Maxim Choupo-Moting,FW,33.0,1989.0,1.0
2022,2022 FIFA World Cup,Cameroon,CMR,Samuel Gouet,MF,24.0,1997.0,0.0
2022,2022 FIFA World Cup,Cameroon,CMR,Pierre Kunde,MF,27.0,1995.0,0.0
2022,2022 FIFA World Cup,Cameroon,CMR,Devis Epassy,GK,29.0,1993.0,0.0
2022,2022 FIFA World Cup,Cameroon,CMR,Olivier Mbaizo,DF,25.0,1997.0,0.0
2022,2022 FIFA World Cup,Cameroon,CMR,Martin Hongla,MF,24.0,1998.0,0.0
2022,2022 FIFA World Cup,Cameroon,CMR,Collins Fai,DF,30.0,1992.0,0.0
2022,2022 FIFA World Cup,Cameroon,CMR,Bryan Mbeumo,FW,23.0,1999.0,0.0
2022,2022 FIFA World Cup,Cameroon,CMR,Jean-Charles Castelletto,DF,27.0,1995.0,1.0
2022,2022 FIFA World Cup,Cameroon,CMR,Olivier Ntcham,MF,26.0,1996.0,0.0
2022,2022 FIFA World Cup,Cameroon,CMR,André Onana,GK,26.0,1996.0,0.0
2022,2022 FIFA World Cup,Cameroon,CMR,Enzo Ebosse,DF,23.0,1999.0,0.0
2022,2022 FIFA World Cup,Cameroon,CMR,Nouhou Tolo,DF,25.0,1997.0,0.0
2022,2022 FIFA World Cup,Cameroon,CMR,Souaibou Marou,MF,21.0,2000.0,0.0
2022,2022 FIFA World Cup,Canada,CAN,Dayne St. Clair,GK,25.0,1997.0,0.0
2022,2022 FIFA World Cup,Canada,CAN,Alistair Johnston,DF,24.0,1998.0,0.0
2022,2022 FIFA World Cup,Canada,CAN,Sam Adekugbe,DF,27.0,1995.0,0.0
2022,2022 FIFA World Cup,Canada,CAN,Kamal Miller,DF,25.0,1997.0,0.0
2022,2022 FIFA World Cup,Canada,CAN,Steven Vitória,DF,35.0,1987.0,0.0
2022,2022 FIFA World Cup,Canada,CAN,Samuel Piette,MF,28.0,1994.0,0.0
2022,2022 FIFA World Cup,Canada,CAN,Stephen Eustáquio,MF,25.0,1996.0,0.0
2022,2022 FIFA World Cup,Canada,CAN,Liam Fraser,MF,24.0,1998.0,0.0
2022,2022 FIFA World Cup,Canada,CAN,Lucas Cavallini,FW,29.0,1992.0,0.0
2022,2022 FIFA World Cup,Canada,CAN,Junior Hoilett,MF,32.0,1990.0,0.0
2022,2022 FIFA World Cup,Canada,CAN,Tajon Buchanan,FW,23.0,1999.0,0.0
2022,2022 FIFA World Cup,Canada,CAN,Iké Ugbo,FW,24.0,1998.0,0.0
2022,2022 FIFA World Cup,Canada,CAN,Atiba Hutchinson,MF,39.0,1983.0,0.0
2022,2022 FIFA World Cup,Canada,CAN,Mark-Anthony Kaye,MF,27.0,1994.0,0.0
2022,2022 FIFA World Cup,Canada,CAN,Ismaël Koné,MF,20.0,2002.0,0.0
2022,2022 FIFA World Cup,Canada,CAN,James Pantemis,GK,25.0,1997.0,0.0
2022,2022 FIFA World Cup,Canada,CAN,Cyle Larin,FW,27.0,1995.0,0.0
2022,2022 FIFA World Cup,Canada,CAN,Milan Borjan,GK,35.0,1987.0,0.0
2022,2022 FIFA World Cup,Canada,CAN,Alphonso Davies,FW,22.0,2000.0,1.0
2022,2022 FIFA World Cup,Canada,CAN,Jonathan David,FW,22.0,2000.0,0.0
2022,2022 FIFA World Cup,Canada,CAN,Jonathan Osorio,MF,30.0,1992.0,0.0
2022,2022 FIFA World Cup,Canada,CAN,Richie Laryea,DF,27.0,1995.0,0.0
2022,2022 FIFA World Cup,Canada,CAN,Liam Millar,MF,23.0,1999.0,0.0
2022,2022 FIFA World Cup,Canada,CAN,David Wotherspoon,MF,32.0,1990.0,0.0
2022,2022 FIFA World Cup,Canada,CAN,Derek Cornelius,DF,24.0,1997.0,0.0
2022,2022 FIFA World Cup,Canada,CAN,Joel Waterman,DF,26.0,1996.0,0.0
2022,2022 FIFA World Cup,Costa Rica,CRI,Keylor Navas,GK,35.0,1986.0,0.0
2022,2022 FIFA World Cup,Costa Rica,CRI,Daniel Chacón,MF,21.0,2001.0,0.0
2022,2022 FIFA World Cup,Costa Rica,CRI,Juan Pablo Vargas,DF,27.0,1995.0,1.0
2022,2022 FIFA World Cup,Costa Rica,CRI,Keysher Fuller,DF,28.0,1994.0,1.0
2022,2022 FIFA World Cup,Costa Rica,CRI,Celso Borges,MF,34.0,1988.0,0.0
2022,2022 FIFA World Cup,Costa Rica,CRI,Óscar Duarte,DF,33.0,1989.0,0.0
2022,2022 FIFA World Cup,Costa Rica,CRI,Anthony Contreras,FW,22.0,2000.0,0.0
2022,2022 FIFA World Cup,Costa Rica,CRI,Bryan Oviedo,DF,32.0,1990.0,0.0
2022,2022 FIFA World Cup,Costa Rica,CRI,Jewison Bennette,MF,18.0,2004.0,0.0
2022,2022 FIFA World Cup,Costa Rica,CRI,Bryan Ruiz,MF,37.0,1985.0,0.0
2022,2022 FIFA World Cup,Costa Rica,CRI,Johan Venegas,FW,33.0,1988.0,0.0
2022,2022 FIFA World Cup,Costa Rica,CRI,Joel Campbell,FW,30.0,1992.0,0.0
2022,2022 FIFA World Cup,Costa Rica,CRI,Gerson Torres,MF,25.0,1997.0,0.0
2022,2022 FIFA World Cup,Costa Rica,CRI,Youstin Salas,MF,26.0,1996.0,0.0
2022,2022 FIFA World Cup,Costa Rica,CRI,Francisco Calvo,DF,30.0,1992.0,0.0
2022,2022 FIFA World Cup,Costa Rica,CRI,Carlos Martínez,DF,23.0,1999.0,0.0
2022,2022 FIFA World Cup,Costa Rica,CRI,Yeltsin Tejeda,MF,30.0,1992.0,1.0
2022,2022 FIFA World Cup,Costa Rica,CRI,Esteban Alvarado,GK,33.0,1989.0,0.0
2022,2022 FIFA World Cup,Costa Rica,CRI,Kendall Waston,DF,34.0,1988.0,0.0
2022,2022 FIFA World Cup,Costa Rica,CRI,Brandon Aguilera,MF,19.0,2003.0,0.0
2022,2022 FIFA World Cup,Costa Rica,CRI,Douglas López,MF,24.0,1998.0,0.0
2022,2022 FIFA World Cup,Costa Rica,CRI,Rónald Matarrita,DF,28.0,1994.0,0.0
2022,2022 FIFA World Cup,Costa Rica,CRI,Patrick Sequeira,GK,23.0,1999.0,0.0
2022,2022 FIFA World Cup,Costa Rica,CRI,Roan Wilson,MF,20.0,2002.0,0.0
2022,2022 FIFA World Cup,Costa Rica,CRI,Anthony Hernández,MF,21.0,2001.0,0.0
2022,2022 FIFA World Cup,Costa Rica,CRI,Álvaro Zamora,MF,20.0,2002.0,0.0
2022,2022 FIFA World Cup,Croatia,HRV,Dominik Livaković,GK,27.0,1995.0,0.0
2022,2022 FIFA World Cup,Croatia,HRV,Josip Stanišić,DF,22.0,2000.0,0.0
2022,2022 FIFA World Cup,Croatia,HRV,Borna Barišić,DF,30.0,1992.0,0.0
2022,2022 FIFA World Cup,Croatia,HRV,Ivan Perišić,FW,33.0,1989.0,1.0
2022,2022 FIFA World Cup,Croatia,HRV,Martin Erlić,DF,24.0,1998.0,0.0
2022,2022 FIFA World Cup,Croatia,HRV,Dejan Lovren,DF,33.0,1989.0,0.0
2022,2022 FIFA World Cup,Croatia,HRV,Lovro Majer,MF,24.0,1998.0,1.0
2022,2022 FIFA World Cup,Croatia,HRV,Mateo Kovačić,MF,28.0,1994.0,0.0
2022,2022 FIFA World Cup,Croatia,HRV,Andrej Kramarić,FW,31.0,1991.0,2.0
2022,2022 FIFA World Cup,Croatia,HRV,Luka Modrić,MF,37.0,1985.0,0.0
2022,2022 FIFA World Cup,Croatia,HRV,Marcelo Brozović,MF,30.0,1992.0,0.0
2022,2022 FIFA World Cup,Croatia,HRV,Ivo Grbić,GK,26.0,1996.0,0.0
2022,2022 FIFA World Cup,Croatia,HRV,Nikola Vlašić,MF,25.0,1997.0,0.0
2022,2022 FIFA World Cup,Croatia,HRV,Marko Livaja,FW,29.0,1993.0,1.0
2022,2022 FIFA World Cup,Croatia,HRV,Mario Pašalić,MF,27.0,1995.0,0.0
2022,2022 FIFA World Cup,Croatia,HRV,Bruno Petković,FW,28.0,1994.0,1.0
2022,2022 FIFA World Cup,Croatia,HRV,Ante Budimir,FW,31.0,1991.0,0.0
2022,2022 FIFA World Cup,Croatia,HRV,Mislav Oršić,FW,29.0,1992.0,1.0
2022,2022 FIFA World Cup,Croatia,HRV,Borna Sosa,DF,24.0,1998.0,0.0
2022,2022 FIFA World Cup,Croatia,HRV,Joško Gvardiol,DF,20.0,2002.0,1.0
2022,2022 FIFA World Cup,Croatia,HRV,Domagoj Vida,DF,33.0,1989.0,0.0
2022,2022 FIFA World Cup,Croatia,HRV,Josip Juranović,DF,27.0,1995.0,0.0
2022,2022 FIFA World Cup,Croatia,HRV,Ivica Ivušić,GK,27.0,1995.0,0.0
2022,2022 FIFA World Cup,Croatia,HRV,Josip Šutalo,DF,22.0,2000.0,0.0
2022,2022 FIFA World Cup,Croatia,HRV,Luka Sučić,MF,20.0,2002.0,0.0
2022,2022 FIFA World Cup,Croatia,HRV,Kristijan Jakić,MF,25.0,1997.0,0.0
2022,2022 FIFA World Cup,Denmark,DNK,Kasper Schmeichel,GK,36.0,1986.0,0.0
2022,2022 FIFA World Cup,Denmark,DNK,Joachim Andersen,DF,26.0,1996.0,0.0
2022,2022 FIFA World Cup,Denmark,DNK,Victor Nelsson,DF,24.0,1998.0,0.0
2022,2022 FIFA World Cup,Denmark,DNK,Simon Kjær,DF,33.0,1989.0,0.0
2022,2022 FIFA World Cup,Denmark,DNK,Joakim Mæhle,DF,25.0,1997.0,0.0
2022,2022 FIFA World Cup,Denmark,DNK,Andreas Christensen,DF,26.0,1996.0,1.0
2022,2022 FIFA World Cup,Denmark,DNK,Mathias Jensen,MF,26.0,1996.0,0.0
2022,2022 FIFA World Cup,Denmark,DNK,Thomas Delaney,MF,31.0,1991.0,0.0
2022,2022 FIFA World Cup,Denmark,DNK,Martin Braithwaite,FW,31.0,1991.0,0.0
2022,2022 FIFA World Cup,Denmark,DNK,Christian Eriksen,MF,30.0,1992.0,0.0
2022,2022 FIFA World Cup,Denmark,DNK,Andreas Skov Olsen,MF,22.0,1999.0,0.0
2022,2022 FIFA World Cup,Denmark,DNK,Kasper Dolberg,FW,25.0,1997.0,0.0
2022,2022 FIFA World Cup,Denmark,DNK,Rasmus Kristensen,DF,25.0,1997.0,0.0
2022,2022 FIFA World Cup,Denmark,DNK,Mikkel Damsgaard,MF,22.0,2000.0,0.0
2022,2022 FIFA World Cup,Denmark,DNK,Christian Nørgaard,MF,28.0,1994.0,0.0
2022,2022 FIFA World Cup,Denmark,DNK,Oliver Christensen,GK,23.0,1999.0,0.0
2022,2022 FIFA World Cup,Denmark,DNK,Jens Stryger Larsen,DF,31.0,1991.0,0.0
2022,2022 FIFA World Cup,Denmark,DNK,Daniel Wass,DF,33.0,1989.0,0.0
2022,2022 FIFA World Cup,Denmark,DNK,Jonas Wind,FW,23.0,1999.0,0.0
2022,2022 FIFA World Cup,Denmark,DNK,Yussuf Poulsen,FW,28.0,1994.0,0.0
2022,2022 FIFA World Cup,Denmark,DNK,Andreas Cornelius,FW,29.0,1993.0,0.0
2022,2022 FIFA World Cup,Denmark,DNK,Frederik Rønnow,GK,30.0,1992.0,0.0
2022,2022 FIFA World Cup,Denmark,DNK,Pierre-Emile Højbjerg,MF,27.0,1995.0,0.0
2022,2022 FIFA World Cup,Denmark,DNK,Robert Skov,MF,26.0,1996.0,0.0
2022,2022 FIFA World Cup,Denmark,DNK,Jesper Lindstrøm,MF,22.0,2000.0,0.0
2022,2022 FIFA World Cup,Denmark,DNK,Alexander Bah,DF,24.0,1997.0,0.0
2022,2022 FIFA World Cup,Ecuador,ECU,Hernán Galíndez,GK,35.0,1987.0,0.0
2022,2022 FIFA World Cup,Ecuador,ECU,Félix Torres,DF,25.0,1997.0,0.0
2022,2022 FIFA World Cup,Ecuador,ECU,Piero Hincapié,DF,20.0,2002.0,0.0
2022,2022 FIFA World Cup,Ecuador,ECU,Robert Arboleda,DF,31.0,1991.0,0.0
2022,2022 FIFA World Cup,Ecuador,ECU,José Cifuentes,MF,23.0,1999.0,0.0
2022,2022 FIFA World Cup,Ecuador,ECU,William Pacho,DF,21.0,2001.0,0.0
2022,2022 FIFA World Cup,Ecuador,ECU,Pervis Estupiñán,DF,24.0,1998.0,0.0
2022,2022 FIFA World Cup,Ecuador,ECU,Carlos Gruezo,MF,27.0,1995.0,0.0
2022,2022 FIFA World Cup,Ecuador,ECU,Ayrton Preciado,MF,28.0,1994.0,0.0
2022,2022 FIFA World Cup,Ecuador,ECU,Romario Ibarra,MF,28.0,1994.0,0.0
2022,2022 FIFA World Cup,Ecuador,ECU,Michael Estrada,FW,26.0,1996.0,0.0
2022,2022 FIFA World Cup,Ecuador,ECU,Moisés Ramírez,GK,22.0,2000.0,0.0
2022,2022 FIFA World Cup,Ecuador,ECU,Enner Valencia,FW,33.0,1989.0,3.0
2022,2022 FIFA World Cup,Ecuador,ECU,Xavier Arreaga,DF,28.0,1994.0,0.0
2022,2022 FIFA World Cup,Ecuador,ECU,Ángel Mena,MF,34.0,1988.0,0.0
2022,2022 FIFA World Cup,Ecuador,ECU,Jeremy Sarmiento,MF,20.0,2002.0,0.0
2022,2022 FIFA World Cup,Ecuador,ECU,Ángelo Preciado,DF,24.0,1998.0,0.0
2022,2022 FIFA World Cup,Ecuador,ECU,Diego Palacios,DF,23.0,1999.0,0.0
2022,2022 FIFA World Cup,Ecuador,ECU,Gonzalo Plata,MF,22.0,2000.0,0.0
2022,2022 FIFA World Cup,Ecuador,ECU,Sebas Méndez,MF,25.0,1997.0,0.0
2022,2022 FIFA World Cup,Ecuador,ECU,Alan Franco,MF,24.0,1998.0,0.0
2022,2022 FIFA World Cup,Ecuador,ECU,Alexander Domínguez,GK,35.0,1987.0,0.0
2022,2022 FIFA World Cup,Ecuador,ECU,Moisés Caicedo,MF,21.0,2001.0,1.0
2022,2022 FIFA World Cup,Ecuador,ECU,Djorkaeff Reasco,FW,23.0,1999.0,0.0
2022,2022 FIFA World Cup,Ecuador,ECU,Jackson Porozo,DF,22.0,2000.0,0.0
2022,2022 FIFA World Cup,Ecuador,ECU,Kevin Rodríguez,FW,22.0,2000.0,0.0
2022,2022 FIFA World Cup,England,ENG,Jordan Pickford,GK,28.0,1994.0,0.0
2022,2022 FIFA World Cup,England,ENG,Kyle Walker,DF,32.0,1990.0,0.0
2022,2022 FIFA World Cup,England,ENG,Luke Shaw,DF,27.0,1995.0,0.0
2022,2022 FIFA World Cup,England,ENG,Declan Rice,MF,23.0,1999.0,0.0
2022,2022 FIFA World Cup,England,ENG,John Stones,DF,28.0,1994.0,0.0
2022,2022 FIFA World Cup,England,ENG,Harry Maguire,DF,29.0,1993.0,0.0
2022,2022 FIFA World Cup,England,ENG,Jack Grealish,FW,27.0,1995.0,1.0
2022,2022 FIFA World Cup,England,ENG,Jordan Henderson,MF,32.0,1990.0,1.0
2022,2022 FIFA World Cup,England,ENG,Harry Kane,FW,29.0,1993.0,2.0
2022,2022 FIFA World Cup,England,ENG,Raheem Sterling,FW,27.0,1994.0,1.0
2022,2022 FIFA World Cup,England,ENG,Marcus Rashford,FW,25.0,1997.0,3.0
2022,2022 FIFA World Cup,England,ENG,Kieran Trippier,DF,32.0,1990.0,0.0
2022,2022 FIFA World Cup,England,ENG,Nick Pope,GK,30.0,1992.0,0.0
2022,2022 FIFA World Cup,England,ENG,Kalvin Phillips,MF,26.0,1995.0,0.0
2022,2022 FIFA World Cup,England,ENG,Eric Dier,DF,28.0,1994.0,0.0
2022,2022 FIFA World Cup,England,ENG,Conor Coady,DF,29.0,1993.0,0.0
2022,2022 FIFA World Cup,England,ENG,Bukayo Saka,FW,21.0,2001.0,3.0
2022,2022 FIFA World Cup,England,ENG,Trent Alexander-Arnold,DF,24.0,1998.0,0.0
2022,2022 FIFA World Cup,England,ENG,Mason Mount,MF,23.0,1999.0,0.0
2022,2022 FIFA World Cup,England,ENG,Phil Foden,MF,22.0,2000.0,1.0
2022,2022 FIFA World Cup,England,ENG,Ben White,DF,25.0,1997.0,0.0
2022,2022 FIFA World Cup,England,ENG,Jude Bellingham,MF,19.0,2003.0,1.0
2022,2022 FIFA World Cup,England,ENG,Aaron Ramsdale,GK,24.0,1998.0,0.0
2022,2022 FIFA World Cup,England,ENG,Callum Wilson,FW,30.0,1992.0,0.0
2022,2022 FIFA World Cup,England,ENG,James Maddison,MF,25.0,1996.0,0.0
2022,2022 FIFA World Cup,England,ENG,Conor Gallagher,MF,22.0,2000.0,0.0
2022,2022 FIFA World Cup,France,FRA,Hugo Lloris,GK,35.0,1986.0,0.0
2022,2022 FIFA World Cup,France,FRA,Benjamin Pavard,DF,26.0,1996.0,0.0
2022,2022 FIFA World Cup,France,FRA,Axel Disasi,DF,24.0,1998.0,0.0
2022,2022 FIFA World Cup,France,FRA,Raphaël Varane,DF,29.0,1993.0,0.0
2022,2022 FIFA World Cup,France,FRA,Jules Koundé,DF,24.0,1998.0,0.0
2022,2022 FIFA World Cup,France,FRA,Matteo Guendouzi,MF,23.0,1999.0,0.0
2022,2022 FIFA World Cup,France,FRA,Antoine Griezmann,FW,31.0,1991.0,0.0
2022,2022 FIFA World Cup,France,FRA,Aurélien Tchouaméni,MF,22.0,2000.0,1.0
2022,2022 FIFA World Cup,France,FRA,Olivier Giroud,FW,36.0,1986.0,4.0
2022,2022 FIFA World Cup,France,FRA,Kylian Mbappé,FW,23.0,1998.0,8.0
2022,2022 FIFA World Cup,France,FRA,Ousmane Dembélé,FW,25.0,1997.0,0.0
2022,2022 FIFA World Cup,France,FRA,Randal Kolo Muani,FW,23.0,1998.0,1.0
2022,2022 FIFA World Cup,France,FRA,Youssouf Fofana,MF,23.0,1999.0,0.0
2022,2022 FIFA World Cup,France,FRA,Adrien Rabiot,MF,27.0,1995.0,1.0
2022,2022 FIFA World Cup,France,FRA,Jordan Veretout,MF,29.0,1993.0,0.0
2022,2022 FIFA World Cup,France,FRA,Steve Mandanda,GK,37.0,1985.0,0.0
2022,2022 FIFA World Cup,France,FRA,William Saliba,DF,21.0,2001.0,0.0
2022,2022 FIFA World Cup,France,FRA,Dayot Upamecano,DF,24.0,1998.0,0.0
2022,2022 FIFA World Cup,France,FRA,Karim Benzema,FW,34.0,1987.0,0.0
2022,2022 FIFA World Cup,France,FRA,Kingsley Coman,FW,26.0,1996.0,0.0
2022,2022 FIFA World Cup,France,FRA,Lucas Hernandez,DF,26.0,1996.0,0.0
2022,2022 FIFA World Cup,France,FRA,Théo Hernandez,DF,25.0,1997.0,1.0
2022,2022 FIFA World Cup,France,FRA,Alphonse Areola,GK,29.0,1993.0,0.0
2022,2022 FIFA World Cup,France,FRA,Ibrahima Konaté,DF,23.0,1999.0,0.0
2022,2022 FIFA World Cup,France,FRA,Eduardo Camavinga,MF,20.0,2002.0,0.0
2022,2022 FIFA World Cup,France,FRA,Marcus Thuram,FW,25.0,1997.0,0.0
2022,2022 FIFA World Cup,Germany,DEU,Manuel Neuer,GK,36.0,1986.0,0.0
2022,2022 FIFA World Cup,Germany,DEU,Antonio Rüdiger,DF,29.0,1993.0,0.0
2022,2022 FIFA World Cup,Germany,DEU,David Raum,DF,24.0,1998.0,0.0
2022,2022 FIFA World Cup,Germany,DEU,Matthias Ginter,DF,28.0,1994.0,0.0
2022,2022 FIFA World Cup,Germany,DEU,Thilo Kehrer,DF,26.0,1996.0,0.0
2022,2022 FIFA World Cup,Germany,DEU,Joshua Kimmich,MF,27.0,1995.0,0.0
2022,2022 FIFA World Cup,Germany,DEU,Kai Havertz,FW,23.0,1999.0,2.0
2022,2022 FIFA World Cup,Germany,DEU,Leon Goretzka,MF,27.0,1995.0,0.0
2022,2022 FIFA World Cup,Germany,DEU,Niclas Füllkrug,FW,29.0,1993.0,2.0
2022,2022 FIFA World Cup,Germany,DEU,Serge Gnabry,FW,27.0,1995.0,1.0
2022,2022 FIFA World Cup,Germany,DEU,Mario Götze,MF,30.0,1992.0,0.0
2022,2022 FIFA World Cup,Germany,DEU,Kevin Trapp,GK,32.0,1990.0,0.0
2022,2022 FIFA World Cup,Germany,DEU,Thomas Müller,MF,33.0,1989.0,0.0
2022,2022 FIFA World Cup,Germany,DEU,Jamal Musiala,MF,19.0,2003.0,0.0
2022,2022 FIFA World Cup,Germany,DEU,Niklas Süle,DF,27.0,1995.0,0.0
2022,2022 FIFA World Cup,Germany,DEU,Lukas Klostermann,DF,26.0,1996.0,0.0
2022,2022 FIFA World Cup,Germany,DEU,Julian Brandt,MF,26.0,1996.0,0.0
2022,2022 FIFA World Cup,Germany,DEU,Jonas Hofmann,MF,30.0,1992.0,0.0
2022,2022 FIFA World Cup,Germany,DEU,Leroy Sané,MF,26.0,1996.0,0.0
2022,2022 FIFA World Cup,Germany,DEU,Christian Günter,DF,29.0,1993.0,0.0
2022,2022 FIFA World Cup,Germany,DEU,İlkay Gündoğan,MF,32.0,1990.0,1.0
2022,2022 FIFA World Cup,Germany,DEU,Marc-André ter Stegen,GK,30.0,1992.0,0.0
2022,2022 FIFA World Cup,Germany,DEU,Nico Schlotterbeck,DF,22.0,1999.0,0.0
2022,2022 FIFA World Cup,Germany,DEU,Karim Adeyemi,FW,20.0,2002.0,0.0
2022,2022 FIFA World Cup,Germany,DEU,Armel Bella-Kotchap,DF,20.0,2001.0,0.0
2022,2022 FIFA World Cup,Germany,DEU,Youssoufa Moukoko,FW,18.0,2004.0,0.0
2022,2022 FIFA World Cup,Ghana,GHA,Lawrence Ati-Zigi,GK,25.0,1996.0,0.0
2022,2022 FIFA World Cup,Ghana,GHA,Tariq Lamptey,DF,22.0,2000.0,0.0
2022,2022 FIFA World Cup,Ghana,GHA,Denis Odoi,DF,34.0,1988.0,0.0
2022,2022 FIFA World Cup,Ghana,GHA,Mohammed Salisu,DF,23.0,1999.0,1.0
2022,2022 FIFA World Cup,Ghana,GHA,Thomas Partey,MF,29.0,1993.0,0.0
2022,2022 FIFA World Cup,Ghana,GHA,Elisha Owusu,MF,25.0,1997.0,0.0
2022,2022 FIFA World Cup,Ghana,GHA,Abdul Fatawu Issahaku,MF,18.0,2004.0,0.0
2022,2022 FIFA World Cup,Ghana,GHA,Daniel-Kofi Kyereh,MF,26.0,1996.0,0.0
2022,2022 FIFA World Cup,Ghana,GHA,Jordan Ayew,FW,31.0,1991.0,0.0
2022,2022 FIFA World Cup,Ghana,GHA,André Ayew,FW,32.0,1989.0,1.0
2022,2022 FIFA World Cup,Ghana,GHA,Osman Bukari,MF,23.0,1998.0,1.0
2022,2022 FIFA World Cup,Ghana,GHA,Ibrahim Danlad,GK,19.0,2002.0,0.0
2022,2022 FIFA World Cup,Ghana,GHA,Daniel Afriyie,MF,21.0,2001.0,0.0
2022,2022 FIFA World Cup,Ghana,GHA,Gideon Mensah,DF,24.0,1998.0,0.0
2022,2022 FIFA World Cup,Ghana,GHA,Joseph Aidoo,DF,27.0,1995.0,0.0
2022,2022 FIFA World Cup,Ghana,GHA,Abdul Manaf Nurudeen,GK,23.0,1999.0,0.0
2022,2022 FIFA World Cup,Ghana,GHA,Baba Rahman,DF,28.0,1994.0,0.0
2022,2022 FIFA World Cup,Ghana,GHA,Daniel Amartey,DF,27.0,1994.0,0.0
2022,2022 FIFA World Cup,Ghana,GHA,Iñaki Williams,FW,28.0,1994.0,0.0
2022,2022 FIFA World Cup,Ghana,GHA,Mohammed Kudus,MF,22.0,2000.0,2.0
2022,2022 FIFA World Cup,Ghana,GHA,Salis Abdul Samed,MF,22.0,2000.0,0.0
2022,2022 FIFA World Cup,Ghana,GHA,Kamaldeen Sulemana,MF,20.0,2002.0,0.0
2022,2022 FIFA World Cup,Ghana,GHA,Alexander Djiku,DF,28.0,1994.0,0.0
2022,2022 FIFA World Cup,Ghana,GHA,Kamal Sowah,MF,22.0,2000.0,0.0
2022,2022 FIFA World Cup,Ghana,GHA,Antoine Semenyo,FW,22.0,2000.0,0.0
2022,2022 FIFA World Cup,Ghana,GHA,Alidu Seidu,DF,22.0,2000.0,0.0
2022,2022 FIFA World Cup,IR Iran,IRN,Alireza Beiranvand,GK,30.0,1992.0,0.0
2022,2022 FIFA World Cup,IR Iran,IRN,Sadegh Moharrami,DF,26.0,1996.0,0.0
2022,2022 FIFA World Cup,IR Iran,IRN,Ehsan Hajsafi,DF,32.0,1990.0,0.0
2022,2022 FIFA World Cup,IR Iran,IRN,Shojae Khalilzadeh,DF,33.0,1989.0,0.0
2022,2022 FIFA World Cup,IR Iran,IRN,Milad Mohammadi,DF,29.0,1993.0,0.0
2022,2022 FIFA World Cup,IR Iran,IRN,Saeid Ezatolahi,MF,26.0,1996.0,0.0
2022,2022 FIFA World Cup,IR Iran,IRN,Alireza Jahanbakhsh,MF,29.0,1993.0,0.0
2022,2022 FIFA World Cup,IR Iran,IRN,Morteza Pouraliganji,DF,30.0,1992.0,0.0
2022,2022 FIFA World Cup,IR Iran,IRN,Mehdi Taremi,FW,30.0,1992.0,2.0
2022,2022 FIFA World Cup,IR Iran,IRN,Karim Ansarifard,FW,32.0,1990.0,0.0
2022,2022 FIFA World Cup,IR Iran,IRN,Vahid Amiri,MF,34.0,1988.0,0.0
2022,2022 FIFA World Cup,IR Iran,IRN,Payam Niazmand,GK,27.0,1995.0,0.0
2022,2022 FIFA World Cup,IR Iran,IRN,Hossein Kanaanizadegan,DF,28.0,1994.0,0.0
2022,2022 FIFA World Cup,IR Iran,IRN,Saman Ghoddos,MF,29.0,1993.0,0.0
2022,2022 FIFA World Cup,IR Iran,IRN,Rouzbeh Cheshmi,DF,29.0,1993.0,1.0
2022,2022 FIFA World Cup,IR Iran,IRN,Mehdi Torabi,MF,28.0,1994.0,0.0
2022,2022 FIFA World Cup,IR Iran,IRN,Ali Gholizadeh,MF,26.0,1996.0,0.0
2022,2022 FIFA World Cup,IR Iran,IRN,Ali Karimi,MF,28.0,1994.0,0.0
2022,2022 FIFA World Cup,IR Iran,IRN,Majid Hosseini,DF,26.0,1996.0,0.0
2022,2022 FIFA World Cup,IR Iran,IRN,Sardar Azmoun,FW,27.0,1995.0,0.0
2022,2022 FIFA World Cup,IR Iran,IRN,Ahmad Nourollahi,MF,29.0,1993.0,0.0
2022,2022 FIFA World Cup,IR Iran,IRN,Amir Abedzadeh,GK,29.0,1993.0,0.0
2022,2022 FIFA World Cup,IR Iran,IRN,Ramin Rezaeian,DF,32.0,1990.0,1.0
2022,2022 FIFA World Cup,IR Iran,IRN,Hossein Hosseini,GK,30.0,1992.0,0.0
2022,2022 FIFA World Cup,IR Iran,IRN,Abolfazl Jalali,DF,24.0,1998.0,0.0
2022,2022 FIFA World Cup,Japan,JPN,Eiji Kawashima,GK,39.0,1983.0,0.0
2022,2022 FIFA World Cup,Japan,JPN,Miki Yamane,DF,28.0,1993.0,0.0
2022,2022 FIFA World Cup,Japan,JPN,Shogo Taniguchi,DF,31.0,1991.0,0.0
2022,2022 FIFA World Cup,Japan,JPN,Ko Itakura,DF,25.0,1997.0,0.0
2022,2022 FIFA World Cup,Japan,JPN,Yuto Nagatomo,DF,36.0,1986.0,0.0
2022,2022 FIFA World Cup,Japan,JPN,Wataru Endo,MF,29.0,1993.0,0.0
2022,2022 FIFA World Cup,Japan,JPN,Gaku Shibasaki,MF,30.0,1992.0,0.0
2022,2022 FIFA World Cup,Japan,JPN,Ritsu Dōan,MF,24.0,1998.0,2.0
2022,2022 FIFA World Cup,Japan,JPN,Kaoru Mitoma,MF,25.0,1997.0,0.0
2022,2022 FIFA World Cup,Japan,JPN,Takumi Minamino,MF,27.0,1995.0,0.0
2022,2022 FIFA World Cup,Japan,JPN,Takefusa Kubo,MF,21.0,2001.0,0.0
2022,2022 FIFA World Cup,Japan,JPN,Shūichi Gonda,GK,33.0,1989.0,0.0
2022,2022 FIFA World Cup,Japan,JPN,Hidemasa Morita,MF,27.0,1995.0,0.0
2022,2022 FIFA World Cup,Japan,JPN,Junya Ito,MF,29.0,1993.0,0.0
2022,2022 FIFA World Cup,Japan,JPN,Daichi Kamada,MF,26.0,1996.0,0.0
2022,2022 FIFA World Cup,Japan,JPN,Takehiro Tomiyasu,DF,24.0,1998.0,0.0
2022,2022 FIFA World Cup,Japan,JPN,Ao Tanaka,MF,24.0,1998.0,1.0
2022,2022 FIFA World Cup,Japan,JPN,Takuma Asano,FW,28.0,1994.0,1.0
2022,2022 FIFA World Cup,Japan,JPN,Hiroki Sakai,DF,32.0,1990.0,0.0
2022,2022 FIFA World Cup,Japan,JPN,Shuto Machino,FW,23.0,1999.0,0.0
2022,2022 FIFA World Cup,Japan,JPN,Ayase Ueda,FW,24.0,1998.0,0.0
2022,2022 FIFA World Cup,Japan,JPN,Maya Yoshida,DF,34.0,1988.0,0.0
2022,2022 FIFA World Cup,Japan,JPN,Daniel Schmidt,GK,30.0,1992.0,0.0
2022,2022 FIFA World Cup,Japan,JPN,Yuki Soma,MF,25.0,1997.0,0.0
2022,2022 FIFA World Cup,Japan,JPN,Daizen Maeda,FW,25.0,1997.0,1.0
2022,2022 FIFA World Cup,Japan,JPN,Hiroki Ito,DF,23.0,1999.0,0.0
2022,2022 FIFA World Cup,Mexico,MEX,Alfredo Talavera,GK,40.0,1982.0,0.0
2022,2022 FIFA World Cup,Mexico,MEX,Néstor Araujo,DF,31.0,1991.0,0.0
2022,2022 FIFA World Cup,Mexico,MEX,César Montes,DF,25.0,1997.0,0.0
2022,2022 FIFA World Cup,Mexico,MEX,Edson Álvarez,DF,25.0,1997.0,0.0
2022,2022 FIFA World Cup,Mexico,MEX,Johan Vásquez,DF,24.0,1998.0,0.0
2022,2022 FIFA World Cup,Mexico,MEX,Gerardo Arteaga,DF,24.0,1998.0,0.0
2022,2022 FIFA World Cup,Mexico,MEX,Luis Romo,MF,27.0,1995.0,0.0
2022,2022 FIFA World Cup,Mexico,MEX,Carlos Rodríguez,MF,25.0,1997.0,0.0
2022,2022 FIFA World Cup,Mexico,MEX,Raúl Jiménez,FW,31.0,1991.0,0.0
2022,2022 FIFA World Cup,Mexico,MEX,Alexis Vega,FW,24.0,1997.0,0.0
2022,2022 FIFA World Cup,Mexico,MEX,Rogelio Funes Mori,FW,31.0,1991.0,0.0
2022,2022 FIFA World Cup,Mexico,MEX,Rodolfo Cota,GK,35.0,1987.0,0.0
2022,2022 FIFA World Cup,Mexico,MEX,Guillermo Ochoa,GK,37.0,1985.0,0.0
2022,2022 FIFA World Cup,Mexico,MEX,Érick Gutiérrez,MF,27.0,1995.0,0.0
2022,2022 FIFA World Cup,Mexico,MEX,Héctor Moreno,DF,34.0,1988.0,0.0
2022,2022 FIFA World Cup,Mexico,MEX,Héctor Herrera,MF,32.0,1990.0,0.0
2022,2022 FIFA World Cup,Mexico,MEX,Orbelín Pineda,FW,26.0,1996.0,0.0
2022,2022 FIFA World Cup,Mexico,MEX,Andrés Guardado,MF,36.0,1986.0,0.0
2022,2022 FIFA World Cup,Mexico,MEX,Jorge Sánchez,DF,24.0,1997.0,0.0
2022,2022 FIFA World Cup,Mexico,MEX,Henry Martín,FW,30.0,1992.0,1.0
2022,2022 FIFA World Cup,Mexico,MEX,Uriel Antuna,FW,25.0,1997.0,0.0
2022,2022 FIFA World Cup,Mexico,MEX,Hirving Lozano,FW,27.0,1995.0,0.0
2022,2022 FIFA World Cup,Mexico,MEX,Jesús Gallardo,DF,28.0,1994.0,0.0
2022,2022 FIFA World Cup,Mexico,MEX,Luis Chávez,MF,26.0,1996.0,1.0
2022,2022 FIFA World Cup,Mexico,MEX,Roberto Alvarado,FW,24.0,1998.0,0.0
2022,2022 FIFA World Cup,Mexico,MEX,Kevin Álvarez,DF,23.0,1999.0,0.0
2022,2022 FIFA World Cup,Morocco,MAR,Yassine Bounou,GK,31.0,1991.0,0.0
2022,2022 FIFA World Cup,Morocco,MAR,Achraf Hakimi,DF,24.0,1998.0,0.0
2022,2022 FIFA World Cup,Morocco,MAR,Noussair Mazraoui,DF,25.0,1997.0,0.0
2022,2022 FIFA World Cup,Morocco,MAR,Sofyan Amrabat,MF,26.0,1996.0,0.0
2022,2022 FIFA World Cup,Morocco,MAR,Nayef Aguerd,DF,26.0,1996.0,0.0
2022,2022 FIFA World Cup,Morocco,MAR,Romain Saïss,DF,32.0,1990.0,1.0
2022,2022 FIFA World Cup,Morocco,MAR,Hakim Ziyech,MF,29.0,1993.0,1.0
2022,2022 FIFA World Cup,Morocco,MAR,Azzedine Ounahi,MF,22.0,2000.0,0.0
2022,2022 FIFA World Cup,Morocco,MAR,Abderrazak Hamdallah,FW,31.0,1990.0,0.0
2022,2022 FIFA World Cup,Morocco,MAR,Anass Zaroury,MF,22.0,2000.0,0.0
2022,2022 FIFA World Cup,Morocco,MAR,Abdelhamid Sabiri,FW,25.0,1996.0,0.0
2022,2022 FIFA World Cup,Morocco,MAR,Munir Mohamedi,GK,33.0,1989.0,0.0
2022,2022 FIFA World Cup,Morocco,MAR,Ilias Chair,MF,25.0,1997.0,0.0
2022,2022 FIFA World Cup,Morocco,MAR,Zakaria Aboukhlal,MF,22.0,2000.0,1.0
2022,2022 FIFA World Cup,Morocco,MAR,Selim Amallah,MF,26.0,1996.0,0.0
2022,2022 FIFA World Cup,Morocco,MAR,Abde Ezzalzouli,FW,20.0,2001.0,0.0
2022,2022 FIFA World Cup,Morocco,MAR,Sofiane Boufal,MF,29.0,1993.0,0.0
2022,2022 FIFA World Cup,Morocco,MAR,Jawad El Yamiq,DF,30.0,1992.0,0.0
2022,2022 FIFA World Cup,Morocco,MAR,Youssef En-Nesyri,FW,25.0,1997.0,2.0
2022,2022 FIFA World Cup,Morocco,MAR,Achraf Dari,DF,23.0,1999.0,1.0
2022,2022 FIFA World Cup,Morocco,MAR,Walid Cheddira,FW,24.0,1998.0,0.0
2022,2022 FIFA World Cup,Morocco,MAR,Ahmed Reda Tagnaouti,GK,26.0,1996.0,0.0
2022,2022 FIFA World Cup,Morocco,MAR,Bilal El Khannous,MF,18.0,2004.0,0.0
2022,2022 FIFA World Cup,Morocco,MAR,Badr Benoun,DF,29.0,1993.0,0.0
2022,2022 FIFA World Cup,Morocco,MAR,Yahia Attiyat Allah,DF,27.0,1995.0,0.0
2022,2022 FIFA World Cup,Morocco,MAR,Yahya Jabrane,MF,31.0,1991.0,0.0
2022,2022 FIFA World Cup,Netherlands,NLD,Remko Pasveer,GK,39.0,1983.0,0.0
2022,2022 FIFA World Cup,Netherlands,NLD,Jurriën Timber,DF,21.0,2001.0,0.0
2022,2022 FIFA World Cup,Netherlands,NLD,Matthijs de Ligt,DF,23.0,1999.0,0.0
2022,2022 FIFA World Cup,Netherlands,NLD,Virgil van Dijk,DF,31.0,1991.0,0.0
2022,2022 FIFA World Cup,Netherlands,NLD,Nathan Aké,DF,27.0,1995.0,0.0
2022,2022 FIFA World Cup,Netherlands,NLD,Stefan de Vrij,DF,30.0,1992.0,0.0
2022,2022 FIFA World Cup,Netherlands,NLD,Steven Bergwijn,FW,25.0,1997.0,0.0
2022,2022 FIFA World Cup,Netherlands,NLD,Cody Gakpo,FW,23.0,1999.0,3.0
2022,2022 FIFA World Cup,Netherlands,NLD,Luuk de Jong,FW,32.0,1990.0,0.0
2022,2022 FIFA World Cup,Netherlands,NLD,Memphis Depay,FW,28.0,1994.0,1.0
2022,2022 FIFA World Cup,Netherlands,NLD,Steven Berghuis,MF,30.0,1991.0,0.0
2022,2022 FIFA World Cup,Netherlands,NLD,Noa Lang,FW,23.0,1999.0,0.0
2022,2022 FIFA World Cup,Netherlands,NLD,Justin Bijlow,GK,24.0,1998.0,0.0
2022,2022 FIFA World Cup,Netherlands,NLD,Davy Klaassen,MF,29.0,1993.0,1.0
2022,2022 FIFA World Cup,Netherlands,NLD,Marten de Roon,MF,31.0,1991.0,0.0
2022,2022 FIFA World Cup,Netherlands,NLD,Tyrell Malacia,DF,23.0,1999.0,0.0
2022,2022 FIFA World Cup,Netherlands,NLD,Daley Blind,DF,32.0,1990.0,1.0
2022,2022 FIFA World Cup,Netherlands,NLD,Vincent Janssen,FW,28.0,1994.0,0.0
2022,2022 FIFA World Cup,Netherlands,NLD,Wout Weghorst,FW,30.0,1992.0,2.0
2022,2022 FIFA World Cup,Netherlands,NLD,Teun Koopmeiners,MF,24.0,1998.0,0.0
2022,2022 FIFA World Cup,Netherlands,NLD,Frenkie de Jong,MF,25.0,1997.0,1.0
2022,2022 FIFA World Cup,Netherlands,NLD,Denzel Dumfries,DF,26.0,1996.0,1.0
2022,2022 FIFA World Cup,Netherlands,NLD,Andries Noppert,GK,28.0,1994.0,0.0
2022,2022 FIFA World Cup,Netherlands,NLD,Kenneth Taylor,MF,20.0,2002.0,0.0
2022,2022 FIFA World Cup,Netherlands,NLD,Xavi Simons,MF,19.0,2003.0,0.0
2022,2022 FIFA World Cup,Netherlands,NLD,Jeremie Frimpong,DF,21.0,2000.0,0.0
2022,2022 FIFA World Cup,Poland,POL,Wojciech Szczęsny,GK,32.0,1990.0,0.0
2022,2022 FIFA World Cup,Poland,POL,Matty Cash,DF,25.0,1997.0,0.0
2022,2022 FIFA World Cup,Poland,POL,Artur Jędrzejczyk,DF,35.0,1987.0,0.0
2022,2022 FIFA World Cup,Poland,POL,Mateusz Wieteska,DF,25.0,1997.0,0.0
2022,2022 FIFA World Cup,Poland,POL,Jan Bednarek,DF,26.0,1996.0,0.0
2022,2022 FIFA World Cup,Poland,POL,Krystian Bielik,MF,24.0,1998.0,0.0
2022,2022 FIFA World Cup,Poland,POL,Arkadiusz Milik,FW,28.0,1994.0,0.0
2022,2022 FIFA World Cup,Poland,POL,Damian Szymański,MF,27.0,1995.0,0.0
2022,2022 FIFA World Cup,Poland,POL,Robert Lewandowski,FW,34.0,1988.0,2.0
2022,2022 FIFA World Cup,Poland,POL,Grzegorz Krychowiak,MF,32.0,1990.0,0.0
2022,2022 FIFA World Cup,Poland,POL,Kamil Grosicki,MF,34.0,1988.0,0.0
2022,2022 FIFA World Cup,Poland,POL,Łukasz Skorupski,GK,31.0,1991.0,0.0
2022,2022 FIFA World Cup,Poland,POL,Jakub Kamiński,MF,20.0,2002.0,0.0
2022,2022 FIFA World Cup,Poland,POL,Jakub Kiwior,DF,22.0,2000.0,0.0
2022,2022 FIFA World Cup,Poland,POL,Kamil Glik,DF,34.0,1988.0,0.0
2022,2022 FIFA World Cup,Poland,POL,Karol Świderski,FW,25.0,1997.0,0.0
2022,2022 FIFA World Cup,Poland,POL,Szymon Żurkowski,MF,25.0,1997.0,0.0
2022,2022 FIFA World Cup,Poland,POL,Bartosz Bereszyński,DF,30.0,1992.0,0.0
2022,2022 FIFA World Cup,Poland,POL,Sebastian Szymański,MF,23.0,1999.0,0.0
2022,2022 FIFA World Cup,Poland,POL,Piotr Zieliński,MF,28.0,1994.0,1.0
2022,2022 FIFA World Cup,Poland,POL,Nicola Zalewski,MF,20.0,2002.0,0.0
2022,2022 FIFA World Cup,Poland,POL,Kamil Grabara,GK,23.0,1999.0,0.0
2022,2022 FIFA World Cup,Poland,POL,Krzysztof Piątek,FW,27.0,1995.0,0.0
2022,2022 FIFA World Cup,Poland,POL,Przemysław Frankowski,MF,27.0,1995.0,0.0
2022,2022 FIFA World Cup,Poland,POL,Robert Gumny,DF,24.0,1998.0,0.0
2022,2022 FIFA World Cup,Poland,POL,Michał Skóraś,MF,22.0,2000.0,0.0
2022,2022 FIFA World Cup,Portugal,PRT,Rui Patrício,GK,34.0,1988.0,0.0
2022,2022 FIFA World Cup,Portugal,PRT,Diogo Dalot,DF,23.0,1999.0,0.0
2022,2022 FIFA World Cup,Portugal,PRT,Pepe,DF,39.0,1983.0,1.0
2022,2022 FIFA World Cup,Portugal,PRT,Rúben Dias,DF,25.0,1997.0,0.0
2022,2022 FIFA World Cup,Portugal,PRT,Raphaël Guerreiro,DF,28.0,1993.0,1.0
2022,2022 FIFA World Cup,Portugal,PRT,João Palhinha,MF,27.0,1995.0,0.0
2022,2022 FIFA World Cup,Portugal,PRT,Cristiano Ronaldo,FW,37.0,1985.0,1.0
2022,2022 FIFA World Cup,Portugal,PRT,Bruno Fernandes,MF,28.0,1994.0,2.0
2022,2022 FIFA World Cup,Portugal,PRT,André Silva,FW,27.0,1995.0,0.0
2022,2022 FIFA World Cup,Portugal,PRT,Bernardo Silva,FW,28.0,1994.0,0.0
2022,2022 FIFA World Cup,Portugal,PRT,João Félix,FW,23.0,1999.0,1.0
2022,2022 FIFA World Cup,Portugal,PRT,José Sá,GK,29.0,1993.0,0.0
2022,2022 FIFA World Cup,Portugal,PRT,Danilo Pereira,DF,31.0,1991.0,0.0
2022,2022 FIFA World Cup,Portugal,PRT,William Carvalho,MF,30.0,1992.0,0.0
2022,2022 FIFA World Cup,Portugal,PRT,Rafael Leão,FW,23.0,1999.0,2.0
2022,2022 FIFA World Cup,Portugal,PRT,Vitinha,MF,22.0,2000.0,0.0
2022,2022 FIFA World Cup,Portugal,PRT,João Mário,MF,29.0,1993.0,0.0
2022,2022 FIFA World Cup,Portugal,PRT,Rúben Neves,MF,25.0,1997.0,0.0
2022,2022 FIFA World Cup,Portugal,PRT,Nuno Mendes,DF,20.0,2002.0,0.0
2022,2022 FIFA World Cup,Portugal,PRT,João Cancelo,DF,28.0,1994.0,0.0
2022,2022 FIFA World Cup,Portugal,PRT,Ricardo Horta,FW,28.0,1994.0,1.0
2022,2022 FIFA World Cup,Portugal,PRT,Diogo Costa,GK,23.0,1999.0,0.0
2022,2022 FIFA World Cup,Portugal,PRT,Matheus Nunes,MF,24.0,1998.0,0.0
2022,2022 FIFA World Cup,Portugal,PRT,António Silva,DF,19.0,2003.0,0.0
2022,2022 FIFA World Cup,Portugal,PRT,Otávio,MF,27.0,1995.0,0.0
2022,2022 FIFA World Cup,Portugal,PRT,Gonçalo Ramos,FW,21.0,2001.0,3.0
2022,2022 FIFA World Cup,Qatar,QAT,Saad Al-Sheeb,GK,32.0,1990.0,0.0
2022,2022 FIFA World Cup,Qatar,QAT,Ró-Ró,DF,32.0,1990.0,0.0
2022,2022 FIFA World Cup,Qatar,QAT,Abdelkarim Hassan,MF,29.0,1993.0,0.0
2022,2022 FIFA World Cup,Qatar,QAT,Mohammed Waad,DF,23.0,1999.0,0.0
2022,2022 FIFA World Cup,Qatar,QAT,Tarek Salman,DF,24.0,1997.0,0.0
2022,2022 FIFA World Cup,Qatar,QAT,Abdulaziz Hatem,MF,32.0,1990.0,0.0
2022,2022 FIFA World Cup,Qatar,QAT,Ahmed Alaaeldin,FW,29.0,1993.0,0.0
2022,2022 FIFA World Cup,Qatar,QAT,Ali Assadalla,MF,29.0,1993.0,0.0
2022,2022 FIFA World Cup,Qatar,QAT,Mohammed Muntari,FW,28.0,1993.0,1.0
2022,2022 FIFA World Cup,Qatar,QAT,Hassan Al-Haydos,MF,31.0,1990.0,0.0
2022,2022 FIFA World Cup,Qatar,QAT,Akram Afif,FW,26.0,1996.0,0.0
2022,2022 FIFA World Cup,Qatar,QAT,Karim Boudiaf,MF,32.0,1990.0,0.0
2022,2022 FIFA World Cup,Qatar,QAT,Musab Kheder,DF,29.0,1993.0,0.0
2022,2022 FIFA World Cup,Qatar,QAT,Homam Ahmed,DF,23.0,1999.0,0.0
2022,2022 FIFA World Cup,Qatar,QAT,Bassam Al-Rawi,DF,24.0,1997.0,0.0
2022,2022 FIFA World Cup,Qatar,QAT,Boualem Khoukhi,DF,32.0,1990.0,0.0
2022,2022 FIFA World Cup,Qatar,QAT,Ismaeel Mohammad,DF,32.0,1990.0,0.0
2022,2022 FIFA World Cup,Qatar,QAT,Khalid Muneer,FW,24.0,1998.0,0.0
2022,2022 FIFA World Cup,Qatar,QAT,Almoez Ali,FW,26.0,1996.0,0.0
2022,2022 FIFA World Cup,Qatar,QAT,Salem Al-Hajri,MF,26.0,1996.0,0.0
2022,2022 FIFA World Cup,Qatar,QAT,Yousef Hassan,GK,26.0,1996.0,0.0
2022,2022 FIFA World Cup,Qatar,QAT,Meshaal Barsham,GK,24.0,1998.0,0.0
2022,2022 FIFA World Cup,Qatar,QAT,Assim Madibo,MF,26.0,1996.0,0.0
2022,2022 FIFA World Cup,Qatar,QAT,Naif Al-Hadhrami,MF,21.0,2001.0,0.0
2022,2022 FIFA World Cup,Qatar,QAT,Jassem Gaber,MF,20.0,2002.0,0.0
2022,2022 FIFA World Cup,Qatar,QAT,Mostafa Meshaal,MF,21.0,2001.0,0.0
2022,2022 FIFA World Cup,Saudi Arabia,SAU,Mohammed Al-Rubaie,GK,25.0,1997.0,0.0
2022,2022 FIFA World Cup,Saudi Arabia,SAU,Sultan Al-Ghannam,DF,28.0,1994.0,0.0
2022,2022 FIFA World Cup,Saudi Arabia,SAU,Abdullah Madu,DF,29.0,1993.0,0.0
2022,2022 FIFA World Cup,Saudi Arabia,SAU,Abdulelah Al-Amri,DF,25.0,1997.0,0.0
2022,2022 FIFA World Cup,Saudi Arabia,SAU,Ali Al-Bulaihi,DF,32.0,1989.0,0.0
2022,2022 FIFA World Cup,Saudi Arabia,SAU,Mohammed Al-Breik,DF,30.0,1992.0,0.0
2022,2022 FIFA World Cup,Saudi Arabia,SAU,Salman Al-Faraj,MF,33.0,1989.0,0.0
2022,2022 FIFA World Cup,Saudi Arabia,SAU,Abdulellah Al-Malki,MF,28.0,1994.0,0.0
2022,2022 FIFA World Cup,Saudi Arabia,SAU,Firas Al-Buraikan,FW,22.0,2000.0,0.0
2022,2022 FIFA World Cup,Saudi Arabia,SAU,Salem Al-Dawsari,FW,31.0,1991.0,2.0
2022,2022 FIFA World Cup,Saudi Arabia,SAU,Saleh Al-Shehri,FW,29.0,1993.0,1.0
2022,2022 FIFA World Cup,Saudi Arabia,SAU,Saud Abdulhamid,DF,23.0,1999.0,0.0
2022,2022 FIFA World Cup,Saudi Arabia,SAU,Yasser Al-Shahrani,DF,30.0,1992.0,0.0
2022,2022 FIFA World Cup,Saudi Arabia,SAU,Abdullah Otayf,MF,30.0,1992.0,0.0
2022,2022 FIFA World Cup,Saudi Arabia,SAU,Ali Al-Hassan,MF,25.0,1997.0,0.0
2022,2022 FIFA World Cup,Saudi Arabia,SAU,Sami Al-Najei,MF,25.0,1997.0,0.0
2022,2022 FIFA World Cup,Saudi Arabia,SAU,Hassan Al-Tambakti,DF,23.0,1999.0,0.0
2022,2022 FIFA World Cup,Saudi Arabia,SAU,Nawaf Al-Abed,MF,32.0,1990.0,0.0
2022,2022 FIFA World Cup,Saudi Arabia,SAU,Hattan Bahebri,FW,30.0,1992.0,0.0
2022,2022 FIFA World Cup,Saudi Arabia,SAU,Abdulrahman Al-Aboud,FW,27.0,1995.0,0.0
2022,2022 FIFA World Cup,Saudi Arabia,SAU,Mohammed Al-Owais,GK,31.0,1991.0,0.0
2022,2022 FIFA World Cup,Saudi Arabia,SAU,Nawaf Al-Aqidi,GK,22.0,2000.0,0.0
2022,2022 FIFA World Cup,Saudi Arabia,SAU,Mohamed Kanno,MF,28.0,1994.0,0.0
2022,2022 FIFA World Cup,Saudi Arabia,SAU,Nasser Al-Dawsari,MF,23.0,1998.0,0.0
2022,2022 FIFA World Cup,Saudi Arabia,SAU,Haitham Asiri,FW,21.0,2001.0,0.0
2022,2022 FIFA World Cup,Saudi Arabia,SAU,Riyadh Sharahili,MF,29.0,1993.0,0.0
2022,2022 FIFA World Cup,Senegal,SEN,Seny Dieng,GK,27.0,1994.0,0.0
2022,2022 FIFA World Cup,Senegal,SEN,Formose Mendy,DF,21.0,2001.0,0.0
2022,2022 FIFA World Cup,Senegal,SEN,Kalidou Koulibaly,DF,31.0,1991.0,1.0
2022,2022 FIFA World Cup,Senegal,SEN,Pape Abou Cissé,DF,27.0,1995.0,0.0
2022,2022 FIFA World Cup,Senegal,SEN,Idrissa Gueye,MF,33.0,1989.0,0.0
2022,2022 FIFA World Cup,Senegal,SEN,Nampalys Mendy,MF,30.0,1992.0,0.0
2022,2022 FIFA World Cup,Senegal,SEN,Nicolas Jackson,FW,21.0,2001.0,0.0
2022,2022 FIFA World Cup,Senegal,SEN,Cheikhou Kouyaté,DF,32.0,1989.0,0.0
2022,2022 FIFA World Cup,Senegal,SEN,Boulaye Dia,FW,26.0,1996.0,1.0
2022,2022 FIFA World Cup,Senegal,SEN,Moussa N'Diaye,DF,20.0,2002.0,0.0
2022,2022 FIFA World Cup,Senegal,SEN,Pathé Ciss,MF,28.0,1994.0,0.0
2022,2022 FIFA World Cup,Senegal,SEN,Fodé Ballo-Touré,DF,25.0,1997.0,0.0
2022,2022 FIFA World Cup,Senegal,SEN,Iliman Ndiaye,FW,22.0,2000.0,0.0
2022,2022 FIFA World Cup,Senegal,SEN,Ismail Jakobs,DF,23.0,1999.0,0.0
2022,2022 FIFA World Cup,Senegal,SEN,Krépin Diatta,MF,23.0,1999.0,0.0
2022,2022 FIFA World Cup,Senegal,SEN,Édouard Mendy,GK,30.0,1992.0,0.0
2022,2022 FIFA World Cup,Senegal,SEN,Pape Matar Sarr,MF,20.0,2002.0,0.0
2022,2022 FIFA World Cup,Senegal,SEN,Ismaïla Sarr,FW,24.0,1998.0,1.0
2022,2022 FIFA World Cup,Senegal,SEN,Famara Diédhiou,FW,29.0,1992.0,1.0
2022,2022 FIFA World Cup,Senegal,SEN,Bamba Dieng,FW,22.0,2000.0,1.0
2022,2022 FIFA World Cup,Senegal,SEN,Youssouf Sabaly,DF,29.0,1993.0,0.0
2022,2022 FIFA World Cup,Senegal,SEN,Abdou Diallo,DF,26.0,1996.0,0.0
2022,2022 FIFA World Cup,Senegal,SEN,Alfred Gomis,GK,29.0,1993.0,0.0
2022,2022 FIFA World Cup,Senegal,SEN,Moustapha Name,DF,27.0,1995.0,0.0
2022,2022 FIFA World Cup,Senegal,SEN,Mamadou Loum,MF,25.0,1996.0,0.0
2022,2022 FIFA World Cup,Senegal,SEN,Pape Gueye,MF,23.0,1999.0,0.0
2022,2022 FIFA World Cup,Serbia,SRB,Marko Dmitrović,GK,30.0,1992.0,0.0
2022,2022 FIFA World Cup,Serbia,SRB,Strahinja Pavlović,DF,21.0,2001.0,1.0
2022,2022 FIFA World Cup,Serbia,SRB,Strahinja Eraković,DF,21.0,2001.0,0.0
2022,2022 FIFA World Cup,Serbia,SRB,Nikola Milenković,DF,25.0,1997.0,0.0
2022,2022 FIFA World Cup,Serbia,SRB,Miloš Veljković,DF,27.0,1995.0,0.0
2022,2022 FIFA World Cup,Serbia,SRB,Nemanja Maksimović,MF,27.0,1995.0,0.0
2022,2022 FIFA World Cup,Serbia,SRB,Nemanja Radonjić,FW,26.0,1996.0,0.0
2022,2022 FIFA World Cup,Serbia,SRB,Nemanja Gudelj,MF,31.0,1991.0,0.0
2022,2022 FIFA World Cup,Serbia,SRB,Aleksandar Mitrović,FW,28.0,1994.0,2.0
2022,2022 FIFA World Cup,Serbia,SRB,Dušan Tadić,FW,34.0,1988.0,0.0
2022,2022 FIFA World Cup,Serbia,SRB,Luka Jović,FW,24.0,1997.0,0.0
2022,2022 FIFA World Cup,Serbia,SRB,Predrag Rajković,GK,27.0,1995.0,0.0
2022,2022 FIFA World Cup,Serbia,SRB,Stefan Mitrović,DF,32.0,1990.0,0.0
2022,2022 FIFA World Cup,Serbia,SRB,Andrija Živković,MF,26.0,1996.0,0.0
2022,2022 FIFA World Cup,Serbia,SRB,Srđan Babić,DF,26.0,1996.0,0.0
2022,2022 FIFA World Cup,Serbia,SRB,Saša Lukić,MF,26.0,1996.0,0.0
2022,2022 FIFA World Cup,Serbia,SRB,Filip Kostić,MF,30.0,1992.0,0.0
2022,2022 FIFA World Cup,Serbia,SRB,Dušan Vlahović,FW,22.0,2000.0,1.0
2022,2022 FIFA World Cup,Serbia,SRB,Uroš Račić,MF,24.0,1998.0,0.0
2022,2022 FIFA World Cup,Serbia,SRB,Sergej Milinković-Savić,MF,27.0,1995.0,1.0
2022,2022 FIFA World Cup,Serbia,SRB,Filip Đuričić,FW,30.0,1992.0,0.0
2022,2022 FIFA World Cup,Serbia,SRB,Darko Lazović,MF,32.0,1990.0,0.0
2022,2022 FIFA World Cup,Serbia,SRB,Vanja Milinković-Savić,GK,25.0,1997.0,0.0
2022,2022 FIFA World Cup,Serbia,SRB,Ivan Ilić,MF,21.0,2001.0,0.0
2022,2022 FIFA World Cup,Serbia,SRB,Filip Mladenović,DF,31.0,1991.0,0.0
2022,2022 FIFA World Cup,Serbia,SRB,Marko Grujić,MF,26.0,1996.0,0.0
2022,2022 FIFA World Cup,Korea Republic,KOR,Seung-gyu Kim,GK,32.0,1990.0,0.0
2022,2022 FIFA World Cup,Korea Republic,KOR,Yoon Jong-gyu,DF,24.0,1998.0,0.0
2022,2022 FIFA World Cup,Korea Republic,KOR,Kim Jin-su,DF,30.0,1992.0,0.0
2022,2022 FIFA World Cup,Korea Republic,KOR,Kim Min-jae,DF,26.0,1996.0,0.0
2022,2022 FIFA World Cup,Korea Republic,KOR,Woo-young Jung,MF,32.0,1989.0,0.0
2022,2022 FIFA World Cup,Korea Republic,KOR,Hwang In-beom,MF,26.0,1996.0,0.0
2022,2022 FIFA World Cup,Korea Republic,KOR,Heung-min Son,MF,30.0,1992.0,0.0
2022,2022 FIFA World Cup,Korea Republic,KOR,Paik Seung-ho,MF,25.0,1997.0,1.0
2022,2022 FIFA World Cup,Korea Republic,KOR,Cho Gue-sung,FW,24.0,1998.0,2.0
2022,2022 FIFA World Cup,Korea Republic,KOR,Jae-sung Lee,MF,30.0,1992.0,0.0
2022,2022 FIFA World Cup,Korea Republic,KOR,Hee-chan Hwang,MF,26.0,1996.0,1.0
2022,2022 FIFA World Cup,Korea Republic,KOR,Song Bum-keun,GK,25.0,1997.0,0.0
2022,2022 FIFA World Cup,Korea Republic,KOR,Son Jun-ho,MF,30.0,1992.0,0.0
2022,2022 FIFA World Cup,Korea Republic,KOR,Chul Hong,DF,32.0,1990.0,0.0
2022,2022 FIFA World Cup,Korea Republic,KOR,Kim Moon-hwan,DF,27.0,1995.0,0.0
2022,2022 FIFA World Cup,Korea Republic,KOR,Hwang Ui-jo,FW,30.0,1992.0,0.0
2022,2022 FIFA World Cup,Korea Republic,KOR,Na Sang-ho,MF,26.0,1996.0,0.0
2022,2022 FIFA World Cup,Korea Republic,KOR,Lee Kang-in,MF,21.0,2001.0,0.0
2022,2022 FIFA World Cup,Korea Republic,KOR,Young-gwon Kim,DF,32.0,1990.0,1.0
2022,2022 FIFA World Cup,Korea Republic,KOR,Kwon Kyung-won,DF,30.0,1992.0,0.0
2022,2022 FIFA World Cup,Korea Republic,KOR,Hyeon-woo Jo,GK,31.0,1991.0,0.0
2022,2022 FIFA World Cup,Korea Republic,KOR,Kwon Chang-hoon,MF,28.0,1994.0,0.0
2022,2022 FIFA World Cup,Korea Republic,KOR,Kim Tae-hwan,DF,33.0,1989.0,0.0
2022,2022 FIFA World Cup,Korea Republic,KOR,Cho Yu-min,DF,26.0,1996.0,0.0
2022,2022 FIFA World Cup,Korea Republic,KOR,Jeong Woo-yeong,MF,23.0,1999.0,0.0
2022,2022 FIFA World Cup,Korea Republic,KOR,Song Min-kyu,MF,23.0,1999.0,0.0
2022,2022 FIFA World Cup,Spain,ESP,Robert Sánchez,GK,25.0,1997.0,0.0
2022,2022 FIFA World Cup,Spain,ESP,César Azpilicueta,DF,33.0,1989.0,0.0
2022,2022 FIFA World Cup,Spain,ESP,Eric García,DF,21.0,2001.0,0.0
2022,2022 FIFA World Cup,Spain,ESP,Pau Torres,DF,25.0,1997.0,0.0
2022,2022 FIFA World Cup,Spain,ESP,Sergio Busquets,MF,34.0,1988.0,0.0
2022,2022 FIFA World Cup,Spain,ESP,Marcos Llorente,MF,27.0,1995.0,0.0
2022,2022 FIFA World Cup,Spain,ESP,Álvaro Morata,FW,30.0,1992.0,3.0
2022,2022 FIFA World Cup,Spain,ESP,Koke,MF,30.0,1992.0,0.0
2022,2022 FIFA World Cup,Spain,ESP,Gavi,MF,18.0,2004.0,1.0
2022,2022 FIFA World Cup,Spain,ESP,Marco Asensio,FW,26.0,1996.0,1.0
2022,2022 FIFA World Cup,Spain,ESP,Ferran Torres,FW,22.0,2000.0,2.0
2022,2022 FIFA World Cup,Spain,ESP,Nico Williams,FW,20.0,2002.0,0.0
2022,2022 FIFA World Cup,Spain,ESP,David Raya,GK,27.0,1995.0,0.0
2022,2022 FIFA World Cup,Spain,ESP,Alejandro Balde,DF,19.0,2003.0,0.0
2022,2022 FIFA World Cup,Spain,ESP,Hugo Guillamón,DF,22.0,2000.0,0.0
2022,2022 FIFA World Cup,Spain,ESP,Rodri,MF,26.0,1996.0,0.0
2022,2022 FIFA World Cup,Spain,ESP,Yeremy Pino,FW,20.0,2002.0,0.0
2022,2022 FIFA World Cup,Spain,ESP,Jordi Alba,DF,33.0,1989.0,0.0
2022,2022 FIFA World Cup,Spain,ESP,Carlos Soler,MF,25.0,1997.0,1.0
2022,2022 FIFA World Cup,Spain,ESP,Dani Carvajal,DF,30.0,1992.0,0.0
2022,2022 FIFA World Cup,Spain,ESP,Dani Olmo,FW,24.0,1998.0,1.0
2022,2022 FIFA World Cup,Spain,ESP,Pablo Sarabia,FW,30.0,1992.0,0.0
2022,2022 FIFA World Cup,Spain,ESP,Unai Simón,GK,25.0,1997.0,0.0
2022,2022 FIFA World Cup,Spain,ESP,Aymeric Laporte,DF,28.0,1994.0,0.0
2022,2022 FIFA World Cup,Spain,ESP,Ansu Fati,FW,20.0,2002.0,0.0
2022,2022 FIFA World Cup,Spain,ESP,Pedri,MF,19.0,2002.0,0.0
2022,2022 FIFA World Cup,Switzerland,CHE,Yann Sommer,GK,33.0,1988.0,0.0
2022,2022 FIFA World Cup,Switzerland,CHE,Edimilson Fernandes,DF,26.0,1996.0,0.0
2022,2022 FIFA World Cup,Switzerland,CHE,Silvan Widmer,DF,29.0,1993.0,0.0
2022,2022 FIFA World Cup,Switzerland,CHE,Nico Elvedi,DF,26.0,1996.0,0.0
2022,2022 FIFA World Cup,Switzerland,CHE,Manuel Akanji,DF,27.0,1995.0,1.0
2022,2022 FIFA World Cup,Switzerland,CHE,Denis Zakaria,MF,26.0,1996.0,0.0
2022,2022 FIFA World Cup,Switzerland,CHE,Breel Embolo,FW,25.0,1997.0,2.0
2022,2022 FIFA World Cup,Switzerland,CHE,Remo Freuler,MF,30.0,1992.0,1.0
2022,2022 FIFA World Cup,Switzerland,CHE,Haris Seferovic,FW,30.0,1992.0,0.0
2022,2022 FIFA World Cup,Switzerland,CHE,Granit Xhaka,MF,30.0,1992.0,0.0
2022,2022 FIFA World Cup,Switzerland,CHE,Renato Steffen,DF,31.0,1991.0,0.0
2022,2022 FIFA World Cup,Switzerland,CHE,Jonas Omlin,GK,28.0,1994.0,0.0
2022,2022 FIFA World Cup,Switzerland,CHE,Ricardo Rodríguez,DF,30.0,1992.0,0.0
2022,2022 FIFA World Cup,Switzerland,CHE,Michel Aebischer,MF,25.0,1997.0,0.0
2022,2022 FIFA World Cup,Switzerland,CHE,Djibril Sow,MF,25.0,1997.0,0.0
2022,2022 FIFA World Cup,Switzerland,CHE,Christian Fassnacht,MF,29.0,1993.0,0.0
2022,2022 FIFA World Cup,Switzerland,CHE,Ruben Vargas,FW,24.0,1998.0,0.0
2022,2022 FIFA World Cup,Switzerland,CHE,Eray Cömert,DF,24.0,1998.0,0.0
2022,2022 FIFA World Cup,Switzerland,CHE,Noah Okafor,FW,22.0,2000.0,0.0
2022,2022 FIFA World Cup,Switzerland,CHE,Fabian Frei,MF,33.0,1989.0,0.0
2022,2022 FIFA World Cup,Switzerland,CHE,Gregor Kobel,GK,24.0,1997.0,0.0
2022,2022 FIFA World Cup,Switzerland,CHE,Fabian Schär,DF,30.0,1991.0,0.0
2022,2022 FIFA World Cup,Switzerland,CHE,Xherdan Shaqiri,MF,31.0,1991.0,1.0
2022,2022 FIFA World Cup,Switzerland,CHE,Philipp Köhn,GK,24.0,1998.0,0.0
2022,2022 FIFA World Cup,Switzerland,CHE,Fabian Rieder,MF,20.0,2002.0,0.0
2022,2022 FIFA World Cup,Switzerland,CHE,Ardon Jashari,MF,20.0,2002.0,0.0
2022,2022 FIFA World Cup,Tunisia,TUN,Aymen Mathlouthi,GK,38.0,1984.0,0.0
2022,2022 FIFA World Cup,Tunisia,TUN,Bilel Ifa,DF,32.0,1990.0,0.0
2022,2022 FIFA World Cup,Tunisia,TUN,Montassar Talbi,DF,24.0,1998.0,0.0
2022,2022 FIFA World Cup,Tunisia,TUN,Yassine Meriah,DF,29.0,1993.0,0.0
2022,2022 FIFA World Cup,Tunisia,TUN,Nader Ghandri,MF,27.0,1995.0,0.0
2022,2022 FIFA World Cup,Tunisia,TUN,Dylan Bronn,DF,27.0,1995.0,0.0
2022,2022 FIFA World Cup,Tunisia,TUN,Youssef Msakni,FW,32.0,1990.0,0.0
2022,2022 FIFA World Cup,Tunisia,TUN,Hannibal Mejbri,MF,19.0,2003.0,0.0
2022,2022 FIFA World Cup,Tunisia,TUN,Issam Jebali,FW,30.0,1991.0,0.0
2022,2022 FIFA World Cup,Tunisia,TUN,Wahbi Khazri,FW,31.0,1991.0,1.0
2022,2022 FIFA World Cup,Tunisia,TUN,Taha Yassine Khenissi,FW,30.0,1992.0,0.0
2022,2022 FIFA World Cup,Tunisia,TUN,Ali Maâloul,DF,32.0,1990.0,0.0
2022,2022 FIFA World Cup,Tunisia,TUN,Ferjani Sassi,MF,30.0,1992.0,0.0
2022,2022 FIFA World Cup,Tunisia,TUN,Aïssa Laïdouni,MF,25.0,1996.0,0.0
2022,2022 FIFA World Cup,Tunisia,TUN,Mohamed Ali Ben Romdhane,MF,23.0,1999.0,0.0
2022,2022 FIFA World Cup,Tunisia,TUN,Aymen Dahmen,GK,25.0,1997.0,0.0
2022,2022 FIFA World Cup,Tunisia,TUN,Ellyes Skhiri,MF,27.0,1995.0,0.0
2022,2022 FIFA World Cup,Tunisia,TUN,Ghailene Chaalali,MF,28.0,1994.0,0.0
2022,2022 FIFA World Cup,Tunisia,TUN,Seifeddine Jaziri,FW,29.0,1993.0,0.0
2022,2022 FIFA World Cup,Tunisia,TUN,Mohamed Dräger,DF,26.0,1996.0,0.0
2022,2022 FIFA World Cup,Tunisia,TUN,Wajdi Kechrida,DF,27.0,1995.0,0.0
2022,2022 FIFA World Cup,Tunisia,TUN,Bechir Ben Saïd,GK,29.0,1992.0,0.0
2022,2022 FIFA World Cup,Tunisia,TUN,Naïm Sliti,FW,30.0,1992.0,0.0
2022,2022 FIFA World Cup,Tunisia,TUN,Ali Abdi,DF,28.0,1993.0,0.0
2022,2022 FIFA World Cup,Tunisia,TUN,Anis Ben Slimane,FW,21.0,2001.0,0.0
2022,2022 FIFA World Cup,Tunisia,TUN,Mouez Hassen,GK,27.0,1995.0,0.0
2022,2022 FIFA World Cup,United States,USA,Matt Turner,GK,28.0,1994.0,0.0
2022,2022 FIFA World Cup,United States,USA,Sergiño Dest,DF,22.0,2000.0,0.0
2022,2022 FIFA World Cup,United States,USA,Walker Zimmerman,DF,29.0,1993.0,0.0
2022,2022 FIFA World Cup,United States,USA,Tyler Adams,MF,23.0,1999.0,0.0
2022,2022 FIFA World Cup,United States,USA,Antonee Robinson,DF,25.0,1997.0,0.0
2022,2022 FIFA World Cup,United States,USA,Yunus Musah,MF,19.0,2002.0,0.0
2022,2022 FIFA World Cup,United States,USA,Giovanni Reyna,FW,20.0,2002.0,0.0
2022,2022 FIFA World Cup,United States,USA,Weston McKennie,MF,24.0,1998.0,0.0
2022,2022 FIFA World Cup,United States,USA,Jesús Ferreira,FW,21.0,2000.0,0.0
2022,2022 FIFA World Cup,United States,USA,Christian Pulisic,FW,24.0,1998.0,1.0
2022,2022 FIFA World Cup,United States,USA,Brenden Aaronson,FW,22.0,2000.0,0.0
2022,2022 FIFA World Cup,United States,USA,Ethan Horvath,GK,27.0,1995.0,0.0
2022,2022 FIFA World Cup,United States,USA,Tim Ream,DF,35.0,1987.0,0.0
2022,2022 FIFA World Cup,United States,USA,Luca de la Torre,MF,24.0,1998.0,0.0
2022,2022 FIFA World Cup,United States,USA,Aaron Long,DF,30.0,1992.0,0.0
2022,2022 FIFA World Cup,United States,USA,Jordan Morris,FW,28.0,1994.0,0.0
2022,2022 FIFA World Cup,United States,USA,Cristian Roldan,MF,27.0,1995.0,0.0
2022,2022 FIFA World Cup,United States,USA,Shaq Moore,DF,26.0,1996.0,0.0
2022,2022 FIFA World Cup,United States,USA,Haji Wright,FW,24.0,1998.0,1.0
2022,2022 FIFA World Cup,United States,USA,Cameron Carter-Vickers,DF,24.0,1997.0,0.0
2022,2022 FIFA World Cup,United States,USA,Timothy Weah,FW,22.0,2000.0,1.0
2022,2022 FIFA World Cup,United States,USA,DeAndre Yedlin,DF,29.0,1993.0,0.0
2022,2022 FIFA World Cup,United States,USA,Kellyn Acosta,MF,27.0,1995.0,0.0
2022,2022 FIFA World Cup,United States,USA,Josh Sargent,FW,22.0,2000.0,0.0
2022,2022 FIFA World Cup,United States,USA,Sean Johnson,GK,33.0,1989.0,0.0
2022,2022 FIFA World Cup,United States,USA,Joe Scally,DF,19.0,2002.0,0.0
2022,2022 FIFA World Cup,Uruguay,URY,Fernando Muslera,GK,36.0,1986.0,0.0
2022,2022 FIFA World Cup,Uruguay,URY,José Giménez,DF,27.0,1995.0,0.0
2022,2022 FIFA World Cup,Uruguay,URY,Diego Godín,DF,36.0,1986.0,0.0
2022,2022 FIFA World Cup,Uruguay,URY,Ronald Araújo,DF,23.0,1999.0,0.0
2022,2022 FIFA World Cup,Uruguay,URY,Matías Vecino,MF,31.0,1991.0,0.0
2022,2022 FIFA World Cup,Uruguay,URY,Rodrigo Bentancur,MF,25.0,1997.0,0.0
2022,2022 FIFA World Cup,Uruguay,URY,Nicolás de la Cruz,MF,25.0,1997.0,0.0
2022,2022 FIFA World Cup,Uruguay,URY,Facundo Pellistri,FW,20.0,2001.0,0.0
2022,2022 FIFA World Cup,Uruguay,URY,Luis Suárez,FW,35.0,1987.0,0.0
2022,2022 FIFA World Cup,Uruguay,URY,Giorgian De Arrascaeta,MF,28.0,1994.0,2.0
2022,2022 FIFA World Cup,Uruguay,URY,Darwin Núñez,FW,23.0,1999.0,0.0
2022,2022 FIFA World Cup,Uruguay,URY,Sebastián Sosa,GK,36.0,1986.0,0.0
2022,2022 FIFA World Cup,Uruguay,URY,Guillermo Varela,DF,29.0,1993.0,0.0
2022,2022 FIFA World Cup,Uruguay,URY,Lucas Torreira,MF,26.0,1996.0,0.0
2022,2022 FIFA World Cup,Uruguay,URY,Federico Valverde,MF,24.0,1998.0,0.0
2022,2022 FIFA World Cup,Uruguay,URY,Mathías Olivera,DF,25.0,1997.0,0.0
2022,2022 FIFA World Cup,Uruguay,URY,Matías Viña,DF,25.0,1997.0,0.0
2022,2022 FIFA World Cup,Uruguay,URY,Maxi Gómez,FW,26.0,1996.0,0.0
2022,2022 FIFA World Cup,Uruguay,URY,Sebastián Coates,DF,32.0,1990.0,0.0
2022,2022 FIFA World Cup,Uruguay,URY,Facundo Torres,FW,22.0,2000.0,0.0
2022,2022 FIFA World Cup,Uruguay,URY,Edinson Cavani,FW,35.0,1987.0,0.0
2022,2022 FIFA World Cup,Uruguay,URY,Martín Cáceres,DF,35.0,1987.0,0.0
2022,2022 FIFA World Cup,Uruguay,URY,Sergio Rochet,GK,29.0,1993.0,0.0
2022,2022 FIFA World Cup,Uruguay,URY,Agustín Canobbio,MF,24.0,1998.0,0.0
2022,2022 FIFA World Cup,Uruguay,URY,Manuel Ugarte,MF,21.0,2001.0,0.0
2022,2022 FIFA World Cup,Uruguay,URY,José Luis Rodríguez,DF,25.0,1997.0,0.0
2022,2022 FIFA World Cup,Wales,WAL,Wayne Hennessey,GK,35.0,1987.0,0.0
2022,2022 FIFA World Cup,Wales,WAL,Chris Gunter,DF,33.0,1989.0,0.0
2022,2022 FIFA World Cup,Wales,WAL,Neco Williams,DF,21.0,2001.0,0.0
2022,2022 FIFA World Cup,Wales,WAL,Ben Davies,DF,29.0,1993.0,0.0
2022,2022 FIFA World Cup,Wales,WAL,Chris Mepham,DF,25.0,1997.0,0.0
2022,2022 FIFA World Cup,Wales,WAL,Joe Rodon,DF,25.0,1997.0,0.0
2022,2022 FIFA World Cup,Wales,WAL,Joe Allen,MF,32.0,1990.0,0.0
2022,2022 FIFA World Cup,Wales,WAL,Harry Wilson,MF,25.0,1997.0,0.0
2022,2022 FIFA World Cup,Wales,WAL,Brennan Johnson,FW,21.0,2001.0,0.0
2022,2022 FIFA World Cup,Wales,WAL,Aaron Ramsey,MF,31.0,1990.0,0.0
2022,2022 FIFA World Cup,Wales,WAL,Gareth Bale,FW,33.0,1989.0,1.0
2022,2022 FIFA World Cup,Wales,WAL,Danny Ward,GK,29.0,1993.0,0.0
2022,2022 FIFA World Cup,Wales,WAL,Kieffer Moore,FW,30.0,1992.0,0.0
2022,2022 FIFA World Cup,Wales,WAL,Connor Roberts,DF,27.0,1995.0,0.0
2022,2022 FIFA World Cup,Wales,WAL,Ethan Ampadu,DF,22.0,2000.0,0.0
2022,2022 FIFA World Cup,Wales,WAL,Joe Morrell,MF,25.0,1997.0,0.0
2022,2022 FIFA World Cup,Wales,WAL,Tom Lockyer,DF,27.0,1994.0,0.0
2022,2022 FIFA World Cup,Wales,WAL,Jonny Williams,MF,29.0,1993.0,0.0
2022,2022 FIFA World Cup,Wales,WAL,Mark Harris,FW,23.0,1998.0,0.0
2022,2022 FIFA World Cup,Wales,WAL,Daniel James,FW,25.0,1997.0,0.0
2022,2022 FIFA World Cup,Wales,WAL,Adam Davies,GK,30.0,1992.0,0.0
2022,2022 FIFA World Cup,Wales,WAL,Sorba Thomas,MF,23.0,1999.0,0.0
2022,2022 FIFA World Cup,Wales,WAL,Dylan Levitt,MF,22.0,2000.0,0.0
2022,2022 FIFA World Cup,Wales,WAL,Ben Cabango,DF,22.0,2000.0,0.0
2022,2022 FIFA World Cup,Wales,WAL,Rubin Colwill,MF,20.0,2002.0,0.0
2022,2022 FIFA World Cup,Wales,WAL,Matthew Smith,MF,22.0,1999.0,0.0
2026,2026 FIFA World Cup,Algeria,ALG,Achref Abada,DF,26.0,1999.0,0.0
2026,2026 FIFA World Cup,Algeria,ALG,Adil Boulbina,FW,23.0,2003.0,0.0
2026,2026 FIFA World Cup,Algeria,ALG,Amine Gouiri,FW,26.0,2000.0,1.0
2026,2026 FIFA World Cup,Algeria,ALG,Anis Hadj Moussa,MF,24.0,2002.0,0.0
2026,2026 FIFA World Cup,Algeria,ALG,Aïssa Mandi,DF,34.0,1991.0,0.0
2026,2026 FIFA World Cup,Algeria,ALG,Fares Chaïbi,MF,23.0,2002.0,0.0
2026,2026 FIFA World Cup,Algeria,ALG,Farés Ghedjemis,"FW,MF",23.0,2002.0,0.0
2026,2026 FIFA World Cup,Algeria,ALG,Hicham Boudaoui,MF,26.0,1999.0,0.0
2026,2026 FIFA World Cup,Algeria,ALG,Houssem Aouar,MF,27.0,1998.0,0.0
2026,2026 FIFA World Cup,Algeria,ALG,Ibrahim Maza,"MF,FW",20.0,2005.0,0.0
2026,2026 FIFA World Cup,Algeria,ALG,Jaouen Hadjam,DF,23.0,2003.0,0.0
2026,2026 FIFA World Cup,Algeria,ALG,Luca Zidane,GK,28.0,1998.0,0.0
2026,2026 FIFA World Cup,Algeria,ALG,Melvin Mastil,GK,26.0,2000.0,0.0
2026,2026 FIFA World Cup,Algeria,ALG,Mohamed Amine Tougai,DF,26.0,2000.0,0.0
2026,2026 FIFA World Cup,Algeria,ALG,Mohamed Amoura,"FW,MF",26.0,2000.0,0.0
2026,2026 FIFA World Cup,Algeria,ALG,Nabil Bentaleb,MF,31.0,1994.0,0.0
2026,2026 FIFA World Cup,Algeria,ALG,Nadhir Benbouali,FW,26.0,2000.0,1.0
2026,2026 FIFA World Cup,Algeria,ALG,Oussama Benbot,GK,31.0,1994.0,0.0
2026,2026 FIFA World Cup,Algeria,ALG,Rafik Belghali,DF,24.0,2002.0,1.0
2026,2026 FIFA World Cup,Algeria,ALG,Ramiz Zerrouki,MF,28.0,1998.0,0.0
2026,2026 FIFA World Cup,Algeria,ALG,Ramy Bensebaini,DF,31.0,1995.0,0.0
2026,2026 FIFA World Cup,Algeria,ALG,Rayan Aït-Nouri,DF,25.0,2001.0,0.0
2026,2026 FIFA World Cup,Algeria,ALG,Riyad Mahrez,MF,35.0,1991.0,2.0
2026,2026 FIFA World Cup,Algeria,ALG,Samir Chergui,DF,27.0,1999.0,0.0
2026,2026 FIFA World Cup,Algeria,ALG,Yassine Titraoui,MF,22.0,2003.0,0.0
2026,2026 FIFA World Cup,Algeria,ALG,Zineddine Belaïd,DF,27.0,1999.0,0.0
2026,2026 FIFA World Cup,Argentina,ARG,Alexis Mac Allister,MF,27.0,1998.0,1.0
2026,2026 FIFA World Cup,Argentina,ARG,Cristian Romero,DF,28.0,1998.0,1.0
2026,2026 FIFA World Cup,Argentina,ARG,Emiliano Martínez,GK,33.0,1992.0,0.0
2026,2026 FIFA World Cup,Argentina,ARG,Enzo Fernández,MF,25.0,2001.0,2.0
2026,2026 FIFA World Cup,Argentina,ARG,Exequiel Palacios,DF,27.0,1998.0,0.0
2026,2026 FIFA World Cup,Argentina,ARG,Facundo Medina,DF,27.0,1999.0,0.0
2026,2026 FIFA World Cup,Argentina,ARG,Flaco López,FW,25.0,2000.0,0.0
2026,2026 FIFA World Cup,Argentina,ARG,Gerónimo Rulli,GK,34.0,1992.0,0.0
2026,2026 FIFA World Cup,Argentina,ARG,Giovani Lo Celso,MF,30.0,1996.0,1.0
2026,2026 FIFA World Cup,Argentina,ARG,Giuliano Simeone,FW,23.0,2002.0,0.0
2026,2026 FIFA World Cup,Argentina,ARG,Gonzalo Montiel,DF,29.0,1997.0,0.0
2026,2026 FIFA World Cup,Argentina,ARG,Juan Musso,GK,32.0,1994.0,0.0
2026,2026 FIFA World Cup,Argentina,ARG,Julián Álvarez,FW,26.0,2000.0,1.0
2026,2026 FIFA World Cup,Argentina,ARG,Lautaro Martínez,FW,28.0,1997.0,3.0
2026,2026 FIFA World Cup,Argentina,ARG,Leandro Paredes,MF,31.0,1994.0,0.0
2026,2026 FIFA World Cup,Argentina,ARG,Lionel Messi,FW,38.0,1987.0,8.0
2026,2026 FIFA World Cup,Argentina,ARG,Lisandro Martínez,DF,28.0,1998.0,1.0
2026,2026 FIFA World Cup,Argentina,ARG,Marcos Senesi,DF,29.0,1997.0,0.0
2026,2026 FIFA World Cup,Argentina,ARG,Nahuel Molina,DF,28.0,1998.0,0.0
2026,2026 FIFA World Cup,Argentina,ARG,Nicolás González,MF,28.0,1998.0,0.0
2026,2026 FIFA World Cup,Argentina,ARG,Nicolás Otamendi,DF,38.0,1988.0,0.0
2026,2026 FIFA World Cup,Argentina,ARG,Nicolás Paz,MF,21.0,2004.0,0.0
2026,2026 FIFA World Cup,Argentina,ARG,Nicolás Tagliafico,DF,33.0,1992.0,0.0
2026,2026 FIFA World Cup,Argentina,ARG,Rodrigo De Paul,MF,32.0,1994.0,0.0
2026,2026 FIFA World Cup,Argentina,ARG,Thiago Almada,MF,25.0,2001.0,0.0
2026,2026 FIFA World Cup,Argentina,ARG,Valentín Barco,"DF,MF",21.0,2004.0,0.0
2026,2026 FIFA World Cup,Australia,AUS,Aiden O'Neill,MF,27.0,1998.0,0.0
2026,2026 FIFA World Cup,Australia,AUS,Ajdin Hrustic,MF,29.0,1996.0,0.0
2026,2026 FIFA World Cup,Australia,AUS,Alessandro Circati,DF,22.0,2003.0,0.0
2026,2026 FIFA World Cup,Australia,AUS,Awer Mabil,"FW,MF",30.0,1995.0,0.0
2026,2026 FIFA World Cup,Australia,AUS,Aziz Behich,MF,35.0,1990.0,0.0
2026,2026 FIFA World Cup,Australia,AUS,Cameron Burgess,DF,30.0,1995.0,0.0
2026,2026 FIFA World Cup,Australia,AUS,Cammy Devlin,MF,28.0,1998.0,0.0
2026,2026 FIFA World Cup,Australia,AUS,Connor Metcalfe,MF,26.0,1999.0,1.0
2026,2026 FIFA World Cup,Australia,AUS,Cristian Volpato,MF,22.0,2003.0,0.0
2026,2026 FIFA World Cup,Australia,AUS,Harry Souttar,DF,27.0,1998.0,0.0
2026,2026 FIFA World Cup,Australia,AUS,Jackson Irvine,MF,33.0,1993.0,0.0
2026,2026 FIFA World Cup,Australia,AUS,Jacob Italiano,DF,24.0,2001.0,0.0
2026,2026 FIFA World Cup,Australia,AUS,Jason Geria,DF,33.0,1993.0,0.0
2026,2026 FIFA World Cup,Australia,AUS,Jordy Bos,"MF,DF",23.0,2002.0,0.0
2026,2026 FIFA World Cup,Australia,AUS,Kai Trewin,"DF,MF",25.0,2001.0,0.0
2026,2026 FIFA World Cup,Australia,AUS,Lucas Herrington,DF,18.0,2007.0,0.0
2026,2026 FIFA World Cup,Australia,AUS,Mathew Leckie,MF,35.0,1991.0,0.0
2026,2026 FIFA World Cup,Australia,AUS,Mathew Ryan,GK,34.0,1992.0,0.0
2026,2026 FIFA World Cup,Australia,AUS,Miloš Degenek,"DF,MF",32.0,1994.0,0.0
2026,2026 FIFA World Cup,Australia,AUS,Mo Touré,FW,22.0,2004.0,0.0
2026,2026 FIFA World Cup,Australia,AUS,Nestory Irankunda,"FW,MF",20.0,2006.0,1.0
2026,2026 FIFA World Cup,Australia,AUS,Nishan Velupillay,MF,25.0,2001.0,0.0
2026,2026 FIFA World Cup,Australia,AUS,Patrick Beach,GK,22.0,2003.0,0.0
2026,2026 FIFA World Cup,Australia,AUS,Paul Izzo,GK,31.0,1995.0,0.0
2026,2026 FIFA World Cup,Australia,AUS,Paul Okon-Engstler,MF,21.0,2005.0,0.0
2026,2026 FIFA World Cup,Australia,AUS,Tete Yengi,FW,25.0,2000.0,0.0
2026,2026 FIFA World Cup,Austria,AUT,Alessandro Schöpf,MF,32.0,1994.0,0.0
2026,2026 FIFA World Cup,Austria,AUT,Alexander Prass,"DF,MF",25.0,2001.0,0.0
2026,2026 FIFA World Cup,Austria,AUT,Alexander Schlager,GK,30.0,1996.0,0.0
2026,2026 FIFA World Cup,Austria,AUT,Carney Chukwuemeka,MF,22.0,2003.0,0.0
2026,2026 FIFA World Cup,Austria,AUT,David Affengruber,DF,25.0,2001.0,0.0
2026,2026 FIFA World Cup,Austria,AUT,David Alaba,DF,33.0,1992.0,0.0
2026,2026 FIFA World Cup,Austria,AUT,Dejan Ljubičić,MF,28.0,1997.0,0.0
2026,2026 FIFA World Cup,Austria,AUT,Florian Grillitsch,"DF,MF",30.0,1995.0,0.0
2026,2026 FIFA World Cup,Austria,AUT,Florian Wiegele,GK,25.0,2001.0,0.0
2026,2026 FIFA World Cup,Austria,AUT,Kevin Danso,DF,27.0,1998.0,0.0
2026,2026 FIFA World Cup,Austria,AUT,Konrad Laimer,"MF,DF",29.0,1997.0,0.0
2026,2026 FIFA World Cup,Austria,AUT,Marcel Sabitzer,MF,32.0,1994.0,1.0
2026,2026 FIFA World Cup,Austria,AUT,Marco Friedl,DF,28.0,1998.0,0.0
2026,2026 FIFA World Cup,Austria,AUT,Marko Arnautović,FW,37.0,1989.0,2.0
2026,2026 FIFA World Cup,Austria,AUT,Michael Gregoritsch,FW,32.0,1994.0,0.0
2026,2026 FIFA World Cup,Austria,AUT,Michael Svoboda,DF,27.0,1998.0,0.0
2026,2026 FIFA World Cup,Austria,AUT,Nicolas Seiwald,MF,25.0,2001.0,0.0
2026,2026 FIFA World Cup,Austria,AUT,Patrick Pentz,GK,29.0,1997.0,0.0
2026,2026 FIFA World Cup,Austria,AUT,Patrick Wimmer,"FW,MF",25.0,2001.0,0.0
2026,2026 FIFA World Cup,Austria,AUT,Paul Wanner,MF,20.0,2005.0,0.0
2026,2026 FIFA World Cup,Austria,AUT,Philipp Lienhart,DF,29.0,1996.0,0.0
2026,2026 FIFA World Cup,Austria,AUT,Phillipp Mwene,DF,32.0,1994.0,0.0
2026,2026 FIFA World Cup,Austria,AUT,Romano Schmid,"MF,FW",26.0,2000.0,1.0
2026,2026 FIFA World Cup,Austria,AUT,Saša Kalajdžić,FW,28.0,1997.0,1.0
2026,2026 FIFA World Cup,Austria,AUT,Stefan Posch,DF,29.0,1997.0,0.0
2026,2026 FIFA World Cup,Austria,AUT,Xaver Schlager,MF,28.0,1997.0,0.0
2026,2026 FIFA World Cup,Belgium,BEL,Alexis Saelemaekers,MF,26.0,1999.0,1.0
2026,2026 FIFA World Cup,Belgium,BEL,Amadou Onana,MF,24.0,2001.0,0.0
2026,2026 FIFA World Cup,Belgium,BEL,Arthur Theate,DF,26.0,2000.0,0.0
2026,2026 FIFA World Cup,Belgium,BEL,Axel Witsel,"DF,MF",37.0,1989.0,0.0
2026,2026 FIFA World Cup,Belgium,BEL,Brandon Mechele,DF,33.0,1993.0,0.0
2026,2026 FIFA World Cup,Belgium,BEL,Charles De Ketelaere,"FW,MF",25.0,2001.0,3.0
2026,2026 FIFA World Cup,Belgium,BEL,Diego Moreira,MF,21.0,2004.0,0.0
2026,2026 FIFA World Cup,Belgium,BEL,Dodi Lukebakio,MF,28.0,1997.0,0.0
2026,2026 FIFA World Cup,Belgium,BEL,Hans Vanaken,MF,33.0,1992.0,1.0
2026,2026 FIFA World Cup,Belgium,BEL,Jeremy Doku,MF,24.0,2002.0,0.0
2026,2026 FIFA World Cup,Belgium,BEL,Joaquin Seys,DF,21.0,2005.0,0.0
2026,2026 FIFA World Cup,Belgium,BEL,Kevin De Bruyne,MF,34.0,1991.0,1.0
2026,2026 FIFA World Cup,Belgium,BEL,Koni De Winter,DF,24.0,2002.0,0.0
2026,2026 FIFA World Cup,Belgium,BEL,Leandro Trossard,"MF,FW",31.0,1994.0,2.0
2026,2026 FIFA World Cup,Belgium,BEL,Matias Fernandez-Pardo,"FW,MF",21.0,2005.0,0.0
2026,2026 FIFA World Cup,Belgium,BEL,Maxim De Cuyper,DF,25.0,2000.0,0.0
2026,2026 FIFA World Cup,Belgium,BEL,Mike Penders,GK,20.0,2005.0,0.0
2026,2026 FIFA World Cup,Belgium,BEL,Nathan Ngoy,DF,23.0,2003.0,0.0
2026,2026 FIFA World Cup,Belgium,BEL,Nicolas Raskin,MF,25.0,2001.0,0.0
2026,2026 FIFA World Cup,Belgium,BEL,Romelu Lukaku,FW,33.0,1993.0,3.0
2026,2026 FIFA World Cup,Belgium,BEL,Senne Lammens,GK,23.0,2002.0,0.0
2026,2026 FIFA World Cup,Belgium,BEL,Thibaut Courtois,GK,34.0,1992.0,0.0
2026,2026 FIFA World Cup,Belgium,BEL,Thomas Meunier,DF,34.0,1991.0,0.0
2026,2026 FIFA World Cup,Belgium,BEL,Timothy Castagne,DF,30.0,1995.0,0.0
2026,2026 FIFA World Cup,Belgium,BEL,Youri Tielemans,MF,29.0,1997.0,2.0
2026,2026 FIFA World Cup,Belgium,BEL,Zeno Debast,DF,22.0,2003.0,0.0
2026,2026 FIFA World Cup,Bosnia–Herz,BIH,Amar Dedić,DF,23.0,2002.0,0.0
2026,2026 FIFA World Cup,Bosnia–Herz,BIH,Amar Memić,MF,25.0,2001.0,0.0
2026,2026 FIFA World Cup,Bosnia–Herz,BIH,Amir Hadžiahmetović,MF,29.0,1997.0,0.0
2026,2026 FIFA World Cup,Bosnia–Herz,BIH,Arjan Malic,DF,20.0,2005.0,0.0
2026,2026 FIFA World Cup,Bosnia–Herz,BIH,Armin Gigovic,MF,24.0,2002.0,0.0
2026,2026 FIFA World Cup,Bosnia–Herz,BIH,Benjamin Tahirovic,MF,23.0,2003.0,0.0
2026,2026 FIFA World Cup,Bosnia–Herz,BIH,Dennis Hadžikadunić,DF,27.0,1998.0,0.0
2026,2026 FIFA World Cup,Bosnia–Herz,BIH,Dženis Burnić,MF,28.0,1998.0,0.0
2026,2026 FIFA World Cup,Bosnia–Herz,BIH,Edin Džeko,FW,40.0,1986.0,0.0
2026,2026 FIFA World Cup,Bosnia–Herz,BIH,Ermedin Demirović,FW,28.0,1998.0,0.0
2026,2026 FIFA World Cup,Bosnia–Herz,BIH,Ermin Mahmić,MF,21.0,2005.0,2.0
2026,2026 FIFA World Cup,Bosnia–Herz,BIH,Esmir Bajraktarevic,MF,21.0,2005.0,0.0
2026,2026 FIFA World Cup,Bosnia–Herz,BIH,Haris Tabaković,FW,31.0,1994.0,0.0
2026,2026 FIFA World Cup,Bosnia–Herz,BIH,Ivan Bašić,MF,24.0,2002.0,0.0
2026,2026 FIFA World Cup,Bosnia–Herz,BIH,Ivan Šunjić,MF,29.0,1996.0,0.0
2026,2026 FIFA World Cup,Bosnia–Herz,BIH,Jovo Lukić,FW,27.0,1998.0,1.0
2026,2026 FIFA World Cup,Bosnia–Herz,BIH,Kerim Alajbegović,MF,18.0,2007.0,1.0
2026,2026 FIFA World Cup,Bosnia–Herz,BIH,Martin Zlomislić,GK,27.0,1998.0,0.0
2026,2026 FIFA World Cup,Bosnia–Herz,BIH,Mladen Jurkas,GK,18.0,2007.0,0.0
2026,2026 FIFA World Cup,Bosnia–Herz,BIH,Nihad Mujakić,DF,28.0,1998.0,0.0
2026,2026 FIFA World Cup,Bosnia–Herz,BIH,Nikola Katić,DF,29.0,1996.0,0.0
2026,2026 FIFA World Cup,Bosnia–Herz,BIH,Nikola Vasilj,GK,30.0,1995.0,0.0
2026,2026 FIFA World Cup,Bosnia–Herz,BIH,Samed Baždar,FW,22.0,2004.0,0.0
2026,2026 FIFA World Cup,Bosnia–Herz,BIH,Sead Kolašinac,DF,32.0,1993.0,0.0
2026,2026 FIFA World Cup,Bosnia–Herz,BIH,Stjepan Radeljić,DF,28.0,1997.0,0.0
2026,2026 FIFA World Cup,Bosnia–Herz,BIH,Tarik Muharemovic,DF,23.0,2003.0,0.0
2026,2026 FIFA World Cup,Brazil,BRA,Alex Sandro,"DF,MF",35.0,1991.0,0.0
2026,2026 FIFA World Cup,Brazil,BRA,Alisson,GK,33.0,1992.0,0.0
2026,2026 FIFA World Cup,Brazil,BRA,Bruno Guimarães,MF,28.0,1997.0,0.0
2026,2026 FIFA World Cup,Brazil,BRA,Casemiro,MF,34.0,1992.0,1.0
2026,2026 FIFA World Cup,Brazil,BRA,Danilo,DF,34.0,1991.0,0.0
2026,2026 FIFA World Cup,Brazil,BRA,Danilo Santos,MF,25.0,2001.0,0.0
2026,2026 FIFA World Cup,Brazil,BRA,Douglas Santos,DF,32.0,1994.0,0.0
2026,2026 FIFA World Cup,Brazil,BRA,Ederson Moraes,GK,32.0,1993.0,0.0
2026,2026 FIFA World Cup,Brazil,BRA,Endrick,FW,19.0,2006.0,0.0
2026,2026 FIFA World Cup,Brazil,BRA,Fabinho,"DF,MF",32.0,1993.0,0.0
2026,2026 FIFA World Cup,Brazil,BRA,Gabriel Magalhães,DF,28.0,1997.0,0.0
2026,2026 FIFA World Cup,Brazil,BRA,Gabriel Martinelli,MF,24.0,2001.0,1.0
2026,2026 FIFA World Cup,Brazil,BRA,Gleison Bremer,DF,29.0,1997.0,0.0
2026,2026 FIFA World Cup,Brazil,BRA,Igor Thiago,FW,24.0,2001.0,0.0
2026,2026 FIFA World Cup,Brazil,BRA,Lucas Paquetá,MF,28.0,1997.0,0.0
2026,2026 FIFA World Cup,Brazil,BRA,Luiz Henrique,"FW,MF",25.0,2001.0,0.0
2026,2026 FIFA World Cup,Brazil,BRA,Léo Pereira,DF,30.0,1996.0,0.0
2026,2026 FIFA World Cup,Brazil,BRA,Marquinhos,DF,32.0,1994.0,0.0
2026,2026 FIFA World Cup,Brazil,BRA,Matheus Cunha,FW,27.0,1999.0,3.0
2026,2026 FIFA World Cup,Brazil,BRA,Neymar,"FW,MF",34.0,1992.0,1.0
2026,2026 FIFA World Cup,Brazil,BRA,Raphinha,"MF,FW",29.0,1996.0,0.0
2026,2026 FIFA World Cup,Brazil,BRA,Rayan,"FW,MF",19.0,2006.0,0.0
2026,2026 FIFA World Cup,Brazil,BRA,Roger Ibanez,DF,27.0,1998.0,0.0
2026,2026 FIFA World Cup,Brazil,BRA,Vinicius Júnior,FW,25.0,2000.0,4.0
2026,2026 FIFA World Cup,Brazil,BRA,Wéverton,GK,38.0,1987.0,0.0
2026,2026 FIFA World Cup,Brazil,BRA,Éderson Silva,MF,26.0,1999.0,0.0
2026,2026 FIFA World Cup,Cabo Verde,CPV,C.J. dos Santos,GK,25.0,2000.0,0.0
2026,2026 FIFA World Cup,Cabo Verde,CPV,Dailon Livramento,FW,25.0,2001.0,0.0
2026,2026 FIFA World Cup,Cabo Verde,CPV,Deroy Duarte,MF,26.0,1999.0,1.0
2026,2026 FIFA World Cup,Cabo Verde,CPV,Diney,DF,31.0,1995.0,0.0
2026,2026 FIFA World Cup,Cabo Verde,CPV,Garry Rodrigues,MF,35.0,1990.0,0.0
2026,2026 FIFA World Cup,Cabo Verde,CPV,Gilson Benchimol,FW,24.0,2001.0,0.0
2026,2026 FIFA World Cup,Cabo Verde,CPV,Hélio Varela,FW,24.0,2002.0,1.0
2026,2026 FIFA World Cup,Cabo Verde,CPV,Jamiro Monteiro,MF,32.0,1993.0,0.0
2026,2026 FIFA World Cup,Cabo Verde,CPV,Jovane Cabral,FW,28.0,1998.0,0.0
2026,2026 FIFA World Cup,Cabo Verde,CPV,João Paulo Fernandes,DF,28.0,1998.0,0.0
2026,2026 FIFA World Cup,Cabo Verde,CPV,Kelvin Pires,DF,26.0,2000.0,0.0
2026,2026 FIFA World Cup,Cabo Verde,CPV,Kevin Pina,MF,29.0,1997.0,1.0
2026,2026 FIFA World Cup,Cabo Verde,CPV,Laros Duarte,MF,29.0,1997.0,0.0
2026,2026 FIFA World Cup,Cabo Verde,CPV,Logan Costa,DF,25.0,2001.0,0.0
2026,2026 FIFA World Cup,Cabo Verde,CPV,Márcio Rosa,GK,29.0,1997.0,0.0
2026,2026 FIFA World Cup,Cabo Verde,CPV,Nuno da Costa,FW,35.0,1991.0,0.0
2026,2026 FIFA World Cup,Cabo Verde,CPV,Pico,DF,33.0,1992.0,0.0
2026,2026 FIFA World Cup,Cabo Verde,CPV,Ryan Mendes,"FW,MF",36.0,1990.0,0.0
2026,2026 FIFA World Cup,Cabo Verde,CPV,Sidny Lopes Cabral,DF,23.0,2002.0,1.0
2026,2026 FIFA World Cup,Cabo Verde,CPV,Steven Moreira,DF,31.0,1994.0,0.0
2026,2026 FIFA World Cup,Cabo Verde,CPV,Stopira,DF,38.0,1988.0,0.0
2026,2026 FIFA World Cup,Cabo Verde,CPV,Telmo Arcanjo,MF,24.0,2001.0,0.0
2026,2026 FIFA World Cup,Cabo Verde,CPV,Vozinha,GK,40.0,1986.0,0.0
2026,2026 FIFA World Cup,Cabo Verde,CPV,Wagner Pina,DF,23.0,2002.0,0.0
2026,2026 FIFA World Cup,Cabo Verde,CPV,Willy Semedo,FW,32.0,1994.0,0.0
2026,2026 FIFA World Cup,Cabo Verde,CPV,Yannick,MF,30.0,1995.0,0.0
2026,2026 FIFA World Cup,Canada,CAN,Alfie Jones,"DF,MF",28.0,1997.0,0.0
2026,2026 FIFA World Cup,Canada,CAN,Ali Ahmed,MF,25.0,2000.0,0.0
2026,2026 FIFA World Cup,Canada,CAN,Alistair Johnston,DF,27.0,1998.0,0.0
2026,2026 FIFA World Cup,Canada,CAN,Alphonso Davies,"DF,FW",25.0,2000.0,0.0
2026,2026 FIFA World Cup,Canada,CAN,Cyle Larin,FW,31.0,1995.0,2.0
2026,2026 FIFA World Cup,Canada,CAN,Dayne St. Clair,GK,29.0,1997.0,0.0
2026,2026 FIFA World Cup,Canada,CAN,Derek Cornelius,DF,28.0,1997.0,0.0
2026,2026 FIFA World Cup,Canada,CAN,Ismaël Koné,MF,23.0,2002.0,0.0
2026,2026 FIFA World Cup,Canada,CAN,Jacob Shaffelburg,MF,26.0,1999.0,0.0
2026,2026 FIFA World Cup,Canada,CAN,Jayden Nelson,"FW,MF",23.0,2002.0,0.0
2026,2026 FIFA World Cup,Canada,CAN,Joel Waterman,DF,30.0,1996.0,0.0
2026,2026 FIFA World Cup,Canada,CAN,Jonathan David,FW,26.0,2000.0,3.0
2026,2026 FIFA World Cup,Canada,CAN,Jonathan Osorio,MF,34.0,1992.0,0.0
2026,2026 FIFA World Cup,Canada,CAN,Liam Millar,MF,26.0,1999.0,0.0
2026,2026 FIFA World Cup,Canada,CAN,Luc De Fougerolles,DF,20.0,2005.0,0.0
2026,2026 FIFA World Cup,Canada,CAN,Mathieu Choinière,MF,27.0,1999.0,0.0
2026,2026 FIFA World Cup,Canada,CAN,Maxime Crépeau,GK,32.0,1994.0,0.0
2026,2026 FIFA World Cup,Canada,CAN,Moïse Bombito,DF,26.0,2000.0,0.0
2026,2026 FIFA World Cup,Canada,CAN,Nathan Saliba,MF,22.0,2004.0,1.0
2026,2026 FIFA World Cup,Canada,CAN,Niko Sigur,MF,22.0,2003.0,0.0
2026,2026 FIFA World Cup,Canada,CAN,Owen Goodman,GK,22.0,2003.0,0.0
2026,2026 FIFA World Cup,Canada,CAN,Promise David,FW,24.0,2001.0,1.0
2026,2026 FIFA World Cup,Canada,CAN,Richie Laryea,DF,31.0,1995.0,0.0
2026,2026 FIFA World Cup,Canada,CAN,Stephen Eustáquio,MF,29.0,1996.0,1.0
2026,2026 FIFA World Cup,Canada,CAN,Tajon Buchanan,MF,27.0,1999.0,0.0
2026,2026 FIFA World Cup,Canada,CAN,Tani Oluwaseyi,FW,26.0,2000.0,0.0
2026,2026 FIFA World Cup,Colombia,COL,Andrés Gómez,MF,23.0,2002.0,0.0
2026,2026 FIFA World Cup,Colombia,COL,Camilo Vargas,GK,37.0,1989.0,0.0
2026,2026 FIFA World Cup,Colombia,COL,Cucho,"FW,MF",27.0,1999.0,0.0
2026,2026 FIFA World Cup,Colombia,COL,Daniel Muñoz,DF,30.0,1996.0,2.0
2026,2026 FIFA World Cup,Colombia,COL,David Ospina,GK,37.0,1988.0,0.0
2026,2026 FIFA World Cup,Colombia,COL,Davinson Sánchez,DF,30.0,1996.0,0.0
2026,2026 FIFA World Cup,Colombia,COL,Deiver Machado,DF,32.0,1993.0,0.0
2026,2026 FIFA World Cup,Colombia,COL,Gustavo Puerta,MF,22.0,2003.0,0.0
2026,2026 FIFA World Cup,Colombia,COL,James Rodríguez,"FW,MF",34.0,1991.0,0.0
2026,2026 FIFA World Cup,Colombia,COL,Jaminton Campaz,"FW,MF",26.0,2000.0,1.0
2026,2026 FIFA World Cup,Colombia,COL,Jefferson Lerma,MF,31.0,1994.0,0.0
2026,2026 FIFA World Cup,Colombia,COL,Jhon Arias,MF,28.0,1997.0,1.0
2026,2026 FIFA World Cup,Colombia,COL,Jhon Córdoba,FW,33.0,1993.0,0.0
2026,2026 FIFA World Cup,Colombia,COL,Jhon Lucumí,DF,27.0,1998.0,0.0
2026,2026 FIFA World Cup,Colombia,COL,Johan Mojica,DF,33.0,1992.0,0.0
2026,2026 FIFA World Cup,Colombia,COL,Jorge Carrascal,"FW,MF",28.0,1998.0,0.0
2026,2026 FIFA World Cup,Colombia,COL,Juan Camilo Portilla,MF,27.0,1998.0,0.0
2026,2026 FIFA World Cup,Colombia,COL,Juan Quintero,"FW,MF",33.0,1993.0,0.0
2026,2026 FIFA World Cup,Colombia,COL,Kevin Castaño,MF,25.0,2000.0,0.0
2026,2026 FIFA World Cup,Colombia,COL,Luis Díaz,"FW,MF",29.0,1997.0,1.0
2026,2026 FIFA World Cup,Colombia,COL,Luis Suárez,FW,28.0,1997.0,0.0
2026,2026 FIFA World Cup,Colombia,COL,Richard Ríos,MF,26.0,2000.0,0.0
2026,2026 FIFA World Cup,Colombia,COL,Santiago Arias,DF,34.0,1992.0,0.0
2026,2026 FIFA World Cup,Colombia,COL,Willer Ditta,DF,28.0,1998.0,0.0
2026,2026 FIFA World Cup,Colombia,COL,Yerry Mina,DF,31.0,1994.0,0.0
2026,2026 FIFA World Cup,Colombia,COL,Álvaro David Montero,GK,31.0,1995.0,0.0
2026,2026 FIFA World Cup,Congo DR,COD,Aaron Tshibola,MF,31.0,1995.0,0.0
2026,2026 FIFA World Cup,Congo DR,COD,Aaron Wan-Bissaka,DF,28.0,1997.0,0.0
2026,2026 FIFA World Cup,Congo DR,COD,Arthur Masuaku,DF,32.0,1993.0,0.0
2026,2026 FIFA World Cup,Congo DR,COD,Axel Tuanzebe,DF,28.0,1997.0,0.0
2026,2026 FIFA World Cup,Congo DR,COD,Brian Cipenga,"MF,FW",28.0,1998.0,1.0
2026,2026 FIFA World Cup,Congo DR,COD,Chancel Mbemba,DF,31.0,1994.0,0.0
2026,2026 FIFA World Cup,Congo DR,COD,Charles Pickel,"DF,MF",29.0,1997.0,0.0
2026,2026 FIFA World Cup,Congo DR,COD,Cédric Bakambu,FW,35.0,1991.0,0.0
2026,2026 FIFA World Cup,Congo DR,COD,Dylan Batubinsika,DF,30.0,1996.0,0.0
2026,2026 FIFA World Cup,Congo DR,COD,Edo Kayembe,MF,28.0,1998.0,0.0
2026,2026 FIFA World Cup,Congo DR,COD,Fiston Mayele,FW,31.0,1994.0,1.0
2026,2026 FIFA World Cup,Congo DR,COD,Gaël Kakuta,"FW,MF",34.0,1991.0,0.0
2026,2026 FIFA World Cup,Congo DR,COD,Gédéon Kalulu,DF,28.0,1997.0,0.0
2026,2026 FIFA World Cup,Congo DR,COD,Joris Kayembe,"DF,FW",31.0,1994.0,0.0
2026,2026 FIFA World Cup,Congo DR,COD,Lionel Mpasi,GK,31.0,1994.0,0.0
2026,2026 FIFA World Cup,Congo DR,COD,Matthieu Epolo,GK,21.0,2005.0,0.0
2026,2026 FIFA World Cup,Congo DR,COD,Meschak Elia,"FW,MF",28.0,1997.0,0.0
2026,2026 FIFA World Cup,Congo DR,COD,Nathanaël Mbuku,"MF,FW",24.0,2002.0,0.0
2026,2026 FIFA World Cup,Congo DR,COD,Ngal'Ayel Mukau,MF,21.0,2004.0,0.0
2026,2026 FIFA World Cup,Congo DR,COD,Noah Sadiki,MF,21.0,2004.0,0.0
2026,2026 FIFA World Cup,Congo DR,COD,Samuel Moutoussamy,MF,29.0,1996.0,0.0
2026,2026 FIFA World Cup,Congo DR,COD,Simon Banza,"FW,MF",29.0,1996.0,0.0
2026,2026 FIFA World Cup,Congo DR,COD,Steve Kapuadi,DF,28.0,1998.0,0.0
2026,2026 FIFA World Cup,Congo DR,COD,Theo Bongonda,"FW,MF",30.0,1995.0,0.0
2026,2026 FIFA World Cup,Congo DR,COD,Timothy Fayulu,GK,26.0,1999.0,0.0
2026,2026 FIFA World Cup,Congo DR,COD,Yoane Wissa,FW,29.0,1996.0,3.0
2026,2026 FIFA World Cup,Croatia,CRO,Andrej Kramarić,"FW,MF",34.0,1991.0,0.0
2026,2026 FIFA World Cup,Croatia,CRO,Ante Budimir,FW,34.0,1991.0,1.0
2026,2026 FIFA World Cup,Croatia,CRO,Dominik Kotarski,GK,26.0,2000.0,0.0
2026,2026 FIFA World Cup,Croatia,CRO,Dominik Livaković,GK,31.0,1995.0,0.0
2026,2026 FIFA World Cup,Croatia,CRO,Duje Ćaleta-Car,DF,29.0,1996.0,0.0
2026,2026 FIFA World Cup,Croatia,CRO,Igor Matanović,FW,23.0,2003.0,0.0
2026,2026 FIFA World Cup,Croatia,CRO,Ivan Perišić,"MF,DF",37.0,1989.0,1.0
2026,2026 FIFA World Cup,Croatia,CRO,Ivor Pandur,GK,26.0,2000.0,0.0
2026,2026 FIFA World Cup,Croatia,CRO,Josip Stanišić,"DF,MF",26.0,2000.0,0.0
2026,2026 FIFA World Cup,Croatia,CRO,Josip Šutalo,DF,26.0,2000.0,0.0
2026,2026 FIFA World Cup,Croatia,CRO,Joško Gvardiol,DF,24.0,2002.0,0.0
2026,2026 FIFA World Cup,Croatia,CRO,Kristijan Jakić,"DF,MF",29.0,1997.0,0.0
2026,2026 FIFA World Cup,Croatia,CRO,Luka Modrić,MF,40.0,1985.0,0.0
2026,2026 FIFA World Cup,Croatia,CRO,Luka Sučić,"FW,MF",23.0,2002.0,0.0
2026,2026 FIFA World Cup,Croatia,CRO,Luka Vušković,DF,19.0,2007.0,0.0
2026,2026 FIFA World Cup,Croatia,CRO,Marco Pašalić,MF,25.0,2000.0,0.0
2026,2026 FIFA World Cup,Croatia,CRO,Marin Pongračić,DF,28.0,1997.0,0.0
2026,2026 FIFA World Cup,Croatia,CRO,Mario Pašalić,MF,31.0,1995.0,0.0
2026,2026 FIFA World Cup,Croatia,CRO,Martin Baturina,"MF,FW",23.0,2003.0,1.0
2026,2026 FIFA World Cup,Croatia,CRO,Martin Erlić,DF,28.0,1998.0,0.0
2026,2026 FIFA World Cup,Croatia,CRO,Mateo Kovačić,MF,32.0,1994.0,0.0
2026,2026 FIFA World Cup,Croatia,CRO,Nikola Moro,MF,28.0,1998.0,0.0
2026,2026 FIFA World Cup,Croatia,CRO,Nikola Vlašić,MF,28.0,1997.0,1.0
2026,2026 FIFA World Cup,Croatia,CRO,Petar Musa,FW,28.0,1998.0,1.0
2026,2026 FIFA World Cup,Croatia,CRO,Petar Sučić,"MF,FW",22.0,2003.0,1.0
2026,2026 FIFA World Cup,Croatia,CRO,Toni Fruk,"FW,MF",25.0,2001.0,0.0
2026,2026 FIFA World Cup,Curaçao,CUW,Ar'jany Martha,"DF,FW",22.0,2003.0,0.0
2026,2026 FIFA World Cup,Curaçao,CUW,Armando Obispo,DF,27.0,1999.0,0.0
2026,2026 FIFA World Cup,Curaçao,CUW,Brandley Kuwas,"FW,MF",33.0,1992.0,0.0
2026,2026 FIFA World Cup,Curaçao,CUW,Deveron Fonville,DF,23.0,2003.0,0.0
2026,2026 FIFA World Cup,Curaçao,CUW,Eloy Room,GK,37.0,1989.0,0.0
2026,2026 FIFA World Cup,Curaçao,CUW,Gervane Kastaneer,"FW,MF",30.0,1996.0,0.0
2026,2026 FIFA World Cup,Curaçao,CUW,Godfried Roemeratoe,MF,26.0,1999.0,0.0
2026,2026 FIFA World Cup,Curaçao,CUW,Jearl Margaritha,"FW,MF",26.0,2000.0,0.0
2026,2026 FIFA World Cup,Curaçao,CUW,Jeremy Antonisse,"FW,MF",24.0,2002.0,0.0
2026,2026 FIFA World Cup,Curaçao,CUW,Joshua Brenet,DF,32.0,1994.0,0.0
2026,2026 FIFA World Cup,Curaçao,CUW,Juninho Bacuna,MF,28.0,1997.0,0.0
2026,2026 FIFA World Cup,Curaçao,CUW,Juriën Gaari,DF,32.0,1993.0,0.0
2026,2026 FIFA World Cup,Curaçao,CUW,Jürgen Locadia,FW,32.0,1993.0,0.0
2026,2026 FIFA World Cup,Curaçao,CUW,Kenji Gorré,"FW,MF",31.0,1994.0,0.0
2026,2026 FIFA World Cup,Curaçao,CUW,Kevin Felida,MF,26.0,1999.0,0.0
2026,2026 FIFA World Cup,Curaçao,CUW,Leandro Bacuna,MF,34.0,1991.0,0.0
2026,2026 FIFA World Cup,Curaçao,CUW,Livano Comenencia,MF,22.0,2004.0,1.0
2026,2026 FIFA World Cup,Curaçao,CUW,Riechedly Bazoer,DF,29.0,1996.0,0.0
2026,2026 FIFA World Cup,Curaçao,CUW,Roshon van Eijma,DF,28.0,1998.0,0.0
2026,2026 FIFA World Cup,Curaçao,CUW,Sherel Floranus,DF,27.0,1998.0,0.0
2026,2026 FIFA World Cup,Curaçao,CUW,Shurandy Sambo,DF,24.0,2001.0,0.0
2026,2026 FIFA World Cup,Curaçao,CUW,Sontje Hansen,FW,24.0,2002.0,0.0
2026,2026 FIFA World Cup,Curaçao,CUW,Tahith Chong,MF,26.0,1999.0,0.0
2026,2026 FIFA World Cup,Curaçao,CUW,Trevor Doornbusch,GK,26.0,1999.0,0.0
2026,2026 FIFA World Cup,Curaçao,CUW,Tyrese Noslin,MF,23.0,2002.0,0.0
2026,2026 FIFA World Cup,Curaçao,CUW,Tyrick Bodak,GK,24.0,2002.0,0.0
2026,2026 FIFA World Cup,Czechia,CZE,Adam Hložek,FW,23.0,2002.0,0.0
2026,2026 FIFA World Cup,Czechia,CZE,Alexandr Sojka,"MF,DF",23.0,2003.0,0.0
2026,2026 FIFA World Cup,Czechia,CZE,David Douděra,MF,28.0,1998.0,0.0
2026,2026 FIFA World Cup,Czechia,CZE,David Jurásek,"DF,MF",25.0,2000.0,0.0
2026,2026 FIFA World Cup,Czechia,CZE,David Zima,DF,25.0,2000.0,0.0
2026,2026 FIFA World Cup,Czechia,CZE,Denis Višinský,FW,23.0,2003.0,0.0
2026,2026 FIFA World Cup,Czechia,CZE,Hugo Sochůrek,MF,18.0,2008.0,0.0
2026,2026 FIFA World Cup,Czechia,CZE,Jan Kuchta,FW,29.0,1997.0,0.0
2026,2026 FIFA World Cup,Czechia,CZE,Jaroslav Zelený,MF,33.0,1992.0,0.0
2026,2026 FIFA World Cup,Czechia,CZE,Jindřich Staněk,GK,30.0,1996.0,0.0
2026,2026 FIFA World Cup,Czechia,CZE,Ladislav Krejčí,DF,27.0,1999.0,1.0
2026,2026 FIFA World Cup,Czechia,CZE,Lukáš Horníček,GK,23.0,2002.0,0.0
2026,2026 FIFA World Cup,Czechia,CZE,Lukáš Provod,FW,29.0,1996.0,0.0
2026,2026 FIFA World Cup,Czechia,CZE,Lukáš Červ,MF,25.0,2001.0,0.0
2026,2026 FIFA World Cup,Czechia,CZE,Matej Kovar,GK,26.0,2000.0,0.0
2026,2026 FIFA World Cup,Czechia,CZE,Michal Sadílek,MF,27.0,1999.0,1.0
2026,2026 FIFA World Cup,Czechia,CZE,Mojmír Chytil,FW,27.0,1999.0,0.0
2026,2026 FIFA World Cup,Czechia,CZE,Patrik Schick,FW,30.0,1996.0,0.0
2026,2026 FIFA World Cup,Czechia,CZE,Pavel Šulc,FW,25.0,2000.0,0.0
2026,2026 FIFA World Cup,Czechia,CZE,Robin Hranáč,DF,26.0,2000.0,0.0
2026,2026 FIFA World Cup,Czechia,CZE,Tomáš Chorý,FW,31.0,1995.0,0.0
2026,2026 FIFA World Cup,Czechia,CZE,Tomáš Holeš,DF,33.0,1993.0,0.0
2026,2026 FIFA World Cup,Czechia,CZE,Tomáš Souček,MF,31.0,1995.0,0.0
2026,2026 FIFA World Cup,Czechia,CZE,Vladimír Coufal,"MF,DF",33.0,1992.0,0.0
2026,2026 FIFA World Cup,Czechia,CZE,Vladimír Darida,MF,35.0,1990.0,0.0
2026,2026 FIFA World Cup,Czechia,CZE,Štěpán Chaloupek,DF,23.0,2003.0,0.0
2026,2026 FIFA World Cup,Côte d'Ivoire,CIV,Alban Lafont,GK,27.0,1999.0,0.0
2026,2026 FIFA World Cup,Côte d'Ivoire,CIV,Amad Diallo,"MF,FW",23.0,2002.0,2.0
2026,2026 FIFA World Cup,Côte d'Ivoire,CIV,Ange-Yoan Bonny,FW,22.0,2003.0,0.0
2026,2026 FIFA World Cup,Côte d'Ivoire,CIV,Bazoumana Touré,MF,20.0,2006.0,0.0
2026,2026 FIFA World Cup,Côte d'Ivoire,CIV,Christ Inao Oulaï,MF,20.0,2006.0,0.0
2026,2026 FIFA World Cup,Côte d'Ivoire,CIV,Christopher Opéri,DF,29.0,1997.0,0.0
2026,2026 FIFA World Cup,Côte d'Ivoire,CIV,Elye Wahi,FW,23.0,2003.0,0.0
2026,2026 FIFA World Cup,Côte d'Ivoire,CIV,Emmanuel Agbadou,DF,28.0,1997.0,0.0
2026,2026 FIFA World Cup,Côte d'Ivoire,CIV,Evann Guessand,"FW,MF",24.0,2001.0,0.0
2026,2026 FIFA World Cup,Côte d'Ivoire,CIV,Franck Kessié,MF,29.0,1996.0,1.0
2026,2026 FIFA World Cup,Côte d'Ivoire,CIV,Ghislain Konan,DF,30.0,1995.0,0.0
2026,2026 FIFA World Cup,Côte d'Ivoire,CIV,Guéla Doué,DF,23.0,2002.0,0.0
2026,2026 FIFA World Cup,Côte d'Ivoire,CIV,Ibrahim Sangaré,MF,28.0,1997.0,0.0
2026,2026 FIFA World Cup,Côte d'Ivoire,CIV,Jean Seri,MF,34.0,1991.0,0.0
2026,2026 FIFA World Cup,Côte d'Ivoire,CIV,Mohamed Koné,GK,24.0,2002.0,0.0
2026,2026 FIFA World Cup,Côte d'Ivoire,CIV,Nicolas Pépé,FW,31.0,1995.0,2.0
2026,2026 FIFA World Cup,Côte d'Ivoire,CIV,Obite N'Dicka,DF,26.0,1999.0,0.0
2026,2026 FIFA World Cup,Côte d'Ivoire,CIV,Odilon Kossounou,DF,25.0,2001.0,0.0
2026,2026 FIFA World Cup,Côte d'Ivoire,CIV,Oumar Diakité,FW,22.0,2003.0,0.0
2026,2026 FIFA World Cup,Côte d'Ivoire,CIV,Ousmane Diomande,DF,22.0,2003.0,0.0
2026,2026 FIFA World Cup,Côte d'Ivoire,CIV,Parfait Guiagon,MF,25.0,2001.0,0.0
2026,2026 FIFA World Cup,Côte d'Ivoire,CIV,Seko Fofana,MF,31.0,1995.0,0.0
2026,2026 FIFA World Cup,Côte d'Ivoire,CIV,Simon Adingra,"FW,MF",24.0,2002.0,0.0
2026,2026 FIFA World Cup,Côte d'Ivoire,CIV,Wilfried Singo,DF,25.0,2000.0,0.0
2026,2026 FIFA World Cup,Côte d'Ivoire,CIV,Yahia Fofana,GK,25.0,2000.0,0.0
2026,2026 FIFA World Cup,Côte d'Ivoire,CIV,Yan Diomandé,"MF,FW",19.0,2006.0,0.0
2026,2026 FIFA World Cup,Ecuador,ECU,Alan Franco,DF,27.0,1998.0,0.0
2026,2026 FIFA World Cup,Ecuador,ECU,Alan Minda,MF,23.0,2003.0,0.0
2026,2026 FIFA World Cup,Ecuador,ECU,Anthony Valencia,MF,22.0,2003.0,0.0
2026,2026 FIFA World Cup,Ecuador,ECU,Denil Castillo,MF,22.0,2004.0,0.0
2026,2026 FIFA World Cup,Ecuador,ECU,Enner Valencia,FW,36.0,1989.0,0.0
2026,2026 FIFA World Cup,Ecuador,ECU,Félix Torres Caicedo,DF,29.0,1997.0,0.0
2026,2026 FIFA World Cup,Ecuador,ECU,Gonzalo Plata,FW,25.0,2000.0,1.0
2026,2026 FIFA World Cup,Ecuador,ECU,Gonzalo Valle,GK,30.0,1996.0,0.0
2026,2026 FIFA World Cup,Ecuador,ECU,Hernán Galíndez,GK,39.0,1987.0,0.0
2026,2026 FIFA World Cup,Ecuador,ECU,Jackson Porozo,DF,25.0,2000.0,0.0
2026,2026 FIFA World Cup,Ecuador,ECU,Jeremy Arévalo,FW,21.0,2005.0,0.0
2026,2026 FIFA World Cup,Ecuador,ECU,Joel Ordóñez,DF,22.0,2004.0,0.0
2026,2026 FIFA World Cup,Ecuador,ECU,John Yeboah,MF,25.0,2000.0,0.0
2026,2026 FIFA World Cup,Ecuador,ECU,Jordy Alcivar,MF,26.0,1999.0,0.0
2026,2026 FIFA World Cup,Ecuador,ECU,Jordy Caicedo,FW,28.0,1997.0,0.0
2026,2026 FIFA World Cup,Ecuador,ECU,Kendry Páez,MF,19.0,2007.0,0.0
2026,2026 FIFA World Cup,Ecuador,ECU,Kevin Rodríguez,FW,26.0,2000.0,0.0
2026,2026 FIFA World Cup,Ecuador,ECU,Moisés Caicedo,MF,24.0,2001.0,0.0
2026,2026 FIFA World Cup,Ecuador,ECU,Moisés Ramírez,GK,25.0,2000.0,0.0
2026,2026 FIFA World Cup,Ecuador,ECU,Nilson Angulo,MF,22.0,2003.0,1.0
2026,2026 FIFA World Cup,Ecuador,ECU,Pedro Vite,MF,24.0,2002.0,0.0
2026,2026 FIFA World Cup,Ecuador,ECU,Pervis Estupiñán,MF,28.0,1998.0,0.0
2026,2026 FIFA World Cup,Ecuador,ECU,Piero Hincapié,DF,24.0,2002.0,0.0
2026,2026 FIFA World Cup,Ecuador,ECU,Willian Pacho,DF,24.0,2001.0,0.0
2026,2026 FIFA World Cup,Ecuador,ECU,Yaimar Medina,"DF,MF",21.0,2004.0,0.0
2026,2026 FIFA World Cup,Ecuador,ECU,Ángelo Preciado,"DF,MF",28.0,1998.0,0.0
2026,2026 FIFA World Cup,Egypt,EGY,Ahmed Fatouh,DF,28.0,1998.0,0.0
2026,2026 FIFA World Cup,Egypt,EGY,El Mahdy Soliman,GK,39.0,1987.0,0.0
2026,2026 FIFA World Cup,Egypt,EGY,Emam Ashour,MF,28.0,1998.0,2.0
2026,2026 FIFA World Cup,Egypt,EGY,Haissem Hassan,MF,24.0,2002.0,0.0
2026,2026 FIFA World Cup,Egypt,EGY,Hamdy Fathy,"DF,MF",31.0,1994.0,0.0
2026,2026 FIFA World Cup,Egypt,EGY,Hamza Abdelkarim,FW,18.0,2008.0,0.0
2026,2026 FIFA World Cup,Egypt,EGY,Hossam Abdelmaguid,DF,25.0,2001.0,0.0
2026,2026 FIFA World Cup,Egypt,EGY,Ibrahim Adel,MF,25.0,2001.0,0.0
2026,2026 FIFA World Cup,Egypt,EGY,Karim Hafez,DF,30.0,1996.0,0.0
2026,2026 FIFA World Cup,Egypt,EGY,Mahmoud Saber,MF,24.0,2001.0,1.0
2026,2026 FIFA World Cup,Egypt,EGY,Marwan Attia,MF,27.0,1998.0,0.0
2026,2026 FIFA World Cup,Egypt,EGY,Mohamed Abdelmonem,DF,27.0,1999.0,0.0
2026,2026 FIFA World Cup,Egypt,EGY,Mohamed Alaa,GK,27.0,1999.0,0.0
2026,2026 FIFA World Cup,Egypt,EGY,Mohamed El-Shenawy,GK,37.0,1988.0,0.0
2026,2026 FIFA World Cup,Egypt,EGY,Mohamed Hany,DF,30.0,1996.0,0.0
2026,2026 FIFA World Cup,Egypt,EGY,Mohamed Salah,"FW,MF",33.0,1992.0,1.0
2026,2026 FIFA World Cup,Egypt,EGY,Mohanad Lasheen,MF,30.0,1996.0,0.0
2026,2026 FIFA World Cup,Egypt,EGY,Mostafa Shobeir,GK,26.0,2000.0,0.0
2026,2026 FIFA World Cup,Egypt,EGY,Mostafa Ziko,"FW,MF",29.0,1997.0,2.0
2026,2026 FIFA World Cup,Egypt,EGY,Nabil Dunga,MF,30.0,1996.0,0.0
2026,2026 FIFA World Cup,Egypt,EGY,Omar Marmoush,"FW,MF",27.0,1999.0,0.0
2026,2026 FIFA World Cup,Egypt,EGY,Ramy Rabia,DF,33.0,1993.0,0.0
2026,2026 FIFA World Cup,Egypt,EGY,Tarek Alaa,DF,24.0,2002.0,0.0
2026,2026 FIFA World Cup,Egypt,EGY,Trézéguet,MF,31.0,1994.0,1.0
2026,2026 FIFA World Cup,Egypt,EGY,Yasser Ibrahim,DF,33.0,1993.0,1.0
2026,2026 FIFA World Cup,Egypt,EGY,Zizo,MF,30.0,1996.0,0.0
2026,2026 FIFA World Cup,England,ENG,Anthony Gordon,MF,25.0,2001.0,1.0
2026,2026 FIFA World Cup,England,ENG,Bukayo Saka,MF,24.0,2001.0,3.0
2026,2026 FIFA World Cup,England,ENG,Dan Burn,DF,34.0,1992.0,0.0
2026,2026 FIFA World Cup,England,ENG,Dean Henderson,GK,29.0,1997.0,0.0
2026,2026 FIFA World Cup,England,ENG,Declan Rice,MF,27.0,1999.0,1.0
2026,2026 FIFA World Cup,England,ENG,Djed Spence,DF,25.0,2000.0,0.0
2026,2026 FIFA World Cup,England,ENG,Eberechi Eze,MF,27.0,1998.0,0.0
2026,2026 FIFA World Cup,England,ENG,Elliot Anderson,MF,23.0,2002.0,0.0
2026,2026 FIFA World Cup,England,ENG,Ezri Konsa,DF,28.0,1997.0,1.0
2026,2026 FIFA World Cup,England,ENG,Harry Kane,FW,32.0,1993.0,6.0
2026,2026 FIFA World Cup,England,ENG,Ivan Toney,FW,30.0,1996.0,0.0
2026,2026 FIFA World Cup,England,ENG,James Trafford,GK,23.0,2002.0,0.0
2026,2026 FIFA World Cup,England,ENG,Jarell Quansah,DF,23.0,2003.0,0.0
2026,2026 FIFA World Cup,England,ENG,John Stones,DF,32.0,1994.0,0.0
2026,2026 FIFA World Cup,England,ENG,Jordan Henderson,MF,35.0,1990.0,0.0
2026,2026 FIFA World Cup,England,ENG,Jordan Pickford,GK,32.0,1994.0,0.0
2026,2026 FIFA World Cup,England,ENG,Jude Bellingham,MF,22.0,2003.0,7.0
2026,2026 FIFA World Cup,England,ENG,Kobbie Mainoo,MF,21.0,2005.0,0.0
2026,2026 FIFA World Cup,England,ENG,Marc Guéhi,DF,25.0,2000.0,0.0
2026,2026 FIFA World Cup,England,ENG,Marcus Rashford,MF,28.0,1997.0,1.0
2026,2026 FIFA World Cup,England,ENG,Morgan Rogers,MF,23.0,2002.0,0.0
2026,2026 FIFA World Cup,England,ENG,Nico O'Reilly,DF,21.0,2005.0,0.0
2026,2026 FIFA World Cup,England,ENG,Noni Madueke,MF,24.0,2002.0,0.0
2026,2026 FIFA World Cup,England,ENG,Ollie Watkins,"FW,MF",30.0,1995.0,0.0
2026,2026 FIFA World Cup,England,ENG,Reece James,DF,26.0,1999.0,0.0
2026,2026 FIFA World Cup,England,ENG,Trevoh Chalobah,"DF,MF",26.0,1999.0,0.0
2026,2026 FIFA World Cup,France,FRA,Adrien Rabiot,MF,31.0,1995.0,0.0
2026,2026 FIFA World Cup,France,FRA,Aurélien Tchouaméni,MF,26.0,2000.0,0.0
2026,2026 FIFA World Cup,France,FRA,Bradley Barcola,MF,23.0,2002.0,3.0
2026,2026 FIFA World Cup,France,FRA,Brice Samba,GK,32.0,1994.0,0.0
2026,2026 FIFA World Cup,France,FRA,Dayot Upamecano,DF,27.0,1998.0,0.0
2026,2026 FIFA World Cup,France,FRA,Désiré Doué,MF,21.0,2005.0,1.0
2026,2026 FIFA World Cup,France,FRA,Ibrahima Konaté,DF,27.0,1999.0,0.0
2026,2026 FIFA World Cup,France,FRA,Jean-Philippe Mateta,FW,28.0,1997.0,0.0
2026,2026 FIFA World Cup,France,FRA,Jules Koundé,DF,27.0,1998.0,0.0
2026,2026 FIFA World Cup,France,FRA,Kylian Mbappé,FW,27.0,1998.0,10.0
2026,2026 FIFA World Cup,France,FRA,Lucas Digne,DF,32.0,1993.0,0.0
2026,2026 FIFA World Cup,France,FRA,Lucas Hernández,DF,30.0,1996.0,0.0
2026,2026 FIFA World Cup,France,FRA,Maghnes Akliouche,MF,24.0,2002.0,0.0
2026,2026 FIFA World Cup,France,FRA,Malo Gusto,DF,23.0,2003.0,0.0
2026,2026 FIFA World Cup,France,FRA,Manu Koné,MF,25.0,2001.0,0.0
2026,2026 FIFA World Cup,France,FRA,Marcus Thuram,"FW,MF",28.0,1997.0,0.0
2026,2026 FIFA World Cup,France,FRA,Maxence Lacroix,DF,26.0,2000.0,0.0
2026,2026 FIFA World Cup,France,FRA,Michael Olise,MF,24.0,2001.0,0.0
2026,2026 FIFA World Cup,France,FRA,Mike Maignan,GK,30.0,1995.0,0.0
2026,2026 FIFA World Cup,France,FRA,N'Golo Kanté,MF,35.0,1991.0,0.0
2026,2026 FIFA World Cup,France,FRA,Ousmane Dembélé,MF,29.0,1997.0,6.0
2026,2026 FIFA World Cup,France,FRA,Rayan Cherki,MF,22.0,2003.0,0.0
2026,2026 FIFA World Cup,France,FRA,Robin Risser,GK,21.0,2004.0,0.0
2026,2026 FIFA World Cup,France,FRA,Theo Hernández,DF,28.0,1997.0,0.0
2026,2026 FIFA World Cup,France,FRA,Warren Zaïre-Emery,MF,20.0,2006.0,0.0
2026,2026 FIFA World Cup,France,FRA,William Saliba,DF,25.0,2001.0,0.0
2026,2026 FIFA World Cup,Germany,GER,Aleksandar Pavlovic,MF,22.0,2004.0,0.0
2026,2026 FIFA World Cup,Germany,GER,Alexander Nübel,GK,29.0,1996.0,0.0
2026,2026 FIFA World Cup,Germany,GER,Angelo Stiller,MF,25.0,2001.0,0.0
2026,2026 FIFA World Cup,Germany,GER,Antonio Rüdiger,DF,33.0,1993.0,0.0
2026,2026 FIFA World Cup,Germany,GER,Assan Ouédraogo,MF,20.0,2006.0,0.0
2026,2026 FIFA World Cup,Germany,GER,David Raum,DF,28.0,1998.0,0.0
2026,2026 FIFA World Cup,Germany,GER,Deniz Undav,FW,29.0,1996.0,3.0
2026,2026 FIFA World Cup,Germany,GER,Felix Nmecha,MF,25.0,2000.0,1.0
2026,2026 FIFA World Cup,Germany,GER,Florian Wirtz,MF,23.0,2003.0,0.0
2026,2026 FIFA World Cup,Germany,GER,Jamal Musiala,MF,23.0,2003.0,1.0
2026,2026 FIFA World Cup,Germany,GER,Jamie Leweling,"FW,MF",25.0,2001.0,0.0
2026,2026 FIFA World Cup,Germany,GER,Jonathan Tah,DF,30.0,1996.0,0.0
2026,2026 FIFA World Cup,Germany,GER,Joshua Kimmich,DF,31.0,1995.0,0.0
2026,2026 FIFA World Cup,Germany,GER,Kai Havertz,FW,27.0,1999.0,3.0
2026,2026 FIFA World Cup,Germany,GER,Leon Goretzka,MF,31.0,1995.0,0.0
2026,2026 FIFA World Cup,Germany,GER,Leroy Sané,MF,30.0,1996.0,1.0
2026,2026 FIFA World Cup,Germany,GER,Malick Thiaw,"DF,MF",24.0,2001.0,0.0
2026,2026 FIFA World Cup,Germany,GER,Manuel Neuer,GK,40.0,1986.0,0.0
2026,2026 FIFA World Cup,Germany,GER,Maximilian Beier,"FW,MF",23.0,2002.0,0.0
2026,2026 FIFA World Cup,Germany,GER,Nadiem Amiri,MF,29.0,1996.0,0.0
2026,2026 FIFA World Cup,Germany,GER,Nathaniel Brown,DF,22.0,2003.0,1.0
2026,2026 FIFA World Cup,Germany,GER,Nick Woltemade,"FW,MF",24.0,2002.0,0.0
2026,2026 FIFA World Cup,Germany,GER,Nico Schlotterbeck,DF,26.0,1999.0,1.0
2026,2026 FIFA World Cup,Germany,GER,Oliver Baumann,GK,36.0,1990.0,0.0
2026,2026 FIFA World Cup,Germany,GER,Pascal Groß,"DF,MF",34.0,1991.0,0.0
2026,2026 FIFA World Cup,Germany,GER,Waldemar Anton,"DF,MF",29.0,1996.0,0.0
2026,2026 FIFA World Cup,Ghana,GHA,Abdul Fatawu Issahaku,"FW,MF",22.0,2004.0,0.0
2026,2026 FIFA World Cup,Ghana,GHA,Abdul Mumin,DF,28.0,1998.0,0.0
2026,2026 FIFA World Cup,Ghana,GHA,Abdul Rahman Baba,"DF,MF",31.0,1994.0,0.0
2026,2026 FIFA World Cup,Ghana,GHA,Alidu Seidu,DF,26.0,2000.0,0.0
2026,2026 FIFA World Cup,Ghana,GHA,Antoine Semenyo,"MF,FW",26.0,2000.0,0.0
2026,2026 FIFA World Cup,Ghana,GHA,Augustine Boakye,"FW,MF",25.0,2000.0,0.0
2026,2026 FIFA World Cup,Ghana,GHA,Benjamin Asare,GK,33.0,1992.0,0.0
2026,2026 FIFA World Cup,Ghana,GHA,Brandon Thomas-Asante,"FW,MF",27.0,1998.0,0.0
2026,2026 FIFA World Cup,Ghana,GHA,Caleb Yirenkyi,MF,20.0,2006.0,1.0
2026,2026 FIFA World Cup,Ghana,GHA,Christopher Bonsu-Baah,MF,21.0,2004.0,0.0
2026,2026 FIFA World Cup,Ghana,GHA,Derrick Luckassen,DF,30.0,1995.0,1.0
2026,2026 FIFA World Cup,Ghana,GHA,Elisha Owusu,MF,28.0,1997.0,0.0
2026,2026 FIFA World Cup,Ghana,GHA,Ernest Nuamah,MF,22.0,2003.0,0.0
2026,2026 FIFA World Cup,Ghana,GHA,Gideon Mensah,DF,27.0,1998.0,0.0
2026,2026 FIFA World Cup,Ghana,GHA,Iñaki Williams,"MF,FW",31.0,1994.0,0.0
2026,2026 FIFA World Cup,Ghana,GHA,Jerome Opoku,DF,27.0,1998.0,0.0
2026,2026 FIFA World Cup,Ghana,GHA,Jonas Adjetey,DF,22.0,2003.0,0.0
2026,2026 FIFA World Cup,Ghana,GHA,Jordan Ayew,FW,34.0,1991.0,0.0
2026,2026 FIFA World Cup,Ghana,GHA,Joseph Anang,GK,26.0,2000.0,0.0
2026,2026 FIFA World Cup,Ghana,GHA,Kamaldeen Sulemana,"MF,FW",24.0,2002.0,0.0
2026,2026 FIFA World Cup,Ghana,GHA,Kojo Peprah Oppong,DF,22.0,2004.0,0.0
2026,2026 FIFA World Cup,Ghana,GHA,Kwasi Sibo,MF,27.0,1998.0,0.0
2026,2026 FIFA World Cup,Ghana,GHA,Lawrence Ati-Zigi,GK,29.0,1996.0,0.0
2026,2026 FIFA World Cup,Ghana,GHA,Marvin Senaya,DF,25.0,2001.0,0.0
2026,2026 FIFA World Cup,Ghana,GHA,Prince Kwabena Adu,FW,22.0,2003.0,0.0
2026,2026 FIFA World Cup,Ghana,GHA,Thomas Partey,MF,33.0,1993.0,0.0
2026,2026 FIFA World Cup,Haiti,HAI,Alexandre Pierre,GK,25.0,2001.0,0.0
2026,2026 FIFA World Cup,Haiti,HAI,Carl Fred Sainté,MF,23.0,2002.0,0.0
2026,2026 FIFA World Cup,Haiti,HAI,Carlens Arcus,"MF,DF",29.0,1996.0,0.0
2026,2026 FIFA World Cup,Haiti,HAI,Danley Jean-Jacques,MF,26.0,2000.0,0.0
2026,2026 FIFA World Cup,Haiti,HAI,Derrick Etienne,"FW,MF",29.0,1996.0,0.0
2026,2026 FIFA World Cup,Haiti,HAI,Dominique Simon,MF,25.0,2000.0,0.0
2026,2026 FIFA World Cup,Haiti,HAI,Duckens Nazon,"FW,MF",32.0,1994.0,0.0
2026,2026 FIFA World Cup,Haiti,HAI,Duke Lacroix,"DF,FW",32.0,1993.0,0.0
2026,2026 FIFA World Cup,Haiti,HAI,Frantzdy Pierrot,FW,31.0,1995.0,0.0
2026,2026 FIFA World Cup,Haiti,HAI,Garven Metusala,DF,26.0,1999.0,0.0
2026,2026 FIFA World Cup,Haiti,HAI,Hannes Delcroix,DF,27.0,1999.0,0.0
2026,2026 FIFA World Cup,Haiti,HAI,Jean-Kevin Duverne,DF,28.0,1997.0,0.0
2026,2026 FIFA World Cup,Haiti,HAI,Jean-Ricner Bellegarde,MF,27.0,1998.0,0.0
2026,2026 FIFA World Cup,Haiti,HAI,Johny Placide,GK,38.0,1988.0,0.0
2026,2026 FIFA World Cup,Haiti,HAI,Josué Casimir,MF,24.0,2001.0,0.0
2026,2026 FIFA World Cup,Haiti,HAI,Josué Duverger,GK,26.0,2000.0,0.0
2026,2026 FIFA World Cup,Haiti,HAI,Keeto Thermoncy,DF,20.0,2006.0,0.0
2026,2026 FIFA World Cup,Haiti,HAI,Lenny Joseph,FW,25.0,2000.0,0.0
2026,2026 FIFA World Cup,Haiti,HAI,Louicius Deedson,MF,25.0,2001.0,0.0
2026,2026 FIFA World Cup,Haiti,HAI,Martin Expérience,"DF,MF",27.0,1999.0,0.0
2026,2026 FIFA World Cup,Haiti,HAI,Ricardo Adé,DF,36.0,1990.0,0.0
2026,2026 FIFA World Cup,Haiti,HAI,Ruben Providence,MF,24.0,2001.0,0.0
2026,2026 FIFA World Cup,Haiti,HAI,Wilguens Paugain,DF,24.0,2001.0,0.0
2026,2026 FIFA World Cup,Haiti,HAI,Wilson Isidor,FW,25.0,2000.0,1.0
2026,2026 FIFA World Cup,Haiti,HAI,Woodensky Pierre,MF,21.0,2004.0,0.0
2026,2026 FIFA World Cup,Haiti,HAI,Yassin Fortuné,"FW,MF",27.0,1999.0,0.0
2026,2026 FIFA World Cup,IR Iran,IRN,Ali Alipour,FW,30.0,1995.0,0.0
2026,2026 FIFA World Cup,IR Iran,IRN,Ali Nemati,DF,30.0,1996.0,0.0
2026,2026 FIFA World Cup,IR Iran,IRN,Alireza Beiranvand,GK,33.0,1992.0,0.0
2026,2026 FIFA World Cup,IR Iran,IRN,Alireza Jahanbakhsh,"FW,MF",32.0,1993.0,0.0
2026,2026 FIFA World Cup,IR Iran,IRN,Amirhossein Hosseinzadeh,FW,25.0,2000.0,0.0
2026,2026 FIFA World Cup,IR Iran,IRN,Amirmohammad Razzaghinia,MF,20.0,2006.0,0.0
2026,2026 FIFA World Cup,IR Iran,IRN,Aria Yousefi,MF,24.0,2002.0,0.0
2026,2026 FIFA World Cup,IR Iran,IRN,Danial Eiri,DF,22.0,2003.0,0.0
2026,2026 FIFA World Cup,IR Iran,IRN,Dennis Eckert,FW,29.0,1997.0,0.0
2026,2026 FIFA World Cup,IR Iran,IRN,Ehsan Hajsafi,DF,36.0,1990.0,0.0
2026,2026 FIFA World Cup,IR Iran,IRN,Hossein Hosseini,GK,33.0,1992.0,0.0
2026,2026 FIFA World Cup,IR Iran,IRN,Hossein Kanaanizadegan,DF,32.0,1994.0,0.0
2026,2026 FIFA World Cup,IR Iran,IRN,Mehdi Ghayedi,FW,27.0,1998.0,0.0
2026,2026 FIFA World Cup,IR Iran,IRN,Mehdi Taremi,FW,33.0,1992.0,0.0
2026,2026 FIFA World Cup,IR Iran,IRN,Mehdi Torabi,MF,31.0,1994.0,0.0
2026,2026 FIFA World Cup,IR Iran,IRN,Milad Mohammadi,DF,32.0,1993.0,0.0
2026,2026 FIFA World Cup,IR Iran,IRN,Mohammad Ghorbani,MF,25.0,2001.0,0.0
2026,2026 FIFA World Cup,IR Iran,IRN,Mohammad Mohebi,MF,27.0,1998.0,1.0
2026,2026 FIFA World Cup,IR Iran,IRN,Payam Niazmand,GK,31.0,1995.0,0.0
2026,2026 FIFA World Cup,IR Iran,IRN,Ramin Rezaeian,"DF,MF",36.0,1990.0,2.0
2026,2026 FIFA World Cup,IR Iran,IRN,Rouzbeh Cheshmi,"DF,MF",32.0,1993.0,0.0
2026,2026 FIFA World Cup,IR Iran,IRN,Saeid Ezatolahi,MF,29.0,1996.0,0.0
2026,2026 FIFA World Cup,IR Iran,IRN,Saleh Hardani,DF,27.0,1998.0,0.0
2026,2026 FIFA World Cup,IR Iran,IRN,Saman Ghoddos,MF,32.0,1993.0,0.0
2026,2026 FIFA World Cup,IR Iran,IRN,Shahriar Moghanlou,FW,31.0,1994.0,0.0
2026,2026 FIFA World Cup,IR Iran,IRN,Shoja' Khalilzadeh,DF,37.0,1989.0,0.0
2026,2026 FIFA World Cup,Iraq,IRQ,Ahmed Basil,GK,29.0,1996.0,0.0
2026,2026 FIFA World Cup,Iraq,IRQ,Ahmed Maknzi,DF,24.0,2001.0,0.0
2026,2026 FIFA World Cup,Iraq,IRQ,Ahmed Qasem,"MF,FW",22.0,2003.0,0.0
2026,2026 FIFA World Cup,Iraq,IRQ,Aimar Sher,MF,23.0,2002.0,0.0
2026,2026 FIFA World Cup,Iraq,IRQ,Akam Hashim,DF,27.0,1998.0,0.0
2026,2026 FIFA World Cup,Iraq,IRQ,Ali Al Hamadi,FW,24.0,2002.0,0.0
2026,2026 FIFA World Cup,Iraq,IRQ,Ali Jasim,MF,22.0,2004.0,0.0
2026,2026 FIFA World Cup,Iraq,IRQ,Ali Yousif,FW,30.0,1996.0,0.0
2026,2026 FIFA World Cup,Iraq,IRQ,Amir Al Ammari,MF,28.0,1997.0,0.0
2026,2026 FIFA World Cup,Iraq,IRQ,Ayman Hussein,FW,30.0,1996.0,1.0
2026,2026 FIFA World Cup,Iraq,IRQ,Fahad Talib,GK,31.0,1994.0,0.0
2026,2026 FIFA World Cup,Iraq,IRQ,Frans Dhia Putros,DF,32.0,1993.0,0.0
2026,2026 FIFA World Cup,Iraq,IRQ,Hussein Ali,DF,24.0,2002.0,0.0
2026,2026 FIFA World Cup,Iraq,IRQ,Ibrahim Bayesh,"MF,FW",26.0,2000.0,0.0
2026,2026 FIFA World Cup,Iraq,IRQ,Jalal Hassan,GK,35.0,1991.0,0.0
2026,2026 FIFA World Cup,Iraq,IRQ,Kevin Yakob,MF,25.0,2000.0,0.0
2026,2026 FIFA World Cup,Iraq,IRQ,Manaf Younis,DF,29.0,1996.0,0.0
2026,2026 FIFA World Cup,Iraq,IRQ,Marko Farji,MF,22.0,2004.0,0.0
2026,2026 FIFA World Cup,Iraq,IRQ,Merchas Doski,DF,26.0,1999.0,0.0
2026,2026 FIFA World Cup,Iraq,IRQ,Mohanad Ali,FW,25.0,2000.0,0.0
2026,2026 FIFA World Cup,Iraq,IRQ,Mustafa Saadoon,DF,25.0,2001.0,0.0
2026,2026 FIFA World Cup,Iraq,IRQ,Rebin Sulaka,DF,34.0,1992.0,0.0
2026,2026 FIFA World Cup,Iraq,IRQ,Youssef Amyn,MF,22.0,2003.0,0.0
2026,2026 FIFA World Cup,Iraq,IRQ,Zaid Ismail,MF,24.0,2002.0,0.0
2026,2026 FIFA World Cup,Iraq,IRQ,Zaid Tahseen,DF,25.0,2001.0,0.0
2026,2026 FIFA World Cup,Iraq,IRQ,Zidane Iqbal,MF,23.0,2003.0,0.0
2026,2026 FIFA World Cup,Japan,JPN,Ao Tanaka,MF,27.0,1998.0,0.0
2026,2026 FIFA World Cup,Japan,JPN,Ayase Ueda,FW,27.0,1998.0,2.0
2026,2026 FIFA World Cup,Japan,JPN,Ayumu Seko,DF,26.0,2000.0,0.0
2026,2026 FIFA World Cup,Japan,JPN,Daichi Kamada,MF,29.0,1996.0,2.0
2026,2026 FIFA World Cup,Japan,JPN,Daizen Maeda,MF,28.0,1997.0,1.0
2026,2026 FIFA World Cup,Japan,JPN,Hiroki Ito,DF,27.0,1999.0,0.0
2026,2026 FIFA World Cup,Japan,JPN,Junnosuke Suzuki,DF,22.0,2003.0,0.0
2026,2026 FIFA World Cup,Japan,JPN,Junya Itō,MF,33.0,1993.0,1.0
2026,2026 FIFA World Cup,Japan,JPN,Kaishū Sano,MF,25.0,2000.0,1.0
2026,2026 FIFA World Cup,Japan,JPN,Keisuke Gotō,FW,21.0,2005.0,0.0
2026,2026 FIFA World Cup,Japan,JPN,Keisuke Ōsako,GK,26.0,1999.0,0.0
2026,2026 FIFA World Cup,Japan,JPN,Keito Nakamura,MF,25.0,2000.0,1.0
2026,2026 FIFA World Cup,Japan,JPN,Kento Shiogai,FW,21.0,2005.0,0.0
2026,2026 FIFA World Cup,Japan,JPN,Ko Itakura,DF,29.0,1997.0,0.0
2026,2026 FIFA World Cup,Japan,JPN,Kōki Ogawa,FW,28.0,1997.0,0.0
2026,2026 FIFA World Cup,Japan,JPN,Ritsu Doan,MF,27.0,1998.0,0.0
2026,2026 FIFA World Cup,Japan,JPN,Shogo Taniguchi,DF,34.0,1991.0,0.0
2026,2026 FIFA World Cup,Japan,JPN,Shuto Machino,FW,26.0,1999.0,0.0
2026,2026 FIFA World Cup,Japan,JPN,Takefusa Kubo,MF,25.0,2001.0,0.0
2026,2026 FIFA World Cup,Japan,JPN,Takehiro Tomiyasu,DF,27.0,1998.0,0.0
2026,2026 FIFA World Cup,Japan,JPN,Tomoki Hayakawa,GK,27.0,1999.0,0.0
2026,2026 FIFA World Cup,Japan,JPN,Tsuyoshi Watanabe,DF,29.0,1997.0,0.0
2026,2026 FIFA World Cup,Japan,JPN,Yuito Suzuki,"FW,MF",24.0,2001.0,0.0
2026,2026 FIFA World Cup,Japan,JPN,Yukinari Sugawara,MF,25.0,2000.0,0.0
2026,2026 FIFA World Cup,Japan,JPN,Yūto Nagatomo,"DF,MF",39.0,1986.0,0.0
2026,2026 FIFA World Cup,Japan,JPN,Zion Suzuki,GK,23.0,2002.0,0.0
2026,2026 FIFA World Cup,Jordan,JOR,Abdallah Al-Fakhouri,GK,26.0,2000.0,0.0
2026,2026 FIFA World Cup,Jordan,JOR,Abdallah Nasib,DF,32.0,1994.0,0.0
2026,2026 FIFA World Cup,Jordan,JOR,Ali Azaizeh,MF,22.0,2004.0,0.0
2026,2026 FIFA World Cup,Jordan,JOR,Ali Olwan,MF,26.0,2000.0,1.0
2026,2026 FIFA World Cup,Jordan,JOR,Amer Jamous,MF,23.0,2002.0,0.0
2026,2026 FIFA World Cup,Jordan,JOR,Anas Badawi,DF,28.0,1997.0,0.0
2026,2026 FIFA World Cup,Jordan,JOR,Husam Abu Dahab,DF,26.0,2000.0,0.0
2026,2026 FIFA World Cup,Jordan,JOR,Ibrahim Sadeh,MF,26.0,2000.0,0.0
2026,2026 FIFA World Cup,Jordan,JOR,Ihsan Haddad,DF,32.0,1994.0,0.0
2026,2026 FIFA World Cup,Jordan,JOR,Mahmoud Al-Mardi,MF,32.0,1993.0,0.0
2026,2026 FIFA World Cup,Jordan,JOR,Mo Abualnadi,DF,25.0,2001.0,0.0
2026,2026 FIFA World Cup,Jordan,JOR,Mohammad Abu Hasheesh,DF,31.0,1995.0,0.0
2026,2026 FIFA World Cup,Jordan,JOR,Mohammad Al-Dawud,"FW,MF",34.0,1992.0,0.0
2026,2026 FIFA World Cup,Jordan,JOR,Mohammad Taha,MF,20.0,2005.0,0.0
2026,2026 FIFA World Cup,Jordan,JOR,Mohannad Abu Taha,DF,23.0,2003.0,0.0
2026,2026 FIFA World Cup,Jordan,JOR,Musa Al-Taamari,FW,29.0,1997.0,1.0
2026,2026 FIFA World Cup,Jordan,JOR,Nizar Al Rashdan,MF,27.0,1999.0,1.0
2026,2026 FIFA World Cup,Jordan,JOR,Noor Al Rawabdeh,MF,29.0,1997.0,0.0
2026,2026 FIFA World Cup,Jordan,JOR,Nour Bani Attiah,GK,33.0,1993.0,0.0
2026,2026 FIFA World Cup,Jordan,JOR,Odeh Al-Fakhouri,"MF,FW",20.0,2005.0,0.0
2026,2026 FIFA World Cup,Jordan,JOR,Rajaei Ayed,MF,32.0,1993.0,0.0
2026,2026 FIFA World Cup,Jordan,JOR,Saed Al-Rosan,DF,29.0,1997.0,0.0
2026,2026 FIFA World Cup,Jordan,JOR,Salim Obaid,DF,34.0,1992.0,0.0
2026,2026 FIFA World Cup,Jordan,JOR,Sharara,FW,28.0,1997.0,0.0
2026,2026 FIFA World Cup,Jordan,JOR,Yazan Al-Arab,DF,30.0,1996.0,0.0
2026,2026 FIFA World Cup,Jordan,JOR,Yazeed Abulaila,GK,33.0,1993.0,0.0
2026,2026 FIFA World Cup,Korea Republic,KOR,Bae Jun-ho,"FW,MF",22.0,2003.0,0.0
2026,2026 FIFA World Cup,Korea Republic,KOR,Cho Gue-sung,FW,28.0,1998.0,0.0
2026,2026 FIFA World Cup,Korea Republic,KOR,Cho Wi-je,DF,24.0,2001.0,0.0
2026,2026 FIFA World Cup,Korea Republic,KOR,Eom Ji-sung,MF,24.0,2002.0,0.0
2026,2026 FIFA World Cup,Korea Republic,KOR,Hwang Hee-chan,FW,30.0,1996.0,0.0
2026,2026 FIFA World Cup,Korea Republic,KOR,Hwang In-beom,MF,29.0,1996.0,1.0
2026,2026 FIFA World Cup,Korea Republic,KOR,Jens Castrop,MF,22.0,2003.0,0.0
2026,2026 FIFA World Cup,Korea Republic,KOR,Jo Hyeon-woo,GK,34.0,1991.0,0.0
2026,2026 FIFA World Cup,Korea Republic,KOR,Kim Jin-gyu,MF,29.0,1997.0,0.0
2026,2026 FIFA World Cup,Korea Republic,KOR,Kim Min-jae,DF,29.0,1996.0,0.0
2026,2026 FIFA World Cup,Korea Republic,KOR,Kim Moon-hwan,MF,30.0,1995.0,0.0
2026,2026 FIFA World Cup,Korea Republic,KOR,Kim Seung-gyu,GK,35.0,1990.0,0.0
2026,2026 FIFA World Cup,Korea Republic,KOR,Kim Tae-hyeon,DF,25.0,2000.0,0.0
2026,2026 FIFA World Cup,Korea Republic,KOR,Lee Dong-gyeong,"FW,MF",28.0,1997.0,0.0
2026,2026 FIFA World Cup,Korea Republic,KOR,Lee Gi-hyuk,DF,25.0,2000.0,0.0
2026,2026 FIFA World Cup,Korea Republic,KOR,Lee Han-beom,DF,23.0,2002.0,0.0
2026,2026 FIFA World Cup,Korea Republic,KOR,Lee Jae-sung,FW,33.0,1992.0,0.0
2026,2026 FIFA World Cup,Korea Republic,KOR,Lee Kang-in,FW,25.0,2001.0,0.0
2026,2026 FIFA World Cup,Korea Republic,KOR,Lee Tae-seok,MF,23.0,2002.0,0.0
2026,2026 FIFA World Cup,Korea Republic,KOR,Oh Hyeon-gyu,FW,25.0,2001.0,1.0
2026,2026 FIFA World Cup,Korea Republic,KOR,Paik Seung-ho,MF,29.0,1997.0,0.0
2026,2026 FIFA World Cup,Korea Republic,KOR,Park Jinseob,"DF,MF",30.0,1995.0,0.0
2026,2026 FIFA World Cup,Korea Republic,KOR,Seol Young-woo,MF,27.0,1998.0,0.0
2026,2026 FIFA World Cup,Korea Republic,KOR,Son Heung-min,FW,33.0,1992.0,0.0
2026,2026 FIFA World Cup,Korea Republic,KOR,Song Bum-keun,GK,28.0,1997.0,0.0
2026,2026 FIFA World Cup,Korea Republic,KOR,Yang Hyun-jun,"FW,MF",24.0,2002.0,0.0
2026,2026 FIFA World Cup,Mexico,MEX,Alexis Vega,"FW,MF",28.0,1997.0,0.0
2026,2026 FIFA World Cup,Mexico,MEX,Armando González,FW,23.0,2003.0,0.0
2026,2026 FIFA World Cup,Mexico,MEX,Brian Gutiérrez,MF,22.0,2003.0,0.0
2026,2026 FIFA World Cup,Mexico,MEX,Carlos Acevedo,GK,30.0,1996.0,0.0
2026,2026 FIFA World Cup,Mexico,MEX,César Huerta,"FW,MF",25.0,2000.0,0.0
2026,2026 FIFA World Cup,Mexico,MEX,César Montes,DF,29.0,1997.0,0.0
2026,2026 FIFA World Cup,Mexico,MEX,Edson Álvarez,"MF,DF",28.0,1997.0,0.0
2026,2026 FIFA World Cup,Mexico,MEX,Erik Lira,MF,26.0,2000.0,0.0
2026,2026 FIFA World Cup,Mexico,MEX,Gilberto Mora,MF,17.0,2008.0,0.0
2026,2026 FIFA World Cup,Mexico,MEX,Guillermo Martínez Ayala,FW,31.0,1995.0,0.0
2026,2026 FIFA World Cup,Mexico,MEX,Guillermo Ochoa,GK,40.0,1985.0,0.0
2026,2026 FIFA World Cup,Mexico,MEX,Israel Reyes,DF,26.0,2000.0,0.0
2026,2026 FIFA World Cup,Mexico,MEX,Jesús Gallardo,DF,31.0,1994.0,0.0
2026,2026 FIFA World Cup,Mexico,MEX,Johan Vásquez,DF,27.0,1998.0,0.0
2026,2026 FIFA World Cup,Mexico,MEX,Jorge Sánchez,DF,28.0,1997.0,0.0
2026,2026 FIFA World Cup,Mexico,MEX,Julián Quiñones,"FW,MF",29.0,1997.0,4.0
2026,2026 FIFA World Cup,Mexico,MEX,Luis Chávez,MF,30.0,1996.0,0.0
2026,2026 FIFA World Cup,Mexico,MEX,Luis Romo,MF,31.0,1995.0,1.0
2026,2026 FIFA World Cup,Mexico,MEX,Mateo Chávez,DF,22.0,2004.0,1.0
2026,2026 FIFA World Cup,Mexico,MEX,Obed Vargas,MF,20.0,2005.0,0.0
2026,2026 FIFA World Cup,Mexico,MEX,Orbelín Pineda,"FW,MF",30.0,1996.0,0.0
2026,2026 FIFA World Cup,Mexico,MEX,Raúl Jiménez,FW,35.0,1991.0,3.0
2026,2026 FIFA World Cup,Mexico,MEX,Raúl Rangel,GK,26.0,2000.0,0.0
2026,2026 FIFA World Cup,Mexico,MEX,Roberto Alvarado,"FW,MF",27.0,1998.0,0.0
2026,2026 FIFA World Cup,Mexico,MEX,Santiago Giménez,FW,25.0,2001.0,0.0
2026,2026 FIFA World Cup,Mexico,MEX,Álvaro Fidalgo,MF,29.0,1997.0,1.0
2026,2026 FIFA World Cup,Morocco,MAR,Achraf Hakimi,DF,27.0,1998.0,1.0
2026,2026 FIFA World Cup,Morocco,MAR,Ahmed Reda Tagnaouti,GK,30.0,1996.0,0.0
2026,2026 FIFA World Cup,Morocco,MAR,Amine Sbai,"FW,MF",25.0,2000.0,0.0
2026,2026 FIFA World Cup,Morocco,MAR,Anass Salah-Eddine,DF,24.0,2002.0,0.0
2026,2026 FIFA World Cup,Morocco,MAR,Ayoub El Kaabi,FW,32.0,1993.0,0.0
2026,2026 FIFA World Cup,Morocco,MAR,Ayoube Amaimouni,MF,21.0,2004.0,0.0
2026,2026 FIFA World Cup,Morocco,MAR,Ayyoub Bouaddi,MF,18.0,2007.0,0.0
2026,2026 FIFA World Cup,Morocco,MAR,Azzedine Ounahi,MF,26.0,2000.0,2.0
2026,2026 FIFA World Cup,Morocco,MAR,Bilal El Khannouss,"MF,FW",22.0,2004.0,0.0
2026,2026 FIFA World Cup,Morocco,MAR,Brahim Díaz,MF,26.0,1999.0,0.0
2026,2026 FIFA World Cup,Morocco,MAR,Chadi Riad,DF,22.0,2003.0,0.0
2026,2026 FIFA World Cup,Morocco,MAR,Chemsdine Talbi,MF,21.0,2005.0,0.0
2026,2026 FIFA World Cup,Morocco,MAR,Gessime Yassine,MF,20.0,2005.0,1.0
2026,2026 FIFA World Cup,Morocco,MAR,Ismael Saibari,FW,25.0,2001.0,3.0
2026,2026 FIFA World Cup,Morocco,MAR,Issa Diop,DF,29.0,1997.0,1.0
2026,2026 FIFA World Cup,Morocco,MAR,Marwane Saâdane,"DF,MF",34.0,1992.0,0.0
2026,2026 FIFA World Cup,Morocco,MAR,Munir,GK,37.0,1989.0,0.0
2026,2026 FIFA World Cup,Morocco,MAR,Neil El Aynaoui,MF,24.0,2001.0,0.0
2026,2026 FIFA World Cup,Morocco,MAR,Noussair Mazraoui,DF,28.0,1997.0,0.0
2026,2026 FIFA World Cup,Morocco,MAR,Redouane Halhal,DF,23.0,2003.0,0.0
2026,2026 FIFA World Cup,Morocco,MAR,Samir El Mourabet,MF,20.0,2005.0,0.0
2026,2026 FIFA World Cup,Morocco,MAR,Sofyan Amrabat,MF,29.0,1996.0,0.0
2026,2026 FIFA World Cup,Morocco,MAR,Soufiane Rahimi,FW,30.0,1996.0,2.0
2026,2026 FIFA World Cup,Morocco,MAR,Yassine Bounou,GK,35.0,1991.0,0.0
2026,2026 FIFA World Cup,Morocco,MAR,Youssef Belammari,DF,27.0,1998.0,0.0
2026,2026 FIFA World Cup,Morocco,MAR,Zakaria El Ouahdi,"DF,MF",24.0,2001.0,0.0
2026,2026 FIFA World Cup,Netherlands,NED,Bart Verbruggen,GK,23.0,2002.0,0.0
2026,2026 FIFA World Cup,Netherlands,NED,Brian Brobbey,FW,24.0,2002.0,3.0
2026,2026 FIFA World Cup,Netherlands,NED,Cody Gakpo,FW,27.0,1999.0,3.0
2026,2026 FIFA World Cup,Netherlands,NED,Crysencio Summerville,FW,24.0,2001.0,2.0
2026,2026 FIFA World Cup,Netherlands,NED,Denzel Dumfries,"DF,MF",30.0,1996.0,0.0
2026,2026 FIFA World Cup,Netherlands,NED,Donyell Malen,FW,27.0,1999.0,0.0
2026,2026 FIFA World Cup,Netherlands,NED,Frenkie de Jong,MF,29.0,1997.0,0.0
2026,2026 FIFA World Cup,Netherlands,NED,Guus Til,"FW,MF",28.0,1997.0,0.0
2026,2026 FIFA World Cup,Netherlands,NED,Jan Paul van Hecke,DF,26.0,2000.0,1.0
2026,2026 FIFA World Cup,Netherlands,NED,Jorrel Hato,DF,20.0,2006.0,0.0
2026,2026 FIFA World Cup,Netherlands,NED,Justin Kluivert,"FW,MF",27.0,1999.0,0.0
2026,2026 FIFA World Cup,Netherlands,NED,Lutsharel Geertruida,DF,25.0,2000.0,0.0
2026,2026 FIFA World Cup,Netherlands,NED,Mark Flekken,GK,33.0,1993.0,0.0
2026,2026 FIFA World Cup,Netherlands,NED,Marten de Roon,"DF,MF",35.0,1991.0,0.0
2026,2026 FIFA World Cup,Netherlands,NED,Mats Wieffer,"DF,MF",26.0,1999.0,0.0
2026,2026 FIFA World Cup,Netherlands,NED,Memphis,"FW,MF",32.0,1994.0,0.0
2026,2026 FIFA World Cup,Netherlands,NED,Micky van de Ven,"DF,MF",25.0,2001.0,0.0
2026,2026 FIFA World Cup,Netherlands,NED,Nathan Aké,DF,31.0,1995.0,0.0
2026,2026 FIFA World Cup,Netherlands,NED,Noa Lang,"FW,MF",26.0,1999.0,0.0
2026,2026 FIFA World Cup,Netherlands,NED,Quinten Timber,MF,24.0,2001.0,0.0
2026,2026 FIFA World Cup,Netherlands,NED,Robin Roefs,GK,23.0,2003.0,0.0
2026,2026 FIFA World Cup,Netherlands,NED,Ryan Gravenberch,MF,24.0,2002.0,0.0
2026,2026 FIFA World Cup,Netherlands,NED,Teun Koopmeiners,"DF,MF",28.0,1998.0,0.0
2026,2026 FIFA World Cup,Netherlands,NED,Tijjani Reijnders,MF,27.0,1998.0,0.0
2026,2026 FIFA World Cup,Netherlands,NED,Virgil van Dijk,DF,34.0,1991.0,1.0
2026,2026 FIFA World Cup,Netherlands,NED,Wout Weghorst,FW,33.0,1992.0,0.0
2026,2026 FIFA World Cup,New Zealand,NZL,Alex Paulsen,GK,23.0,2002.0,0.0
2026,2026 FIFA World Cup,New Zealand,NZL,Alex Rufer,MF,30.0,1996.0,0.0
2026,2026 FIFA World Cup,New Zealand,NZL,Ben Old,MF,23.0,2002.0,0.0
2026,2026 FIFA World Cup,New Zealand,NZL,Ben Waine,FW,25.0,2001.0,0.0
2026,2026 FIFA World Cup,New Zealand,NZL,Callan Elliot,DF,26.0,1999.0,0.0
2026,2026 FIFA World Cup,New Zealand,NZL,Callum McCowatt,MF,27.0,1999.0,0.0
2026,2026 FIFA World Cup,New Zealand,NZL,Chris Wood,FW,34.0,1991.0,0.0
2026,2026 FIFA World Cup,New Zealand,NZL,Elijah Just,MF,26.0,2000.0,3.0
2026,2026 FIFA World Cup,New Zealand,NZL,Finn Surman,DF,22.0,2003.0,1.0
2026,2026 FIFA World Cup,New Zealand,NZL,Francis de Vries,DF,31.0,1994.0,0.0
2026,2026 FIFA World Cup,New Zealand,NZL,Jesse Randall,MF,23.0,2002.0,0.0
2026,2026 FIFA World Cup,New Zealand,NZL,Joe Bell,MF,27.0,1999.0,0.0
2026,2026 FIFA World Cup,New Zealand,NZL,Kosta Barbarouses,"FW,MF",36.0,1990.0,0.0
2026,2026 FIFA World Cup,New Zealand,NZL,Lachlan Bayliss,MF,23.0,2002.0,0.0
2026,2026 FIFA World Cup,New Zealand,NZL,Liberato Cacace,DF,25.0,2000.0,0.0
2026,2026 FIFA World Cup,New Zealand,NZL,Logan Rogerson,"FW,MF",28.0,1998.0,0.0
2026,2026 FIFA World Cup,New Zealand,NZL,Marko Stamenic,MF,24.0,2002.0,0.0
2026,2026 FIFA World Cup,New Zealand,NZL,Max Crocombe,GK,32.0,1993.0,0.0
2026,2026 FIFA World Cup,New Zealand,NZL,Michael Boxall,DF,37.0,1988.0,0.0
2026,2026 FIFA World Cup,New Zealand,NZL,Michael Woud,GK,27.0,1999.0,0.0
2026,2026 FIFA World Cup,New Zealand,NZL,Nando Pijnaker,DF,27.0,1999.0,0.0
2026,2026 FIFA World Cup,New Zealand,NZL,Ryan Thomas,MF,31.0,1994.0,0.0
2026,2026 FIFA World Cup,New Zealand,NZL,Sarpreet Singh,MF,27.0,1999.0,0.0
2026,2026 FIFA World Cup,New Zealand,NZL,Tim Payne,DF,32.0,1994.0,0.0
2026,2026 FIFA World Cup,New Zealand,NZL,Tommy Smith,DF,36.0,1990.0,0.0
2026,2026 FIFA World Cup,New Zealand,NZL,Tyler Bindon,DF,21.0,2005.0,0.0
2026,2026 FIFA World Cup,Norway,NOR,Alexander Sørloth,FW,30.0,1995.0,0.0
2026,2026 FIFA World Cup,Norway,NOR,Andreas Schjelderup,FW,22.0,2004.0,1.0
2026,2026 FIFA World Cup,Norway,NOR,Antonio Nusa,FW,21.0,2005.0,1.0
2026,2026 FIFA World Cup,Norway,NOR,David Møller Wolfe,DF,24.0,2002.0,0.0
2026,2026 FIFA World Cup,Norway,NOR,Egil Selvik,GK,28.0,1997.0,0.0
2026,2026 FIFA World Cup,Norway,NOR,Erling Haaland,FW,25.0,2000.0,7.0
2026,2026 FIFA World Cup,Norway,NOR,Fredrik André Bjørkan,DF,27.0,1998.0,0.0
2026,2026 FIFA World Cup,Norway,NOR,Fredrik Aursnes,"MF,DF",30.0,1995.0,0.0
2026,2026 FIFA World Cup,Norway,NOR,Henrik Falchener,DF,23.0,2003.0,0.0
2026,2026 FIFA World Cup,Norway,NOR,Jens Petter Hauge,"DF,FW",26.0,1999.0,0.0
2026,2026 FIFA World Cup,Norway,NOR,Julian Ryerson,DF,28.0,1997.0,0.0
2026,2026 FIFA World Cup,Norway,NOR,Jørgen Strand Larsen,FW,26.0,2000.0,0.0
2026,2026 FIFA World Cup,Norway,NOR,Kristian Thorstvedt,MF,27.0,1999.0,0.0
2026,2026 FIFA World Cup,Norway,NOR,Kristoffer Ajer,DF,28.0,1998.0,0.0
2026,2026 FIFA World Cup,Norway,NOR,Leo Østigård,DF,26.0,1999.0,1.0
2026,2026 FIFA World Cup,Norway,NOR,Marcus Pedersen,DF,25.0,2000.0,1.0
2026,2026 FIFA World Cup,Norway,NOR,Martin Ødegaard,MF,27.0,1998.0,0.0
2026,2026 FIFA World Cup,Norway,NOR,Morten Thorsby,MF,30.0,1996.0,0.0
2026,2026 FIFA World Cup,Norway,NOR,Oscar Bobb,FW,22.0,2003.0,0.0
2026,2026 FIFA World Cup,Norway,NOR,Patrick Berg,MF,28.0,1997.0,0.0
2026,2026 FIFA World Cup,Norway,NOR,Sander Berge,MF,28.0,1998.0,0.0
2026,2026 FIFA World Cup,Norway,NOR,Sander Tangvik,GK,23.0,2002.0,0.0
2026,2026 FIFA World Cup,Norway,NOR,Sondre Langås,DF,25.0,2001.0,0.0
2026,2026 FIFA World Cup,Norway,NOR,Thelo Aasgaard,MF,24.0,2002.0,1.0
2026,2026 FIFA World Cup,Norway,NOR,Torbjørn Heggem,DF,27.0,1999.0,0.0
2026,2026 FIFA World Cup,Norway,NOR,Ørjan Nyland,GK,35.0,1990.0,0.0
2026,2026 FIFA World Cup,Panama,PAN,Adalberto Carrasquilla,MF,27.0,1998.0,0.0
2026,2026 FIFA World Cup,Panama,PAN,Alberto Quintero,"FW,MF",38.0,1987.0,0.0
2026,2026 FIFA World Cup,Panama,PAN,Andrés Andrade Cedeño,DF,27.0,1998.0,0.0
2026,2026 FIFA World Cup,Panama,PAN,Aníbal Godoy,MF,36.0,1990.0,0.0
2026,2026 FIFA World Cup,Panama,PAN,Azarías Londoño,MF,24.0,2001.0,0.0
2026,2026 FIFA World Cup,Panama,PAN,Carlos Harvey,MF,26.0,2000.0,0.0
2026,2026 FIFA World Cup,Panama,PAN,Cecilio Waterman,FW,35.0,1991.0,0.0
2026,2026 FIFA World Cup,Panama,PAN,Cristian Martínez,"MF,FW",29.0,1997.0,0.0
2026,2026 FIFA World Cup,Panama,PAN,César Blackman,"MF,DF",28.0,1998.0,0.0
2026,2026 FIFA World Cup,Panama,PAN,César Samudio,GK,32.0,1994.0,0.0
2026,2026 FIFA World Cup,Panama,PAN,César Yanis,MF,30.0,1996.0,0.0
2026,2026 FIFA World Cup,Panama,PAN,Edgardo Fariña,DF,24.0,2001.0,0.0
2026,2026 FIFA World Cup,Panama,PAN,Erick Davis,DF,35.0,1991.0,0.0
2026,2026 FIFA World Cup,Panama,PAN,Fidel Escobar,DF,31.0,1995.0,0.0
2026,2026 FIFA World Cup,Panama,PAN,Ismael Díaz,"FW,MF",29.0,1997.0,0.0
2026,2026 FIFA World Cup,Panama,PAN,Jiovany Ramos,DF,29.0,1997.0,0.0
2026,2026 FIFA World Cup,Panama,PAN,Jorge Gutiérrez,DF,27.0,1998.0,0.0
2026,2026 FIFA World Cup,Panama,PAN,José Córdoba,DF,25.0,2001.0,0.0
2026,2026 FIFA World Cup,Panama,PAN,José Fajardo,FW,32.0,1993.0,0.0
2026,2026 FIFA World Cup,Panama,PAN,José Luis Rodríguez,"MF,FW",27.0,1998.0,0.0
2026,2026 FIFA World Cup,Panama,PAN,Luis Mejía,GK,35.0,1991.0,0.0
2026,2026 FIFA World Cup,Panama,PAN,Michael Amir Murillo,"DF,MF",30.0,1996.0,0.0
2026,2026 FIFA World Cup,Panama,PAN,Orlando Mosquera,GK,31.0,1994.0,0.0
2026,2026 FIFA World Cup,Panama,PAN,Roderick Miller,DF,34.0,1992.0,0.0
2026,2026 FIFA World Cup,Panama,PAN,Tomás Rodríguez,FW,27.0,1999.0,0.0
2026,2026 FIFA World Cup,Panama,PAN,Yoel Bárcenas,MF,32.0,1993.0,0.0
2026,2026 FIFA World Cup,Paraguay,PAR,Alexandro Maidana,DF,20.0,2005.0,0.0
2026,2026 FIFA World Cup,Paraguay,PAR,Andrés Cubas,MF,30.0,1996.0,0.0
2026,2026 FIFA World Cup,Paraguay,PAR,Antonio Sanabria,FW,30.0,1996.0,0.0
2026,2026 FIFA World Cup,Paraguay,PAR,Braian Ojeda,MF,25.0,2000.0,0.0
2026,2026 FIFA World Cup,Paraguay,PAR,Damián Bobadilla,MF,24.0,2001.0,0.0
2026,2026 FIFA World Cup,Paraguay,PAR,Diego Gómez,MF,23.0,2003.0,0.0
2026,2026 FIFA World Cup,Paraguay,PAR,Fabián Balbuena,DF,34.0,1991.0,0.0
2026,2026 FIFA World Cup,Paraguay,PAR,Gabriel Ávalos,FW,35.0,1990.0,0.0
2026,2026 FIFA World Cup,Paraguay,PAR,Gastón Olveira,GK,33.0,1993.0,0.0
2026,2026 FIFA World Cup,Paraguay,PAR,Gatito Fernández,GK,38.0,1988.0,0.0
2026,2026 FIFA World Cup,Paraguay,PAR,Gustavo Caballero,"FW,MF",24.0,2001.0,0.0
2026,2026 FIFA World Cup,Paraguay,PAR,Gustavo Gómez,DF,33.0,1993.0,0.0
2026,2026 FIFA World Cup,Paraguay,PAR,Gustavo Velásquez,DF,35.0,1991.0,0.0
2026,2026 FIFA World Cup,Paraguay,PAR,Isidro Pitta,FW,26.0,1999.0,0.0
2026,2026 FIFA World Cup,Paraguay,PAR,José Canale,DF,29.0,1996.0,0.0
2026,2026 FIFA World Cup,Paraguay,PAR,Juan Cáceres,DF,26.0,2000.0,0.0
2026,2026 FIFA World Cup,Paraguay,PAR,Julio Enciso,FW,22.0,2004.0,1.0
2026,2026 FIFA World Cup,Paraguay,PAR,Júnior Alonso,DF,33.0,1993.0,0.0
2026,2026 FIFA World Cup,Paraguay,PAR,Kaku,MF,31.0,1995.0,0.0
2026,2026 FIFA World Cup,Paraguay,PAR,Matías Galarza,MF,24.0,2002.0,1.0
2026,2026 FIFA World Cup,Paraguay,PAR,Mauricio,MF,25.0,2001.0,1.0
2026,2026 FIFA World Cup,Paraguay,PAR,Miguel Almirón,"MF,FW",32.0,1994.0,0.0
2026,2026 FIFA World Cup,Paraguay,PAR,Omar Alderete,DF,29.0,1996.0,0.0
2026,2026 FIFA World Cup,Paraguay,PAR,Orlando Gill,GK,26.0,2000.0,0.0
2026,2026 FIFA World Cup,Paraguay,PAR,Ramón Sosa,"FW,MF",26.0,1999.0,0.0
2026,2026 FIFA World Cup,Paraguay,PAR,Álex Arce,FW,30.0,1995.0,0.0
2026,2026 FIFA World Cup,Portugal,POR,Bernardo Silva,MF,31.0,1994.0,0.0
2026,2026 FIFA World Cup,Portugal,POR,Bruno Fernandes,MF,31.0,1994.0,0.0
2026,2026 FIFA World Cup,Portugal,POR,Cristiano Ronaldo,FW,41.0,1985.0,3.0
2026,2026 FIFA World Cup,Portugal,POR,Diogo Costa,GK,26.0,1999.0,0.0
2026,2026 FIFA World Cup,Portugal,POR,Diogo Dalot,"DF,MF",27.0,1999.0,0.0
2026,2026 FIFA World Cup,Portugal,POR,Francisco Conceição,MF,23.0,2002.0,0.0
2026,2026 FIFA World Cup,Portugal,POR,Francisco Trincão,"FW,MF",26.0,1999.0,0.0
2026,2026 FIFA World Cup,Portugal,POR,Gonçalo Guedes,"FW,MF",29.0,1996.0,0.0
2026,2026 FIFA World Cup,Portugal,POR,Gonçalo Inácio,DF,24.0,2001.0,0.0
2026,2026 FIFA World Cup,Portugal,POR,Gonçalo Ramos,FW,24.0,2001.0,1.0
2026,2026 FIFA World Cup,Portugal,POR,José Sá,GK,33.0,1993.0,0.0
2026,2026 FIFA World Cup,Portugal,POR,João Cancelo,DF,32.0,1994.0,0.0
2026,2026 FIFA World Cup,Portugal,POR,João Félix,MF,26.0,1999.0,0.0
2026,2026 FIFA World Cup,Portugal,POR,João Neves,MF,21.0,2004.0,1.0
2026,2026 FIFA World Cup,Portugal,POR,Matheus Nunes,"DF,MF",27.0,1998.0,0.0
2026,2026 FIFA World Cup,Portugal,POR,Nuno Mendes,DF,23.0,2002.0,1.0
2026,2026 FIFA World Cup,Portugal,POR,Nélson Semedo,"DF,MF",32.0,1993.0,0.0
2026,2026 FIFA World Cup,Portugal,POR,Pedro Neto,MF,26.0,2000.0,0.0
2026,2026 FIFA World Cup,Portugal,POR,Rafael Leão,MF,27.0,1999.0,1.0
2026,2026 FIFA World Cup,Portugal,POR,Renato Veiga,DF,22.0,2003.0,0.0
2026,2026 FIFA World Cup,Portugal,POR,Rui Silva,GK,32.0,1994.0,0.0
2026,2026 FIFA World Cup,Portugal,POR,Rúben Dias,DF,29.0,1997.0,0.0
2026,2026 FIFA World Cup,Portugal,POR,Rúben Neves,MF,29.0,1997.0,0.0
2026,2026 FIFA World Cup,Portugal,POR,Samu Costa,MF,25.0,2000.0,0.0
2026,2026 FIFA World Cup,Portugal,POR,Tomás Araújo,DF,24.0,2002.0,0.0
2026,2026 FIFA World Cup,Portugal,POR,Vitinha,MF,26.0,2000.0,0.0
2026,2026 FIFA World Cup,Qatar,QAT,Abdulaziz Hatem,MF,36.0,1990.0,0.0
2026,2026 FIFA World Cup,Qatar,QAT,Ahmed Al-Ganehi,FW,25.0,2000.0,0.0
2026,2026 FIFA World Cup,Qatar,QAT,Ahmed Alaaeldin,FW,33.0,1993.0,0.0
2026,2026 FIFA World Cup,Qatar,QAT,Ahmed Fathy,MF,33.0,1993.0,0.0
2026,2026 FIFA World Cup,Qatar,QAT,Akram Afif,"FW,MF",29.0,1996.0,0.0
2026,2026 FIFA World Cup,Qatar,QAT,Al-Hashmi Al-Hussain,MF,22.0,2003.0,0.0
2026,2026 FIFA World Cup,Qatar,QAT,Almoez Ali,FW,29.0,1996.0,0.0
2026,2026 FIFA World Cup,Qatar,QAT,Assim Madibo,MF,29.0,1996.0,0.0
2026,2026 FIFA World Cup,Qatar,QAT,Ayoub Al-Oui,DF,21.0,2005.0,0.0
2026,2026 FIFA World Cup,Qatar,QAT,Boualem Khoukhi,DF,35.0,1990.0,1.0
2026,2026 FIFA World Cup,Qatar,QAT,Edmilson Junior,"MF,FW",31.0,1994.0,0.0
2026,2026 FIFA World Cup,Qatar,QAT,Hassan Al-Haydos,MF,35.0,1990.0,1.0
2026,2026 FIFA World Cup,Qatar,QAT,Homam Ahmed,DF,26.0,1999.0,0.0
2026,2026 FIFA World Cup,Qatar,QAT,Issa Laye,"MF,DF",28.0,1997.0,0.0
2026,2026 FIFA World Cup,Qatar,QAT,Jassem Gaber,MF,24.0,2002.0,0.0
2026,2026 FIFA World Cup,Qatar,QAT,Karim Boudiaf,MF,35.0,1990.0,0.0
2026,2026 FIFA World Cup,Qatar,QAT,Lucas Mendes,DF,35.0,1990.0,0.0
2026,2026 FIFA World Cup,Qatar,QAT,Mahmoud Abunada,GK,26.0,2000.0,0.0
2026,2026 FIFA World Cup,Qatar,QAT,Meshaal Barsham,GK,28.0,1998.0,0.0
2026,2026 FIFA World Cup,Qatar,QAT,Mohamed Manai,DF,23.0,2002.0,0.0
2026,2026 FIFA World Cup,Qatar,QAT,Mohammed Muntari,FW,32.0,1993.0,0.0
2026,2026 FIFA World Cup,Qatar,QAT,Ró-Ró,DF,35.0,1990.0,0.0
2026,2026 FIFA World Cup,Qatar,QAT,Salah Zakaria,GK,27.0,1999.0,0.0
2026,2026 FIFA World Cup,Qatar,QAT,Sultan Al-Brake,DF,30.0,1996.0,0.0
2026,2026 FIFA World Cup,Qatar,QAT,Tahsin Jamshid,FW,19.0,2006.0,0.0
2026,2026 FIFA World Cup,Qatar,QAT,Yusuf Abdurisag,FW,26.0,1999.0,0.0
2026,2026 FIFA World Cup,Saudi Arabia,KSA,Abdulelah Al-Amri,DF,29.0,1997.0,1.0
2026,2026 FIFA World Cup,Saudi Arabia,KSA,Abdullah Al-Hamdan,FW,26.0,1999.0,0.0
2026,2026 FIFA World Cup,Saudi Arabia,KSA,Abdullah Al-Khaibari,MF,29.0,1996.0,0.0
2026,2026 FIFA World Cup,Saudi Arabia,KSA,Ahmed Al-Kassar,GK,35.0,1991.0,0.0
2026,2026 FIFA World Cup,Saudi Arabia,KSA,Alaa Al Hejji,MF,30.0,1995.0,0.0
2026,2026 FIFA World Cup,Saudi Arabia,KSA,Ali Lajami,DF,30.0,1996.0,0.0
2026,2026 FIFA World Cup,Saudi Arabia,KSA,Ali Majrashi,DF,26.0,1999.0,0.0
2026,2026 FIFA World Cup,Saudi Arabia,KSA,Ayman Yahya,MF,25.0,2001.0,0.0
2026,2026 FIFA World Cup,Saudi Arabia,KSA,Firas Al-Buraikan,FW,26.0,2000.0,0.0
2026,2026 FIFA World Cup,Saudi Arabia,KSA,Hassan Al Tambakti,DF,27.0,1999.0,0.0
2026,2026 FIFA World Cup,Saudi Arabia,KSA,Hassan Kadesh,DF,33.0,1992.0,0.0
2026,2026 FIFA World Cup,Saudi Arabia,KSA,Jehad Thakri,DF,24.0,2001.0,0.0
2026,2026 FIFA World Cup,Saudi Arabia,KSA,Khalid Al Ghannam,MF,25.0,2000.0,0.0
2026,2026 FIFA World Cup,Saudi Arabia,KSA,Mohamed Kanno,MF,31.0,1994.0,0.0
2026,2026 FIFA World Cup,Saudi Arabia,KSA,Mohammed Abu Al-Shamat,MF,23.0,2002.0,0.0
2026,2026 FIFA World Cup,Saudi Arabia,KSA,Mohammed Al-Owais,GK,34.0,1991.0,0.0
2026,2026 FIFA World Cup,Saudi Arabia,KSA,Moteb Al-Harbi,DF,26.0,2000.0,0.0
2026,2026 FIFA World Cup,Saudi Arabia,KSA,Musab Al Juwayr,"MF,FW",22.0,2003.0,0.0
2026,2026 FIFA World Cup,Saudi Arabia,KSA,Nasser Al-Dawsari,MF,27.0,1998.0,0.0
2026,2026 FIFA World Cup,Saudi Arabia,KSA,Nawaf Al Aqidi,GK,26.0,2000.0,0.0
2026,2026 FIFA World Cup,Saudi Arabia,KSA,Nawaf Boushal,DF,26.0,1999.0,0.0
2026,2026 FIFA World Cup,Saudi Arabia,KSA,Saleh Al-Shehri,FW,32.0,1993.0,0.0
2026,2026 FIFA World Cup,Saudi Arabia,KSA,Salem Al-Dawsari,MF,34.0,1991.0,0.0
2026,2026 FIFA World Cup,Saudi Arabia,KSA,Saud Abdulhamid,DF,26.0,1999.0,0.0
2026,2026 FIFA World Cup,Saudi Arabia,KSA,Sultan Mendash,MF,31.0,1994.0,0.0
2026,2026 FIFA World Cup,Saudi Arabia,KSA,Ziyad Al Johani,MF,24.0,2001.0,0.0
2026,2026 FIFA World Cup,Scotland,SCO,Aaron Hickey,DF,24.0,2002.0,0.0
2026,2026 FIFA World Cup,Scotland,SCO,Andy Robertson,DF,32.0,1994.0,0.0
2026,2026 FIFA World Cup,Scotland,SCO,Angus Gunn,GK,30.0,1996.0,0.0
2026,2026 FIFA World Cup,Scotland,SCO,Anthony Ralston,DF,27.0,1998.0,0.0
2026,2026 FIFA World Cup,Scotland,SCO,Ben Gannon-Doak,MF,20.0,2005.0,0.0
2026,2026 FIFA World Cup,Scotland,SCO,Ché Adams,FW,29.0,1996.0,0.0
2026,2026 FIFA World Cup,Scotland,SCO,Craig Gordon,GK,43.0,1982.0,0.0
2026,2026 FIFA World Cup,Scotland,SCO,Dominic Hyam,DF,30.0,1995.0,0.0
2026,2026 FIFA World Cup,Scotland,SCO,Findlay Curtis,MF,19.0,2006.0,0.0
2026,2026 FIFA World Cup,Scotland,SCO,George Hirst,FW,27.0,1999.0,0.0
2026,2026 FIFA World Cup,Scotland,SCO,Grant Hanley,DF,34.0,1991.0,0.0
2026,2026 FIFA World Cup,Scotland,SCO,Jack Hendry,DF,31.0,1995.0,0.0
2026,2026 FIFA World Cup,Scotland,SCO,John McGinn,MF,31.0,1994.0,1.0
2026,2026 FIFA World Cup,Scotland,SCO,John Souttar,DF,29.0,1996.0,0.0
2026,2026 FIFA World Cup,Scotland,SCO,Kenny McLean,MF,34.0,1992.0,0.0
2026,2026 FIFA World Cup,Scotland,SCO,Kieran Tierney,MF,29.0,1997.0,0.0
2026,2026 FIFA World Cup,Scotland,SCO,Lawrence Shankland,FW,30.0,1995.0,0.0
2026,2026 FIFA World Cup,Scotland,SCO,Lewis Ferguson,MF,26.0,1999.0,0.0
2026,2026 FIFA World Cup,Scotland,SCO,Liam Kelly,GK,30.0,1996.0,0.0
2026,2026 FIFA World Cup,Scotland,SCO,Lyndon Dykes,"FW,MF",30.0,1995.0,0.0
2026,2026 FIFA World Cup,Scotland,SCO,Nathan Patterson,DF,24.0,2001.0,0.0
2026,2026 FIFA World Cup,Scotland,SCO,Ross Stewart,FW,29.0,1996.0,0.0
2026,2026 FIFA World Cup,Scotland,SCO,Ryan Christie,MF,31.0,1995.0,0.0
2026,2026 FIFA World Cup,Scotland,SCO,Scott McKenna,DF,29.0,1996.0,0.0
2026,2026 FIFA World Cup,Scotland,SCO,Scott McTominay,MF,29.0,1996.0,0.0
2026,2026 FIFA World Cup,Scotland,SCO,Tyler Fletcher,MF,19.0,2007.0,0.0
2026,2026 FIFA World Cup,Senegal,SEN,Abdoulaye Seck,DF,34.0,1992.0,0.0
2026,2026 FIFA World Cup,Senegal,SEN,Antoine Mendy,DF,22.0,2004.0,0.0
2026,2026 FIFA World Cup,Senegal,SEN,Assane Diao,MF,20.0,2005.0,0.0
2026,2026 FIFA World Cup,Senegal,SEN,Bamba Dieng,FW,26.0,2000.0,0.0
2026,2026 FIFA World Cup,Senegal,SEN,Bara Sapoko Ndiaye,MF,18.0,2007.0,0.0
2026,2026 FIFA World Cup,Senegal,SEN,Cherif Ndiaye,"FW,MF",30.0,1996.0,0.0
2026,2026 FIFA World Cup,Senegal,SEN,El Hadji Malick Diouf,DF,21.0,2004.0,0.0
2026,2026 FIFA World Cup,Senegal,SEN,Habib Diarra,MF,22.0,2004.0,2.0
2026,2026 FIFA World Cup,Senegal,SEN,Ibrahim Mbaye,MF,18.0,2008.0,1.0
2026,2026 FIFA World Cup,Senegal,SEN,Idrissa Gueye,MF,36.0,1989.0,0.0
2026,2026 FIFA World Cup,Senegal,SEN,Iliman Ndiaye,FW,26.0,2000.0,1.0
2026,2026 FIFA World Cup,Senegal,SEN,Ismail Jakobs,DF,26.0,1999.0,0.0
2026,2026 FIFA World Cup,Senegal,SEN,Ismaila Sarr,"MF,FW",28.0,1998.0,4.0
2026,2026 FIFA World Cup,Senegal,SEN,Kalidou Koulibaly,DF,34.0,1991.0,0.0
2026,2026 FIFA World Cup,Senegal,SEN,Krépin Diatta,DF,27.0,1999.0,0.0
2026,2026 FIFA World Cup,Senegal,SEN,Lamine Camara,MF,22.0,2004.0,0.0
2026,2026 FIFA World Cup,Senegal,SEN,Mamadou Sarr,DF,20.0,2005.0,0.0
2026,2026 FIFA World Cup,Senegal,SEN,Mory Diaw,GK,32.0,1993.0,0.0
2026,2026 FIFA World Cup,Senegal,SEN,Moussa Niakhaté,DF,30.0,1996.0,0.0
2026,2026 FIFA World Cup,Senegal,SEN,Nicolas Jackson,FW,24.0,2001.0,0.0
2026,2026 FIFA World Cup,Senegal,SEN,Pape Gueye,MF,27.0,1999.0,2.0
2026,2026 FIFA World Cup,Senegal,SEN,Pape Matar Sarr,MF,23.0,2002.0,0.0
2026,2026 FIFA World Cup,Senegal,SEN,Pathé Ciss,DF,32.0,1994.0,0.0
2026,2026 FIFA World Cup,Senegal,SEN,Sadio Mané,"MF,FW",34.0,1992.0,0.0
2026,2026 FIFA World Cup,Senegal,SEN,Yehvann Diouf,GK,26.0,1999.0,0.0
2026,2026 FIFA World Cup,Senegal,SEN,Édouard Mendy,GK,34.0,1992.0,0.0
2026,2026 FIFA World Cup,South Africa,RSA,Aubrey Modiba,DF,30.0,1995.0,0.0
2026,2026 FIFA World Cup,South Africa,RSA,Bradley Cross,DF,25.0,2001.0,0.0
2026,2026 FIFA World Cup,South Africa,RSA,Evidence Makgopa,FW,26.0,2000.0,0.0
2026,2026 FIFA World Cup,South Africa,RSA,Ime Okon,DF,22.0,2004.0,0.0
2026,2026 FIFA World Cup,South Africa,RSA,Iqraam Rayners,FW,30.0,1995.0,0.0
2026,2026 FIFA World Cup,South Africa,RSA,Jayden Adams,MF,25.0,2001.0,0.0
2026,2026 FIFA World Cup,South Africa,RSA,Kamogelo Sebelebele,"DF,MF",23.0,2002.0,0.0
2026,2026 FIFA World Cup,South Africa,RSA,Khuliso Mudau,DF,31.0,1995.0,0.0
2026,2026 FIFA World Cup,South Africa,RSA,Khulumani Ndamane,DF,22.0,2004.0,0.0
2026,2026 FIFA World Cup,South Africa,RSA,Lyle Foster,FW,25.0,2000.0,0.0
2026,2026 FIFA World Cup,South Africa,RSA,Mbekezeli Mbokazi,DF,20.0,2005.0,0.0
2026,2026 FIFA World Cup,South Africa,RSA,Nkosinathi Sibisi,DF,30.0,1995.0,0.0
2026,2026 FIFA World Cup,South Africa,RSA,Olwethu Makhanya,DF,22.0,2004.0,0.0
2026,2026 FIFA World Cup,South Africa,RSA,Oswin Appollis,"MF,FW",24.0,2001.0,0.0
2026,2026 FIFA World Cup,South Africa,RSA,Relebohile Mofokeng,MF,21.0,2004.0,0.0
2026,2026 FIFA World Cup,South Africa,RSA,Ricardo Goss,GK,32.0,1994.0,0.0
2026,2026 FIFA World Cup,South Africa,RSA,Ronwen Williams,GK,34.0,1992.0,0.0
2026,2026 FIFA World Cup,South Africa,RSA,Samukele Kabini,DF,22.0,2004.0,0.0
2026,2026 FIFA World Cup,South Africa,RSA,Sipho Chaine,GK,29.0,1996.0,0.0
2026,2026 FIFA World Cup,South Africa,RSA,Sphephelo Sithole,MF,27.0,1999.0,0.0
2026,2026 FIFA World Cup,South Africa,RSA,Teboho Mokoena,MF,29.0,1997.0,1.0
2026,2026 FIFA World Cup,South Africa,RSA,Thabang Matuludi,DF,27.0,1999.0,0.0
2026,2026 FIFA World Cup,South Africa,RSA,Thalente Mbatha,MF,26.0,2000.0,0.0
2026,2026 FIFA World Cup,South Africa,RSA,Thapelo Maseko,"MF,FW",22.0,2003.0,1.0
2026,2026 FIFA World Cup,South Africa,RSA,Themba Zwane,"FW,MF",36.0,1989.0,0.0
2026,2026 FIFA World Cup,South Africa,RSA,Tshepang Moremi,MF,25.0,2000.0,0.0
2026,2026 FIFA World Cup,Spain,ESP,Aymeric Laporte,DF,32.0,1994.0,0.0
2026,2026 FIFA World Cup,Spain,ESP,Borja Iglesias,FW,33.0,1993.0,0.0
2026,2026 FIFA World Cup,Spain,ESP,Dani Olmo,MF,28.0,1998.0,0.0
2026,2026 FIFA World Cup,Spain,ESP,David Raya,GK,30.0,1995.0,0.0
2026,2026 FIFA World Cup,Spain,ESP,Eric García,"DF,MF",25.0,2001.0,0.0
2026,2026 FIFA World Cup,Spain,ESP,Fabián Ruiz Peña,MF,30.0,1996.0,1.0
2026,2026 FIFA World Cup,Spain,ESP,Ferran Torres,FW,26.0,2000.0,1.0
2026,2026 FIFA World Cup,Spain,ESP,Gavi,FW,21.0,2004.0,0.0
2026,2026 FIFA World Cup,Spain,ESP,Joan García,GK,25.0,2001.0,0.0
2026,2026 FIFA World Cup,Spain,ESP,Lamine Yamal,"MF,FW",18.0,2007.0,1.0
2026,2026 FIFA World Cup,Spain,ESP,Marc Cucurella,DF,27.0,1998.0,0.0
2026,2026 FIFA World Cup,Spain,ESP,Marc Pubill,DF,22.0,2003.0,0.0
2026,2026 FIFA World Cup,Spain,ESP,Marcos Llorente,DF,31.0,1995.0,0.0
2026,2026 FIFA World Cup,Spain,ESP,Martín Zubimendi,MF,27.0,1999.0,0.0
2026,2026 FIFA World Cup,Spain,ESP,Mikel Merino,MF,29.0,1996.0,2.0
2026,2026 FIFA World Cup,Spain,ESP,Mikel Oyarzabal,FW,29.0,1997.0,5.0
2026,2026 FIFA World Cup,Spain,ESP,Nico Williams,MF,23.0,2002.0,0.0
2026,2026 FIFA World Cup,Spain,ESP,Pau Cubarsí,DF,19.0,2007.0,0.0
2026,2026 FIFA World Cup,Spain,ESP,Pedri,MF,23.0,2002.0,0.0
2026,2026 FIFA World Cup,Spain,ESP,Pedro Porro,DF,26.0,1999.0,2.0
2026,2026 FIFA World Cup,Spain,ESP,Rodri,MF,29.0,1996.0,0.0
2026,2026 FIFA World Cup,Spain,ESP,Unai Simón,GK,29.0,1997.0,0.0
2026,2026 FIFA World Cup,Spain,ESP,Víctor Muñoz,MF,22.0,2003.0,0.0
2026,2026 FIFA World Cup,Spain,ESP,Yéremy Pino,"FW,MF",23.0,2002.0,0.0
2026,2026 FIFA World Cup,Spain,ESP,Álex Baena,"MF,FW",24.0,2001.0,1.0
2026,2026 FIFA World Cup,Spain,ESP,Álex Grimaldo,"DF,MF",30.0,1995.0,0.0
2026,2026 FIFA World Cup,Sweden,SWE,Alexander Bernhardsson,MF,27.0,1998.0,0.0
2026,2026 FIFA World Cup,Sweden,SWE,Alexander Isak,FW,26.0,1999.0,1.0
2026,2026 FIFA World Cup,Sweden,SWE,Anthony Elanga,"MF,FW",24.0,2002.0,2.0
2026,2026 FIFA World Cup,Sweden,SWE,Benjamin Nygren,MF,24.0,2001.0,0.0
2026,2026 FIFA World Cup,Sweden,SWE,Besfort Zeneli,MF,23.0,2002.0,0.0
2026,2026 FIFA World Cup,Sweden,SWE,Carl Starfelt,DF,31.0,1995.0,0.0
2026,2026 FIFA World Cup,Sweden,SWE,Daniel Svensson,DF,24.0,2002.0,0.0
2026,2026 FIFA World Cup,Sweden,SWE,Elliot Stroud,MF,23.0,2002.0,0.0
2026,2026 FIFA World Cup,Sweden,SWE,Eric Smith,"DF,MF",29.0,1997.0,0.0
2026,2026 FIFA World Cup,Sweden,SWE,Gabriel Gudmundsson,"MF,DF",27.0,1999.0,0.0
2026,2026 FIFA World Cup,Sweden,SWE,Gustaf Lagerbielke,DF,26.0,2000.0,0.0
2026,2026 FIFA World Cup,Sweden,SWE,Gustaf Nilsson,FW,29.0,1997.0,0.0
2026,2026 FIFA World Cup,Sweden,SWE,Herman Johansson,MF,28.0,1997.0,0.0
2026,2026 FIFA World Cup,Sweden,SWE,Hjalmar Ekdal,DF,27.0,1998.0,0.0
2026,2026 FIFA World Cup,Sweden,SWE,Isak Hien,DF,27.0,1999.0,0.0
2026,2026 FIFA World Cup,Sweden,SWE,Jacob Widell Zetterström,GK,27.0,1998.0,0.0
2026,2026 FIFA World Cup,Sweden,SWE,Jesper Karlström,MF,30.0,1995.0,0.0
2026,2026 FIFA World Cup,Sweden,SWE,Ken Sema,"FW,MF",32.0,1993.0,0.0
2026,2026 FIFA World Cup,Sweden,SWE,Kristoffer Nordfeldt,GK,36.0,1989.0,0.0
2026,2026 FIFA World Cup,Sweden,SWE,Lucas Bergvall,MF,20.0,2006.0,0.0
2026,2026 FIFA World Cup,Sweden,SWE,Mattias Svanberg,MF,27.0,1999.0,1.0
2026,2026 FIFA World Cup,Sweden,SWE,Taha Ali,"FW,MF",27.0,1998.0,0.0
2026,2026 FIFA World Cup,Sweden,SWE,Victor Lindelöf,"DF,MF",31.0,1994.0,0.0
2026,2026 FIFA World Cup,Sweden,SWE,Viktor Gyökeres,FW,28.0,1998.0,1.0
2026,2026 FIFA World Cup,Sweden,SWE,Viktor Johansson,GK,27.0,1998.0,0.0
2026,2026 FIFA World Cup,Sweden,SWE,Yasin Ayari,MF,22.0,2003.0,2.0
2026,2026 FIFA World Cup,Switzerland,SUI,Ardon Jashari,MF,23.0,2002.0,0.0
2026,2026 FIFA World Cup,Switzerland,SUI,Aurèle Amenda,DF,22.0,2003.0,0.0
2026,2026 FIFA World Cup,Switzerland,SUI,Breel Embolo,FW,29.0,1997.0,2.0
2026,2026 FIFA World Cup,Switzerland,SUI,Cedric Itten,"FW,MF",29.0,1996.0,0.0
2026,2026 FIFA World Cup,Switzerland,SUI,Christian Fassnacht,"FW,MF",32.0,1993.0,0.0
2026,2026 FIFA World Cup,Switzerland,SUI,Dan Ndoye,"MF,FW",25.0,2000.0,2.0
2026,2026 FIFA World Cup,Switzerland,SUI,Denis Zakaria,DF,29.0,1996.0,0.0
2026,2026 FIFA World Cup,Switzerland,SUI,Djibril Sow,MF,29.0,1997.0,0.0
2026,2026 FIFA World Cup,Switzerland,SUI,Eray Cömert,DF,28.0,1998.0,0.0
2026,2026 FIFA World Cup,Switzerland,SUI,Fabian Rieder,"MF,FW",24.0,2002.0,0.0
2026,2026 FIFA World Cup,Switzerland,SUI,Granit Xhaka,MF,33.0,1992.0,1.0
2026,2026 FIFA World Cup,Switzerland,SUI,Gregor Kobel,GK,28.0,1997.0,0.0
2026,2026 FIFA World Cup,Switzerland,SUI,Johan Manzambi,"MF,FW",20.0,2005.0,3.0
2026,2026 FIFA World Cup,Switzerland,SUI,Luca Jaquez,DF,23.0,2003.0,0.0
2026,2026 FIFA World Cup,Switzerland,SUI,Manuel Akanji,DF,30.0,1995.0,0.0
2026,2026 FIFA World Cup,Switzerland,SUI,Marvin Keller,GK,23.0,2002.0,0.0
2026,2026 FIFA World Cup,Switzerland,SUI,Michel Aebischer,"MF,FW",29.0,1997.0,0.0
2026,2026 FIFA World Cup,Switzerland,SUI,Miro Muheim,"DF,MF",28.0,1998.0,0.0
2026,2026 FIFA World Cup,Switzerland,SUI,Nico Elvedi,DF,29.0,1996.0,0.0
2026,2026 FIFA World Cup,Switzerland,SUI,Noah Okafor,"FW,MF",26.0,2000.0,0.0
2026,2026 FIFA World Cup,Switzerland,SUI,Remo Freuler,MF,34.0,1992.0,0.0
2026,2026 FIFA World Cup,Switzerland,SUI,Ricardo Rodríguez,DF,33.0,1992.0,0.0
2026,2026 FIFA World Cup,Switzerland,SUI,Ruben Vargas,MF,27.0,1998.0,2.0
2026,2026 FIFA World Cup,Switzerland,SUI,Silvan Widmer,DF,33.0,1993.0,0.0
2026,2026 FIFA World Cup,Switzerland,SUI,Yvon Mvogo,GK,32.0,1994.0,0.0
2026,2026 FIFA World Cup,Switzerland,SUI,Zeki Amdouni,"FW,MF",25.0,2000.0,0.0
2026,2026 FIFA World Cup,Tunisia,TUN,Adem Arous,DF,21.0,2004.0,0.0
2026,2026 FIFA World Cup,Tunisia,TUN,Ali Abdi,DF,32.0,1993.0,0.0
2026,2026 FIFA World Cup,Tunisia,TUN,Anis Ben Slimane,"MF,FW",25.0,2001.0,0.0
2026,2026 FIFA World Cup,Tunisia,TUN,Aymen Dahmen,GK,29.0,1997.0,0.0
2026,2026 FIFA World Cup,Tunisia,TUN,Dylan Bronn,DF,30.0,1995.0,0.0
2026,2026 FIFA World Cup,Tunisia,TUN,Elias Achouri,"FW,MF",27.0,1999.0,0.0
2026,2026 FIFA World Cup,Tunisia,TUN,Elias Saad,"MF,FW",26.0,1999.0,0.0
2026,2026 FIFA World Cup,Tunisia,TUN,Ellyes Skhiri,"MF,DF",31.0,1995.0,0.0
2026,2026 FIFA World Cup,Tunisia,TUN,Firas Chaouat,FW,30.0,1996.0,0.0
2026,2026 FIFA World Cup,Tunisia,TUN,Hadj Mahmoud,MF,26.0,2000.0,0.0
2026,2026 FIFA World Cup,Tunisia,TUN,Hannibal Mejbri,MF,23.0,2003.0,0.0
2026,2026 FIFA World Cup,Tunisia,TUN,Hazem Mastouri,FW,28.0,1997.0,1.0
2026,2026 FIFA World Cup,Tunisia,TUN,Ismaël Gharbi,MF,22.0,2004.0,0.0
2026,2026 FIFA World Cup,Tunisia,TUN,Khalil Ayari,FW,21.0,2005.0,0.0
2026,2026 FIFA World Cup,Tunisia,TUN,Mohamed Amine Ben Hamida,DF,30.0,1995.0,0.0
2026,2026 FIFA World Cup,Tunisia,TUN,Montassar Talbi,DF,28.0,1998.0,0.0
2026,2026 FIFA World Cup,Tunisia,TUN,Mortadha Ben Ouanes,"DF,MF",31.0,1994.0,0.0
2026,2026 FIFA World Cup,Tunisia,TUN,Mouhib Chamakh,GK,24.0,2001.0,0.0
2026,2026 FIFA World Cup,Tunisia,TUN,Moutaz Neffati,DF,21.0,2004.0,0.0
2026,2026 FIFA World Cup,Tunisia,TUN,Omar Rekik,DF,24.0,2001.0,1.0
2026,2026 FIFA World Cup,Tunisia,TUN,Raed Chikhaoui,DF,22.0,2004.0,0.0
2026,2026 FIFA World Cup,Tunisia,TUN,Rani Khedira,MF,32.0,1994.0,0.0
2026,2026 FIFA World Cup,Tunisia,TUN,Rayan Elloumi,FW,18.0,2007.0,0.0
2026,2026 FIFA World Cup,Tunisia,TUN,Sabri Ben Hassen,GK,30.0,1996.0,0.0
2026,2026 FIFA World Cup,Tunisia,TUN,Sebastian Tounekti,FW,23.0,2002.0,0.0
2026,2026 FIFA World Cup,Tunisia,TUN,Yan Valery,DF,27.0,1999.0,0.0
2026,2026 FIFA World Cup,Türkiye,TUR,Abdülkerim Bardakcı,DF,31.0,1994.0,0.0
2026,2026 FIFA World Cup,Türkiye,TUR,Altay Bayındır,GK,28.0,1998.0,0.0
2026,2026 FIFA World Cup,Türkiye,TUR,Arda Güler,MF,21.0,2005.0,1.0
2026,2026 FIFA World Cup,Türkiye,TUR,Barış Alper Yılmaz,"MF,FW",26.0,2000.0,1.0
2026,2026 FIFA World Cup,Türkiye,TUR,Can Uzun,MF,20.0,2005.0,0.0
2026,2026 FIFA World Cup,Türkiye,TUR,Deniz Gül,FW,21.0,2004.0,0.0
2026,2026 FIFA World Cup,Türkiye,TUR,Eren Elmalı,DF,25.0,2000.0,0.0
2026,2026 FIFA World Cup,Türkiye,TUR,Ferdi Kadioglu,DF,26.0,1999.0,0.0
2026,2026 FIFA World Cup,Türkiye,TUR,Hakan Çalhanoğlu,MF,32.0,1994.0,0.0
2026,2026 FIFA World Cup,Türkiye,TUR,Kaan Ayhan,"DF,MF",31.0,1994.0,1.0
2026,2026 FIFA World Cup,Türkiye,TUR,Kenan Yıldız,MF,21.0,2005.0,0.0
2026,2026 FIFA World Cup,Türkiye,TUR,Kerem Aktürkoğlu,FW,27.0,1998.0,0.0
2026,2026 FIFA World Cup,Türkiye,TUR,Merih Demiral,DF,28.0,1998.0,0.0
2026,2026 FIFA World Cup,Türkiye,TUR,Mert Günok,GK,37.0,1989.0,0.0
2026,2026 FIFA World Cup,Türkiye,TUR,Mert Müldür,DF,27.0,1999.0,0.0
2026,2026 FIFA World Cup,Türkiye,TUR,Orkun Kökçü,MF,25.0,2000.0,0.0
2026,2026 FIFA World Cup,Türkiye,TUR,Ozan Kabak,DF,26.0,2000.0,0.0
2026,2026 FIFA World Cup,Türkiye,TUR,Oğuz Aydın,DF,25.0,2000.0,0.0
2026,2026 FIFA World Cup,Türkiye,TUR,Salih Özcan,MF,28.0,1998.0,0.0
2026,2026 FIFA World Cup,Türkiye,TUR,Samet Akaydın,DF,32.0,1994.0,0.0
2026,2026 FIFA World Cup,Türkiye,TUR,Uğurcan Çakır,GK,30.0,1996.0,0.0
2026,2026 FIFA World Cup,Türkiye,TUR,Yunus Akgün,MF,25.0,2000.0,0.0
2026,2026 FIFA World Cup,Türkiye,TUR,Zeki Çelik,DF,29.0,1997.0,0.0
2026,2026 FIFA World Cup,Türkiye,TUR,Çağlar Söyüncü,DF,30.0,1996.0,0.0
2026,2026 FIFA World Cup,Türkiye,TUR,İrfan Can Kahveci,MF,30.0,1995.0,0.0
2026,2026 FIFA World Cup,Türkiye,TUR,İsmail Yüksek,MF,27.0,1999.0,0.0
2026,2026 FIFA World Cup,United States,USA,Alejandro Zendejas,"FW,MF",28.0,1998.0,0.0
2026,2026 FIFA World Cup,United States,USA,Alex Freeman,DF,21.0,2004.0,1.0
2026,2026 FIFA World Cup,United States,USA,Antonee Robinson,"DF,MF",28.0,1997.0,0.0
2026,2026 FIFA World Cup,United States,USA,Auston Trusty,DF,27.0,1998.0,1.0
2026,2026 FIFA World Cup,United States,USA,Brenden Aaronson,MF,25.0,2000.0,0.0
2026,2026 FIFA World Cup,United States,USA,Chris Brady,GK,22.0,2004.0,0.0
2026,2026 FIFA World Cup,United States,USA,Chris Richards,DF,26.0,2000.0,0.0
2026,2026 FIFA World Cup,United States,USA,Christian Pulisic,MF,27.0,1998.0,0.0
2026,2026 FIFA World Cup,United States,USA,Cristian Roldan,MF,31.0,1995.0,0.0
2026,2026 FIFA World Cup,United States,USA,Folarin Balogun,FW,24.0,2001.0,3.0
2026,2026 FIFA World Cup,United States,USA,Gio Reyna,MF,23.0,2002.0,1.0
2026,2026 FIFA World Cup,United States,USA,Haji Wright,"FW,MF",28.0,1998.0,0.0
2026,2026 FIFA World Cup,United States,USA,Joe Scally,DF,23.0,2002.0,0.0
2026,2026 FIFA World Cup,United States,USA,Malik Tillman,MF,24.0,2002.0,2.0
2026,2026 FIFA World Cup,United States,USA,Mark McKenzie,DF,27.0,1999.0,0.0
2026,2026 FIFA World Cup,United States,USA,Matt Freese,GK,27.0,1998.0,0.0
2026,2026 FIFA World Cup,United States,USA,Matt Turner,GK,31.0,1994.0,0.0
2026,2026 FIFA World Cup,United States,USA,Max Arfsten,MF,25.0,2001.0,0.0
2026,2026 FIFA World Cup,United States,USA,Miles Robinson,DF,29.0,1997.0,0.0
2026,2026 FIFA World Cup,United States,USA,Ricardo Pepi,FW,23.0,2003.0,0.0
2026,2026 FIFA World Cup,United States,USA,Sebastian Berhalter,MF,25.0,2001.0,1.0
2026,2026 FIFA World Cup,United States,USA,Sergiño Dest,MF,25.0,2000.0,0.0
2026,2026 FIFA World Cup,United States,USA,Tim Ream,DF,38.0,1987.0,0.0
2026,2026 FIFA World Cup,United States,USA,Timothy Weah,MF,26.0,2000.0,0.0
2026,2026 FIFA World Cup,United States,USA,Tyler Adams,MF,27.0,1999.0,0.0
2026,2026 FIFA World Cup,United States,USA,Weston McKennie,MF,27.0,1998.0,0.0
2026,2026 FIFA World Cup,Uruguay,URU,Agustín Canobbio,FW,27.0,1998.0,1.0
2026,2026 FIFA World Cup,Uruguay,URU,Brian Rodríguez,"FW,MF",26.0,2000.0,0.0
2026,2026 FIFA World Cup,Uruguay,URU,Darwin Núñez,FW,26.0,1999.0,0.0
2026,2026 FIFA World Cup,Uruguay,URU,Emiliano Martínez,MF,26.0,1999.0,0.0
2026,2026 FIFA World Cup,Uruguay,URU,Facundo Pellistri,"FW,MF",24.0,2001.0,0.0
2026,2026 FIFA World Cup,Uruguay,URU,Federico Valverde,MF,27.0,1998.0,0.0
2026,2026 FIFA World Cup,Uruguay,URU,Federico Viñas,FW,27.0,1998.0,0.0
2026,2026 FIFA World Cup,Uruguay,URU,Fernando Muslera,GK,39.0,1986.0,0.0
2026,2026 FIFA World Cup,Uruguay,URU,Giorgian de Arrascaeta,"FW,MF",32.0,1994.0,0.0
2026,2026 FIFA World Cup,Uruguay,URU,Guillermo Varela,DF,33.0,1993.0,0.0
2026,2026 FIFA World Cup,Uruguay,URU,Joaquín Piquerez,"DF,MF",27.0,1998.0,0.0
2026,2026 FIFA World Cup,Uruguay,URU,José María Giménez,DF,31.0,1995.0,0.0
2026,2026 FIFA World Cup,Uruguay,URU,Juan Manuel Sanabria,DF,26.0,2000.0,0.0
2026,2026 FIFA World Cup,Uruguay,URU,Manuel Ugarte,MF,25.0,2001.0,0.0
2026,2026 FIFA World Cup,Uruguay,URU,Mathías Olivera,DF,28.0,1997.0,0.0
2026,2026 FIFA World Cup,Uruguay,URU,Matías Viña,DF,28.0,1997.0,0.0
2026,2026 FIFA World Cup,Uruguay,URU,Maxi Araújo,"FW,MF",26.0,2000.0,2.0
2026,2026 FIFA World Cup,Uruguay,URU,Nicolás De La Cruz,MF,29.0,1997.0,0.0
2026,2026 FIFA World Cup,Uruguay,URU,Rodrigo Aguirre,FW,31.0,1994.0,0.0
2026,2026 FIFA World Cup,Uruguay,URU,Rodrigo Bentancur,MF,28.0,1997.0,0.0
2026,2026 FIFA World Cup,Uruguay,URU,Rodrigo Zalazar,"FW,MF",26.0,1999.0,0.0
2026,2026 FIFA World Cup,Uruguay,URU,Ronald Araújo,DF,27.0,1999.0,0.0
2026,2026 FIFA World Cup,Uruguay,URU,Santiago Bueno,DF,27.0,1998.0,0.0
2026,2026 FIFA World Cup,Uruguay,URU,Santiago Mele,GK,28.0,1997.0,0.0
2026,2026 FIFA World Cup,Uruguay,URU,Sebastián Cáceres,DF,26.0,1999.0,0.0
2026,2026 FIFA World Cup,Uruguay,URU,Sergio Rochet,GK,33.0,1993.0,0.0
2026,2026 FIFA World Cup,Uzbekistan,UZB,Abbosbek Fayzullayev,MF,22.0,2003.0,1.0
2026,2026 FIFA World Cup,Uzbekistan,UZB,Abdukodir Khusanov,DF,22.0,2004.0,0.0
2026,2026 FIFA World Cup,Uzbekistan,UZB,Abdulla Abdullaev,DF,28.0,1997.0,0.0
2026,2026 FIFA World Cup,Uzbekistan,UZB,Abduvohid Nematov,GK,25.0,2001.0,0.0
2026,2026 FIFA World Cup,Uzbekistan,UZB,Akmal Mozgovoy,MF,27.0,1999.0,0.0
2026,2026 FIFA World Cup,Uzbekistan,UZB,Avazbek Ulmasaliev,DF,26.0,2000.0,0.0
2026,2026 FIFA World Cup,Uzbekistan,UZB,Aziz Gʻaniyev,MF,28.0,1998.0,0.0
2026,2026 FIFA World Cup,Uzbekistan,UZB,Azizbek Amonov,FW,28.0,1997.0,0.0
2026,2026 FIFA World Cup,Uzbekistan,UZB,Bekhruz Karimov,DF,18.0,2007.0,0.0
2026,2026 FIFA World Cup,Uzbekistan,UZB,Botirali Ergashev,GK,30.0,1995.0,0.0
2026,2026 FIFA World Cup,Uzbekistan,UZB,Dostonbek Khamdamov,MF,29.0,1996.0,0.0
2026,2026 FIFA World Cup,Uzbekistan,UZB,Eldor Shomurodov,FW,30.0,1995.0,1.0
2026,2026 FIFA World Cup,Uzbekistan,UZB,Farrukh Sayfiev,"DF,MF",35.0,1991.0,0.0
2026,2026 FIFA World Cup,Uzbekistan,UZB,Igor Sergeev,FW,33.0,1993.0,0.0
2026,2026 FIFA World Cup,Uzbekistan,UZB,Jakhongir Urozov,DF,22.0,2004.0,0.0
2026,2026 FIFA World Cup,Uzbekistan,UZB,Jamshid Iskanderov,"FW,MF",32.0,1993.0,0.0
2026,2026 FIFA World Cup,Uzbekistan,UZB,Khojiakbar Alijonov,MF,29.0,1997.0,0.0
2026,2026 FIFA World Cup,Uzbekistan,UZB,Odiljon Hamrobekov,MF,30.0,1996.0,0.0
2026,2026 FIFA World Cup,Uzbekistan,UZB,Oston Urunov,MF,25.0,2000.0,0.0
2026,2026 FIFA World Cup,Uzbekistan,UZB,Otabek Shukurov,MF,29.0,1996.0,0.0
2026,2026 FIFA World Cup,Uzbekistan,UZB,Ruslanbek Jiyanov,FW,25.0,2001.0,0.0
2026,2026 FIFA World Cup,Uzbekistan,UZB,Rustam Ashurmatov,DF,29.0,1996.0,0.0
2026,2026 FIFA World Cup,Uzbekistan,UZB,Sherzod Esanov,MF,23.0,2003.0,0.0
2026,2026 FIFA World Cup,Uzbekistan,UZB,Sherzod Nasrullaev,"DF,MF",27.0,1998.0,0.0
2026,2026 FIFA World Cup,Uzbekistan,UZB,Umar Eshmurodov,DF,33.0,1992.0,0.0
2026,2026 FIFA World Cup,Uzbekistan,UZB,Utkir Yusupov,GK,35.0,1991.0,0.0
