year,date,round,home_team,away_team,team,player,minute,minute_numeric,goal_type
2026,2026-06-11,Group stage,Mexico,South Africa,Mexico,Julián Quiñones,9,9.0,Normal
2026,2026-06-11,Group stage,Mexico,South Africa,Mexico,Raúl Jiménez,67,67.0,Normal
2026,2026-06-11,Group stage,South Korea,Czech Republic,Czech Republic,Ladislav Krejčí,59,59.0,Normal
2026,2026-06-11,Group stage,South Korea,Czech Republic,South Korea,Hwang In-beom,67,67.0,Normal
2026,2026-06-11,Group stage,South Korea,Czech Republic,South Korea,Oh Hyeon-gyu,80,80.0,Normal
2026,2026-06-12,Group stage,Canada,Bosnia and Herzegovina,Bosnia and Herzegovina,Jovo Lukić,21,21.0,Normal
2026,2026-06-12,Group stage,Canada,Bosnia and Herzegovina,Canada,Cyle Larin,78,78.0,Normal
2026,2026-06-12,Group stage,United States,Paraguay,United States,Damian Bobadilla,7,7.0,Own Goal
2026,2026-06-12,Group stage,United States,Paraguay,United States,Folarin Balogun,31,31.0,Normal
2026,2026-06-12,Group stage,United States,Paraguay,United States,Folarin Balogun,45+5,50.0,Normal
2026,2026-06-12,Group stage,United States,Paraguay,Paraguay,Mauricio,73,73.0,Normal
2026,2026-06-12,Group stage,United States,Paraguay,United States,Giovanni Reyna,90+8,98.0,Normal
2026,2026-06-13,Group stage,Qatar,Switzerland,Switzerland,Breel Embolo,17,17.0,Penalty
2026,2026-06-13,Group stage,Qatar,Switzerland,Qatar,Miro Muheim,90+4,94.0,Own Goal
2026,2026-06-13,Group stage,Brazil,Morocco,Morocco,Ismael Saibari,21,21.0,Normal
2026,2026-06-13,Group stage,Brazil,Morocco,Brazil,Vinícius Júnior,32,32.0,Normal
2026,2026-06-13,Group stage,Haiti,Scotland,Scotland,John McGinn,28,28.0,Normal
2026,2026-06-13,Group stage,Australia,Turkey,Australia,Nestory Irankunda,27,27.0,Normal
2026,2026-06-13,Group stage,Australia,Turkey,Australia,Connor Metcalfe,75,75.0,Normal
2026,2026-06-14,Group stage,Germany,Curacao,Germany,Felix Nmecha,6,6.0,Normal
2026,2026-06-14,Group stage,Germany,Curacao,Curacao,Livano Comenencia,21,21.0,Normal
2026,2026-06-14,Group stage,Germany,Curacao,Germany,Nico Schlotterbeck,38,38.0,Normal
2026,2026-06-14,Group stage,Germany,Curacao,Germany,Kai Havertz,45+5,50.0,Penalty
2026,2026-06-14,Group stage,Germany,Curacao,Germany,Jamal Musiala,47,47.0,Normal
2026,2026-06-14,Group stage,Germany,Curacao,Germany,Nathaniel Brown,68,68.0,Normal
2026,2026-06-14,Group stage,Germany,Curacao,Germany,Deniz Undav,78,78.0,Normal
2026,2026-06-14,Group stage,Germany,Curacao,Germany,Kai Havertz,88,88.0,Normal
2026,2026-06-14,Group stage,Ivory Coast,Ecuador,Ivory Coast,Amad Diallo,90,90.0,Normal
2026,2026-06-14,Group stage,Netherlands,Japan,Netherlands,Virgil van Dijk,50,50.0,Normal
2026,2026-06-14,Group stage,Netherlands,Japan,Japan,Keito Nakamura,57,57.0,Normal
2026,2026-06-14,Group stage,Netherlands,Japan,Netherlands,Crysencio Summerville,64,64.0,Normal
2026,2026-06-14,Group stage,Netherlands,Japan,Japan,Daichi Kamada,89,89.0,Normal
2026,2026-06-14,Group stage,Sweden,Tunisia,Sweden,Yasin Ayari,7,7.0,Normal
2026,2026-06-14,Group stage,Sweden,Tunisia,Sweden,Alexander Isak,30,30.0,Normal
2026,2026-06-14,Group stage,Sweden,Tunisia,Tunisia,Omar Rekik,43,43.0,Normal
2026,2026-06-14,Group stage,Sweden,Tunisia,Sweden,Viktor Gyökeres,59,59.0,Normal
2026,2026-06-14,Group stage,Sweden,Tunisia,Sweden,Mattias Svanberg,84,84.0,Normal
2026,2026-06-14,Group stage,Sweden,Tunisia,Sweden,Yasin Ayari,90+6,96.0,Normal
2026,2026-06-15,Group stage,Belgium,Egypt,Egypt,Emam Ashour,20,20.0,Normal
2026,2026-06-15,Group stage,Belgium,Egypt,Belgium,Mohamed Hany,66,66.0,Own Goal
2026,2026-06-15,Group stage,Saudi Arabia,Uruguay,Saudi Arabia,Abdulelah Al-Amri,41,41.0,Normal
2026,2026-06-15,Group stage,Saudi Arabia,Uruguay,Uruguay,Maximiliano Araújo,80,80.0,Normal
2026,2026-06-16,Group stage,Iran,New Zealand,New Zealand,Elijah Just,7,7.0,Normal
2026,2026-06-16,Group stage,Iran,New Zealand,Iran,Ramin Rezaeian,32,32.0,Normal
2026,2026-06-16,Group stage,Iran,New Zealand,New Zealand,Elijah Just,54,54.0,Normal
2026,2026-06-16,Group stage,Iran,New Zealand,Iran,Mohammad Mohebi,64,64.0,Normal
2026,2026-06-16,Group stage,France,Senegal,France,Kylian Mbappé,66,66.0,Normal
2026,2026-06-16,Group stage,France,Senegal,France,Bradley Barcola,82,82.0,Normal
2026,2026-06-16,Group stage,France,Senegal,Senegal,Ibrahim Mbaye,90+5,95.0,Normal
2026,2026-06-16,Group stage,France,Senegal,France,Kylian Mbappé,90+6,96.0,Normal
2026,2026-06-16,Group stage,Iraq,Norway,Norway,Erling Haaland,29,29.0,Normal
2026,2026-06-16,Group stage,Iraq,Norway,Iraq,Aymen Hussein,39,39.0,Normal
2026,2026-06-16,Group stage,Iraq,Norway,Norway,Erling Haaland,43,43.0,Normal
2026,2026-06-16,Group stage,Iraq,Norway,Norway,Leo Østigård,76,76.0,Normal
2026,2026-06-16,Group stage,Iraq,Norway,Norway,Aymen Hussein,90+6,96.0,Own Goal
2026,2026-06-16,Group stage,Argentina,Algeria,Argentina,Lionel Messi,17,17.0,Normal
2026,2026-06-16,Group stage,Argentina,Algeria,Argentina,Lionel Messi,60,60.0,Normal
2026,2026-06-16,Group stage,Argentina,Algeria,Argentina,Lionel Messi,76,76.0,Normal
2026,2026-06-16,Group stage,Austria,Jordan,Austria,Romano Schmid,20,20.0,Normal
2026,2026-06-16,Group stage,Austria,Jordan,Jordan,Ali Olwan,50,50.0,Normal
2026,2026-06-16,Group stage,Austria,Jordan,Austria,Yazan Al Arab,76,76.0,Own Goal
2026,2026-06-16,Group stage,Austria,Jordan,Austria,Marko Arnautović,90+12,102.0,Penalty
2026,2026-06-17,Group stage,Portugal,DR Congo,Portugal,João Neves,6,6.0,Normal
2026,2026-06-17,Group stage,Portugal,DR Congo,DR Congo,Yoane Wissa,45+3,48.0,Normal
2026,2026-06-17,Group stage,Uzbekistan,Colombia,Colombia,Daniel Muñoz,40,40.0,Normal
2026,2026-06-17,Group stage,Uzbekistan,Colombia,Uzbekistan,Abbosbek Fayzullaev,60,60.0,Normal
2026,2026-06-17,Group stage,Uzbekistan,Colombia,Colombia,Luis Díaz,65,65.0,Normal
2026,2026-06-17,Group stage,Uzbekistan,Colombia,Colombia,Jáminton Campaz,90+9,99.0,Normal
2026,2026-06-17,Group stage,England,Croatia,England,Harry Kane,12,12.0,Penalty
2026,2026-06-17,Group stage,England,Croatia,Croatia,Martin Baturina,36,36.0,Normal
2026,2026-06-17,Group stage,England,Croatia,England,Harry Kane,42,42.0,Normal
2026,2026-06-17,Group stage,England,Croatia,Croatia,Petar Musa,45+5,50.0,Normal
2026,2026-06-17,Group stage,England,Croatia,England,Jude Bellingham,47,47.0,Normal
2026,2026-06-17,Group stage,England,Croatia,England,Marcus Rashford,85,85.0,Normal
2026,2026-06-17,Group stage,Ghana,Panama,Ghana,Mohammed Kudus,64,64.0,Normal
2026,2026-06-18,Group stage,Czech Republic,South Africa,Czech Republic,Michal Sadílek,6,6.0,Normal
2026,2026-06-18,Group stage,Czech Republic,South Africa,South Africa,Teboho Mokoena,83,83.0,Penalty
2026,2026-06-18,Group stage,Mexico,South Korea,Mexico,Luis Romo,50,50.0,Normal
2026,2026-06-18,Group stage,Switzerland,Bosnia and Herzegovina,Bosnia and Herzegovina,Ermin Mahmić,90+3,93.0,Normal
2026,2026-06-18,Group stage,Canada,Qatar,Canada,Cyle Larin,16,16.0,Normal
2026,2026-06-18,Group stage,Canada,Qatar,Canada,Jonathan David,29,29.0,Normal
2026,2026-06-18,Group stage,Canada,Qatar,Canada,Jonathan David,45+3,48.0,Normal
2026,2026-06-18,Group stage,Canada,Qatar,Canada,Nathan Saliba,64,64.0,Normal
2026,2026-06-18,Group stage,Canada,Qatar,Canada,Mohammed Manai,75,75.0,Own Goal
2026,2026-06-18,Group stage,Canada,Qatar,Canada,Jonathan David,90+2,92.0,Normal
2026,2026-06-19,Group stage,Scotland,Morocco,Morocco,Ismael Saibari,2,2.0,Normal
2026,2026-06-19,Group stage,Brazil,Haiti,Brazil,Matheus Cunha,23,23.0,Normal
2026,2026-06-19,Group stage,Brazil,Haiti,Brazil,Matheus Cunha,36,36.0,Normal
2026,2026-06-19,Group stage,Brazil,Haiti,Brazil,Vinícius Júnior,45+3,48.0,Normal
2026,2026-06-19,Group stage,United States,Australia,United States,Cameron Burgess,11,11.0,Own Goal
2026,2026-06-19,Group stage,United States,Australia,United States,Alex Freeman,43,43.0,Normal
2026,2026-06-19,Group stage,Turkey,Paraguay,Paraguay,Matías Galarza,2,2.0,Normal
2026,2026-06-20,Group stage,Germany,Ivory Coast,Ivory Coast,Franck Kessié,30,30.0,Normal
2026,2026-06-20,Group stage,Germany,Ivory Coast,Germany,Deniz Undav,68,68.0,Normal
2026,2026-06-20,Group stage,Germany,Ivory Coast,Germany,Deniz Undav,90+4,94.0,Normal
2026,2026-06-20,Group stage,Netherlands,Sweden,Netherlands,Brian Brobbey,5,5.0,Normal
2026,2026-06-20,Group stage,Netherlands,Sweden,Netherlands,Brian Brobbey,17,17.0,Normal
2026,2026-06-20,Group stage,Netherlands,Sweden,Netherlands,Cody Gakpo,47,47.0,Normal
2026,2026-06-20,Group stage,Netherlands,Sweden,Netherlands,Cody Gakpo,54,54.0,Normal
2026,2026-06-20,Group stage,Netherlands,Sweden,Sweden,Anthony Elanga,59,59.0,Normal
2026,2026-06-20,Group stage,Netherlands,Sweden,Netherlands,Crysencio Summerville,89,89.0,Normal
2026,2026-06-20,Group stage,Tunisia,Japan,Japan,Daichi Kamada,4,4.0,Normal
2026,2026-06-20,Group stage,Tunisia,Japan,Japan,Ayase Ueda,31,31.0,Normal
2026,2026-06-20,Group stage,Tunisia,Japan,Japan,Junya Itō,69,69.0,Normal
2026,2026-06-20,Group stage,Tunisia,Japan,Japan,Ayase Ueda,83,83.0,Normal
2026,2026-06-21,Group stage,Spain,Saudi Arabia,Spain,Lamine Yamal,10,10.0,Normal
2026,2026-06-21,Group stage,Spain,Saudi Arabia,Spain,Mikel Oyarzabal,21,21.0,Normal
2026,2026-06-21,Group stage,Spain,Saudi Arabia,Spain,Mikel Oyarzabal,24,24.0,Normal
2026,2026-06-21,Group stage,Spain,Saudi Arabia,Spain,Hassan Al Tambakti,55,55.0,Own Goal
2026,2026-06-21,Group stage,Uruguay,Cape Verde,Cape Verde,Kevin Pina,21,21.0,Normal
2026,2026-06-21,Group stage,Uruguay,Cape Verde,Uruguay,Maximiliano Araújo,44,44.0,Normal
2026,2026-06-21,Group stage,Uruguay,Cape Verde,Uruguay,Agustín Canobbio,45+6,51.0,Normal
2026,2026-06-21,Group stage,Uruguay,Cape Verde,Cape Verde,Hélio Varela,61,61.0,Normal
2026,2026-06-22,Group stage,New Zealand,Egypt,New Zealand,Finn Surman,15,15.0,Normal
2026,2026-06-22,Group stage,New Zealand,Egypt,Egypt,Mostafa Zico,58,58.0,Normal
2026,2026-06-22,Group stage,New Zealand,Egypt,Egypt,Mohamed Salah,67,67.0,Normal
2026,2026-06-22,Group stage,New Zealand,Egypt,Egypt,Mahmoud Trezeguet,82,82.0,Normal
2026,2026-06-22,Group stage,France,Iraq,France,Kylian Mbappé,14,14.0,Normal
2026,2026-06-22,Group stage,France,Iraq,France,Kylian Mbappé,54,54.0,Normal
2026,2026-06-22,Group stage,France,Iraq,France,Ousmane Dembélé,66,66.0,Normal
2026,2026-06-22,Group stage,Norway,Senegal,Norway,Marcus Holmgren Pedersen,43,43.0,Normal
2026,2026-06-22,Group stage,Norway,Senegal,Norway,Erling Haaland,48,48.0,Normal
2026,2026-06-22,Group stage,Norway,Senegal,Senegal,Ismaïla Sarr,53,53.0,Normal
2026,2026-06-22,Group stage,Norway,Senegal,Norway,Erling Haaland,58,58.0,Normal
2026,2026-06-22,Group stage,Norway,Senegal,Senegal,Ismaïla Sarr,90+3,93.0,Normal
2026,2026-06-22,Group stage,Austria,Argentina,Argentina,Lionel Messi,38,38.0,Normal
2026,2026-06-22,Group stage,Austria,Argentina,Argentina,Lionel Messi,90+5,95.0,Normal
2026,2026-06-22,Group stage,Jordan,Algeria,Jordan,Nizar Al Rashdan,36,36.0,Normal
2026,2026-06-22,Group stage,Jordan,Algeria,Algeria,Nadhir Benbouali,69,69.0,Normal
2026,2026-06-22,Group stage,Jordan,Algeria,Algeria,Amine Gouiri,82,82.0,Normal
2026,2026-06-23,Group stage,Portugal,Uzbekistan,Portugal,Nuno Mendes,17,17.0,Normal
2026,2026-06-23,Group stage,Portugal,Uzbekistan,Portugal,Cristiano Ronaldo,39,39.0,Normal
2026,2026-06-23,Group stage,Portugal,Uzbekistan,Portugal,Abduvohid Nematov,60,60.0,Own Goal
2026,2026-06-23,Group stage,Portugal,Uzbekistan,Portugal,Rafael Leão,87,87.0,Normal
2026,2026-06-23,Group stage,Colombia,DR Congo,Colombia,Daniel Muñoz,76,76.0,Normal
2026,2026-06-23,Group stage,Croatia,Panama,Croatia,Ante Budimir,54,54.0,Normal
2026,2026-06-24,Group stage,Czech Republic,Mexico,Mexico,Mateo Chávez,55,55.0,Normal
2026,2026-06-24,Group stage,Czech Republic,Mexico,Mexico,Julián Quiñones,61,61.0,Normal
2026,2026-06-24,Group stage,Czech Republic,Mexico,Mexico,Álvaro Fidalgo,90+4,94.0,Normal
2026,2026-06-24,Group stage,South Africa,South Korea,South Africa,Thapelo Maseko,63,63.0,Normal
2026,2026-06-24,Group stage,Switzerland,Canada,Canada,Promise David,76,76.0,Normal
2026,2026-06-24,Group stage,Bosnia and Herzegovina,Qatar,Bosnia and Herzegovina,Kerim Alajbegović,29,29.0,Normal
2026,2026-06-24,Group stage,Bosnia and Herzegovina,Qatar,Bosnia and Herzegovina,Mahmud Abunada,34,34.0,Own Goal
2026,2026-06-24,Group stage,Bosnia and Herzegovina,Qatar,Bosnia and Herzegovina,Ermin Mahmić,80,80.0,Normal
2026,2026-06-24,Group stage,Bosnia and Herzegovina,Qatar,Qatar,Hassan Al-Haydos,42,42.0,Normal
2026,2026-06-24,Group stage,Scotland,Brazil,Brazil,Vinícius Júnior,7,7.0,Normal
2026,2026-06-24,Group stage,Scotland,Brazil,Brazil,Vinícius Júnior,45+3,48.0,Normal
2026,2026-06-24,Group stage,Scotland,Brazil,Brazil,Matheus Cunha,60,60.0,Normal
2026,2026-06-24,Group stage,Morocco,Haiti,Haiti,Yassine Bounou,10,10.0,Own Goal
2026,2026-06-24,Group stage,Morocco,Haiti,Morocco,Achraf Hakimi,39,39.0,Normal
2026,2026-06-24,Group stage,Morocco,Haiti,Haiti,Wilson Isidor,43,43.0,Normal
2026,2026-06-24,Group stage,Morocco,Haiti,Morocco,Ismael Saibari,45+1,46.0,Normal
2026,2026-06-24,Group stage,Morocco,Haiti,Morocco,Soufiane Rahimi,78,78.0,Normal
2026,2026-06-24,Group stage,Morocco,Haiti,Morocco,Gessime Yassine,89,89.0,Normal
2026,2026-06-25,Group stage,Turkey,United States,United States,Auston Trusty,3,3.0,Normal
2026,2026-06-25,Group stage,Turkey,United States,Turkey,Arda Güler,10,10.0,Normal
2026,2026-06-25,Group stage,Turkey,United States,Turkey,Barış Alper Yılmaz,31,31.0,Normal
2026,2026-06-25,Group stage,Turkey,United States,United States,Sebastian Berhalter,49,49.0,Normal
2026,2026-06-25,Group stage,Turkey,United States,Turkey,Kaan Ayhan,90+8,98.0,Normal
2026,2026-06-25,Group stage,Ecuador,Germany,Germany,Leroy Sané,2,2.0,Normal
2026,2026-06-25,Group stage,Ecuador,Germany,Ecuador,Nilson Angulo,9,9.0,Normal
2026,2026-06-25,Group stage,Ecuador,Germany,Ecuador,Gonzalo Plata,77,77.0,Normal
2026,2026-06-25,Group stage,Curacao,Ivory Coast,Ivory Coast,Nicolas Pépé,7,7.0,Normal
2026,2026-06-25,Group stage,Curacao,Ivory Coast,Ivory Coast,Nicolas Pépé,64,64.0,Normal
2026,2026-06-25,Group stage,Japan,Sweden,Japan,Daizen Maeda,56,56.0,Normal
2026,2026-06-25,Group stage,Japan,Sweden,Sweden,Anthony Elanga,62,62.0,Normal
2026,2026-06-25,Group stage,Tunisia,Netherlands,Netherlands,Ellyes Skhiri,3,3.0,Own Goal
2026,2026-06-25,Group stage,Tunisia,Netherlands,Netherlands,Brian Brobbey,7,7.0,Normal
2026,2026-06-25,Group stage,Tunisia,Netherlands,Tunisia,Hazem Mastouri,54,54.0,Normal
2026,2026-06-25,Group stage,Tunisia,Netherlands,Netherlands,Jan Paul van Hecke,62,62.0,Normal
2026,2026-06-26,Group stage,New Zealand,Belgium,Belgium,Leandro Trossard,28,28.0,Normal
2026,2026-06-26,Group stage,New Zealand,Belgium,Belgium,Leandro Trossard,50,50.0,Normal
2026,2026-06-26,Group stage,New Zealand,Belgium,Belgium,Kevin De Bruyne,66,66.0,Normal
2026,2026-06-26,Group stage,New Zealand,Belgium,New Zealand,Elijah Just,84,84.0,Normal
2026,2026-06-26,Group stage,New Zealand,Belgium,Belgium,Romelu Lukaku,86,86.0,Normal
2026,2026-06-26,Group stage,New Zealand,Belgium,Belgium,Alexis Saelemaekers,90+4,94.0,Normal
2026,2026-06-26,Group stage,Uruguay,Spain,Spain,Álex Baena,42,42.0,Normal
2026,2026-06-26,Group stage,Norway,France,France,Ousmane Dembélé,7,7.0,Normal
2026,2026-06-26,Group stage,Norway,France,France,Ousmane Dembélé,20,20.0,Normal
2026,2026-06-26,Group stage,Norway,France,Norway,Thelo Aasgaard,21,21.0,Normal
2026,2026-06-26,Group stage,Norway,France,France,Ousmane Dembélé,32,32.0,Normal
2026,2026-06-26,Group stage,Norway,France,France,Désiré Doué,90+4,94.0,Normal
2026,2026-06-26,Group stage,Senegal,Iraq,Senegal,Habib Diarra,4,4.0,Normal
2026,2026-06-26,Group stage,Senegal,Iraq,Senegal,Ismaïla Sarr,56,56.0,Normal
2026,2026-06-26,Group stage,Senegal,Iraq,Senegal,Pape Gueye,59,59.0,Normal
2026,2026-06-26,Group stage,Senegal,Iraq,Senegal,Pape Gueye,71,71.0,Normal
2026,2026-06-26,Group stage,Senegal,Iraq,Senegal,Iliman Ndiaye,82,82.0,Normal
2026,2026-06-27,Group stage,Egypt,Iran,Egypt,Ahmed Saber,5,5.0,Normal
2026,2026-06-27,Group stage,Egypt,Iran,Iran,Ramin Rezaeian,14,14.0,Normal
2026,2026-06-27,Group stage,Jordan,Argentina,Argentina,Giovani Lo Celso,19,19.0,Normal
2026,2026-06-27,Group stage,Jordan,Argentina,Argentina,Lautaro Martínez,31,31.0,Penalty
2026,2026-06-27,Group stage,Jordan,Argentina,Jordan,Mousa Al-Tamari,55,55.0,Normal
2026,2026-06-27,Group stage,Jordan,Argentina,Argentina,Lionel Messi,80,80.0,Normal
2026,2026-06-27,Group stage,Algeria,Austria,Austria,Marko Arnautović,28,28.0,Normal
2026,2026-06-27,Group stage,Algeria,Austria,Algeria,Rafik Belghali,41,41.0,Normal
2026,2026-06-27,Group stage,Algeria,Austria,Austria,Marcel Sabitzer,55,55.0,Normal
2026,2026-06-27,Group stage,Algeria,Austria,Algeria,Riyad Mahrez,60,60.0,Normal
2026,2026-06-27,Group stage,Algeria,Austria,Algeria,Riyad Mahrez,90+3,93.0,Normal
2026,2026-06-27,Group stage,Algeria,Austria,Austria,Sasa Kalajdzic,90+5,95.0,Normal
2026,2026-06-27,Group stage,DR Congo,Uzbekistan,Uzbekistan,Eldor Shomurodov,10,10.0,Normal
2026,2026-06-27,Group stage,DR Congo,Uzbekistan,DR Congo,Yoane Wissa,68,68.0,Penalty
2026,2026-06-27,Group stage,DR Congo,Uzbekistan,DR Congo,Fiston Mayele,78,78.0,Normal
2026,2026-06-27,Group stage,DR Congo,Uzbekistan,DR Congo,Yoane Wissa,90+1,91.0,Normal
2026,2026-06-27,Group stage,Croatia,Ghana,Croatia,Petar Sučić,31,31.0,Normal
2026,2026-06-27,Group stage,Croatia,Ghana,Ghana,Derrick Luckassen,73,73.0,Normal
2026,2026-06-27,Group stage,Croatia,Ghana,Croatia,Nikola Vlašić,83,83.0,Normal
2026,2026-06-27,Group stage,Panama,England,England,Jude Bellingham,62,62.0,Normal
2026,2026-06-27,Group stage,Panama,England,England,Harry Kane,67,67.0,Normal
2026,2026-06-28,Round of 32,South Africa,Canada,Canada,Stephen Eustáquio,90+2,92,Normal
2026,2026-06-29,Round of 32,Brazil,Japan,Japan,Kaishu Sano,29,29,Normal
2026,2026-06-29,Round of 32,Brazil,Japan,Brazil,Casemiro,56,56,Normal
2026,2026-06-29,Round of 32,Brazil,Japan,Brazil,Gabriel Martinelli,90+5,95,Normal
2026,2026-06-29,Round of 32,Germany,Paraguay,Paraguay,Julio Enciso,42,42,Normal
2026,2026-06-29,Round of 32,Germany,Paraguay,Germany,Kai Havertz,53,53,Normal
2026,2026-06-29,Round of 32,Netherlands,Morocco,Netherlands,Cody Gakpo,72,72,Normal
2026,2026-06-29,Round of 32,Netherlands,Morocco,Morocco,Issa Diop,90+1,91,Normal
2026,2026-06-30,Round of 32,Ivory Coast,Norway,Norway,Antonio Nusa,39,39,Normal
2026,2026-06-30,Round of 32,Ivory Coast,Norway,Ivory Coast,Amad Diallo,74,74,Normal
2026,2026-06-30,Round of 32,Ivory Coast,Norway,Norway,Erling Haaland,86,86,Normal
2026,2026-06-30,Round of 32,France,Sweden,France,Kylian Mbappé,45,45,Normal
2026,2026-06-30,Round of 32,France,Sweden,France,Bradley Barcola,53,53,Normal
2026,2026-06-30,Round of 32,France,Sweden,France,Kylian Mbappé,74,74,Normal
2026,2026-06-30,Round of 32,Mexico,Ecuador,Mexico,Julián Quiñones,22,22,Normal
2026,2026-06-30,Round of 32,Mexico,Ecuador,Mexico,Raúl Jiménez,31,31,Normal
2026,2026-07-01,Round of 32,England,DR Congo,DR Congo,Cipenga,7,7,Normal
2026,2026-07-01,Round of 32,England,DR Congo,England,Harry Kane,75,75,Normal
2026,2026-07-01,Round of 32,England,DR Congo,England,Harry Kane,86,86,Normal
2026,2026-07-01,Round of 32,United States,Bosnia and Herzegovina,United States,Folarin Balogun,45,45,Normal
2026,2026-07-01,Round of 32,United States,Bosnia and Herzegovina,United States,Malik Tillman,82,82,Normal
2026,2026-07-01,Round of 32,Belgium,Senegal,Senegal,Habib Diarra,25,25,Normal
2026,2026-07-01,Round of 32,Belgium,Senegal,Senegal,Ismaïla Sarr,51,51,Normal
2026,2026-07-01,Round of 32,Belgium,Senegal,Belgium,Romelu Lukaku,86,86,Normal
2026,2026-07-01,Round of 32,Belgium,Senegal,Belgium,Youri Tielemans,89,89,Normal
2026,2026-07-01,Round of 32,Belgium,Senegal,Belgium,Youri Tielemans,120+5,125,Penalty
2026,2026-07-02,Round of 32,Portugal,Croatia,Croatia,Ivan Perišić,53,53,Normal
2026,2026-07-02,Round of 32,Portugal,Croatia,Portugal,Cristiano Ronaldo,68,68,Penalty
2026,2026-07-02,Round of 32,Portugal,Croatia,Portugal,Gonçalo Ramos,90+4,94,Normal
2026,2026-07-02,Round of 32,Spain,Austria,Spain,Mikel Oyarzabal,36,36,Normal
2026,2026-07-02,Round of 32,Spain,Austria,Spain,Pedro Porro,66,66,Normal
2026,2026-07-02,Round of 32,Spain,Austria,Spain,Mikel Oyarzabal,89,89,Normal
2026,2026-07-02,Round of 32,Switzerland,Algeria,Switzerland,Breel Embolo,10,10,Normal
2026,2026-07-02,Round of 32,Switzerland,Algeria,Switzerland,Dan Ndoye,46,46,Normal
2026,2026-07-03,Round of 32,Argentina,Cape Verde,Argentina,Lionel Messi,29,29,Normal
2026,2026-07-03,Round of 32,Argentina,Cape Verde,Cape Verde,D. Duarte,59,59,Normal
2026,2026-07-03,Round of 32,Argentina,Cape Verde,Argentina,Lisandro Martínez,92,92,Normal
2026,2026-07-03,Round of 32,Argentina,Cape Verde,Cape Verde,Lopes Cabral,103,103,Normal
2026,2026-07-03,Round of 32,Argentina,Cape Verde,Argentina,Diney,111,111,Own Goal
2026,2026-07-03,Round of 32,Colombia,Ghana,Colombia,Jhon Arias,14,14,Normal
2026,2026-07-03,Round of 32,Australia,Egypt,Egypt,Emam Ashour,13,13,Normal
2026,2026-07-03,Round of 32,Australia,Egypt,Australia,Mohamed Hany,55,55,Own Goal
2026,2026-07-04,Round of 16,Canada,Morocco,Morocco,Azzedine Ounahi,50,50,Normal
2026,2026-07-04,Round of 16,Canada,Morocco,Morocco,Azzedine Ounahi,82,82,Normal
2026,2026-07-04,Round of 16,Canada,Morocco,Morocco,Soufiane Rahimi,90+8,98,Normal
2026,2026-07-04,Round of 16,Paraguay,France,France,Kylian Mbappé,70,70,Penalty
2026,2026-07-05,Round of 16,Mexico,England,England,Jude Bellingham,36,36,Normal
2026,2026-07-05,Round of 16,Mexico,England,England,Jude Bellingham,38,38,Normal
2026,2026-07-05,Round of 16,Mexico,England,Mexico,Julián Quiñones,42,42,Normal
2026,2026-07-05,Round of 16,Mexico,England,England,Harry Kane,60,60,Penalty
2026,2026-07-05,Round of 16,Mexico,England,Mexico,Raúl Jiménez,69,69,Penalty
2026,2026-07-05,Round of 16,Brazil,Norway,Norway,Erling Haaland,79,79,Normal
2026,2026-07-05,Round of 16,Brazil,Norway,Norway,Erling Haaland,90,90,Normal
2026,2026-07-05,Round of 16,Brazil,Norway,Brazil,Neymar,90+10,100,Penalty
2026,2026-07-06,Round of 16,Portugal,Spain,Spain,Mikel Merino,90+1,91,Normal
2026,2026-07-06,Round of 16,United States,Belgium,Belgium,Charles De Ketelaere,9,9,Normal
2026,2026-07-06,Round of 16,United States,Belgium,United States,Malik Tillman,31,31,Normal
2026,2026-07-06,Round of 16,United States,Belgium,Belgium,Charles De Ketelaere,33,33,Normal
2026,2026-07-06,Round of 16,United States,Belgium,Belgium,Hans Vanaken,57,57,Normal
2026,2026-07-06,Round of 16,United States,Belgium,Belgium,Romelu Lukaku,90+3,93,Normal
2026,2026-07-07,Round of 16,Argentina,Egypt,Egypt,Ibrahim,15,15,Normal
2026,2026-07-07,Round of 16,Argentina,Egypt,Egypt,Mostafa Zico,67,67,Normal
2026,2026-07-07,Round of 16,Argentina,Egypt,Argentina,Cristian Romero,79,79,Normal
2026,2026-07-07,Round of 16,Argentina,Egypt,Argentina,Lionel Messi,83,83,Normal
2026,2026-07-07,Round of 16,Argentina,Egypt,Argentina,Enzo Fernández,90+2,92,Normal
2026,2026-07-09,Quarter-finals,France,Morocco,France,Kylian Mbappé,60,60,Normal
2026,2026-07-09,Quarter-finals,France,Morocco,France,Ousmane Dembélé,66,66,Normal
2026,2026-07-09,Quarter-finals,Norway,England,Norway,Andreas Schjelderup,36,36,Normal
2026,2026-07-09,Quarter-finals,Norway,England,England,Jude Bellingham,45+2,47,Normal
2026,2026-07-09,Quarter-finals,Norway,England,England,Jude Bellingham,93,93,Normal
2026,2026-07-10,Quarter-finals,Spain,Belgium,Spain,Fabián Ruiz,30,30,Normal
2026,2026-07-10,Quarter-finals,Spain,Belgium,Belgium,Charles De Ketelaere,41,41,Normal
2026,2026-07-10,Quarter-finals,Spain,Belgium,Spain,Mikel Merino,88,88,Normal
2026,2026-07-10,Quarter-finals,Argentina,Switzerland,Argentina,Alexis Mac Allister,10,10,Normal
2026,2026-07-10,Quarter-finals,Argentina,Switzerland,Switzerland,Dan Ndoye,67,67,Normal
2026,2026-07-10,Quarter-finals,Argentina,Switzerland,Argentina,Julián Álvarez,112,112,Normal
2026,2026-07-10,Quarter-finals,Argentina,Switzerland,Argentina,Lautaro Martínez,120+1,121,Normal
2026,2026-07-14,Semi-finals,France,Spain,Spain,Mikel Oyarzabal,22,22,Penalty
2026,2026-07-14,Semi-finals,France,Spain,Spain,Pedro Porro,58,58,Normal
2026,2026-07-15,Semi-finals,England,Argentina,England,Anthony Gordon,55,55,Normal
2026,2026-07-15,Semi-finals,England,Argentina,Argentina,Enzo Fernández,85,85,Normal
2026,2026-07-15,Semi-finals,England,Argentina,Argentina,Lautaro Martínez,90+2,92,Normal
2026,2026-07-18,Third-place match,France,England,England,Declan Rice,3,3,Normal
2026,2026-07-18,Third-place match,France,England,England,Ezri Konsa,18,18,Normal
2026,2026-07-18,Third-place match,France,England,England,Bukayo Saka,37,37,Normal
2026,2026-07-18,Third-place match,France,England,England,Bukayo Saka,45+1,46,Normal
2026,2026-07-18,Third-place match,France,England,France,Kylian Mbappé,48,48,Normal
2026,2026-07-18,Third-place match,France,England,France,Bradley Barcola,54,54,Normal
2026,2026-07-18,Third-place match,France,England,France,Kylian Mbappé,66,66,Normal
2026,2026-07-18,Third-place match,France,England,England,Bukayo Saka,87,87,Penalty
2026,2026-07-18,Third-place match,France,England,France,Ousmane Dembélé,90+6,96,Normal
2026,2026-07-18,Third-place match,France,England,England,Jude Bellingham,90+8,98,Normal
2026,2026-07-19,Final,Spain,Argentina,Spain,Ferran Torres,106,106,Normal
2022,2022-11-20,Group stage,Qatar,Ecuador,Ecuador,Enner Valencia,16,16,Penalty
2022,2022-11-20,Group stage,Qatar,Ecuador,Ecuador,Enner Valencia,31,31,Normal
2022,2022-11-21,Group stage,England,Iran,England,Jude Bellingham,35,35,Normal
2022,2022-11-21,Group stage,England,Iran,England,Bukayo Saka,43,43,Normal
2022,2022-11-21,Group stage,England,Iran,England,Raheem Sterling,45+1,46,Normal
2022,2022-11-21,Group stage,England,Iran,England,Bukayo Saka,62,62,Normal
2022,2022-11-21,Group stage,England,Iran,Iran,Mehdi Taremi,65,65,Normal
2022,2022-11-21,Group stage,England,Iran,England,Marcus Rashford,71,71,Normal
2022,2022-11-21,Group stage,England,Iran,England,Jack Grealish,90,90,Normal
2022,2022-11-21,Group stage,England,Iran,Iran,Mehdi Taremi,90+13,103,Penalty
2022,2022-11-21,Group stage,Senegal,Netherlands,Netherlands,Cody Gakpo,84,84,Normal
2022,2022-11-21,Group stage,Senegal,Netherlands,Netherlands,Davy Klaassen,90+9,99,Normal
2022,2022-11-21,Group stage,United States,Wales,United States,Timothy Weah,36,36,Normal
2022,2022-11-21,Group stage,United States,Wales,Wales,Gareth Bale,82,82,Penalty
2022,2022-11-22,Group stage,Argentina,Saudi Arabia,Argentina,Lionel Messi,10,10,Penalty
2022,2022-11-22,Group stage,Argentina,Saudi Arabia,Saudi Arabia,Saleh Al-Shehri,48,48,Normal
2022,2022-11-22,Group stage,Argentina,Saudi Arabia,Saudi Arabia,Salem Al-Dawsari,53,53,Normal
2022,2022-11-22,Group stage,France,Australia,Australia,Craig Goodwin,9,9,Normal
2022,2022-11-22,Group stage,France,Australia,France,Adrien Rabiot,27,27,Normal
2022,2022-11-22,Group stage,France,Australia,France,Olivier Giroud,32,32,Normal
2022,2022-11-22,Group stage,France,Australia,France,Kylian Mbappé,68,68,Normal
2022,2022-11-22,Group stage,France,Australia,France,Olivier Giroud,71,71,Normal
2022,2022-11-23,Group stage,Germany,Japan,Germany,İlkay Gündoğan,33,33,Penalty
2022,2022-11-23,Group stage,Germany,Japan,Japan,Ritsu Dōan,75,75,Normal
2022,2022-11-23,Group stage,Germany,Japan,Japan,Takuma Asano,83,83,Normal
2022,2022-11-23,Group stage,Spain,Costa Rica,Spain,Dani Olmo,11,11,Normal
2022,2022-11-23,Group stage,Spain,Costa Rica,Spain,Marco Asensio,21,21,Normal
2022,2022-11-23,Group stage,Spain,Costa Rica,Spain,Ferran Torres,31,31,Penalty
2022,2022-11-23,Group stage,Spain,Costa Rica,Spain,Ferran Torres,54,54,Normal
2022,2022-11-23,Group stage,Spain,Costa Rica,Spain,not applicable Gavi,74,74,Normal
2022,2022-11-23,Group stage,Spain,Costa Rica,Spain,Carlos Soler,90,90,Normal
2022,2022-11-23,Group stage,Spain,Costa Rica,Spain,Álvaro Morata,90+2,92,Normal
2022,2022-11-23,Group stage,Belgium,Canada,Belgium,Michy Batshuayi,44,44,Normal
2022,2022-11-24,Group stage,Switzerland,Cameroon,Switzerland,Breel Embolo,48,48,Normal
2022,2022-11-24,Group stage,Portugal,Ghana,Portugal,Cristiano Ronaldo,65,65,Penalty
2022,2022-11-24,Group stage,Portugal,Ghana,Ghana,André Ayew,73,73,Normal
2022,2022-11-24,Group stage,Portugal,Ghana,Portugal,João Félix,78,78,Normal
2022,2022-11-24,Group stage,Portugal,Ghana,Portugal,Rafael Leão,80,80,Normal
2022,2022-11-24,Group stage,Portugal,Ghana,Ghana,Osman Bukari,89,89,Normal
2022,2022-11-24,Group stage,Brazil,Serbia,Brazil,not applicable Richarlison,62,62,Normal
2022,2022-11-24,Group stage,Brazil,Serbia,Brazil,not applicable Richarlison,73,73,Normal
2022,2022-11-25,Group stage,Wales,Iran,Iran,Rouzbeh Cheshmi,90+8,98,Normal
2022,2022-11-25,Group stage,Wales,Iran,Iran,Ramin Rezaeian,90+11,101,Normal
2022,2022-11-25,Group stage,Qatar,Senegal,Senegal,Boulaye Dia,41,41,Normal
2022,2022-11-25,Group stage,Qatar,Senegal,Senegal,Famara Diédhiou,48,48,Normal
2022,2022-11-25,Group stage,Qatar,Senegal,Qatar,Mohammed Muntari,78,78,Normal
2022,2022-11-25,Group stage,Qatar,Senegal,Senegal,Bamba Dieng,84,84,Normal
2022,2022-11-25,Group stage,Netherlands,Ecuador,Netherlands,Cody Gakpo,6,6,Normal
2022,2022-11-25,Group stage,Netherlands,Ecuador,Ecuador,Enner Valencia,49,49,Normal
2022,2022-11-26,Group stage,Tunisia,Australia,Australia,Mitchell Duke,23,23,Normal
2022,2022-11-26,Group stage,Poland,Saudi Arabia,Poland,Piotr Zieliński,39,39,Normal
2022,2022-11-26,Group stage,Poland,Saudi Arabia,Poland,Robert Lewandowski,82,82,Normal
2022,2022-11-26,Group stage,France,Denmark,France,Kylian Mbappé,61,61,Normal
2022,2022-11-26,Group stage,France,Denmark,Denmark,Andreas Christensen,68,68,Normal
2022,2022-11-26,Group stage,France,Denmark,France,Kylian Mbappé,86,86,Normal
2022,2022-11-26,Group stage,Argentina,Mexico,Argentina,Lionel Messi,64,64,Normal
2022,2022-11-26,Group stage,Argentina,Mexico,Argentina,Enzo Fernández,87,87,Normal
2022,2022-11-27,Group stage,Japan,Costa Rica,Costa Rica,Keysher Fuller,81,81,Normal
2022,2022-11-27,Group stage,Belgium,Morocco,Morocco,Romain Saïss,73,73,Normal
2022,2022-11-27,Group stage,Belgium,Morocco,Morocco,Zakaria Aboukhlal,90+2,92,Normal
2022,2022-11-27,Group stage,Croatia,Canada,Canada,Alphonso Davies,2,2,Normal
2022,2022-11-27,Group stage,Croatia,Canada,Croatia,Andrej Kramarić,36,36,Normal
2022,2022-11-27,Group stage,Croatia,Canada,Croatia,Marko Livaja,44,44,Normal
2022,2022-11-27,Group stage,Croatia,Canada,Croatia,Andrej Kramarić,70,70,Normal
2022,2022-11-27,Group stage,Croatia,Canada,Croatia,Lovro Majer,90+4,94,Normal
2022,2022-11-27,Group stage,Spain,Germany,Spain,Álvaro Morata,62,62,Normal
2022,2022-11-27,Group stage,Spain,Germany,Germany,Niclas Füllkrug,83,83,Normal
2022,2022-11-28,Group stage,Cameroon,Serbia,Cameroon,Jean-Charles Castelletto,29,29,Normal
2022,2022-11-28,Group stage,Cameroon,Serbia,Serbia,Strahinja Pavlović,45+1,46,Normal
2022,2022-11-28,Group stage,Cameroon,Serbia,Serbia,Sergej Milinković-Savić,45+3,48,Normal
2022,2022-11-28,Group stage,Cameroon,Serbia,Serbia,Aleksandar Mitrović,53,53,Normal
2022,2022-11-28,Group stage,Cameroon,Serbia,Cameroon,Vincent Aboubakar,63,63,Normal
2022,2022-11-28,Group stage,Cameroon,Serbia,Cameroon,Eric Maxim Choupo-Moting,66,66,Normal
2022,2022-11-28,Group stage,South Korea,Ghana,Ghana,Mohammed Salisu,24,24,Normal
2022,2022-11-28,Group stage,South Korea,Ghana,Ghana,Mohammed Kudus,34,34,Normal
2022,2022-11-28,Group stage,South Korea,Ghana,South Korea,Cho Gue-sung,58,58,Normal
2022,2022-11-28,Group stage,South Korea,Ghana,South Korea,Cho Gue-sung,61,61,Normal
2022,2022-11-28,Group stage,South Korea,Ghana,Ghana,Mohammed Kudus,68,68,Normal
2022,2022-11-28,Group stage,Brazil,Switzerland,Brazil,not applicable Casemiro,83,83,Normal
2022,2022-11-28,Group stage,Portugal,Uruguay,Portugal,Bruno Fernandes,54,54,Normal
2022,2022-11-28,Group stage,Portugal,Uruguay,Portugal,Bruno Fernandes,90+3,93,Penalty
2022,2022-11-29,Group stage,Ecuador,Senegal,Senegal,Ismaïla Sarr,44,44,Penalty
2022,2022-11-29,Group stage,Ecuador,Senegal,Ecuador,Moisés Caicedo,67,67,Normal
2022,2022-11-29,Group stage,Ecuador,Senegal,Senegal,Kalidou Koulibaly,70,70,Normal
2022,2022-11-29,Group stage,Netherlands,Qatar,Netherlands,Cody Gakpo,26,26,Normal
2022,2022-11-29,Group stage,Netherlands,Qatar,Netherlands,Frenkie de Jong,49,49,Normal
2022,2022-11-29,Group stage,Iran,United States,United States,Christian Pulisic,38,38,Normal
2022,2022-11-29,Group stage,Wales,England,England,Marcus Rashford,50,50,Normal
2022,2022-11-29,Group stage,Wales,England,England,Phil Foden,51,51,Normal
2022,2022-11-29,Group stage,Wales,England,England,Marcus Rashford,68,68,Normal
2022,2022-11-30,Group stage,Australia,Denmark,Australia,Mathew Leckie,60,60,Normal
2022,2022-11-30,Group stage,Tunisia,France,Tunisia,Wahbi Khazri,58,58,Normal
2022,2022-11-30,Group stage,Poland,Argentina,Argentina,Alexis Mac Allister,46,46,Normal
2022,2022-11-30,Group stage,Poland,Argentina,Argentina,Julián Álvarez,67,67,Normal
2022,2022-11-30,Group stage,Saudi Arabia,Mexico,Mexico,Henry Martín,47,47,Normal
2022,2022-11-30,Group stage,Saudi Arabia,Mexico,Mexico,Luis Chávez,52,52,Normal
2022,2022-11-30,Group stage,Saudi Arabia,Mexico,Saudi Arabia,Salem Al-Dawsari,90+5,95,Normal
2022,2022-12-01,Group stage,Canada,Morocco,Morocco,Hakim Ziyech,4,4,Normal
2022,2022-12-01,Group stage,Canada,Morocco,Morocco,Youssef En-Nesyri,23,23,Normal
2022,2022-12-01,Group stage,Canada,Morocco,Canada,Nayef Aguerd,40,40,Own Goal
2022,2022-12-01,Group stage,Costa Rica,Germany,Germany,Serge Gnabry,10,10,Normal
2022,2022-12-01,Group stage,Costa Rica,Germany,Costa Rica,Yeltsin Tejeda,58,58,Normal
2022,2022-12-01,Group stage,Costa Rica,Germany,Costa Rica,Juan Pablo Vargas,70,70,Normal
2022,2022-12-01,Group stage,Costa Rica,Germany,Germany,Kai Havertz,73,73,Normal
2022,2022-12-01,Group stage,Costa Rica,Germany,Germany,Kai Havertz,85,85,Normal
2022,2022-12-01,Group stage,Costa Rica,Germany,Germany,Niclas Füllkrug,89,89,Normal
2022,2022-12-01,Group stage,Japan,Spain,Spain,Álvaro Morata,11,11,Normal
2022,2022-12-01,Group stage,Japan,Spain,Japan,Ritsu Dōan,48,48,Normal
2022,2022-12-01,Group stage,Japan,Spain,Japan,Ao Tanaka,51,51,Normal
2022,2022-12-02,Group stage,Ghana,Uruguay,Uruguay,Giorgian De Arrascaeta,26,26,Normal
2022,2022-12-02,Group stage,Ghana,Uruguay,Uruguay,Giorgian De Arrascaeta,32,32,Normal
2022,2022-12-02,Group stage,South Korea,Portugal,Portugal,Ricardo Horta,5,5,Normal
2022,2022-12-02,Group stage,South Korea,Portugal,South Korea,Young-gwon Kim,27,27,Normal
2022,2022-12-02,Group stage,South Korea,Portugal,South Korea,Hee-chan Hwang,90+1,91,Normal
2022,2022-12-02,Group stage,Cameroon,Brazil,Cameroon,Vincent Aboubakar,90+2,92,Normal
2022,2022-12-02,Group stage,Serbia,Switzerland,Switzerland,Xherdan Shaqiri,20,20,Normal
2022,2022-12-02,Group stage,Serbia,Switzerland,Serbia,Aleksandar Mitrović,26,26,Normal
2022,2022-12-02,Group stage,Serbia,Switzerland,Serbia,Dušan Vlahović,35,35,Normal
2022,2022-12-02,Group stage,Serbia,Switzerland,Switzerland,Breel Embolo,44,44,Normal
2022,2022-12-02,Group stage,Serbia,Switzerland,Switzerland,Remo Freuler,48,48,Normal
2022,2022-12-03,Round of 16,Netherlands,United States,Netherlands,Memphis Depay,10,10,Normal
2022,2022-12-03,Round of 16,Netherlands,United States,Netherlands,Daley Blind,45+1,46,Normal
2022,2022-12-03,Round of 16,Netherlands,United States,United States,Haji Wright,76,76,Normal
2022,2022-12-03,Round of 16,Netherlands,United States,Netherlands,Denzel Dumfries,81,81,Normal
2022,2022-12-03,Round of 16,Argentina,Australia,Argentina,Lionel Messi,35,35,Normal
2022,2022-12-03,Round of 16,Argentina,Australia,Argentina,Julián Álvarez,57,57,Normal
2022,2022-12-03,Round of 16,Argentina,Australia,Australia,Enzo Fernández,77,77,Own Goal
2022,2022-12-04,Round of 16,France,Poland,France,Olivier Giroud,44,44,Normal
2022,2022-12-04,Round of 16,France,Poland,France,Kylian Mbappé,74,74,Normal
2022,2022-12-04,Round of 16,France,Poland,France,Kylian Mbappé,90+1,91,Normal
2022,2022-12-04,Round of 16,France,Poland,Poland,Robert Lewandowski,90+9,99,Penalty
2022,2022-12-04,Round of 16,England,Senegal,England,Jordan Henderson,38,38,Normal
2022,2022-12-04,Round of 16,England,Senegal,England,Harry Kane,45+3,48,Normal
2022,2022-12-04,Round of 16,England,Senegal,England,Bukayo Saka,57,57,Normal
2022,2022-12-05,Round of 16,Japan,Croatia,Japan,Daizen Maeda,43,43,Normal
2022,2022-12-05,Round of 16,Japan,Croatia,Croatia,Ivan Perišić,55,55,Normal
2022,2022-12-05,Round of 16,Brazil,South Korea,Brazil,Vinícius Júnior,7,7,Normal
2022,2022-12-05,Round of 16,Brazil,South Korea,Brazil,not applicable Neymar,13,13,Penalty
2022,2022-12-05,Round of 16,Brazil,South Korea,Brazil,not applicable Richarlison,29,29,Normal
2022,2022-12-05,Round of 16,Brazil,South Korea,Brazil,Lucas Paquetá,36,36,Normal
2022,2022-12-05,Round of 16,Brazil,South Korea,South Korea,Paik Seung-ho,76,76,Normal
2022,2022-12-06,Round of 16,Portugal,Switzerland,Portugal,Gonçalo Ramos,17,17,Normal
2022,2022-12-06,Round of 16,Portugal,Switzerland,Portugal,not applicable Pepe,33,33,Normal
2022,2022-12-06,Round of 16,Portugal,Switzerland,Portugal,Gonçalo Ramos,51,51,Normal
2022,2022-12-06,Round of 16,Portugal,Switzerland,Portugal,Raphaël Guerreiro,55,55,Normal
2022,2022-12-06,Round of 16,Portugal,Switzerland,Switzerland,Manuel Akanji,58,58,Normal
2022,2022-12-06,Round of 16,Portugal,Switzerland,Portugal,Gonçalo Ramos,67,67,Normal
2022,2022-12-06,Round of 16,Portugal,Switzerland,Portugal,Rafael Leão,90+2,92,Normal
2022,2022-12-09,Quarter-finals,Croatia,Brazil,Brazil,not applicable Neymar,105+1,106,Normal
2022,2022-12-09,Quarter-finals,Croatia,Brazil,Croatia,Bruno Petković,117,117,Normal
2022,2022-12-09,Quarter-finals,Netherlands,Argentina,Argentina,Nahuel Molina,35,35,Normal
2022,2022-12-09,Quarter-finals,Netherlands,Argentina,Argentina,Lionel Messi,73,73,Penalty
2022,2022-12-09,Quarter-finals,Netherlands,Argentina,Netherlands,Wout Weghorst,83,83,Normal
2022,2022-12-09,Quarter-finals,Netherlands,Argentina,Netherlands,Wout Weghorst,90+11,101,Normal
2022,2022-12-10,Quarter-finals,Morocco,Portugal,Morocco,Youssef En-Nesyri,42,42,Normal
2022,2022-12-10,Quarter-finals,England,France,France,Aurélien Tchouaméni,17,17,Normal
2022,2022-12-10,Quarter-finals,England,France,England,Harry Kane,54,54,Penalty
2022,2022-12-10,Quarter-finals,England,France,France,Olivier Giroud,78,78,Normal
2022,2022-12-13,Semi-finals,Argentina,Croatia,Argentina,Lionel Messi,34,34,Penalty
2022,2022-12-13,Semi-finals,Argentina,Croatia,Argentina,Julián Álvarez,39,39,Normal
2022,2022-12-13,Semi-finals,Argentina,Croatia,Argentina,Julián Álvarez,69,69,Normal
2022,2022-12-14,Semi-finals,France,Morocco,France,Théo Hernandez,5,5,Normal
2022,2022-12-14,Semi-finals,France,Morocco,France,Randal Kolo Muani,79,79,Normal
2022,2022-12-17,Third-place match,Croatia,Morocco,Croatia,Joško Gvardiol,7,7,Normal
2022,2022-12-17,Third-place match,Croatia,Morocco,Morocco,Achraf Dari,9,9,Normal
2022,2022-12-17,Third-place match,Croatia,Morocco,Croatia,Mislav Oršić,42,42,Normal
2022,2022-12-18,Final,Argentina,France,Argentina,Lionel Messi,23,23,Penalty
2022,2022-12-18,Final,Argentina,France,Argentina,Ángel Di María,36,36,Normal
2022,2022-12-18,Final,Argentina,France,France,Kylian Mbappé,80,80,Penalty
2022,2022-12-18,Final,Argentina,France,France,Kylian Mbappé,81,81,Normal
2022,2022-12-18,Final,Argentina,France,Argentina,Lionel Messi,108,108,Normal
2022,2022-12-18,Final,Argentina,France,France,Kylian Mbappé,118,118,Penalty
2018,2018-06-14,Group stage,Russia,Saudi Arabia,Russia,Yury Gazinsky,12,12,Normal
2018,2018-06-14,Group stage,Russia,Saudi Arabia,Russia,Denis Cheryshev,43,43,Normal
2018,2018-06-14,Group stage,Russia,Saudi Arabia,Russia,Artem Dzyuba,71,71,Normal
2018,2018-06-14,Group stage,Russia,Saudi Arabia,Russia,Denis Cheryshev,90+1,91,Normal
2018,2018-06-14,Group stage,Russia,Saudi Arabia,Russia,Aleksandr Golovin,90+4,94,Normal
2018,2018-06-15,Group stage,Egypt,Uruguay,Uruguay,José Giménez,89,89,Normal
2018,2018-06-15,Group stage,Morocco,Iran,Iran,Aziz Bouhaddouz,90+5,95,Own Goal
2018,2018-06-15,Group stage,Portugal,Spain,Portugal,Cristiano Ronaldo,4,4,Penalty
2018,2018-06-15,Group stage,Portugal,Spain,Spain,Diego Costa,24,24,Normal
2018,2018-06-15,Group stage,Portugal,Spain,Portugal,Cristiano Ronaldo,44,44,Normal
2018,2018-06-15,Group stage,Portugal,Spain,Spain,Diego Costa,55,55,Normal
2018,2018-06-15,Group stage,Portugal,Spain,Spain,not applicable Nacho,58,58,Normal
2018,2018-06-15,Group stage,Portugal,Spain,Portugal,Cristiano Ronaldo,88,88,Normal
2018,2018-06-16,Group stage,France,Australia,France,Antoine Griezmann,58,58,Penalty
2018,2018-06-16,Group stage,France,Australia,Australia,Mile Jedinak,62,62,Penalty
2018,2018-06-16,Group stage,France,Australia,France,Aziz Behich,81,81,Own Goal
2018,2018-06-16,Group stage,Argentina,Iceland,Argentina,Sergio Agüero,19,19,Normal
2018,2018-06-16,Group stage,Argentina,Iceland,Iceland,Alfreð Finnbogason,23,23,Normal
2018,2018-06-16,Group stage,Peru,Denmark,Denmark,Yussuf Poulsen,59,59,Normal
2018,2018-06-16,Group stage,Croatia,Nigeria,Croatia,Peter Etebo,32,32,Own Goal
2018,2018-06-16,Group stage,Croatia,Nigeria,Croatia,Luka Modrić,71,71,Penalty
2018,2018-06-17,Group stage,Costa Rica,Serbia,Serbia,Aleksandar Kolarov,56,56,Normal
2018,2018-06-17,Group stage,Germany,Mexico,Mexico,Hirving Lozano,35,35,Normal
2018,2018-06-17,Group stage,Brazil,Switzerland,Brazil,Philippe Coutinho,20,20,Normal
2018,2018-06-17,Group stage,Brazil,Switzerland,Switzerland,Steven Zuber,50,50,Normal
2018,2018-06-18,Group stage,Sweden,South Korea,Sweden,Andreas Granqvist,65,65,Penalty
2018,2018-06-18,Group stage,Belgium,Panama,Belgium,Dries Mertens,47,47,Normal
2018,2018-06-18,Group stage,Belgium,Panama,Belgium,Romelu Lukaku,69,69,Normal
2018,2018-06-18,Group stage,Belgium,Panama,Belgium,Romelu Lukaku,75,75,Normal
2018,2018-06-18,Group stage,Tunisia,England,England,Harry Kane,11,11,Normal
2018,2018-06-18,Group stage,Tunisia,England,Tunisia,Ferjani Sassi,35,35,Penalty
2018,2018-06-18,Group stage,Tunisia,England,England,Harry Kane,90+1,91,Normal
2018,2018-06-19,Group stage,Colombia,Japan,Japan,Shinji Kagawa,6,6,Penalty
2018,2018-06-19,Group stage,Colombia,Japan,Colombia,Juan Fernando Quintero,39,39,Normal
2018,2018-06-19,Group stage,Colombia,Japan,Japan,Yuya Osako,73,73,Normal
2018,2018-06-19,Group stage,Poland,Senegal,Senegal,Thiago Cionek,37,37,Own Goal
2018,2018-06-19,Group stage,Poland,Senegal,Senegal,M'Baye Niang,60,60,Normal
2018,2018-06-19,Group stage,Poland,Senegal,Poland,Grzegorz Krychowiak,86,86,Normal
2018,2018-06-19,Group stage,Russia,Egypt,Russia,Ahmed Fathy,47,47,Own Goal
2018,2018-06-19,Group stage,Russia,Egypt,Russia,Denis Cheryshev,59,59,Normal
2018,2018-06-19,Group stage,Russia,Egypt,Russia,Artem Dzyuba,62,62,Normal
2018,2018-06-19,Group stage,Russia,Egypt,Egypt,Mohamed Salah,73,73,Penalty
2018,2018-06-20,Group stage,Portugal,Morocco,Portugal,Cristiano Ronaldo,4,4,Normal
2018,2018-06-20,Group stage,Uruguay,Saudi Arabia,Uruguay,Luis Suárez,23,23,Normal
2018,2018-06-20,Group stage,Iran,Spain,Spain,Diego Costa,54,54,Normal
2018,2018-06-21,Group stage,Denmark,Australia,Denmark,Christian Eriksen,7,7,Normal
2018,2018-06-21,Group stage,Denmark,Australia,Australia,Mile Jedinak,38,38,Penalty
2018,2018-06-21,Group stage,France,Peru,France,Kylian Mbappé,34,34,Normal
2018,2018-06-21,Group stage,Argentina,Croatia,Croatia,Ante Rebić,53,53,Normal
2018,2018-06-21,Group stage,Argentina,Croatia,Croatia,Luka Modrić,80,80,Normal
2018,2018-06-21,Group stage,Argentina,Croatia,Croatia,Ivan Rakitić,90+1,91,Normal
2018,2018-06-22,Group stage,Brazil,Costa Rica,Brazil,Philippe Coutinho,90+1,91,Normal
2018,2018-06-22,Group stage,Brazil,Costa Rica,Brazil,not applicable Neymar,90+7,97,Normal
2018,2018-06-22,Group stage,Nigeria,Iceland,Nigeria,Ahmed Musa,49,49,Normal
2018,2018-06-22,Group stage,Nigeria,Iceland,Nigeria,Ahmed Musa,75,75,Normal
2018,2018-06-22,Group stage,Serbia,Switzerland,Serbia,Aleksandar Mitrović,5,5,Normal
2018,2018-06-22,Group stage,Serbia,Switzerland,Switzerland,Granit Xhaka,52,52,Normal
2018,2018-06-22,Group stage,Serbia,Switzerland,Switzerland,Xherdan Shaqiri,90,90,Normal
2018,2018-06-23,Group stage,Belgium,Tunisia,Belgium,Eden Hazard,6,6,Penalty
2018,2018-06-23,Group stage,Belgium,Tunisia,Belgium,Romelu Lukaku,16,16,Normal
2018,2018-06-23,Group stage,Belgium,Tunisia,Tunisia,Dylan Bronn,18,18,Normal
2018,2018-06-23,Group stage,Belgium,Tunisia,Belgium,Romelu Lukaku,45+3,48,Normal
2018,2018-06-23,Group stage,Belgium,Tunisia,Belgium,Eden Hazard,51,51,Normal
2018,2018-06-23,Group stage,Belgium,Tunisia,Belgium,Michy Batshuayi,90,90,Normal
2018,2018-06-23,Group stage,Belgium,Tunisia,Tunisia,Wahbi Khazri,90+3,93,Normal
2018,2018-06-23,Group stage,South Korea,Mexico,Mexico,Carlos Vela,26,26,Penalty
2018,2018-06-23,Group stage,South Korea,Mexico,Mexico,Javier Hernández,66,66,Normal
2018,2018-06-23,Group stage,South Korea,Mexico,South Korea,Heung-min Son,90+3,93,Normal
2018,2018-06-23,Group stage,Germany,Sweden,Sweden,Ola Toivonen,32,32,Normal
2018,2018-06-23,Group stage,Germany,Sweden,Germany,Marco Reus,48,48,Normal
2018,2018-06-23,Group stage,Germany,Sweden,Germany,Toni Kroos,90+5,95,Normal
2018,2018-06-24,Group stage,England,Panama,England,John Stones,8,8,Normal
2018,2018-06-24,Group stage,England,Panama,England,Harry Kane,22,22,Penalty
2018,2018-06-24,Group stage,England,Panama,England,Jesse Lingard,36,36,Normal
2018,2018-06-24,Group stage,England,Panama,England,John Stones,40,40,Normal
2018,2018-06-24,Group stage,England,Panama,England,Harry Kane,45+1,46,Penalty
2018,2018-06-24,Group stage,England,Panama,England,Harry Kane,62,62,Normal
2018,2018-06-24,Group stage,England,Panama,Panama,Felipe Baloy,78,78,Normal
2018,2018-06-24,Group stage,Japan,Senegal,Senegal,Sadio Mané,11,11,Normal
2018,2018-06-24,Group stage,Japan,Senegal,Japan,Takashi Inui,34,34,Normal
2018,2018-06-24,Group stage,Japan,Senegal,Senegal,Moussa Wagué,71,71,Normal
2018,2018-06-24,Group stage,Japan,Senegal,Japan,Keisuke Honda,78,78,Normal
2018,2018-06-24,Group stage,Poland,Colombia,Colombia,Yerry Mina,40,40,Normal
2018,2018-06-24,Group stage,Poland,Colombia,Colombia,Radamel Falcao,70,70,Normal
2018,2018-06-24,Group stage,Poland,Colombia,Colombia,Juan Cuadrado,75,75,Normal
2018,2018-06-25,Group stage,Saudi Arabia,Egypt,Egypt,Mohamed Salah,22,22,Normal
2018,2018-06-25,Group stage,Saudi Arabia,Egypt,Saudi Arabia,Salman Al-Faraj,45+6,51,Penalty
2018,2018-06-25,Group stage,Saudi Arabia,Egypt,Saudi Arabia,Salem Al-Dawsari,90+5,95,Normal
2018,2018-06-25,Group stage,Uruguay,Russia,Uruguay,Luis Suárez,10,10,Normal
2018,2018-06-25,Group stage,Uruguay,Russia,Uruguay,Denis Cheryshev,23,23,Own Goal
2018,2018-06-25,Group stage,Uruguay,Russia,Uruguay,Edinson Cavani,90,90,Normal
2018,2018-06-25,Group stage,Spain,Morocco,Morocco,Khalid Boutaïb,14,14,Normal
2018,2018-06-25,Group stage,Spain,Morocco,Spain,not applicable Isco,19,19,Normal
2018,2018-06-25,Group stage,Spain,Morocco,Morocco,Youssef En-Nesyri,81,81,Normal
2018,2018-06-25,Group stage,Spain,Morocco,Spain,Iago Aspas,90+1,91,Normal
2018,2018-06-25,Group stage,Iran,Portugal,Portugal,Ricardo Quaresma,45,45,Normal
2018,2018-06-25,Group stage,Iran,Portugal,Iran,Karim Ansarifard,90+3,93,Penalty
2018,2018-06-26,Group stage,Australia,Peru,Peru,André Carrillo,18,18,Normal
2018,2018-06-26,Group stage,Australia,Peru,Peru,Paolo Guerrero,50,50,Normal
2018,2018-06-26,Group stage,Iceland,Croatia,Croatia,Milan Badelj,53,53,Normal
2018,2018-06-26,Group stage,Iceland,Croatia,Iceland,Gylfi Sigurðsson,76,76,Penalty
2018,2018-06-26,Group stage,Iceland,Croatia,Croatia,Ivan Perišić,90,90,Normal
2018,2018-06-26,Group stage,Nigeria,Argentina,Argentina,Lionel Messi,14,14,Normal
2018,2018-06-26,Group stage,Nigeria,Argentina,Nigeria,Victor Moses,51,51,Penalty
2018,2018-06-26,Group stage,Nigeria,Argentina,Argentina,Marcos Rojo,86,86,Normal
2018,2018-06-27,Group stage,South Korea,Germany,South Korea,Young-gwon Kim,90+2,92,Normal
2018,2018-06-27,Group stage,South Korea,Germany,South Korea,Heung-min Son,90+6,96,Normal
2018,2018-06-27,Group stage,Mexico,Sweden,Sweden,Ludwig Augustinsson,50,50,Normal
2018,2018-06-27,Group stage,Mexico,Sweden,Sweden,Andreas Granqvist,62,62,Penalty
2018,2018-06-27,Group stage,Mexico,Sweden,Sweden,Edson Álvarez,74,74,Own Goal
2018,2018-06-27,Group stage,Serbia,Brazil,Brazil,not applicable Paulinho,36,36,Normal
2018,2018-06-27,Group stage,Serbia,Brazil,Brazil,Thiago Silva,68,68,Normal
2018,2018-06-27,Group stage,Switzerland,Costa Rica,Switzerland,Blerim Džemaili,31,31,Normal
2018,2018-06-27,Group stage,Switzerland,Costa Rica,Costa Rica,Kendall Waston,56,56,Normal
2018,2018-06-27,Group stage,Switzerland,Costa Rica,Switzerland,Josip Drmić,88,88,Normal
2018,2018-06-27,Group stage,Switzerland,Costa Rica,Costa Rica,Yann Sommer,90+3,93,Own Goal
2018,2018-06-28,Group stage,Japan,Poland,Poland,Jan Bednarek,59,59,Normal
2018,2018-06-28,Group stage,Senegal,Colombia,Colombia,Yerry Mina,74,74,Normal
2018,2018-06-28,Group stage,England,Belgium,Belgium,Adnan Januzaj,51,51,Normal
2018,2018-06-28,Group stage,Panama,Tunisia,Panama,Yassine Meriah,33,33,Own Goal
2018,2018-06-28,Group stage,Panama,Tunisia,Tunisia,Fakhreddine Ben Youssef,51,51,Normal
2018,2018-06-28,Group stage,Panama,Tunisia,Tunisia,Wahbi Khazri,66,66,Normal
2018,2018-06-30,Round of 16,France,Argentina,France,Antoine Griezmann,13,13,Penalty
2018,2018-06-30,Round of 16,France,Argentina,Argentina,Ángel Di María,41,41,Normal
2018,2018-06-30,Round of 16,France,Argentina,Argentina,Gabriel Mercado,48,48,Normal
2018,2018-06-30,Round of 16,France,Argentina,France,Benjamin Pavard,57,57,Normal
2018,2018-06-30,Round of 16,France,Argentina,France,Kylian Mbappé,64,64,Normal
2018,2018-06-30,Round of 16,France,Argentina,France,Kylian Mbappé,68,68,Normal
2018,2018-06-30,Round of 16,France,Argentina,Argentina,Sergio Agüero,90+3,93,Normal
2018,2018-06-30,Round of 16,Uruguay,Portugal,Uruguay,Edinson Cavani,7,7,Normal
2018,2018-06-30,Round of 16,Uruguay,Portugal,Portugal,not applicable Pepe,55,55,Normal
2018,2018-06-30,Round of 16,Uruguay,Portugal,Uruguay,Edinson Cavani,62,62,Normal
2018,2018-07-01,Round of 16,Spain,Russia,Spain,Sergei Ignashevich,12,12,Own Goal
2018,2018-07-01,Round of 16,Spain,Russia,Russia,Artem Dzyuba,41,41,Penalty
2018,2018-07-01,Round of 16,Croatia,Denmark,Denmark,Mathias Jørgensen,1,1,Normal
2018,2018-07-01,Round of 16,Croatia,Denmark,Croatia,Mario Mandžukić,4,4,Normal
2018,2018-07-02,Round of 16,Brazil,Mexico,Brazil,not applicable Neymar,51,51,Normal
2018,2018-07-02,Round of 16,Brazil,Mexico,Brazil,Roberto Firmino,88,88,Normal
2018,2018-07-02,Round of 16,Belgium,Japan,Japan,Genki Haraguchi,48,48,Normal
2018,2018-07-02,Round of 16,Belgium,Japan,Japan,Takashi Inui,52,52,Normal
2018,2018-07-02,Round of 16,Belgium,Japan,Belgium,Jan Vertonghen,69,69,Normal
2018,2018-07-02,Round of 16,Belgium,Japan,Belgium,Marouane Fellaini,74,74,Normal
2018,2018-07-02,Round of 16,Belgium,Japan,Belgium,Nacer Chadli,90+4,94,Normal
2018,2018-07-03,Round of 16,Sweden,Switzerland,Sweden,Emil Forsberg,66,66,Normal
2018,2018-07-03,Round of 16,Colombia,England,England,Harry Kane,57,57,Penalty
2018,2018-07-03,Round of 16,Colombia,England,Colombia,Yerry Mina,90+3,93,Normal
2018,2018-07-06,Quarter-finals,Uruguay,France,France,Raphaël Varane,40,40,Normal
2018,2018-07-06,Quarter-finals,Uruguay,France,France,Antoine Griezmann,61,61,Normal
2018,2018-07-06,Quarter-finals,Brazil,Belgium,Belgium,not applicable Fernandinho,13,13,Own Goal
2018,2018-07-06,Quarter-finals,Brazil,Belgium,Belgium,Kevin De Bruyne,31,31,Normal
2018,2018-07-06,Quarter-finals,Brazil,Belgium,Brazil,Renato Augusto,76,76,Normal
2018,2018-07-07,Quarter-finals,Sweden,England,England,Harry Maguire,30,30,Normal
2018,2018-07-07,Quarter-finals,Sweden,England,England,Dele Alli,59,59,Normal
2018,2018-07-07,Quarter-finals,Russia,Croatia,Russia,Denis Cheryshev,31,31,Normal
2018,2018-07-07,Quarter-finals,Russia,Croatia,Croatia,Andrej Kramarić,39,39,Normal
2018,2018-07-07,Quarter-finals,Russia,Croatia,Croatia,Domagoj Vida,101,101,Normal
2018,2018-07-07,Quarter-finals,Russia,Croatia,Russia,Mário Fernandes,115,115,Normal
2018,2018-07-10,Semi-finals,France,Belgium,France,Samuel Umtiti,51,51,Normal
2018,2018-07-11,Semi-finals,Croatia,England,England,Kieran Trippier,5,5,Normal
2018,2018-07-11,Semi-finals,Croatia,England,Croatia,Ivan Perišić,68,68,Normal
2018,2018-07-11,Semi-finals,Croatia,England,Croatia,Mario Mandžukić,109,109,Normal
2018,2018-07-14,Third-place match,Belgium,England,Belgium,Thomas Meunier,4,4,Normal
2018,2018-07-14,Third-place match,Belgium,England,Belgium,Eden Hazard,82,82,Normal
2018,2018-07-15,Final,France,Croatia,France,Mario Mandžukić,18,18,Own Goal
2018,2018-07-15,Final,France,Croatia,Croatia,Ivan Perišić,28,28,Normal
2018,2018-07-15,Final,France,Croatia,France,Antoine Griezmann,38,38,Penalty
2018,2018-07-15,Final,France,Croatia,France,Paul Pogba,59,59,Normal
2018,2018-07-15,Final,France,Croatia,France,Kylian Mbappé,65,65,Normal
2018,2018-07-15,Final,France,Croatia,Croatia,Mario Mandžukić,69,69,Normal
2014,2014-06-12,Group stage,Brazil,Croatia,Croatia,not applicable Marcelo,12,12,Own Goal
2014,2014-06-12,Group stage,Brazil,Croatia,Brazil,not applicable Neymar,29,29,Normal
2014,2014-06-12,Group stage,Brazil,Croatia,Brazil,not applicable Neymar,71,71,Penalty
2014,2014-06-12,Group stage,Brazil,Croatia,Brazil,not applicable Oscar,90+1,91,Normal
2014,2014-06-13,Group stage,Mexico,Cameroon,Mexico,Oribe Peralta,61,61,Normal
2014,2014-06-13,Group stage,Spain,Netherlands,Spain,Xabi Alonso,27,27,Penalty
2014,2014-06-13,Group stage,Spain,Netherlands,Netherlands,Robin van Persie,44,44,Normal
2014,2014-06-13,Group stage,Spain,Netherlands,Netherlands,Arjen Robben,53,53,Normal
2014,2014-06-13,Group stage,Spain,Netherlands,Netherlands,Stefan de Vrij,64,64,Normal
2014,2014-06-13,Group stage,Spain,Netherlands,Netherlands,Robin van Persie,72,72,Normal
2014,2014-06-13,Group stage,Spain,Netherlands,Netherlands,Arjen Robben,80,80,Normal
2014,2014-06-13,Group stage,Chile,Australia,Chile,Alexis Sánchez,12,12,Normal
2014,2014-06-13,Group stage,Chile,Australia,Chile,Jorge Valdivia,14,14,Normal
2014,2014-06-13,Group stage,Chile,Australia,Australia,Tim Cahill,35,35,Normal
2014,2014-06-13,Group stage,Chile,Australia,Chile,Jean Beausejour,90+2,92,Normal
2014,2014-06-14,Group stage,Colombia,Greece,Colombia,Pablo Armero,5,5,Normal
2014,2014-06-14,Group stage,Colombia,Greece,Colombia,Teófilo Gutiérrez,58,58,Normal
2014,2014-06-14,Group stage,Colombia,Greece,Colombia,James Rodríguez,90+3,93,Normal
2014,2014-06-14,Group stage,Uruguay,Costa Rica,Uruguay,Edinson Cavani,24,24,Penalty
2014,2014-06-14,Group stage,Uruguay,Costa Rica,Costa Rica,Joel Campbell,54,54,Normal
2014,2014-06-14,Group stage,Uruguay,Costa Rica,Costa Rica,Óscar Duarte,57,57,Normal
2014,2014-06-14,Group stage,Uruguay,Costa Rica,Costa Rica,Marco Ureña,84,84,Normal
2014,2014-06-14,Group stage,England,Italy,Italy,Claudio Marchisio,35,35,Normal
2014,2014-06-14,Group stage,England,Italy,England,Daniel Sturridge,37,37,Normal
2014,2014-06-14,Group stage,England,Italy,Italy,Mario Balotelli,50,50,Normal
2014,2014-06-14,Group stage,Ivory Coast,Japan,Japan,Keisuke Honda,16,16,Normal
2014,2014-06-14,Group stage,Ivory Coast,Japan,Ivory Coast,Wilfried Bony,64,64,Normal
2014,2014-06-14,Group stage,Ivory Coast,Japan,Ivory Coast,not applicable Gervinho,66,66,Normal
2014,2014-06-15,Group stage,Switzerland,Ecuador,Ecuador,Enner Valencia,22,22,Normal
2014,2014-06-15,Group stage,Switzerland,Ecuador,Switzerland,Admir Mehmedi,48,48,Normal
2014,2014-06-15,Group stage,Switzerland,Ecuador,Switzerland,Haris Seferovic,90+3,93,Normal
2014,2014-06-15,Group stage,France,Honduras,France,Karim Benzema,45,45,Penalty
2014,2014-06-15,Group stage,France,Honduras,France,Noel Valladares,48,48,Own Goal
2014,2014-06-15,Group stage,France,Honduras,France,Karim Benzema,72,72,Normal
2014,2014-06-15,Group stage,Argentina,Bosnia and Herzegovina,Argentina,Sead Kolašinac,3,3,Own Goal
2014,2014-06-15,Group stage,Argentina,Bosnia and Herzegovina,Argentina,Lionel Messi,65,65,Normal
2014,2014-06-15,Group stage,Argentina,Bosnia and Herzegovina,Bosnia and Herzegovina,Vedad Ibišević,85,85,Normal
2014,2014-06-16,Group stage,Germany,Portugal,Germany,Thomas Müller,12,12,Penalty
2014,2014-06-16,Group stage,Germany,Portugal,Germany,Mats Hummels,32,32,Normal
2014,2014-06-16,Group stage,Germany,Portugal,Germany,Thomas Müller,45+1,46,Normal
2014,2014-06-16,Group stage,Germany,Portugal,Germany,Thomas Müller,78,78,Normal
2014,2014-06-16,Group stage,Ghana,United States,United States,Clint Dempsey,1,1,Normal
2014,2014-06-16,Group stage,Ghana,United States,Ghana,André Ayew,82,82,Normal
2014,2014-06-16,Group stage,Ghana,United States,United States,John Brooks,86,86,Normal
2014,2014-06-17,Group stage,Belgium,Algeria,Algeria,Sofiane Feghouli,25,25,Penalty
2014,2014-06-17,Group stage,Belgium,Algeria,Belgium,Marouane Fellaini,70,70,Normal
2014,2014-06-17,Group stage,Belgium,Algeria,Belgium,Dries Mertens,80,80,Normal
2014,2014-06-17,Group stage,Russia,South Korea,South Korea,Keun-ho Lee,68,68,Normal
2014,2014-06-17,Group stage,Russia,South Korea,Russia,Aleksandr Kerzhakov,74,74,Normal
2014,2014-06-18,Group stage,Australia,Netherlands,Netherlands,Arjen Robben,20,20,Normal
2014,2014-06-18,Group stage,Australia,Netherlands,Australia,Tim Cahill,21,21,Normal
2014,2014-06-18,Group stage,Australia,Netherlands,Australia,Mile Jedinak,54,54,Penalty
2014,2014-06-18,Group stage,Australia,Netherlands,Netherlands,Robin van Persie,58,58,Normal
2014,2014-06-18,Group stage,Australia,Netherlands,Netherlands,Memphis Depay,68,68,Normal
2014,2014-06-18,Group stage,Spain,Chile,Chile,Eduardo Vargas,20,20,Normal
2014,2014-06-18,Group stage,Spain,Chile,Chile,Charles Aránguiz,43,43,Normal
2014,2014-06-18,Group stage,Cameroon,Croatia,Croatia,Ivica Olić,11,11,Normal
2014,2014-06-18,Group stage,Cameroon,Croatia,Croatia,Ivan Perišić,48,48,Normal
2014,2014-06-18,Group stage,Cameroon,Croatia,Croatia,Mario Mandžukić,61,61,Normal
2014,2014-06-18,Group stage,Cameroon,Croatia,Croatia,Mario Mandžukić,73,73,Normal
2014,2014-06-19,Group stage,Colombia,Ivory Coast,Colombia,James Rodríguez,64,64,Normal
2014,2014-06-19,Group stage,Colombia,Ivory Coast,Colombia,Juan Fernando Quintero,70,70,Normal
2014,2014-06-19,Group stage,Colombia,Ivory Coast,Ivory Coast,not applicable Gervinho,73,73,Normal
2014,2014-06-19,Group stage,Uruguay,England,Uruguay,Luis Suárez,39,39,Normal
2014,2014-06-19,Group stage,Uruguay,England,England,Wayne Rooney,75,75,Normal
2014,2014-06-19,Group stage,Uruguay,England,Uruguay,Luis Suárez,85,85,Normal
2014,2014-06-20,Group stage,Italy,Costa Rica,Costa Rica,Bryan Ruiz,44,44,Normal
2014,2014-06-20,Group stage,Switzerland,France,France,Olivier Giroud,17,17,Normal
2014,2014-06-20,Group stage,Switzerland,France,France,Blaise Matuidi,18,18,Normal
2014,2014-06-20,Group stage,Switzerland,France,France,Mathieu Valbuena,40,40,Normal
2014,2014-06-20,Group stage,Switzerland,France,France,Karim Benzema,67,67,Normal
2014,2014-06-20,Group stage,Switzerland,France,France,Moussa Sissoko,73,73,Normal
2014,2014-06-20,Group stage,Switzerland,France,Switzerland,Blerim Džemaili,81,81,Normal
2014,2014-06-20,Group stage,Switzerland,France,Switzerland,Granit Xhaka,87,87,Normal
2014,2014-06-20,Group stage,Honduras,Ecuador,Honduras,Carlo Costly,31,31,Normal
2014,2014-06-20,Group stage,Honduras,Ecuador,Ecuador,Enner Valencia,34,34,Normal
2014,2014-06-20,Group stage,Honduras,Ecuador,Ecuador,Enner Valencia,65,65,Normal
2014,2014-06-21,Group stage,Argentina,Iran,Argentina,Lionel Messi,90+1,91,Normal
2014,2014-06-21,Group stage,Germany,Ghana,Germany,Mario Götze,51,51,Normal
2014,2014-06-21,Group stage,Germany,Ghana,Ghana,André Ayew,54,54,Normal
2014,2014-06-21,Group stage,Germany,Ghana,Ghana,Asamoah Gyan,63,63,Normal
2014,2014-06-21,Group stage,Germany,Ghana,Germany,Miroslav Klose,71,71,Normal
2014,2014-06-21,Group stage,Nigeria,Bosnia and Herzegovina,Nigeria,Peter Odemwingie,29,29,Normal
2014,2014-06-22,Group stage,Belgium,Russia,Belgium,Divock Origi,88,88,Normal
2014,2014-06-22,Group stage,South Korea,Algeria,Algeria,Islam Slimani,26,26,Normal
2014,2014-06-22,Group stage,South Korea,Algeria,Algeria,Rafik Halliche,28,28,Normal
2014,2014-06-22,Group stage,South Korea,Algeria,Algeria,Abdelmoumene Djabou,38,38,Normal
2014,2014-06-22,Group stage,South Korea,Algeria,South Korea,Heung-min Son,50,50,Normal
2014,2014-06-22,Group stage,South Korea,Algeria,Algeria,Yacine Brahimi,62,62,Normal
2014,2014-06-22,Group stage,South Korea,Algeria,South Korea,Ja-cheol Koo,72,72,Normal
2014,2014-06-22,Group stage,United States,Portugal,Portugal,not applicable Nani,5,5,Normal
2014,2014-06-22,Group stage,United States,Portugal,United States,Jermaine Jones,64,64,Normal
2014,2014-06-22,Group stage,United States,Portugal,United States,Clint Dempsey,81,81,Normal
2014,2014-06-22,Group stage,United States,Portugal,Portugal,Silvestre Varela,90+5,95,Normal
2014,2014-06-23,Group stage,Australia,Spain,Spain,David Villa,36,36,Normal
2014,2014-06-23,Group stage,Australia,Spain,Spain,Fernando Torres,69,69,Normal
2014,2014-06-23,Group stage,Australia,Spain,Spain,Juan Mata,82,82,Normal
2014,2014-06-23,Group stage,Netherlands,Chile,Netherlands,Leroy Fer,77,77,Normal
2014,2014-06-23,Group stage,Netherlands,Chile,Netherlands,Memphis Depay,90+2,92,Normal
2014,2014-06-23,Group stage,Cameroon,Brazil,Brazil,not applicable Neymar,17,17,Normal
2014,2014-06-23,Group stage,Cameroon,Brazil,Cameroon,Joël Matip,26,26,Normal
2014,2014-06-23,Group stage,Cameroon,Brazil,Brazil,not applicable Neymar,35,35,Normal
2014,2014-06-23,Group stage,Cameroon,Brazil,Brazil,not applicable Fred,49,49,Normal
2014,2014-06-23,Group stage,Cameroon,Brazil,Brazil,not applicable Fernandinho,84,84,Normal
2014,2014-06-23,Group stage,Croatia,Mexico,Mexico,Rafael Márquez,72,72,Normal
2014,2014-06-23,Group stage,Croatia,Mexico,Mexico,Andrés Guardado,75,75,Normal
2014,2014-06-23,Group stage,Croatia,Mexico,Mexico,Javier Hernández,82,82,Normal
2014,2014-06-23,Group stage,Croatia,Mexico,Croatia,Ivan Perišić,87,87,Normal
2014,2014-06-24,Group stage,Italy,Uruguay,Uruguay,Diego Godín,81,81,Normal
2014,2014-06-24,Group stage,Japan,Colombia,Colombia,Juan Cuadrado,17,17,Penalty
2014,2014-06-24,Group stage,Japan,Colombia,Japan,Shinji Okazaki,45+1,46,Normal
2014,2014-06-24,Group stage,Japan,Colombia,Colombia,Jackson Martínez,55,55,Normal
2014,2014-06-24,Group stage,Japan,Colombia,Colombia,Jackson Martínez,82,82,Normal
2014,2014-06-24,Group stage,Japan,Colombia,Colombia,James Rodríguez,90,90,Normal
2014,2014-06-24,Group stage,Greece,Ivory Coast,Greece,Andreas Samaris,42,42,Normal
2014,2014-06-24,Group stage,Greece,Ivory Coast,Ivory Coast,Wilfried Bony,74,74,Normal
2014,2014-06-24,Group stage,Greece,Ivory Coast,Greece,Georgios Samaras,90+3,93,Penalty
2014,2014-06-25,Group stage,Bosnia and Herzegovina,Iran,Bosnia and Herzegovina,Edin Džeko,23,23,Normal
2014,2014-06-25,Group stage,Bosnia and Herzegovina,Iran,Bosnia and Herzegovina,Miralem Pjanić,59,59,Normal
2014,2014-06-25,Group stage,Bosnia and Herzegovina,Iran,Iran,Reza Ghoochannejhad,82,82,Normal
2014,2014-06-25,Group stage,Bosnia and Herzegovina,Iran,Bosnia and Herzegovina,Avdija Vršajević,83,83,Normal
2014,2014-06-25,Group stage,Nigeria,Argentina,Argentina,Lionel Messi,3,3,Normal
2014,2014-06-25,Group stage,Nigeria,Argentina,Nigeria,Ahmed Musa,4,4,Normal
2014,2014-06-25,Group stage,Nigeria,Argentina,Argentina,Lionel Messi,45+1,46,Normal
2014,2014-06-25,Group stage,Nigeria,Argentina,Nigeria,Ahmed Musa,47,47,Normal
2014,2014-06-25,Group stage,Nigeria,Argentina,Argentina,Marcos Rojo,50,50,Normal
2014,2014-06-25,Group stage,Honduras,Switzerland,Switzerland,Xherdan Shaqiri,6,6,Normal
2014,2014-06-25,Group stage,Honduras,Switzerland,Switzerland,Xherdan Shaqiri,31,31,Normal
2014,2014-06-25,Group stage,Honduras,Switzerland,Switzerland,Xherdan Shaqiri,71,71,Normal
2014,2014-06-26,Group stage,Portugal,Ghana,Portugal,John Boye,31,31,Own Goal
2014,2014-06-26,Group stage,Portugal,Ghana,Ghana,Asamoah Gyan,57,57,Normal
2014,2014-06-26,Group stage,Portugal,Ghana,Portugal,Cristiano Ronaldo,80,80,Normal
2014,2014-06-26,Group stage,United States,Germany,Germany,Thomas Müller,55,55,Normal
2014,2014-06-26,Group stage,Algeria,Russia,Russia,Aleksandr Kokorin,6,6,Normal
2014,2014-06-26,Group stage,Algeria,Russia,Algeria,Islam Slimani,60,60,Normal
2014,2014-06-26,Group stage,South Korea,Belgium,Belgium,Jan Vertonghen,78,78,Normal
2014,2014-06-28,Round of 16,Brazil,Chile,Brazil,David Luiz,18,18,Normal
2014,2014-06-28,Round of 16,Brazil,Chile,Chile,Alexis Sánchez,32,32,Normal
2014,2014-06-28,Round of 16,Colombia,Uruguay,Colombia,James Rodríguez,28,28,Normal
2014,2014-06-28,Round of 16,Colombia,Uruguay,Colombia,James Rodríguez,50,50,Normal
2014,2014-06-29,Round of 16,Netherlands,Mexico,Mexico,Giovani dos Santos,48,48,Normal
2014,2014-06-29,Round of 16,Netherlands,Mexico,Netherlands,Wesley Sneijder,88,88,Normal
2014,2014-06-29,Round of 16,Netherlands,Mexico,Netherlands,Klaas-Jan Huntelaar,90+4,94,Penalty
2014,2014-06-29,Round of 16,Costa Rica,Greece,Costa Rica,Bryan Ruiz,52,52,Normal
2014,2014-06-29,Round of 16,Costa Rica,Greece,Greece,Sokratis Papastathopoulos,90+1,91,Normal
2014,2014-06-30,Round of 16,France,Nigeria,France,Paul Pogba,79,79,Normal
2014,2014-06-30,Round of 16,France,Nigeria,France,Joseph Yobo,90+2,92,Own Goal
2014,2014-06-30,Round of 16,Germany,Algeria,Germany,André Schürrle,92,92,Normal
2014,2014-06-30,Round of 16,Germany,Algeria,Germany,Mesut Özil,120,120,Normal
2014,2014-06-30,Round of 16,Germany,Algeria,Algeria,Abdelmoumene Djabou,120+1,121,Normal
2014,2014-07-01,Round of 16,Argentina,Switzerland,Argentina,Ángel Di María,118,118,Normal
2014,2014-07-01,Round of 16,Belgium,United States,Belgium,Kevin De Bruyne,93,93,Normal
2014,2014-07-01,Round of 16,Belgium,United States,Belgium,Romelu Lukaku,105,105,Normal
2014,2014-07-01,Round of 16,Belgium,United States,United States,Julian Green,107,107,Normal
2014,2014-07-04,Quarter-finals,France,Germany,Germany,Mats Hummels,13,13,Normal
2014,2014-07-04,Quarter-finals,Brazil,Colombia,Brazil,Thiago Silva,7,7,Normal
2014,2014-07-04,Quarter-finals,Brazil,Colombia,Brazil,David Luiz,69,69,Normal
2014,2014-07-04,Quarter-finals,Brazil,Colombia,Colombia,James Rodríguez,80,80,Penalty
2014,2014-07-05,Quarter-finals,Argentina,Belgium,Argentina,Gonzalo Higuaín,8,8,Normal
2014,2014-07-08,Semi-finals,Brazil,Germany,Germany,Thomas Müller,11,11,Normal
2014,2014-07-08,Semi-finals,Brazil,Germany,Germany,Miroslav Klose,23,23,Normal
2014,2014-07-08,Semi-finals,Brazil,Germany,Germany,Toni Kroos,24,24,Normal
2014,2014-07-08,Semi-finals,Brazil,Germany,Germany,Toni Kroos,26,26,Normal
2014,2014-07-08,Semi-finals,Brazil,Germany,Germany,Sami Khedira,29,29,Normal
2014,2014-07-08,Semi-finals,Brazil,Germany,Germany,André Schürrle,69,69,Normal
2014,2014-07-08,Semi-finals,Brazil,Germany,Germany,André Schürrle,79,79,Normal
2014,2014-07-08,Semi-finals,Brazil,Germany,Brazil,not applicable Oscar,90,90,Normal
2014,2014-07-12,Third-place match,Brazil,Netherlands,Netherlands,Robin van Persie,3,3,Penalty
2014,2014-07-12,Third-place match,Brazil,Netherlands,Netherlands,Daley Blind,17,17,Normal
2014,2014-07-12,Third-place match,Brazil,Netherlands,Netherlands,Georginio Wijnaldum,90+1,91,Normal
2014,2014-07-13,Final,Germany,Argentina,Germany,Mario Götze,113,113,Normal
2010,2010-06-11,Group stage,South Africa,Mexico,South Africa,Siphiwe Tshabalala,55,55,Normal
2010,2010-06-11,Group stage,South Africa,Mexico,Mexico,Rafael Márquez,79,79,Normal
2010,2010-06-12,Group stage,South Korea,Greece,South Korea,Jung-soo Lee,7,7,Normal
2010,2010-06-12,Group stage,South Korea,Greece,South Korea,Ji-sung Park,52,52,Normal
2010,2010-06-12,Group stage,Argentina,Nigeria,Argentina,Gabriel Heinze,6,6,Normal
2010,2010-06-12,Group stage,England,United States,England,Steven Gerrard,4,4,Normal
2010,2010-06-12,Group stage,England,United States,United States,Clint Dempsey,40,40,Normal
2010,2010-06-13,Group stage,Algeria,Slovenia,Slovenia,Robert Koren,79,79,Normal
2010,2010-06-13,Group stage,Serbia,Ghana,Ghana,Asamoah Gyan,85,85,Penalty
2010,2010-06-13,Group stage,Germany,Australia,Germany,Lukas Podolski,8,8,Normal
2010,2010-06-13,Group stage,Germany,Australia,Germany,Miroslav Klose,26,26,Normal
2010,2010-06-13,Group stage,Germany,Australia,Germany,Thomas Müller,68,68,Normal
2010,2010-06-13,Group stage,Germany,Australia,Germany,not applicable Cacau,70,70,Normal
2010,2010-06-14,Group stage,Netherlands,Denmark,Netherlands,Daniel Agger,46,46,Own Goal
2010,2010-06-14,Group stage,Netherlands,Denmark,Netherlands,Dirk Kuyt,85,85,Normal
2010,2010-06-14,Group stage,Japan,Cameroon,Japan,Keisuke Honda,39,39,Normal
2010,2010-06-14,Group stage,Italy,Paraguay,Paraguay,Antolín Alcaraz,39,39,Normal
2010,2010-06-14,Group stage,Italy,Paraguay,Italy,Daniele De Rossi,63,63,Normal
2010,2010-06-15,Group stage,New Zealand,Slovakia,Slovakia,Róbert Vittek,50,50,Normal
2010,2010-06-15,Group stage,New Zealand,Slovakia,New Zealand,Winston Reid,90+3,93,Normal
2010,2010-06-15,Group stage,Brazil,North Korea,Brazil,not applicable Maicon,55,55,Normal
2010,2010-06-15,Group stage,Brazil,North Korea,Brazil,not applicable Elano,72,72,Normal
2010,2010-06-15,Group stage,Brazil,North Korea,North Korea,Yun-nam Ji,89,89,Normal
2010,2010-06-16,Group stage,Honduras,Chile,Chile,Jean Beausejour,34,34,Normal
2010,2010-06-16,Group stage,Spain,Switzerland,Switzerland,Gélson Fernandes,52,52,Normal
2010,2010-06-16,Group stage,South Africa,Uruguay,Uruguay,Diego Forlán,24,24,Normal
2010,2010-06-16,Group stage,South Africa,Uruguay,Uruguay,Diego Forlán,80,80,Penalty
2010,2010-06-16,Group stage,South Africa,Uruguay,Uruguay,Álvaro Pereira,90+5,95,Normal
2010,2010-06-17,Group stage,Argentina,South Korea,Argentina,Chu-young Park,17,17,Own Goal
2010,2010-06-17,Group stage,Argentina,South Korea,Argentina,Gonzalo Higuaín,33,33,Normal
2010,2010-06-17,Group stage,Argentina,South Korea,South Korea,Chung-yong Lee,45+1,46,Normal
2010,2010-06-17,Group stage,Argentina,South Korea,Argentina,Gonzalo Higuaín,76,76,Normal
2010,2010-06-17,Group stage,Argentina,South Korea,Argentina,Gonzalo Higuaín,80,80,Normal
2010,2010-06-17,Group stage,Greece,Nigeria,Nigeria,Kalu Uche,16,16,Normal
2010,2010-06-17,Group stage,Greece,Nigeria,Greece,Dimitris Salpingidis,44,44,Normal
2010,2010-06-17,Group stage,Greece,Nigeria,Greece,Vasilis Torosidis,71,71,Normal
2010,2010-06-17,Group stage,France,Mexico,Mexico,Javier Hernández,64,64,Normal
2010,2010-06-17,Group stage,France,Mexico,Mexico,Cuauhtémoc Blanco,79,79,Penalty
2010,2010-06-18,Group stage,Germany,Serbia,Serbia,Milan Jovanović,38,38,Normal
2010,2010-06-18,Group stage,Slovenia,United States,Slovenia,Valter Birsa,13,13,Normal
2010,2010-06-18,Group stage,Slovenia,United States,Slovenia,Zlatan Ljubijankić,42,42,Normal
2010,2010-06-18,Group stage,Slovenia,United States,United States,Landon Donovan,48,48,Normal
2010,2010-06-18,Group stage,Slovenia,United States,United States,Michael Bradley,82,82,Normal
2010,2010-06-19,Group stage,Netherlands,Japan,Netherlands,Wesley Sneijder,53,53,Normal
2010,2010-06-19,Group stage,Ghana,Australia,Australia,Brett Holman,11,11,Normal
2010,2010-06-19,Group stage,Ghana,Australia,Ghana,Asamoah Gyan,25,25,Penalty
2010,2010-06-19,Group stage,Cameroon,Denmark,Cameroon,Samuel Eto'o,10,10,Normal
2010,2010-06-19,Group stage,Cameroon,Denmark,Denmark,Nicklas Bendtner,33,33,Normal
2010,2010-06-19,Group stage,Cameroon,Denmark,Denmark,Dennis Rommedahl,61,61,Normal
2010,2010-06-20,Group stage,Slovakia,Paraguay,Paraguay,Enrique Vera,27,27,Normal
2010,2010-06-20,Group stage,Slovakia,Paraguay,Paraguay,Cristian Riveros,86,86,Normal
2010,2010-06-20,Group stage,Italy,New Zealand,New Zealand,Shane Smeltz,7,7,Normal
2010,2010-06-20,Group stage,Italy,New Zealand,Italy,Vincenzo Iaquinta,29,29,Penalty
2010,2010-06-20,Group stage,Brazil,Ivory Coast,Brazil,Luís Fabiano,25,25,Normal
2010,2010-06-20,Group stage,Brazil,Ivory Coast,Brazil,Luís Fabiano,50,50,Normal
2010,2010-06-20,Group stage,Brazil,Ivory Coast,Brazil,not applicable Elano,62,62,Normal
2010,2010-06-20,Group stage,Brazil,Ivory Coast,Ivory Coast,Didier Drogba,79,79,Normal
2010,2010-06-21,Group stage,Portugal,North Korea,Portugal,Raul Meireles,29,29,Normal
2010,2010-06-21,Group stage,Portugal,North Korea,Portugal,not applicable Simão,53,53,Normal
2010,2010-06-21,Group stage,Portugal,North Korea,Portugal,Hugo Almeida,56,56,Normal
2010,2010-06-21,Group stage,Portugal,North Korea,Portugal,not applicable Tiago,60,60,Normal
2010,2010-06-21,Group stage,Portugal,North Korea,Portugal,not applicable Liédson,81,81,Normal
2010,2010-06-21,Group stage,Portugal,North Korea,Portugal,Cristiano Ronaldo,87,87,Normal
2010,2010-06-21,Group stage,Portugal,North Korea,Portugal,not applicable Tiago,89,89,Normal
2010,2010-06-21,Group stage,Chile,Switzerland,Chile,Mark González,75,75,Normal
2010,2010-06-21,Group stage,Spain,Honduras,Spain,David Villa,17,17,Normal
2010,2010-06-21,Group stage,Spain,Honduras,Spain,David Villa,51,51,Normal
2010,2010-06-22,Group stage,France,South Africa,South Africa,Bongani Khumalo,20,20,Normal
2010,2010-06-22,Group stage,France,South Africa,South Africa,Katlego Mphela,37,37,Normal
2010,2010-06-22,Group stage,France,South Africa,France,Florent Malouda,70,70,Normal
2010,2010-06-22,Group stage,Mexico,Uruguay,Uruguay,Luis Suárez,43,43,Normal
2010,2010-06-22,Group stage,Greece,Argentina,Argentina,Martín Demichelis,77,77,Normal
2010,2010-06-22,Group stage,Greece,Argentina,Argentina,Martín Palermo,89,89,Normal
2010,2010-06-22,Group stage,Nigeria,South Korea,Nigeria,Kalu Uche,12,12,Normal
2010,2010-06-22,Group stage,Nigeria,South Korea,South Korea,Jung-soo Lee,38,38,Normal
2010,2010-06-22,Group stage,Nigeria,South Korea,South Korea,Chu-young Park,49,49,Normal
2010,2010-06-22,Group stage,Nigeria,South Korea,Nigeria,not applicable Yakubu,69,69,Penalty
2010,2010-06-23,Group stage,Slovenia,England,England,Jermain Defoe,23,23,Normal
2010,2010-06-23,Group stage,United States,Algeria,United States,Landon Donovan,90+1,91,Normal
2010,2010-06-23,Group stage,Australia,Serbia,Australia,Tim Cahill,69,69,Normal
2010,2010-06-23,Group stage,Australia,Serbia,Australia,Brett Holman,73,73,Normal
2010,2010-06-23,Group stage,Australia,Serbia,Serbia,Marko Pantelić,84,84,Normal
2010,2010-06-23,Group stage,Ghana,Germany,Germany,Mesut Özil,60,60,Normal
2010,2010-06-24,Group stage,Slovakia,Italy,Slovakia,Róbert Vittek,25,25,Normal
2010,2010-06-24,Group stage,Slovakia,Italy,Slovakia,Róbert Vittek,73,73,Normal
2010,2010-06-24,Group stage,Slovakia,Italy,Italy,Antonio Di Natale,81,81,Normal
2010,2010-06-24,Group stage,Slovakia,Italy,Slovakia,Kamil Kopúnek,89,89,Normal
2010,2010-06-24,Group stage,Slovakia,Italy,Italy,Fabio Quagliarella,90+2,92,Normal
2010,2010-06-24,Group stage,Cameroon,Netherlands,Netherlands,Robin van Persie,36,36,Normal
2010,2010-06-24,Group stage,Cameroon,Netherlands,Cameroon,Samuel Eto'o,65,65,Penalty
2010,2010-06-24,Group stage,Cameroon,Netherlands,Netherlands,Klaas-Jan Huntelaar,83,83,Normal
2010,2010-06-24,Group stage,Denmark,Japan,Japan,Keisuke Honda,17,17,Normal
2010,2010-06-24,Group stage,Denmark,Japan,Japan,Yasuhito Endō,30,30,Normal
2010,2010-06-24,Group stage,Denmark,Japan,Denmark,Jon Dahl Tomasson,81,81,Normal
2010,2010-06-24,Group stage,Denmark,Japan,Japan,Shinji Okazaki,87,87,Normal
2010,2010-06-25,Group stage,North Korea,Ivory Coast,Ivory Coast,Yaya Touré,14,14,Normal
2010,2010-06-25,Group stage,North Korea,Ivory Coast,Ivory Coast,not applicable Romaric,20,20,Normal
2010,2010-06-25,Group stage,North Korea,Ivory Coast,Ivory Coast,Salomon Kalou,82,82,Normal
2010,2010-06-25,Group stage,Chile,Spain,Spain,David Villa,24,24,Normal
2010,2010-06-25,Group stage,Chile,Spain,Spain,Andrés Iniesta,37,37,Normal
2010,2010-06-25,Group stage,Chile,Spain,Chile,Rodrigo Millar,47,47,Normal
2010,2010-06-26,Round of 16,Uruguay,South Korea,Uruguay,Luis Suárez,8,8,Normal
2010,2010-06-26,Round of 16,Uruguay,South Korea,South Korea,Chung-yong Lee,68,68,Normal
2010,2010-06-26,Round of 16,Uruguay,South Korea,Uruguay,Luis Suárez,80,80,Normal
2010,2010-06-26,Round of 16,United States,Ghana,Ghana,Kevin-Prince Boateng,5,5,Normal
2010,2010-06-26,Round of 16,United States,Ghana,United States,Landon Donovan,62,62,Penalty
2010,2010-06-26,Round of 16,United States,Ghana,Ghana,Asamoah Gyan,93,93,Normal
2010,2010-06-27,Round of 16,Germany,England,Germany,Miroslav Klose,20,20,Normal
2010,2010-06-27,Round of 16,Germany,England,Germany,Lukas Podolski,32,32,Normal
2010,2010-06-27,Round of 16,Germany,England,England,Matthew Upson,37,37,Normal
2010,2010-06-27,Round of 16,Germany,England,Germany,Thomas Müller,67,67,Normal
2010,2010-06-27,Round of 16,Germany,England,Germany,Thomas Müller,70,70,Normal
2010,2010-06-27,Round of 16,Argentina,Mexico,Argentina,Carlos Tevez,26,26,Normal
2010,2010-06-27,Round of 16,Argentina,Mexico,Argentina,Gonzalo Higuaín,33,33,Normal
2010,2010-06-27,Round of 16,Argentina,Mexico,Argentina,Carlos Tevez,52,52,Normal
2010,2010-06-27,Round of 16,Argentina,Mexico,Mexico,Javier Hernández,71,71,Normal
2010,2010-06-28,Round of 16,Netherlands,Slovakia,Netherlands,Arjen Robben,18,18,Normal
2010,2010-06-28,Round of 16,Netherlands,Slovakia,Netherlands,Wesley Sneijder,84,84,Normal
2010,2010-06-28,Round of 16,Netherlands,Slovakia,Slovakia,Róbert Vittek,90+4,94,Penalty
2010,2010-06-28,Round of 16,Brazil,Chile,Brazil,not applicable Juan,35,35,Normal
2010,2010-06-28,Round of 16,Brazil,Chile,Brazil,Luís Fabiano,38,38,Normal
2010,2010-06-28,Round of 16,Brazil,Chile,Brazil,not applicable Robinho,59,59,Normal
2010,2010-06-29,Round of 16,Spain,Portugal,Spain,David Villa,63,63,Normal
2010,2010-07-02,Quarter-finals,Netherlands,Brazil,Brazil,not applicable Robinho,10,10,Normal
2010,2010-07-02,Quarter-finals,Netherlands,Brazil,Netherlands,Wesley Sneijder,53,53,Normal
2010,2010-07-02,Quarter-finals,Netherlands,Brazil,Netherlands,Wesley Sneijder,68,68,Normal
2010,2010-07-02,Quarter-finals,Uruguay,Ghana,Ghana,Sulley Muntari,45+2,47,Normal
2010,2010-07-02,Quarter-finals,Uruguay,Ghana,Uruguay,Diego Forlán,55,55,Normal
2010,2010-07-03,Quarter-finals,Argentina,Germany,Germany,Thomas Müller,3,3,Normal
2010,2010-07-03,Quarter-finals,Argentina,Germany,Germany,Miroslav Klose,68,68,Normal
2010,2010-07-03,Quarter-finals,Argentina,Germany,Germany,Arne Friedrich,74,74,Normal
2010,2010-07-03,Quarter-finals,Argentina,Germany,Germany,Miroslav Klose,89,89,Normal
2010,2010-07-03,Quarter-finals,Paraguay,Spain,Spain,David Villa,83,83,Normal
2010,2010-07-06,Semi-finals,Uruguay,Netherlands,Netherlands,Giovanni van Bronckhorst,18,18,Normal
2010,2010-07-06,Semi-finals,Uruguay,Netherlands,Uruguay,Diego Forlán,41,41,Normal
2010,2010-07-06,Semi-finals,Uruguay,Netherlands,Netherlands,Wesley Sneijder,70,70,Normal
2010,2010-07-06,Semi-finals,Uruguay,Netherlands,Netherlands,Arjen Robben,73,73,Normal
2010,2010-07-06,Semi-finals,Uruguay,Netherlands,Uruguay,Maxi Pereira,90+2,92,Normal
2010,2010-07-07,Semi-finals,Germany,Spain,Spain,Carles Puyol,73,73,Normal
2010,2010-07-10,Third-place match,Uruguay,Germany,Germany,Thomas Müller,19,19,Normal
2010,2010-07-10,Third-place match,Uruguay,Germany,Uruguay,Edinson Cavani,28,28,Normal
2010,2010-07-10,Third-place match,Uruguay,Germany,Uruguay,Diego Forlán,51,51,Normal
2010,2010-07-10,Third-place match,Uruguay,Germany,Germany,Marcell Jansen,56,56,Normal
2010,2010-07-10,Third-place match,Uruguay,Germany,Germany,Sami Khedira,82,82,Normal
2010,2010-07-11,Final,Netherlands,Spain,Spain,Andrés Iniesta,116,116,Normal
2006,2006-06-09,Group stage,Germany,Costa Rica,Germany,Philipp Lahm,6,6,Normal
2006,2006-06-09,Group stage,Germany,Costa Rica,Costa Rica,Paulo Wanchope,12,12,Normal
2006,2006-06-09,Group stage,Germany,Costa Rica,Germany,Miroslav Klose,17,17,Normal
2006,2006-06-09,Group stage,Germany,Costa Rica,Germany,Miroslav Klose,61,61,Normal
2006,2006-06-09,Group stage,Germany,Costa Rica,Costa Rica,Paulo Wanchope,73,73,Normal
2006,2006-06-09,Group stage,Germany,Costa Rica,Germany,Torsten Frings,87,87,Normal
2006,2006-06-09,Group stage,Poland,Ecuador,Ecuador,Carlos Tenorio,24,24,Normal
2006,2006-06-09,Group stage,Poland,Ecuador,Ecuador,Agustín Delgado,80,80,Normal
2006,2006-06-10,Group stage,England,Paraguay,England,Carlos Gamarra,3,3,Own Goal
2006,2006-06-10,Group stage,Argentina,Ivory Coast,Argentina,Hernán Crespo,24,24,Normal
2006,2006-06-10,Group stage,Argentina,Ivory Coast,Argentina,Javier Saviola,38,38,Normal
2006,2006-06-10,Group stage,Argentina,Ivory Coast,Ivory Coast,Didier Drogba,82,82,Normal
2006,2006-06-11,Group stage,Serbia and Montenegro,Netherlands,Netherlands,Arjen Robben,18,18,Normal
2006,2006-06-11,Group stage,Mexico,Iran,Mexico,Omar Bravo,28,28,Normal
2006,2006-06-11,Group stage,Mexico,Iran,Iran,Yahya Golmohammadi,36,36,Normal
2006,2006-06-11,Group stage,Mexico,Iran,Mexico,Omar Bravo,76,76,Normal
2006,2006-06-11,Group stage,Mexico,Iran,Mexico,not applicable Sinha,79,79,Normal
2006,2006-06-11,Group stage,Angola,Portugal,Portugal,not applicable Pauleta,4,4,Normal
2006,2006-06-12,Group stage,Australia,Japan,Japan,Shunsuke Nakamura,26,26,Normal
2006,2006-06-12,Group stage,Australia,Japan,Australia,Tim Cahill,84,84,Normal
2006,2006-06-12,Group stage,Australia,Japan,Australia,Tim Cahill,89,89,Normal
2006,2006-06-12,Group stage,Australia,Japan,Australia,John Aloisi,90+2,92,Normal
2006,2006-06-12,Group stage,United States,Czech Republic,Czech Republic,Jan Koller,5,5,Normal
2006,2006-06-12,Group stage,United States,Czech Republic,Czech Republic,Tomáš Rosický,36,36,Normal
2006,2006-06-12,Group stage,United States,Czech Republic,Czech Republic,Tomáš Rosický,76,76,Normal
2006,2006-06-12,Group stage,Italy,Ghana,Italy,Andrea Pirlo,40,40,Normal
2006,2006-06-12,Group stage,Italy,Ghana,Italy,Vincenzo Iaquinta,83,83,Normal
2006,2006-06-13,Group stage,South Korea,Togo,Togo,Mohamed Kader,31,31,Normal
2006,2006-06-13,Group stage,South Korea,Togo,South Korea,Chun-soo Lee,54,54,Normal
2006,2006-06-13,Group stage,South Korea,Togo,South Korea,Jung-hwan Ahn,72,72,Normal
2006,2006-06-13,Group stage,Brazil,Croatia,Brazil,not applicable Kaká,44,44,Normal
2006,2006-06-14,Group stage,Spain,Ukraine,Spain,Xabi Alonso,13,13,Normal
2006,2006-06-14,Group stage,Spain,Ukraine,Spain,David Villa,17,17,Normal
2006,2006-06-14,Group stage,Spain,Ukraine,Spain,David Villa,48,48,Penalty
2006,2006-06-14,Group stage,Spain,Ukraine,Spain,Fernando Torres,81,81,Normal
2006,2006-06-14,Group stage,Tunisia,Saudi Arabia,Tunisia,Ziad Jaziri,23,23,Normal
2006,2006-06-14,Group stage,Tunisia,Saudi Arabia,Saudi Arabia,Yasser Al-Qahtani,57,57,Normal
2006,2006-06-14,Group stage,Tunisia,Saudi Arabia,Saudi Arabia,Sami Al-Jaber,84,84,Normal
2006,2006-06-14,Group stage,Tunisia,Saudi Arabia,Tunisia,Radhi Jaïdi,90+2,92,Normal
2006,2006-06-14,Group stage,Germany,Poland,Germany,Oliver Neuville,90+1,91,Normal
2006,2006-06-15,Group stage,Ecuador,Costa Rica,Ecuador,Carlos Tenorio,8,8,Normal
2006,2006-06-15,Group stage,Ecuador,Costa Rica,Ecuador,Agustín Delgado,54,54,Normal
2006,2006-06-15,Group stage,Ecuador,Costa Rica,Ecuador,Iván Kaviedes,90+2,92,Normal
2006,2006-06-15,Group stage,England,Trinidad and Tobago,England,Peter Crouch,83,83,Normal
2006,2006-06-15,Group stage,England,Trinidad and Tobago,England,Steven Gerrard,90+1,91,Normal
2006,2006-06-15,Group stage,Sweden,Paraguay,Sweden,Freddie Ljungberg,89,89,Normal
2006,2006-06-16,Group stage,Argentina,Serbia and Montenegro,Argentina,Maxi Rodríguez,6,6,Normal
2006,2006-06-16,Group stage,Argentina,Serbia and Montenegro,Argentina,Esteban Cambiasso,31,31,Normal
2006,2006-06-16,Group stage,Argentina,Serbia and Montenegro,Argentina,Maxi Rodríguez,41,41,Normal
2006,2006-06-16,Group stage,Argentina,Serbia and Montenegro,Argentina,Hernán Crespo,78,78,Normal
2006,2006-06-16,Group stage,Argentina,Serbia and Montenegro,Argentina,Carlos Tevez,84,84,Normal
2006,2006-06-16,Group stage,Argentina,Serbia and Montenegro,Argentina,Lionel Messi,88,88,Normal
2006,2006-06-16,Group stage,Netherlands,Ivory Coast,Netherlands,Robin van Persie,23,23,Normal
2006,2006-06-16,Group stage,Netherlands,Ivory Coast,Netherlands,Ruud van Nistelrooy,27,27,Normal
2006,2006-06-16,Group stage,Netherlands,Ivory Coast,Ivory Coast,Bakari Koné,38,38,Normal
2006,2006-06-17,Group stage,Portugal,Iran,Portugal,not applicable Deco,63,63,Normal
2006,2006-06-17,Group stage,Portugal,Iran,Portugal,Cristiano Ronaldo,80,80,Penalty
2006,2006-06-17,Group stage,Czech Republic,Ghana,Ghana,Asamoah Gyan,2,2,Normal
2006,2006-06-17,Group stage,Czech Republic,Ghana,Ghana,Sulley Muntari,82,82,Normal
2006,2006-06-17,Group stage,Italy,United States,Italy,Alberto Gilardino,22,22,Normal
2006,2006-06-17,Group stage,Italy,United States,United States,Cristian Zaccardo,27,27,Own Goal
2006,2006-06-18,Group stage,Brazil,Australia,Brazil,not applicable Adriano,49,49,Normal
2006,2006-06-18,Group stage,Brazil,Australia,Brazil,not applicable Fred,90,90,Normal
2006,2006-06-18,Group stage,France,South Korea,France,Thierry Henry,9,9,Normal
2006,2006-06-18,Group stage,France,South Korea,South Korea,Ji-sung Park,81,81,Normal
2006,2006-06-19,Group stage,Togo,Switzerland,Switzerland,Alexander Frei,16,16,Normal
2006,2006-06-19,Group stage,Togo,Switzerland,Switzerland,Tranquillo Barnetta,88,88,Normal
2006,2006-06-19,Group stage,Saudi Arabia,Ukraine,Ukraine,Andriy Rusol,4,4,Normal
2006,2006-06-19,Group stage,Saudi Arabia,Ukraine,Ukraine,Serhii Rebrov,36,36,Normal
2006,2006-06-19,Group stage,Saudi Arabia,Ukraine,Ukraine,Andriy Shevchenko,46,46,Normal
2006,2006-06-19,Group stage,Saudi Arabia,Ukraine,Ukraine,Maksym Kalynychenko,84,84,Normal
2006,2006-06-19,Group stage,Spain,Tunisia,Tunisia,Jawhar Mnari,8,8,Normal
2006,2006-06-19,Group stage,Spain,Tunisia,Spain,not applicable Raúl,71,71,Normal
2006,2006-06-19,Group stage,Spain,Tunisia,Spain,Fernando Torres,76,76,Normal
2006,2006-06-19,Group stage,Spain,Tunisia,Spain,Fernando Torres,90+1,91,Penalty
2006,2006-06-20,Group stage,Costa Rica,Poland,Costa Rica,Rónald Gómez,25,25,Normal
2006,2006-06-20,Group stage,Costa Rica,Poland,Poland,Bartosz Bosacki,33,33,Normal
2006,2006-06-20,Group stage,Costa Rica,Poland,Poland,Bartosz Bosacki,65,65,Normal
2006,2006-06-20,Group stage,Ecuador,Germany,Germany,Miroslav Klose,4,4,Normal
2006,2006-06-20,Group stage,Ecuador,Germany,Germany,Miroslav Klose,44,44,Normal
2006,2006-06-20,Group stage,Ecuador,Germany,Germany,Lukas Podolski,57,57,Normal
2006,2006-06-20,Group stage,Paraguay,Trinidad and Tobago,Paraguay,Brent Sancho,25,25,Own Goal
2006,2006-06-20,Group stage,Paraguay,Trinidad and Tobago,Paraguay,Nelson Cuevas,86,86,Normal
2006,2006-06-20,Group stage,Sweden,England,England,Joe Cole,34,34,Normal
2006,2006-06-20,Group stage,Sweden,England,Sweden,Marcus Allbäck,51,51,Normal
2006,2006-06-20,Group stage,Sweden,England,England,Steven Gerrard,85,85,Normal
2006,2006-06-20,Group stage,Sweden,England,Sweden,Henrik Larsson,90,90,Normal
2006,2006-06-21,Group stage,Iran,Angola,Angola,not applicable Flávio,60,60,Normal
2006,2006-06-21,Group stage,Iran,Angola,Iran,Sohrab Bakhtiarizadeh,75,75,Normal
2006,2006-06-21,Group stage,Portugal,Mexico,Portugal,not applicable Maniche,6,6,Normal
2006,2006-06-21,Group stage,Portugal,Mexico,Portugal,not applicable Simão,24,24,Penalty
2006,2006-06-21,Group stage,Portugal,Mexico,Mexico,Francisco Fonseca,29,29,Normal
2006,2006-06-21,Group stage,Ivory Coast,Serbia and Montenegro,Serbia and Montenegro,Nikola Žigić,10,10,Normal
2006,2006-06-21,Group stage,Ivory Coast,Serbia and Montenegro,Serbia and Montenegro,Saša Ilić,20,20,Normal
2006,2006-06-21,Group stage,Ivory Coast,Serbia and Montenegro,Ivory Coast,Aruna Dindane,37,37,Penalty
2006,2006-06-21,Group stage,Ivory Coast,Serbia and Montenegro,Ivory Coast,Aruna Dindane,67,67,Normal
2006,2006-06-21,Group stage,Ivory Coast,Serbia and Montenegro,Ivory Coast,Bonaventure Kalou,86,86,Penalty
2006,2006-06-22,Group stage,Czech Republic,Italy,Italy,Marco Materazzi,26,26,Normal
2006,2006-06-22,Group stage,Czech Republic,Italy,Italy,Filippo Inzaghi,87,87,Normal
2006,2006-06-22,Group stage,Ghana,United States,Ghana,Haminu Draman,22,22,Normal
2006,2006-06-22,Group stage,Ghana,United States,United States,Clint Dempsey,43,43,Normal
2006,2006-06-22,Group stage,Ghana,United States,Ghana,Stephen Appiah,45+2,47,Penalty
2006,2006-06-22,Group stage,Croatia,Australia,Croatia,Darijo Srna,2,2,Normal
2006,2006-06-22,Group stage,Croatia,Australia,Australia,Craig Moore,38,38,Penalty
2006,2006-06-22,Group stage,Croatia,Australia,Croatia,Niko Kovač,56,56,Normal
2006,2006-06-22,Group stage,Croatia,Australia,Australia,Harry Kewell,79,79,Normal
2006,2006-06-22,Group stage,Japan,Brazil,Japan,Keiji Tamada,34,34,Normal
2006,2006-06-22,Group stage,Japan,Brazil,Brazil,not applicable Ronaldo,45+1,46,Normal
2006,2006-06-22,Group stage,Japan,Brazil,Brazil,Juninho Pernambucano,53,53,Normal
2006,2006-06-22,Group stage,Japan,Brazil,Brazil,not applicable Gilberto,59,59,Normal
2006,2006-06-22,Group stage,Japan,Brazil,Brazil,not applicable Ronaldo,81,81,Normal
2006,2006-06-23,Group stage,Saudi Arabia,Spain,Spain,not applicable Juanito,36,36,Normal
2006,2006-06-23,Group stage,Ukraine,Tunisia,Ukraine,Andriy Shevchenko,70,70,Penalty
2006,2006-06-23,Group stage,Switzerland,South Korea,Switzerland,Philippe Senderos,23,23,Normal
2006,2006-06-23,Group stage,Switzerland,South Korea,Switzerland,Alexander Frei,77,77,Normal
2006,2006-06-23,Group stage,Togo,France,France,Patrick Vieira,55,55,Normal
2006,2006-06-23,Group stage,Togo,France,France,Thierry Henry,61,61,Normal
2006,2006-06-24,Round of 16,Germany,Sweden,Germany,Lukas Podolski,4,4,Normal
2006,2006-06-24,Round of 16,Germany,Sweden,Germany,Lukas Podolski,12,12,Normal
2006,2006-06-24,Round of 16,Argentina,Mexico,Mexico,Rafael Márquez,6,6,Normal
2006,2006-06-24,Round of 16,Argentina,Mexico,Argentina,Hernán Crespo,10,10,Normal
2006,2006-06-24,Round of 16,Argentina,Mexico,Argentina,Maxi Rodríguez,98,98,Normal
2006,2006-06-25,Round of 16,England,Ecuador,England,David Beckham,60,60,Normal
2006,2006-06-25,Round of 16,Portugal,Netherlands,Portugal,not applicable Maniche,23,23,Normal
2006,2006-06-26,Round of 16,Italy,Australia,Italy,Francesco Totti,90+5,95,Penalty
2006,2006-06-27,Round of 16,Brazil,Ghana,Brazil,not applicable Ronaldo,5,5,Normal
2006,2006-06-27,Round of 16,Brazil,Ghana,Brazil,not applicable Adriano,45+1,46,Normal
2006,2006-06-27,Round of 16,Brazil,Ghana,Brazil,not applicable Zé Roberto,84,84,Normal
2006,2006-06-27,Round of 16,Spain,France,Spain,David Villa,28,28,Penalty
2006,2006-06-27,Round of 16,Spain,France,France,Franck Ribéry,41,41,Normal
2006,2006-06-27,Round of 16,Spain,France,France,Patrick Vieira,83,83,Normal
2006,2006-06-27,Round of 16,Spain,France,France,Zinedine Zidane,90+2,92,Normal
2006,2006-06-30,Quarter-finals,Germany,Argentina,Argentina,Roberto Ayala,49,49,Normal
2006,2006-06-30,Quarter-finals,Germany,Argentina,Germany,Miroslav Klose,80,80,Normal
2006,2006-06-30,Quarter-finals,Italy,Ukraine,Italy,Gianluca Zambrotta,6,6,Normal
2006,2006-06-30,Quarter-finals,Italy,Ukraine,Italy,Luca Toni,59,59,Normal
2006,2006-06-30,Quarter-finals,Italy,Ukraine,Italy,Luca Toni,69,69,Normal
2006,2006-07-01,Quarter-finals,Brazil,France,France,Thierry Henry,57,57,Normal
2006,2006-07-04,Semi-finals,Germany,Italy,Italy,Fabio Grosso,119,119,Normal
2006,2006-07-04,Semi-finals,Germany,Italy,Italy,Alessandro Del Piero,120+1,121,Normal
2006,2006-07-05,Semi-finals,Portugal,France,France,Zinedine Zidane,33,33,Penalty
2006,2006-07-08,Third-place match,Germany,Portugal,Germany,Bastian Schweinsteiger,56,56,Normal
2006,2006-07-08,Third-place match,Germany,Portugal,Germany,not applicable Petit,60,60,Own Goal
2006,2006-07-08,Third-place match,Germany,Portugal,Germany,Bastian Schweinsteiger,78,78,Normal
2006,2006-07-08,Third-place match,Germany,Portugal,Portugal,Nuno Gomes,88,88,Normal
2006,2006-07-09,Final,Italy,France,France,Zinedine Zidane,7,7,Penalty
2006,2006-07-09,Final,Italy,France,Italy,Marco Materazzi,19,19,Normal
2002,2002-05-31,Group stage,France,Senegal,Senegal,Papa Bouba Diop,30,30,Normal
2002,2002-06-01,Group stage,Republic of Ireland,Cameroon,Cameroon,Patrick M'Boma,39,39,Normal
2002,2002-06-01,Group stage,Republic of Ireland,Cameroon,Republic of Ireland,Matt Holland,52,52,Normal
2002,2002-06-01,Group stage,Uruguay,Denmark,Denmark,Jon Dahl Tomasson,45,45,Normal
2002,2002-06-01,Group stage,Uruguay,Denmark,Uruguay,Darío Rodríguez,47,47,Normal
2002,2002-06-01,Group stage,Uruguay,Denmark,Denmark,Jon Dahl Tomasson,83,83,Normal
2002,2002-06-01,Group stage,Germany,Saudi Arabia,Germany,Miroslav Klose,20,20,Normal
2002,2002-06-01,Group stage,Germany,Saudi Arabia,Germany,Miroslav Klose,25,25,Normal
2002,2002-06-01,Group stage,Germany,Saudi Arabia,Germany,Michael Ballack,40,40,Normal
2002,2002-06-01,Group stage,Germany,Saudi Arabia,Germany,Carsten Jancker,45+1,46,Normal
2002,2002-06-01,Group stage,Germany,Saudi Arabia,Germany,Miroslav Klose,70,70,Normal
2002,2002-06-01,Group stage,Germany,Saudi Arabia,Germany,Thomas Linke,73,73,Normal
2002,2002-06-01,Group stage,Germany,Saudi Arabia,Germany,Oliver Bierhoff,84,84,Normal
2002,2002-06-01,Group stage,Germany,Saudi Arabia,Germany,Bernd Schneider,90+1,91,Normal
2002,2002-06-02,Group stage,Argentina,Nigeria,Argentina,Gabriel Batistuta,63,63,Normal
2002,2002-06-02,Group stage,Paraguay,South Africa,Paraguay,Roque Santa Cruz,39,39,Normal
2002,2002-06-02,Group stage,Paraguay,South Africa,Paraguay,Francisco Arce,55,55,Normal
2002,2002-06-02,Group stage,Paraguay,South Africa,South Africa,Teboho Mokoena,63,63,Normal
2002,2002-06-02,Group stage,Paraguay,South Africa,South Africa,Quinton Fortune,90+1,91,Penalty
2002,2002-06-02,Group stage,England,Sweden,England,Sol Campbell,24,24,Normal
2002,2002-06-02,Group stage,England,Sweden,Sweden,Niclas Alexandersson,59,59,Normal
2002,2002-06-02,Group stage,Spain,Slovenia,Spain,not applicable Raúl,44,44,Normal
2002,2002-06-02,Group stage,Spain,Slovenia,Spain,Juan Carlos Valerón,74,74,Normal
2002,2002-06-02,Group stage,Spain,Slovenia,Slovenia,Sebastjan Cimirotič,82,82,Normal
2002,2002-06-02,Group stage,Spain,Slovenia,Spain,Fernando Hierro,87,87,Penalty
2002,2002-06-03,Group stage,Croatia,Mexico,Mexico,Cuauhtémoc Blanco,60,60,Penalty
2002,2002-06-03,Group stage,Brazil,Turkey,Turkey,Hasan Şaş,45+2,47,Normal
2002,2002-06-03,Group stage,Brazil,Turkey,Brazil,not applicable Ronaldo,50,50,Normal
2002,2002-06-03,Group stage,Brazil,Turkey,Brazil,not applicable Rivaldo,87,87,Penalty
2002,2002-06-03,Group stage,Italy,Ecuador,Italy,Christian Vieri,7,7,Normal
2002,2002-06-03,Group stage,Italy,Ecuador,Italy,Christian Vieri,27,27,Normal
2002,2002-06-04,Group stage,China,Costa Rica,Costa Rica,Rónald Gómez,61,61,Normal
2002,2002-06-04,Group stage,China,Costa Rica,Costa Rica,Mauricio Wright,65,65,Normal
2002,2002-06-04,Group stage,Japan,Belgium,Belgium,Marc Wilmots,57,57,Normal
2002,2002-06-04,Group stage,Japan,Belgium,Japan,Takayuki Suzuki,59,59,Normal
2002,2002-06-04,Group stage,Japan,Belgium,Japan,Junichi Inamoto,67,67,Normal
2002,2002-06-04,Group stage,Japan,Belgium,Belgium,Peter Van der Heyden,75,75,Normal
2002,2002-06-04,Group stage,South Korea,Poland,South Korea,Sun-hong Hwang,26,26,Normal
2002,2002-06-04,Group stage,South Korea,Poland,South Korea,Sang-chul Yoo,53,53,Normal
2002,2002-06-05,Group stage,Russia,Tunisia,Russia,Yegor Titov,59,59,Normal
2002,2002-06-05,Group stage,Russia,Tunisia,Russia,Valeri Karpin,64,64,Penalty
2002,2002-06-05,Group stage,United States,Portugal,United States,John O'Brien,4,4,Normal
2002,2002-06-05,Group stage,United States,Portugal,United States,Jorge Costa,29,29,Own Goal
2002,2002-06-05,Group stage,United States,Portugal,United States,Brian McBride,36,36,Normal
2002,2002-06-05,Group stage,United States,Portugal,Portugal,not applicable Beto,39,39,Normal
2002,2002-06-05,Group stage,United States,Portugal,Portugal,Jeff Agoos,71,71,Own Goal
2002,2002-06-05,Group stage,Germany,Republic of Ireland,Germany,Miroslav Klose,19,19,Normal
2002,2002-06-05,Group stage,Germany,Republic of Ireland,Republic of Ireland,Robbie Keane,90+2,92,Normal
2002,2002-06-06,Group stage,Denmark,Senegal,Denmark,Jon Dahl Tomasson,16,16,Penalty
2002,2002-06-06,Group stage,Denmark,Senegal,Senegal,Salif Diao,52,52,Normal
2002,2002-06-06,Group stage,Cameroon,Saudi Arabia,Cameroon,Samuel Eto'o,66,66,Normal
2002,2002-06-07,Group stage,Sweden,Nigeria,Nigeria,Julius Aghahowa,27,27,Normal
2002,2002-06-07,Group stage,Sweden,Nigeria,Sweden,Henrik Larsson,35,35,Normal
2002,2002-06-07,Group stage,Sweden,Nigeria,Sweden,Henrik Larsson,63,63,Penalty
2002,2002-06-07,Group stage,Spain,Paraguay,Paraguay,Carles Puyol,10,10,Own Goal
2002,2002-06-07,Group stage,Spain,Paraguay,Spain,Fernando Morientes,53,53,Normal
2002,2002-06-07,Group stage,Spain,Paraguay,Spain,Fernando Morientes,69,69,Normal
2002,2002-06-07,Group stage,Spain,Paraguay,Spain,Fernando Hierro,83,83,Penalty
2002,2002-06-07,Group stage,Argentina,England,England,David Beckham,44,44,Penalty
2002,2002-06-08,Group stage,South Africa,Slovenia,South Africa,Siyabonga Nomvethe,4,4,Normal
2002,2002-06-08,Group stage,Italy,Croatia,Italy,Christian Vieri,55,55,Normal
2002,2002-06-08,Group stage,Italy,Croatia,Croatia,Ivica Olić,73,73,Normal
2002,2002-06-08,Group stage,Italy,Croatia,Croatia,Milan Rapaić,76,76,Normal
2002,2002-06-08,Group stage,Brazil,China,Brazil,Roberto Carlos,15,15,Normal
2002,2002-06-08,Group stage,Brazil,China,Brazil,not applicable Rivaldo,32,32,Normal
2002,2002-06-08,Group stage,Brazil,China,Brazil,not applicable Ronaldinho,45,45,Penalty
2002,2002-06-08,Group stage,Brazil,China,Brazil,not applicable Ronaldo,55,55,Normal
2002,2002-06-09,Group stage,Mexico,Ecuador,Ecuador,Agustín Delgado,5,5,Normal
2002,2002-06-09,Group stage,Mexico,Ecuador,Mexico,Jared Borgetti,28,28,Normal
2002,2002-06-09,Group stage,Mexico,Ecuador,Mexico,Gerardo Torrado,57,57,Normal
2002,2002-06-09,Group stage,Costa Rica,Turkey,Turkey,Emre Belözoğlu,56,56,Normal
2002,2002-06-09,Group stage,Costa Rica,Turkey,Costa Rica,Winston Parks,86,86,Normal
2002,2002-06-09,Group stage,Japan,Russia,Japan,Junichi Inamoto,51,51,Normal
2002,2002-06-10,Group stage,South Korea,United States,United States,Clint Mathis,24,24,Normal
2002,2002-06-10,Group stage,South Korea,United States,South Korea,Jung-hwan Ahn,78,78,Normal
2002,2002-06-10,Group stage,Tunisia,Belgium,Belgium,Marc Wilmots,13,13,Normal
2002,2002-06-10,Group stage,Tunisia,Belgium,Tunisia,Raouf Bouzaiene,17,17,Normal
2002,2002-06-10,Group stage,Portugal,Poland,Portugal,not applicable Pauleta,14,14,Normal
2002,2002-06-10,Group stage,Portugal,Poland,Portugal,not applicable Pauleta,65,65,Normal
2002,2002-06-10,Group stage,Portugal,Poland,Portugal,not applicable Pauleta,77,77,Normal
2002,2002-06-10,Group stage,Portugal,Poland,Portugal,Rui Costa,88,88,Normal
2002,2002-06-11,Group stage,Denmark,France,Denmark,Dennis Rommedahl,22,22,Normal
2002,2002-06-11,Group stage,Denmark,France,Denmark,Jon Dahl Tomasson,67,67,Normal
2002,2002-06-11,Group stage,Senegal,Uruguay,Senegal,Khalilou Fadiga,20,20,Penalty
2002,2002-06-11,Group stage,Senegal,Uruguay,Senegal,Papa Bouba Diop,26,26,Normal
2002,2002-06-11,Group stage,Senegal,Uruguay,Senegal,Papa Bouba Diop,38,38,Normal
2002,2002-06-11,Group stage,Senegal,Uruguay,Uruguay,Richard Morales,46,46,Normal
2002,2002-06-11,Group stage,Senegal,Uruguay,Uruguay,Diego Forlán,69,69,Normal
2002,2002-06-11,Group stage,Senegal,Uruguay,Uruguay,Álvaro Recoba,88,88,Penalty
2002,2002-06-11,Group stage,Cameroon,Germany,Germany,Marco Bode,50,50,Normal
2002,2002-06-11,Group stage,Cameroon,Germany,Germany,Miroslav Klose,79,79,Normal
2002,2002-06-11,Group stage,Saudi Arabia,Republic of Ireland,Republic of Ireland,Robbie Keane,7,7,Normal
2002,2002-06-11,Group stage,Saudi Arabia,Republic of Ireland,Republic of Ireland,Gary Breen,61,61,Normal
2002,2002-06-11,Group stage,Saudi Arabia,Republic of Ireland,Republic of Ireland,Damien Duff,87,87,Normal
2002,2002-06-12,Group stage,Sweden,Argentina,Sweden,Anders Svensson,59,59,Normal
2002,2002-06-12,Group stage,Sweden,Argentina,Argentina,Hernán Crespo,88,88,Normal
2002,2002-06-12,Group stage,Slovenia,Paraguay,Slovenia,Milenko Ačimovič,45+1,46,Normal
2002,2002-06-12,Group stage,Slovenia,Paraguay,Paraguay,Nelson Cuevas,65,65,Normal
2002,2002-06-12,Group stage,Slovenia,Paraguay,Paraguay,Jorge Luis Campos,73,73,Normal
2002,2002-06-12,Group stage,Slovenia,Paraguay,Paraguay,Nelson Cuevas,84,84,Normal
2002,2002-06-12,Group stage,South Africa,Spain,Spain,not applicable Raúl,4,4,Normal
2002,2002-06-12,Group stage,South Africa,Spain,South Africa,Benni McCarthy,31,31,Normal
2002,2002-06-12,Group stage,South Africa,Spain,Spain,Gaizka Mendieta,45+1,46,Normal
2002,2002-06-12,Group stage,South Africa,Spain,South Africa,Lucas Radebe,53,53,Normal
2002,2002-06-12,Group stage,South Africa,Spain,Spain,not applicable Raúl,56,56,Normal
2002,2002-06-13,Group stage,Costa Rica,Brazil,Brazil,not applicable Ronaldo,10,10,Normal
2002,2002-06-13,Group stage,Costa Rica,Brazil,Brazil,not applicable Ronaldo,13,13,Normal
2002,2002-06-13,Group stage,Costa Rica,Brazil,Brazil,not applicable Edmílson,38,38,Normal
2002,2002-06-13,Group stage,Costa Rica,Brazil,Costa Rica,Paulo Wanchope,39,39,Normal
2002,2002-06-13,Group stage,Costa Rica,Brazil,Costa Rica,Rónald Gómez,56,56,Normal
2002,2002-06-13,Group stage,Costa Rica,Brazil,Brazil,not applicable Rivaldo,62,62,Normal
2002,2002-06-13,Group stage,Costa Rica,Brazil,Brazil,not applicable Júnior,64,64,Normal
2002,2002-06-13,Group stage,Turkey,China,Turkey,Hasan Şaş,6,6,Normal
2002,2002-06-13,Group stage,Turkey,China,Turkey,Bülent Korkmaz,9,9,Normal
2002,2002-06-13,Group stage,Turkey,China,Turkey,Ümit Davala,85,85,Normal
2002,2002-06-13,Group stage,Ecuador,Croatia,Ecuador,Édison Méndez,48,48,Normal
2002,2002-06-13,Group stage,Mexico,Italy,Mexico,Jared Borgetti,34,34,Normal
2002,2002-06-13,Group stage,Mexico,Italy,Italy,Alessandro Del Piero,85,85,Normal
2002,2002-06-14,Group stage,Belgium,Russia,Belgium,Johan Walem,7,7,Normal
2002,2002-06-14,Group stage,Belgium,Russia,Russia,Vladimir Beschastnykh,52,52,Normal
2002,2002-06-14,Group stage,Belgium,Russia,Belgium,Wesley Sonck,78,78,Normal
2002,2002-06-14,Group stage,Belgium,Russia,Belgium,Marc Wilmots,82,82,Normal
2002,2002-06-14,Group stage,Belgium,Russia,Russia,Dmitri Sychev,88,88,Normal
2002,2002-06-14,Group stage,Tunisia,Japan,Japan,Hiroaki Morishima,48,48,Normal
2002,2002-06-14,Group stage,Tunisia,Japan,Japan,Hidetoshi Nakata,75,75,Normal
2002,2002-06-14,Group stage,Poland,United States,Poland,Emmanuel Olisadebe,3,3,Normal
2002,2002-06-14,Group stage,Poland,United States,Poland,Paweł Kryszałowicz,5,5,Normal
2002,2002-06-14,Group stage,Poland,United States,Poland,Marcin Żewłakow,66,66,Normal
2002,2002-06-14,Group stage,Poland,United States,United States,Landon Donovan,83,83,Normal
2002,2002-06-14,Group stage,Portugal,South Korea,South Korea,Ji-sung Park,70,70,Normal
2002,2002-06-15,Round of 16,Germany,Paraguay,Germany,Oliver Neuville,88,88,Normal
2002,2002-06-15,Round of 16,Denmark,England,England,Rio Ferdinand,5,5,Normal
2002,2002-06-15,Round of 16,Denmark,England,England,Michael Owen,22,22,Normal
2002,2002-06-15,Round of 16,Denmark,England,England,Emile Heskey,44,44,Normal
2002,2002-06-16,Round of 16,Sweden,Senegal,Sweden,Henrik Larsson,11,11,Normal
2002,2002-06-16,Round of 16,Sweden,Senegal,Senegal,Henri Camara,37,37,Normal
2002,2002-06-16,Round of 16,Sweden,Senegal,Senegal,Henri Camara,104,104,Normal
2002,2002-06-16,Round of 16,Spain,Republic of Ireland,Spain,Fernando Morientes,8,8,Normal
2002,2002-06-16,Round of 16,Spain,Republic of Ireland,Republic of Ireland,Robbie Keane,90,90,Penalty
2002,2002-06-17,Round of 16,Mexico,United States,United States,Brian McBride,8,8,Normal
2002,2002-06-17,Round of 16,Mexico,United States,United States,Landon Donovan,65,65,Normal
2002,2002-06-17,Round of 16,Brazil,Belgium,Brazil,not applicable Rivaldo,67,67,Normal
2002,2002-06-17,Round of 16,Brazil,Belgium,Brazil,not applicable Ronaldo,87,87,Normal
2002,2002-06-18,Round of 16,Japan,Turkey,Turkey,Ümit Davala,12,12,Normal
2002,2002-06-18,Round of 16,South Korea,Italy,Italy,Christian Vieri,18,18,Normal
2002,2002-06-18,Round of 16,South Korea,Italy,South Korea,Ki-hyeon Seol,88,88,Normal
2002,2002-06-18,Round of 16,South Korea,Italy,South Korea,Jung-hwan Ahn,117,117,Normal
2002,2002-06-21,Quarter-finals,England,Brazil,England,Michael Owen,23,23,Normal
2002,2002-06-21,Quarter-finals,England,Brazil,Brazil,not applicable Rivaldo,45+2,47,Normal
2002,2002-06-21,Quarter-finals,England,Brazil,Brazil,not applicable Ronaldinho,50,50,Normal
2002,2002-06-21,Quarter-finals,Germany,United States,Germany,Michael Ballack,39,39,Normal
2002,2002-06-22,Quarter-finals,Senegal,Turkey,Turkey,İlhan Mansız,94,94,Normal
2002,2002-06-25,Semi-finals,Germany,South Korea,Germany,Michael Ballack,75,75,Normal
2002,2002-06-26,Semi-finals,Brazil,Turkey,Brazil,not applicable Ronaldo,49,49,Normal
2002,2002-06-29,Third-place match,South Korea,Turkey,Turkey,Hakan Şükür,1,1,Normal
2002,2002-06-29,Third-place match,South Korea,Turkey,South Korea,Eul-yong Lee,9,9,Normal
2002,2002-06-29,Third-place match,South Korea,Turkey,Turkey,İlhan Mansız,13,13,Normal
2002,2002-06-29,Third-place match,South Korea,Turkey,Turkey,İlhan Mansız,32,32,Normal
2002,2002-06-29,Third-place match,South Korea,Turkey,South Korea,Chong-gug Song,90+3,93,Normal
2002,2002-06-30,Final,Germany,Brazil,Brazil,not applicable Ronaldo,67,67,Normal
2002,2002-06-30,Final,Germany,Brazil,Brazil,not applicable Ronaldo,79,79,Normal
1998,1998-06-10,Group stage,Brazil,Scotland,Brazil,César Sampaio,5,5,Normal
1998,1998-06-10,Group stage,Brazil,Scotland,Scotland,John Collins,38,38,Penalty
1998,1998-06-10,Group stage,Brazil,Scotland,Brazil,Tom Boyd,74,74,Own Goal
1998,1998-06-10,Group stage,Morocco,Norway,Morocco,Mustapha Hadji,37,37,Normal
1998,1998-06-10,Group stage,Morocco,Norway,Norway,Youssef Chippo,45+1,46,Own Goal
1998,1998-06-10,Group stage,Morocco,Norway,Morocco,Abdeljalil Hadda,60,60,Normal
1998,1998-06-10,Group stage,Morocco,Norway,Norway,Dan Eggen,61,61,Normal
1998,1998-06-11,Group stage,Italy,Chile,Italy,Christian Vieri,10,10,Normal
1998,1998-06-11,Group stage,Italy,Chile,Chile,Marcelo Salas,45+3,48,Normal
1998,1998-06-11,Group stage,Italy,Chile,Chile,Marcelo Salas,50,50,Normal
1998,1998-06-11,Group stage,Italy,Chile,Italy,Roberto Baggio,84,84,Penalty
1998,1998-06-11,Group stage,Cameroon,Austria,Cameroon,Pierre Njanka,77,77,Normal
1998,1998-06-11,Group stage,Cameroon,Austria,Austria,Toni Polster,90+1,91,Normal
1998,1998-06-12,Group stage,Saudi Arabia,Denmark,Denmark,Marc Rieper,69,69,Normal
1998,1998-06-12,Group stage,France,South Africa,France,Christophe Dugarry,35,35,Normal
1998,1998-06-12,Group stage,France,South Africa,France,Pierre Issa,77,77,Own Goal
1998,1998-06-12,Group stage,France,South Africa,France,Thierry Henry,90+2,92,Normal
1998,1998-06-13,Group stage,Spain,Nigeria,Spain,Fernando Hierro,21,21,Normal
1998,1998-06-13,Group stage,Spain,Nigeria,Nigeria,Mutiu Adepoju,24,24,Normal
1998,1998-06-13,Group stage,Spain,Nigeria,Spain,not applicable Raúl,47,47,Normal
1998,1998-06-13,Group stage,Spain,Nigeria,Nigeria,Andoni Zubizarreta,73,73,Own Goal
1998,1998-06-13,Group stage,Spain,Nigeria,Nigeria,Sunday Oliseh,78,78,Normal
1998,1998-06-13,Group stage,South Korea,Mexico,South Korea,Seok-ju Ha,27,27,Normal
1998,1998-06-13,Group stage,South Korea,Mexico,Mexico,Ricardo Peláez,50,50,Normal
1998,1998-06-13,Group stage,South Korea,Mexico,Mexico,Luis Hernández,75,75,Normal
1998,1998-06-13,Group stage,South Korea,Mexico,Mexico,Luis Hernández,84,84,Normal
1998,1998-06-14,Group stage,Argentina,Japan,Argentina,Gabriel Batistuta,28,28,Normal
1998,1998-06-14,Group stage,Yugoslavia,Iran,Yugoslavia,Siniša Mihajlović,73,73,Normal
1998,1998-06-14,Group stage,Jamaica,Croatia,Croatia,Mario Stanić,27,27,Normal
1998,1998-06-14,Group stage,Jamaica,Croatia,Jamaica,Robbie Earle,45,45,Normal
1998,1998-06-14,Group stage,Jamaica,Croatia,Croatia,Robert Prosinečki,53,53,Normal
1998,1998-06-14,Group stage,Jamaica,Croatia,Croatia,Davor Šuker,69,69,Normal
1998,1998-06-15,Group stage,England,Tunisia,England,Alan Shearer,42,42,Normal
1998,1998-06-15,Group stage,England,Tunisia,England,Paul Scholes,89,89,Normal
1998,1998-06-15,Group stage,Romania,Colombia,Romania,Adrian Ilie,45+1,46,Normal
1998,1998-06-15,Group stage,Germany,United States,Germany,Andreas Möller,9,9,Normal
1998,1998-06-15,Group stage,Germany,United States,Germany,Jürgen Klinsmann,65,65,Normal
1998,1998-06-16,Group stage,Scotland,Norway,Norway,Håvard Flo,46,46,Normal
1998,1998-06-16,Group stage,Scotland,Norway,Scotland,Craig Burley,66,66,Normal
1998,1998-06-16,Group stage,Brazil,Morocco,Brazil,not applicable Ronaldo,9,9,Normal
1998,1998-06-16,Group stage,Brazil,Morocco,Brazil,not applicable Rivaldo,45+2,47,Normal
1998,1998-06-16,Group stage,Brazil,Morocco,Brazil,not applicable Bebeto,50,50,Normal
1998,1998-06-17,Group stage,Chile,Austria,Chile,Marcelo Salas,70,70,Normal
1998,1998-06-17,Group stage,Chile,Austria,Austria,Ivica Vastić,90+2,92,Normal
1998,1998-06-17,Group stage,Italy,Cameroon,Italy,Luigi Di Biagio,7,7,Normal
1998,1998-06-17,Group stage,Italy,Cameroon,Italy,Christian Vieri,75,75,Normal
1998,1998-06-17,Group stage,Italy,Cameroon,Italy,Christian Vieri,89,89,Normal
1998,1998-06-18,Group stage,South Africa,Denmark,Denmark,Allan Nielsen,12,12,Normal
1998,1998-06-18,Group stage,South Africa,Denmark,South Africa,Benni McCarthy,51,51,Normal
1998,1998-06-18,Group stage,France,Saudi Arabia,France,Thierry Henry,37,37,Normal
1998,1998-06-18,Group stage,France,Saudi Arabia,France,David Trezeguet,68,68,Normal
1998,1998-06-18,Group stage,France,Saudi Arabia,France,Thierry Henry,78,78,Normal
1998,1998-06-18,Group stage,France,Saudi Arabia,France,Bixente Lizarazu,85,85,Normal
1998,1998-06-19,Group stage,Nigeria,Bulgaria,Nigeria,Victor Ikpeba,28,28,Normal
1998,1998-06-20,Group stage,Japan,Croatia,Croatia,Davor Šuker,77,77,Normal
1998,1998-06-20,Group stage,Belgium,Mexico,Belgium,Marc Wilmots,42,42,Normal
1998,1998-06-20,Group stage,Belgium,Mexico,Belgium,Marc Wilmots,47,47,Normal
1998,1998-06-20,Group stage,Belgium,Mexico,Mexico,Alberto García Aspe,55,55,Penalty
1998,1998-06-20,Group stage,Belgium,Mexico,Mexico,Cuauhtémoc Blanco,62,62,Normal
1998,1998-06-20,Group stage,Netherlands,South Korea,Netherlands,Phillip Cocu,37,37,Normal
1998,1998-06-20,Group stage,Netherlands,South Korea,Netherlands,Marc Overmars,41,41,Normal
1998,1998-06-20,Group stage,Netherlands,South Korea,Netherlands,Dennis Bergkamp,71,71,Normal
1998,1998-06-20,Group stage,Netherlands,South Korea,Netherlands,Pierre van Hooijdonk,80,80,Normal
1998,1998-06-20,Group stage,Netherlands,South Korea,Netherlands,Ronald de Boer,83,83,Normal
1998,1998-06-21,Group stage,Germany,Yugoslavia,Yugoslavia,Predrag Mijatović,13,13,Normal
1998,1998-06-21,Group stage,Germany,Yugoslavia,Yugoslavia,Dragan Stojković,52,52,Normal
1998,1998-06-21,Group stage,Germany,Yugoslavia,Germany,Siniša Mihajlović,72,72,Own Goal
1998,1998-06-21,Group stage,Germany,Yugoslavia,Germany,Oliver Bierhoff,78,78,Normal
1998,1998-06-21,Group stage,Argentina,Jamaica,Argentina,Ariel Ortega,31,31,Normal
1998,1998-06-21,Group stage,Argentina,Jamaica,Argentina,Ariel Ortega,55,55,Normal
1998,1998-06-21,Group stage,Argentina,Jamaica,Argentina,Gabriel Batistuta,73,73,Normal
1998,1998-06-21,Group stage,Argentina,Jamaica,Argentina,Gabriel Batistuta,78,78,Normal
1998,1998-06-21,Group stage,Argentina,Jamaica,Argentina,Gabriel Batistuta,83,83,Penalty
1998,1998-06-21,Group stage,United States,Iran,Iran,Hamid Estili,40,40,Normal
1998,1998-06-21,Group stage,United States,Iran,Iran,Mehdi Mahdavikia,84,84,Normal
1998,1998-06-21,Group stage,United States,Iran,United States,Brian McBride,87,87,Normal
1998,1998-06-22,Group stage,Colombia,Tunisia,Colombia,Léider Preciado,82,82,Normal
1998,1998-06-22,Group stage,Romania,England,Romania,Viorel Moldovan,46,46,Normal
1998,1998-06-22,Group stage,Romania,England,England,Michael Owen,81,81,Normal
1998,1998-06-22,Group stage,Romania,England,Romania,Dan Petrescu,90,90,Normal
1998,1998-06-23,Group stage,Chile,Cameroon,Chile,José Luis Sierra,20,20,Normal
1998,1998-06-23,Group stage,Chile,Cameroon,Cameroon,Patrick M'Boma,56,56,Normal
1998,1998-06-23,Group stage,Italy,Austria,Italy,Christian Vieri,48,48,Normal
1998,1998-06-23,Group stage,Italy,Austria,Italy,Roberto Baggio,90,90,Normal
1998,1998-06-23,Group stage,Italy,Austria,Austria,Andi Herzog,90+2,92,Penalty
1998,1998-06-23,Group stage,Brazil,Norway,Brazil,not applicable Bebeto,78,78,Normal
1998,1998-06-23,Group stage,Brazil,Norway,Norway,Tore André Flo,83,83,Normal
1998,1998-06-23,Group stage,Brazil,Norway,Norway,Kjetil Rekdal,89,89,Penalty
1998,1998-06-23,Group stage,Scotland,Morocco,Morocco,Salaheddine Bassir,23,23,Normal
1998,1998-06-23,Group stage,Scotland,Morocco,Morocco,Abdeljalil Hadda,46,46,Normal
1998,1998-06-23,Group stage,Scotland,Morocco,Morocco,Salaheddine Bassir,85,85,Normal
1998,1998-06-24,Group stage,France,Denmark,France,Youri Djorkaeff,12,12,Penalty
1998,1998-06-24,Group stage,France,Denmark,Denmark,Michael Laudrup,42,42,Penalty
1998,1998-06-24,Group stage,France,Denmark,France,Emmanuel Petit,56,56,Normal
1998,1998-06-24,Group stage,South Africa,Saudi Arabia,South Africa,Shaun Bartlett,18,18,Normal
1998,1998-06-24,Group stage,South Africa,Saudi Arabia,Saudi Arabia,Sami Al-Jaber,45+2,47,Penalty
1998,1998-06-24,Group stage,South Africa,Saudi Arabia,Saudi Arabia,Yousuf Al-Thunayan,74,74,Penalty
1998,1998-06-24,Group stage,South Africa,Saudi Arabia,South Africa,Shaun Bartlett,90+3,93,Penalty
1998,1998-06-24,Group stage,Nigeria,Paraguay,Paraguay,Celso Ayala,1,1,Normal
1998,1998-06-24,Group stage,Nigeria,Paraguay,Nigeria,Wilson Oruma,11,11,Normal
1998,1998-06-24,Group stage,Nigeria,Paraguay,Paraguay,Miguel Ángel Benítez,58,58,Normal
1998,1998-06-24,Group stage,Nigeria,Paraguay,Paraguay,José Cardozo,86,86,Normal
1998,1998-06-24,Group stage,Spain,Bulgaria,Spain,Fernando Hierro,6,6,Penalty
1998,1998-06-24,Group stage,Spain,Bulgaria,Spain,Luis Enrique,18,18,Normal
1998,1998-06-24,Group stage,Spain,Bulgaria,Spain,Fernando Morientes,55,55,Normal
1998,1998-06-24,Group stage,Spain,Bulgaria,Bulgaria,Emil Kostadinov,58,58,Normal
1998,1998-06-24,Group stage,Spain,Bulgaria,Spain,Fernando Morientes,81,81,Normal
1998,1998-06-24,Group stage,Spain,Bulgaria,Spain,Georgi Bachev,88,88,Own Goal
1998,1998-06-24,Group stage,Spain,Bulgaria,Spain,not applicable Kiko,90+4,94,Normal
1998,1998-06-25,Group stage,Belgium,South Korea,Belgium,Luc Nilis,7,7,Normal
1998,1998-06-25,Group stage,Belgium,South Korea,South Korea,Sang-chul Yoo,72,72,Normal
1998,1998-06-25,Group stage,Netherlands,Mexico,Netherlands,Phillip Cocu,4,4,Normal
1998,1998-06-25,Group stage,Netherlands,Mexico,Netherlands,Ronald de Boer,18,18,Normal
1998,1998-06-25,Group stage,Netherlands,Mexico,Mexico,Ricardo Peláez,75,75,Normal
1998,1998-06-25,Group stage,Netherlands,Mexico,Mexico,Luis Hernández,90+4,94,Normal
1998,1998-06-25,Group stage,Germany,Iran,Germany,Oliver Bierhoff,50,50,Normal
1998,1998-06-25,Group stage,Germany,Iran,Germany,Jürgen Klinsmann,57,57,Normal
1998,1998-06-25,Group stage,United States,Yugoslavia,Yugoslavia,Slobodan Komljenović,4,4,Normal
1998,1998-06-26,Group stage,Argentina,Croatia,Argentina,Mauricio Pineda,36,36,Normal
1998,1998-06-26,Group stage,Japan,Jamaica,Jamaica,Theodore Whitmore,39,39,Normal
1998,1998-06-26,Group stage,Japan,Jamaica,Jamaica,Theodore Whitmore,54,54,Normal
1998,1998-06-26,Group stage,Japan,Jamaica,Japan,Masashi Nakayama,74,74,Normal
1998,1998-06-26,Group stage,Colombia,England,England,Darren Anderton,20,20,Normal
1998,1998-06-26,Group stage,Colombia,England,England,David Beckham,29,29,Normal
1998,1998-06-26,Group stage,Romania,Tunisia,Tunisia,Skander Souayah,12,12,Penalty
1998,1998-06-26,Group stage,Romania,Tunisia,Romania,Viorel Moldovan,71,71,Normal
1998,1998-06-27,Round of 16,Italy,Norway,Italy,Christian Vieri,18,18,Normal
1998,1998-06-27,Round of 16,Brazil,Chile,Brazil,César Sampaio,11,11,Normal
1998,1998-06-27,Round of 16,Brazil,Chile,Brazil,César Sampaio,26,26,Normal
1998,1998-06-27,Round of 16,Brazil,Chile,Brazil,not applicable Ronaldo,45+3,48,Penalty
1998,1998-06-27,Round of 16,Brazil,Chile,Chile,Marcelo Salas,70,70,Normal
1998,1998-06-27,Round of 16,Brazil,Chile,Brazil,not applicable Ronaldo,72,72,Normal
1998,1998-06-28,Round of 16,France,Paraguay,France,Laurent Blanc,114,114,Normal
1998,1998-06-28,Round of 16,Nigeria,Denmark,Denmark,Peter Møller,3,3,Normal
1998,1998-06-28,Round of 16,Nigeria,Denmark,Denmark,Brian Laudrup,12,12,Normal
1998,1998-06-28,Round of 16,Nigeria,Denmark,Denmark,Ebbe Sand,58,58,Normal
1998,1998-06-28,Round of 16,Nigeria,Denmark,Denmark,Thomas Helveg,76,76,Normal
1998,1998-06-28,Round of 16,Nigeria,Denmark,Nigeria,Tijani Babangida,77,77,Normal
1998,1998-06-29,Round of 16,Germany,Mexico,Mexico,Luis Hernández,47,47,Normal
1998,1998-06-29,Round of 16,Germany,Mexico,Germany,Jürgen Klinsmann,74,74,Normal
1998,1998-06-29,Round of 16,Germany,Mexico,Germany,Oliver Bierhoff,86,86,Normal
1998,1998-06-29,Round of 16,Netherlands,Yugoslavia,Netherlands,Dennis Bergkamp,38,38,Normal
1998,1998-06-29,Round of 16,Netherlands,Yugoslavia,Yugoslavia,Slobodan Komljenović,48,48,Normal
1998,1998-06-29,Round of 16,Netherlands,Yugoslavia,Netherlands,Edgar Davids,90+2,92,Normal
1998,1998-06-30,Round of 16,Romania,Croatia,Croatia,Davor Šuker,45+2,47,Penalty
1998,1998-06-30,Round of 16,Argentina,England,Argentina,Gabriel Batistuta,5,5,Penalty
1998,1998-06-30,Round of 16,Argentina,England,England,Alan Shearer,9,9,Penalty
1998,1998-06-30,Round of 16,Argentina,England,England,Michael Owen,16,16,Normal
1998,1998-06-30,Round of 16,Argentina,England,Argentina,Javier Zanetti,45+1,46,Normal
1998,1998-07-03,Quarter-finals,Brazil,Denmark,Denmark,Martin Jørgensen,2,2,Normal
1998,1998-07-03,Quarter-finals,Brazil,Denmark,Brazil,not applicable Bebeto,10,10,Normal
1998,1998-07-03,Quarter-finals,Brazil,Denmark,Brazil,not applicable Rivaldo,25,25,Normal
1998,1998-07-03,Quarter-finals,Brazil,Denmark,Denmark,Brian Laudrup,50,50,Normal
1998,1998-07-03,Quarter-finals,Brazil,Denmark,Brazil,not applicable Rivaldo,59,59,Normal
1998,1998-07-04,Quarter-finals,Netherlands,Argentina,Netherlands,Patrick Kluivert,12,12,Normal
1998,1998-07-04,Quarter-finals,Netherlands,Argentina,Argentina,Claudio López,17,17,Normal
1998,1998-07-04,Quarter-finals,Netherlands,Argentina,Netherlands,Dennis Bergkamp,90,90,Normal
1998,1998-07-04,Quarter-finals,Germany,Croatia,Croatia,Robert Jarni,45+3,48,Normal
1998,1998-07-04,Quarter-finals,Germany,Croatia,Croatia,Goran Vlaović,80,80,Normal
1998,1998-07-04,Quarter-finals,Germany,Croatia,Croatia,Davor Šuker,85,85,Normal
1998,1998-07-07,Semi-finals,Brazil,Netherlands,Brazil,not applicable Ronaldo,46,46,Normal
1998,1998-07-07,Semi-finals,Brazil,Netherlands,Netherlands,Patrick Kluivert,87,87,Normal
1998,1998-07-08,Semi-finals,France,Croatia,Croatia,Davor Šuker,46,46,Normal
1998,1998-07-08,Semi-finals,France,Croatia,France,Lilian Thuram,47,47,Normal
1998,1998-07-08,Semi-finals,France,Croatia,France,Lilian Thuram,70,70,Normal
1998,1998-07-11,Third-place match,Netherlands,Croatia,Croatia,Robert Prosinečki,14,14,Normal
1998,1998-07-11,Third-place match,Netherlands,Croatia,Netherlands,Boudewijn Zenden,22,22,Normal
1998,1998-07-11,Third-place match,Netherlands,Croatia,Croatia,Davor Šuker,36,36,Normal
1998,1998-07-12,Final,Brazil,France,France,Zinedine Zidane,27,27,Normal
1998,1998-07-12,Final,Brazil,France,France,Zinedine Zidane,45+1,46,Normal
1998,1998-07-12,Final,Brazil,France,France,Emmanuel Petit,90+3,93,Normal
1994,1994-06-17,Group stage,Germany,Bolivia,Germany,Jürgen Klinsmann,61,61,Normal
1994,1994-06-17,Group stage,Spain,South Korea,Spain,Julio Salinas,51,51,Normal
1994,1994-06-17,Group stage,Spain,South Korea,Spain,Andoni Goikoetxea,55,55,Normal
1994,1994-06-17,Group stage,Spain,South Korea,South Korea,Myung-bo Hong,85,85,Normal
1994,1994-06-17,Group stage,Spain,South Korea,South Korea,Jung-won Seo,90,90,Normal
1994,1994-06-18,Group stage,United States,Switzerland,Switzerland,Georges Bregy,39,39,Normal
1994,1994-06-18,Group stage,United States,Switzerland,United States,Eric Wynalda,44,44,Normal
1994,1994-06-18,Group stage,Italy,Republic of Ireland,Republic of Ireland,Ray Houghton,11,11,Normal
1994,1994-06-18,Group stage,Colombia,Romania,Romania,Florin Răducioiu,15,15,Normal
1994,1994-06-18,Group stage,Colombia,Romania,Romania,Gheorghe Hagi,34,34,Normal
1994,1994-06-18,Group stage,Colombia,Romania,Colombia,Adolfo Valencia,43,43,Normal
1994,1994-06-18,Group stage,Colombia,Romania,Romania,Florin Răducioiu,89,89,Normal
1994,1994-06-19,Group stage,Belgium,Morocco,Belgium,Marc Degryse,11,11,Normal
1994,1994-06-19,Group stage,Norway,Mexico,Norway,Kjetil Rekdal,84,84,Normal
1994,1994-06-19,Group stage,Cameroon,Sweden,Sweden,Roger Ljung,8,8,Normal
1994,1994-06-19,Group stage,Cameroon,Sweden,Cameroon,David Embé,31,31,Normal
1994,1994-06-19,Group stage,Cameroon,Sweden,Cameroon,François Omam-Biyik,47,47,Normal
1994,1994-06-19,Group stage,Cameroon,Sweden,Sweden,Martin Dahlin,75,75,Normal
1994,1994-06-20,Group stage,Brazil,Russia,Brazil,not applicable Romário,26,26,Normal
1994,1994-06-20,Group stage,Brazil,Russia,Brazil,not applicable Raí,52,52,Penalty
1994,1994-06-20,Group stage,Netherlands,Saudi Arabia,Saudi Arabia,Fuad Anwar,18,18,Normal
1994,1994-06-20,Group stage,Netherlands,Saudi Arabia,Netherlands,Wim Jonk,50,50,Normal
1994,1994-06-20,Group stage,Netherlands,Saudi Arabia,Netherlands,Gaston Taument,86,86,Normal
1994,1994-06-21,Group stage,Argentina,Greece,Argentina,Gabriel Batistuta,2,2,Normal
1994,1994-06-21,Group stage,Argentina,Greece,Argentina,Gabriel Batistuta,44,44,Normal
1994,1994-06-21,Group stage,Argentina,Greece,Argentina,Diego Maradona,60,60,Normal
1994,1994-06-21,Group stage,Argentina,Greece,Argentina,Gabriel Batistuta,90,90,Penalty
1994,1994-06-21,Group stage,Germany,Spain,Spain,Andoni Goikoetxea,14,14,Normal
1994,1994-06-21,Group stage,Germany,Spain,Germany,Jürgen Klinsmann,48,48,Normal
1994,1994-06-21,Group stage,Nigeria,Bulgaria,Nigeria,Rashidi Yekini,21,21,Normal
1994,1994-06-21,Group stage,Nigeria,Bulgaria,Nigeria,Daniel Amokachi,43,43,Normal
1994,1994-06-21,Group stage,Nigeria,Bulgaria,Nigeria,Emmanuel Amunike,55,55,Normal
1994,1994-06-22,Group stage,Romania,Switzerland,Switzerland,Alain Sutter,16,16,Normal
1994,1994-06-22,Group stage,Romania,Switzerland,Romania,Gheorghe Hagi,35,35,Normal
1994,1994-06-22,Group stage,Romania,Switzerland,Switzerland,Stéphane Chapuisat,52,52,Normal
1994,1994-06-22,Group stage,Romania,Switzerland,Switzerland,Adrian Knup,65,65,Normal
1994,1994-06-22,Group stage,Romania,Switzerland,Switzerland,Adrian Knup,72,72,Normal
1994,1994-06-22,Group stage,United States,Colombia,United States,Andrés Escobar,35,35,Own Goal
1994,1994-06-22,Group stage,United States,Colombia,United States,Earnie Stewart,52,52,Normal
1994,1994-06-22,Group stage,United States,Colombia,Colombia,Adolfo Valencia,90,90,Normal
1994,1994-06-23,Group stage,Italy,Norway,Italy,Dino Baggio,69,69,Normal
1994,1994-06-24,Group stage,Mexico,Republic of Ireland,Mexico,Luis García Postigo,42,42,Normal
1994,1994-06-24,Group stage,Mexico,Republic of Ireland,Mexico,Luis García Postigo,65,65,Normal
1994,1994-06-24,Group stage,Mexico,Republic of Ireland,Republic of Ireland,John Aldridge,84,84,Normal
1994,1994-06-24,Group stage,Brazil,Cameroon,Brazil,not applicable Romário,39,39,Normal
1994,1994-06-24,Group stage,Brazil,Cameroon,Brazil,Márcio Santos,66,66,Normal
1994,1994-06-24,Group stage,Brazil,Cameroon,Brazil,not applicable Bebeto,73,73,Normal
1994,1994-06-24,Group stage,Sweden,Russia,Russia,Oleg Salenko,4,4,Penalty
1994,1994-06-24,Group stage,Sweden,Russia,Sweden,Tomas Brolin,39,39,Penalty
1994,1994-06-24,Group stage,Sweden,Russia,Sweden,Martin Dahlin,60,60,Normal
1994,1994-06-24,Group stage,Sweden,Russia,Sweden,Martin Dahlin,82,82,Normal
1994,1994-06-25,Group stage,Belgium,Netherlands,Belgium,Philippe Albert,65,65,Normal
1994,1994-06-25,Group stage,Saudi Arabia,Morocco,Saudi Arabia,Sami Al-Jaber,7,7,Penalty
1994,1994-06-25,Group stage,Saudi Arabia,Morocco,Morocco,Mohammed Chaouch,26,26,Normal
1994,1994-06-25,Group stage,Saudi Arabia,Morocco,Saudi Arabia,Fuad Anwar,45,45,Normal
1994,1994-06-25,Group stage,Argentina,Nigeria,Nigeria,Samson Siasia,8,8,Normal
1994,1994-06-25,Group stage,Argentina,Nigeria,Argentina,Claudio Caniggia,21,21,Normal
1994,1994-06-25,Group stage,Argentina,Nigeria,Argentina,Claudio Caniggia,28,28,Normal
1994,1994-06-26,Group stage,Bulgaria,Greece,Bulgaria,Hristo Stoichkov,5,5,Penalty
1994,1994-06-26,Group stage,Bulgaria,Greece,Bulgaria,Hristo Stoichkov,55,55,Penalty
1994,1994-06-26,Group stage,Bulgaria,Greece,Bulgaria,Yordan Letchkov,65,65,Normal
1994,1994-06-26,Group stage,Bulgaria,Greece,Bulgaria,Daniel Borimirov,90,90,Normal
1994,1994-06-26,Group stage,Switzerland,Colombia,Colombia,Hermán Gaviria,44,44,Normal
1994,1994-06-26,Group stage,Switzerland,Colombia,Colombia,John Harold Lozano,90,90,Normal
1994,1994-06-26,Group stage,United States,Romania,Romania,Dan Petrescu,18,18,Normal
1994,1994-06-27,Group stage,Bolivia,Spain,Spain,Josep Guardiola,19,19,Penalty
1994,1994-06-27,Group stage,Bolivia,Spain,Spain,José Luis Caminero,66,66,Normal
1994,1994-06-27,Group stage,Bolivia,Spain,Bolivia,Erwin Sánchez,67,67,Normal
1994,1994-06-27,Group stage,Bolivia,Spain,Spain,José Luis Caminero,70,70,Normal
1994,1994-06-27,Group stage,Germany,South Korea,Germany,Jürgen Klinsmann,12,12,Normal
1994,1994-06-27,Group stage,Germany,South Korea,Germany,Karl-Heinz Riedle,20,20,Normal
1994,1994-06-27,Group stage,Germany,South Korea,Germany,Jürgen Klinsmann,37,37,Normal
1994,1994-06-27,Group stage,Germany,South Korea,South Korea,Sun-hong Hwang,52,52,Normal
1994,1994-06-27,Group stage,Germany,South Korea,South Korea,Myung-bo Hong,63,63,Normal
1994,1994-06-28,Group stage,Italy,Mexico,Italy,Daniele Massaro,48,48,Normal
1994,1994-06-28,Group stage,Italy,Mexico,Mexico,Marcelino Bernal,57,57,Normal
1994,1994-06-28,Group stage,Russia,Cameroon,Russia,Oleg Salenko,15,15,Normal
1994,1994-06-28,Group stage,Russia,Cameroon,Russia,Oleg Salenko,41,41,Normal
1994,1994-06-28,Group stage,Russia,Cameroon,Russia,Oleg Salenko,44,44,Penalty
1994,1994-06-28,Group stage,Russia,Cameroon,Cameroon,Roger Milla,46,46,Normal
1994,1994-06-28,Group stage,Russia,Cameroon,Russia,Oleg Salenko,72,72,Normal
1994,1994-06-28,Group stage,Russia,Cameroon,Russia,Oleg Salenko,75,75,Normal
1994,1994-06-28,Group stage,Russia,Cameroon,Russia,Dmitri Radchenko,81,81,Normal
1994,1994-06-28,Group stage,Brazil,Sweden,Sweden,Kennet Andersson,23,23,Normal
1994,1994-06-28,Group stage,Brazil,Sweden,Brazil,not applicable Romário,47,47,Normal
1994,1994-06-29,Group stage,Belgium,Saudi Arabia,Saudi Arabia,Saeed Al-Owairan,5,5,Normal
1994,1994-06-29,Group stage,Morocco,Netherlands,Netherlands,Dennis Bergkamp,43,43,Normal
1994,1994-06-29,Group stage,Morocco,Netherlands,Morocco,Hassan Nader,47,47,Normal
1994,1994-06-29,Group stage,Morocco,Netherlands,Netherlands,Bryan Roy,77,77,Normal
1994,1994-06-30,Group stage,Argentina,Bulgaria,Bulgaria,Hristo Stoichkov,61,61,Normal
1994,1994-06-30,Group stage,Argentina,Bulgaria,Bulgaria,Nasko Sirakov,90+3,93,Normal
1994,1994-06-30,Group stage,Greece,Nigeria,Nigeria,Finidi George,45+2,47,Normal
1994,1994-06-30,Group stage,Greece,Nigeria,Nigeria,Daniel Amokachi,90+5,95,Normal
1994,1994-07-02,Round of 16,Germany,Belgium,Germany,Rudi Völler,6,6,Normal
1994,1994-07-02,Round of 16,Germany,Belgium,Belgium,Georges Grün,8,8,Normal
1994,1994-07-02,Round of 16,Germany,Belgium,Germany,Jürgen Klinsmann,11,11,Normal
1994,1994-07-02,Round of 16,Germany,Belgium,Germany,Rudi Völler,38,38,Normal
1994,1994-07-02,Round of 16,Germany,Belgium,Belgium,Philippe Albert,90,90,Normal
1994,1994-07-02,Round of 16,Spain,Switzerland,Spain,Fernando Hierro,15,15,Normal
1994,1994-07-02,Round of 16,Spain,Switzerland,Spain,Luis Enrique,74,74,Normal
1994,1994-07-02,Round of 16,Spain,Switzerland,Spain,Txiki Begiristain,86,86,Penalty
1994,1994-07-03,Round of 16,Saudi Arabia,Sweden,Sweden,Martin Dahlin,6,6,Normal
1994,1994-07-03,Round of 16,Saudi Arabia,Sweden,Sweden,Kennet Andersson,51,51,Normal
1994,1994-07-03,Round of 16,Saudi Arabia,Sweden,Saudi Arabia,Fahad Al-Ghesheyan,85,85,Normal
1994,1994-07-03,Round of 16,Saudi Arabia,Sweden,Sweden,Kennet Andersson,88,88,Normal
1994,1994-07-03,Round of 16,Romania,Argentina,Romania,Ilie Dumitrescu,11,11,Normal
1994,1994-07-03,Round of 16,Romania,Argentina,Argentina,Gabriel Batistuta,16,16,Penalty
1994,1994-07-03,Round of 16,Romania,Argentina,Romania,Ilie Dumitrescu,18,18,Normal
1994,1994-07-03,Round of 16,Romania,Argentina,Romania,Gheorghe Hagi,58,58,Normal
1994,1994-07-03,Round of 16,Romania,Argentina,Argentina,Abel Balbo,75,75,Normal
1994,1994-07-04,Round of 16,Netherlands,Republic of Ireland,Netherlands,Dennis Bergkamp,11,11,Normal
1994,1994-07-04,Round of 16,Netherlands,Republic of Ireland,Netherlands,Wim Jonk,41,41,Normal
1994,1994-07-04,Round of 16,Brazil,United States,Brazil,not applicable Bebeto,72,72,Normal
1994,1994-07-05,Round of 16,Nigeria,Italy,Nigeria,Emmanuel Amunike,25,25,Normal
1994,1994-07-05,Round of 16,Nigeria,Italy,Italy,Roberto Baggio,88,88,Normal
1994,1994-07-05,Round of 16,Nigeria,Italy,Italy,Roberto Baggio,102,102,Penalty
1994,1994-07-05,Round of 16,Mexico,Bulgaria,Bulgaria,Hristo Stoichkov,6,6,Normal
1994,1994-07-05,Round of 16,Mexico,Bulgaria,Mexico,Alberto García Aspe,18,18,Penalty
1994,1994-07-09,Quarter-finals,Italy,Spain,Italy,Dino Baggio,25,25,Normal
1994,1994-07-09,Quarter-finals,Italy,Spain,Spain,José Luis Caminero,58,58,Normal
1994,1994-07-09,Quarter-finals,Italy,Spain,Italy,Roberto Baggio,88,88,Normal
1994,1994-07-09,Quarter-finals,Netherlands,Brazil,Brazil,not applicable Romário,53,53,Normal
1994,1994-07-09,Quarter-finals,Netherlands,Brazil,Brazil,not applicable Bebeto,63,63,Normal
1994,1994-07-09,Quarter-finals,Netherlands,Brazil,Netherlands,Dennis Bergkamp,64,64,Normal
1994,1994-07-09,Quarter-finals,Netherlands,Brazil,Netherlands,Aron Winter,76,76,Normal
1994,1994-07-09,Quarter-finals,Netherlands,Brazil,Brazil,not applicable Branco,81,81,Normal
1994,1994-07-10,Quarter-finals,Bulgaria,Germany,Germany,Lothar Matthäus,47,47,Penalty
1994,1994-07-10,Quarter-finals,Bulgaria,Germany,Bulgaria,Hristo Stoichkov,75,75,Normal
1994,1994-07-10,Quarter-finals,Bulgaria,Germany,Bulgaria,Yordan Letchkov,78,78,Normal
1994,1994-07-10,Quarter-finals,Romania,Sweden,Sweden,Tomas Brolin,78,78,Normal
1994,1994-07-10,Quarter-finals,Romania,Sweden,Romania,Florin Răducioiu,88,88,Normal
1994,1994-07-10,Quarter-finals,Romania,Sweden,Romania,Florin Răducioiu,101,101,Normal
1994,1994-07-10,Quarter-finals,Romania,Sweden,Sweden,Kennet Andersson,115,115,Normal
1994,1994-07-13,Semi-finals,Bulgaria,Italy,Italy,Roberto Baggio,21,21,Normal
1994,1994-07-13,Semi-finals,Bulgaria,Italy,Italy,Roberto Baggio,25,25,Normal
1994,1994-07-13,Semi-finals,Bulgaria,Italy,Bulgaria,Hristo Stoichkov,44,44,Penalty
1994,1994-07-13,Semi-finals,Sweden,Brazil,Brazil,not applicable Romário,80,80,Normal
1994,1994-07-16,Third-place match,Sweden,Bulgaria,Sweden,Tomas Brolin,8,8,Normal
1994,1994-07-16,Third-place match,Sweden,Bulgaria,Sweden,Håkan Mild,30,30,Normal
1994,1994-07-16,Third-place match,Sweden,Bulgaria,Sweden,Henrik Larsson,37,37,Normal
1994,1994-07-16,Third-place match,Sweden,Bulgaria,Sweden,Kennet Andersson,39,39,Normal
1990,1990-06-08,Group stage,Argentina,Cameroon,Cameroon,François Omam-Biyik,67,67,Normal
1990,1990-06-09,Group stage,Soviet Union,Romania,Romania,Marius Lăcătuș,41,41,Normal
1990,1990-06-09,Group stage,Soviet Union,Romania,Romania,Marius Lăcătuș,55,55,Penalty
1990,1990-06-09,Group stage,United Arab Emirates,Colombia,Colombia,Bernardo Redín,50,50,Normal
1990,1990-06-09,Group stage,United Arab Emirates,Colombia,Colombia,Carlos Valderrama,85,85,Normal
1990,1990-06-09,Group stage,Italy,Austria,Italy,Salvatore Schillaci,78,78,Normal
1990,1990-06-10,Group stage,United States,Czechoslovakia,Czechoslovakia,Tomáš Skuhravý,26,26,Normal
1990,1990-06-10,Group stage,United States,Czechoslovakia,Czechoslovakia,Michal Bílek,40,40,Penalty
1990,1990-06-10,Group stage,United States,Czechoslovakia,Czechoslovakia,Ivan Hašek,50,50,Normal
1990,1990-06-10,Group stage,United States,Czechoslovakia,United States,Paul Caligiuri,60,60,Normal
1990,1990-06-10,Group stage,United States,Czechoslovakia,Czechoslovakia,Tomáš Skuhravý,78,78,Normal
1990,1990-06-10,Group stage,United States,Czechoslovakia,Czechoslovakia,Milan Luhový,90+3,93,Normal
1990,1990-06-10,Group stage,Brazil,Sweden,Brazil,not applicable Careca,40,40,Normal
1990,1990-06-10,Group stage,Brazil,Sweden,Brazil,not applicable Careca,63,63,Normal
1990,1990-06-10,Group stage,Brazil,Sweden,Sweden,Tomas Brolin,79,79,Normal
1990,1990-06-10,Group stage,West Germany,Yugoslavia,West Germany,Lothar Matthäus,28,28,Normal
1990,1990-06-10,Group stage,West Germany,Yugoslavia,West Germany,Jürgen Klinsmann,39,39,Normal
1990,1990-06-10,Group stage,West Germany,Yugoslavia,Yugoslavia,Davor Jozić,55,55,Normal
1990,1990-06-10,Group stage,West Germany,Yugoslavia,West Germany,Lothar Matthäus,64,64,Normal
1990,1990-06-10,Group stage,West Germany,Yugoslavia,West Germany,Rudi Völler,70,70,Normal
1990,1990-06-11,Group stage,Costa Rica,Scotland,Costa Rica,Juan Cayasso,49,49,Normal
1990,1990-06-11,Group stage,England,Republic of Ireland,England,Gary Lineker,9,9,Normal
1990,1990-06-11,Group stage,England,Republic of Ireland,Republic of Ireland,Kevin Sheedy,73,73,Normal
1990,1990-06-12,Group stage,Belgium,South Korea,Belgium,Marc Degryse,53,53,Normal
1990,1990-06-12,Group stage,Belgium,South Korea,Belgium,Michel De Wolf,64,64,Normal
1990,1990-06-12,Group stage,Netherlands,Egypt,Netherlands,Wim Kieft,58,58,Normal
1990,1990-06-12,Group stage,Netherlands,Egypt,Egypt,Magdi Abdelghani,83,83,Penalty
1990,1990-06-13,Group stage,Argentina,Soviet Union,Argentina,Pedro Troglio,27,27,Normal
1990,1990-06-13,Group stage,Argentina,Soviet Union,Argentina,Jorge Burruchaga,79,79,Normal
1990,1990-06-14,Group stage,Cameroon,Romania,Cameroon,Roger Milla,76,76,Normal
1990,1990-06-14,Group stage,Cameroon,Romania,Cameroon,Roger Milla,86,86,Normal
1990,1990-06-14,Group stage,Cameroon,Romania,Romania,Gabi Balint,88,88,Normal
1990,1990-06-14,Group stage,Yugoslavia,Colombia,Yugoslavia,Davor Jozić,75,75,Normal
1990,1990-06-14,Group stage,Italy,United States,Italy,Giuseppe Giannini,11,11,Normal
1990,1990-06-15,Group stage,Austria,Czechoslovakia,Czechoslovakia,Michal Bílek,31,31,Penalty
1990,1990-06-15,Group stage,West Germany,United Arab Emirates,West Germany,Rudi Völler,35,35,Normal
1990,1990-06-15,Group stage,West Germany,United Arab Emirates,West Germany,Jürgen Klinsmann,37,37,Normal
1990,1990-06-15,Group stage,West Germany,United Arab Emirates,United Arab Emirates,Khalid Ismaïl,46,46,Normal
1990,1990-06-15,Group stage,West Germany,United Arab Emirates,West Germany,Lothar Matthäus,47,47,Normal
1990,1990-06-15,Group stage,West Germany,United Arab Emirates,West Germany,Uwe Bein,58,58,Normal
1990,1990-06-15,Group stage,West Germany,United Arab Emirates,West Germany,Rudi Völler,75,75,Normal
1990,1990-06-16,Group stage,Brazil,Costa Rica,Brazil,not applicable Müller,33,33,Normal
1990,1990-06-16,Group stage,Sweden,Scotland,Scotland,Stuart McCall,11,11,Normal
1990,1990-06-16,Group stage,Sweden,Scotland,Scotland,Mo Johnston,81,81,Penalty
1990,1990-06-16,Group stage,Sweden,Scotland,Sweden,Glenn Strömberg,86,86,Normal
1990,1990-06-17,Group stage,Belgium,Uruguay,Belgium,Leo Clijsters,15,15,Normal
1990,1990-06-17,Group stage,Belgium,Uruguay,Belgium,Enzo Scifo,24,24,Normal
1990,1990-06-17,Group stage,Belgium,Uruguay,Belgium,Jan Ceulemans,47,47,Normal
1990,1990-06-17,Group stage,Belgium,Uruguay,Uruguay,Pablo Bengoechea,73,73,Normal
1990,1990-06-17,Group stage,South Korea,Spain,Spain,not applicable Míchel,23,23,Normal
1990,1990-06-17,Group stage,South Korea,Spain,South Korea,Kwan Hwangbo,43,43,Normal
1990,1990-06-17,Group stage,South Korea,Spain,Spain,not applicable Míchel,61,61,Normal
1990,1990-06-17,Group stage,South Korea,Spain,Spain,not applicable Míchel,81,81,Normal
1990,1990-06-18,Group stage,Argentina,Romania,Argentina,Pedro Monzón,62,62,Normal
1990,1990-06-18,Group stage,Argentina,Romania,Romania,Gabi Balint,68,68,Normal
1990,1990-06-18,Group stage,Cameroon,Soviet Union,Soviet Union,Oleh Protasov,20,20,Normal
1990,1990-06-18,Group stage,Cameroon,Soviet Union,Soviet Union,Andrei Zygmantovich,29,29,Normal
1990,1990-06-18,Group stage,Cameroon,Soviet Union,Soviet Union,Oleksandr Zavarov,52,52,Normal
1990,1990-06-18,Group stage,Cameroon,Soviet Union,Soviet Union,Igor Dobrovolski,63,63,Normal
1990,1990-06-19,Group stage,West Germany,Colombia,West Germany,Pierre Littbarski,88,88,Normal
1990,1990-06-19,Group stage,West Germany,Colombia,Colombia,Freddy Rincón,90+3,93,Normal
1990,1990-06-19,Group stage,Yugoslavia,United Arab Emirates,Yugoslavia,Safet Sušić,5,5,Normal
1990,1990-06-19,Group stage,Yugoslavia,United Arab Emirates,Yugoslavia,Darko Pančev,9,9,Normal
1990,1990-06-19,Group stage,Yugoslavia,United Arab Emirates,United Arab Emirates,Ali Thani Jumaa,22,22,Normal
1990,1990-06-19,Group stage,Yugoslavia,United Arab Emirates,Yugoslavia,Darko Pančev,46,46,Normal
1990,1990-06-19,Group stage,Yugoslavia,United Arab Emirates,Yugoslavia,Robert Prosinečki,90+3,93,Normal
1990,1990-06-19,Group stage,Austria,United States,Austria,Andreas Ogris,49,49,Normal
1990,1990-06-19,Group stage,Austria,United States,Austria,Gerhard Rodax,63,63,Normal
1990,1990-06-19,Group stage,Austria,United States,United States,Bruce Murray,83,83,Normal
1990,1990-06-19,Group stage,Italy,Czechoslovakia,Italy,Salvatore Schillaci,9,9,Normal
1990,1990-06-19,Group stage,Italy,Czechoslovakia,Italy,Roberto Baggio,78,78,Normal
1990,1990-06-20,Group stage,Brazil,Scotland,Brazil,not applicable Müller,81,81,Normal
1990,1990-06-20,Group stage,Sweden,Costa Rica,Sweden,Johnny Ekström,32,32,Normal
1990,1990-06-20,Group stage,Sweden,Costa Rica,Costa Rica,Róger Flores,75,75,Normal
1990,1990-06-20,Group stage,Sweden,Costa Rica,Costa Rica,Hernán Medford,87,87,Normal
1990,1990-06-21,Group stage,Belgium,Spain,Spain,not applicable Míchel,26,26,Penalty
1990,1990-06-21,Group stage,Belgium,Spain,Belgium,Patrick Vervoort,29,29,Normal
1990,1990-06-21,Group stage,Belgium,Spain,Spain,Alberto Górriz,38,38,Normal
1990,1990-06-21,Group stage,South Korea,Uruguay,Uruguay,Daniel Fonseca,90+1,91,Normal
1990,1990-06-21,Group stage,England,Egypt,England,Mark Wright,58,58,Normal
1990,1990-06-21,Group stage,Republic of Ireland,Netherlands,Netherlands,Ruud Gullit,11,11,Normal
1990,1990-06-21,Group stage,Republic of Ireland,Netherlands,Republic of Ireland,Niall Quinn,71,71,Normal
1990,1990-06-23,Round of 16,Cameroon,Colombia,Cameroon,Roger Milla,106,106,Normal
1990,1990-06-23,Round of 16,Cameroon,Colombia,Cameroon,Roger Milla,108,108,Normal
1990,1990-06-23,Round of 16,Cameroon,Colombia,Colombia,Bernardo Redín,115,115,Normal
1990,1990-06-23,Round of 16,Czechoslovakia,Costa Rica,Czechoslovakia,Tomáš Skuhravý,12,12,Normal
1990,1990-06-23,Round of 16,Czechoslovakia,Costa Rica,Costa Rica,Rónald González Brenes,55,55,Normal
1990,1990-06-23,Round of 16,Czechoslovakia,Costa Rica,Czechoslovakia,Tomáš Skuhravý,63,63,Normal
1990,1990-06-23,Round of 16,Czechoslovakia,Costa Rica,Czechoslovakia,Luboš Kubík,76,76,Normal
1990,1990-06-23,Round of 16,Czechoslovakia,Costa Rica,Czechoslovakia,Tomáš Skuhravý,82,82,Normal
1990,1990-06-24,Round of 16,Brazil,Argentina,Argentina,Claudio Caniggia,81,81,Normal
1990,1990-06-24,Round of 16,West Germany,Netherlands,West Germany,Jürgen Klinsmann,51,51,Normal
1990,1990-06-24,Round of 16,West Germany,Netherlands,West Germany,Andreas Brehme,85,85,Normal
1990,1990-06-24,Round of 16,West Germany,Netherlands,Netherlands,Ronald Koeman,89,89,Penalty
1990,1990-06-25,Round of 16,Italy,Uruguay,Italy,Salvatore Schillaci,65,65,Normal
1990,1990-06-25,Round of 16,Italy,Uruguay,Italy,Aldo Serena,83,83,Normal
1990,1990-06-26,Round of 16,Spain,Yugoslavia,Yugoslavia,Dragan Stojković,78,78,Normal
1990,1990-06-26,Round of 16,Spain,Yugoslavia,Spain,Julio Salinas,84,84,Normal
1990,1990-06-26,Round of 16,Spain,Yugoslavia,Yugoslavia,Dragan Stojković,93,93,Normal
1990,1990-06-26,Round of 16,England,Belgium,England,David Platt,119,119,Normal
1990,1990-06-30,Quarter-finals,Republic of Ireland,Italy,Italy,Salvatore Schillaci,38,38,Normal
1990,1990-07-01,Quarter-finals,Czechoslovakia,West Germany,West Germany,Lothar Matthäus,25,25,Penalty
1990,1990-07-01,Quarter-finals,Cameroon,England,England,David Platt,25,25,Normal
1990,1990-07-01,Quarter-finals,Cameroon,England,Cameroon,Emmanuel Kundé,61,61,Penalty
1990,1990-07-01,Quarter-finals,Cameroon,England,Cameroon,Eugène Ekéké,65,65,Normal
1990,1990-07-01,Quarter-finals,Cameroon,England,England,Gary Lineker,83,83,Penalty
1990,1990-07-01,Quarter-finals,Cameroon,England,England,Gary Lineker,105,105,Penalty
1990,1990-07-03,Semi-finals,Argentina,Italy,Italy,Salvatore Schillaci,17,17,Normal
1990,1990-07-03,Semi-finals,Argentina,Italy,Argentina,Claudio Caniggia,67,67,Normal
1990,1990-07-04,Semi-finals,West Germany,England,West Germany,Andreas Brehme,60,60,Normal
1990,1990-07-04,Semi-finals,West Germany,England,England,Gary Lineker,80,80,Normal
1990,1990-07-07,Third-place match,Italy,England,Italy,Roberto Baggio,71,71,Normal
1990,1990-07-07,Third-place match,Italy,England,England,David Platt,81,81,Normal
1990,1990-07-07,Third-place match,Italy,England,Italy,Salvatore Schillaci,86,86,Penalty
1990,1990-07-08,Final,West Germany,Argentina,West Germany,Andreas Brehme,85,85,Penalty
1986,1986-05-31,Group stage,Bulgaria,Italy,Italy,Alessandro Altobelli,44,44,Normal
1986,1986-05-31,Group stage,Bulgaria,Italy,Bulgaria,Nasko Sirakov,85,85,Normal
1986,1986-06-01,Group stage,Spain,Brazil,Brazil,not applicable Sócrates,62,62,Normal
1986,1986-06-01,Group stage,Canada,France,France,Jean-Pierre Papin,79,79,Normal
1986,1986-06-02,Group stage,Argentina,South Korea,Argentina,Jorge Valdano,6,6,Normal
1986,1986-06-02,Group stage,Argentina,South Korea,Argentina,Oscar Ruggeri,18,18,Normal
1986,1986-06-02,Group stage,Argentina,South Korea,Argentina,Jorge Valdano,46,46,Normal
1986,1986-06-02,Group stage,Argentina,South Korea,South Korea,Chang-sun Park,73,73,Normal
1986,1986-06-02,Group stage,Soviet Union,Hungary,Soviet Union,Pavel Yakovenko,2,2,Normal
1986,1986-06-02,Group stage,Soviet Union,Hungary,Soviet Union,Sergei Aleinikov,4,4,Normal
1986,1986-06-02,Group stage,Soviet Union,Hungary,Soviet Union,Ihor Belanov,24,24,Penalty
1986,1986-06-02,Group stage,Soviet Union,Hungary,Soviet Union,Ivan Yaremchuk,66,66,Normal
1986,1986-06-02,Group stage,Soviet Union,Hungary,Soviet Union,László Dajka,73,73,Own Goal
1986,1986-06-02,Group stage,Soviet Union,Hungary,Soviet Union,Sergey Rodionov,80,80,Normal
1986,1986-06-03,Group stage,Belgium,Mexico,Mexico,Fernando Quirarte,23,23,Normal
1986,1986-06-03,Group stage,Belgium,Mexico,Mexico,Hugo Sánchez,39,39,Normal
1986,1986-06-03,Group stage,Belgium,Mexico,Belgium,Erwin Vandenbergh,45,45,Normal
1986,1986-06-03,Group stage,Algeria,Northern Ireland,Northern Ireland,Norman Whiteside,6,6,Normal
1986,1986-06-03,Group stage,Algeria,Northern Ireland,Algeria,Djamel Zidane,59,59,Normal
1986,1986-06-03,Group stage,Portugal,England,Portugal,Carlos Manuel,75,75,Normal
1986,1986-06-04,Group stage,Paraguay,Iraq,Paraguay,Julio César Romero,35,35,Normal
1986,1986-06-04,Group stage,Uruguay,West Germany,Uruguay,Antonio Alzamendi,4,4,Normal
1986,1986-06-04,Group stage,Uruguay,West Germany,West Germany,Klaus Allofs,84,84,Normal
1986,1986-06-04,Group stage,Scotland,Denmark,Denmark,Preben Elkjær,57,57,Normal
1986,1986-06-05,Group stage,Italy,Argentina,Italy,Alessandro Altobelli,6,6,Penalty
1986,1986-06-05,Group stage,Italy,Argentina,Argentina,Diego Maradona,34,34,Normal
1986,1986-06-05,Group stage,France,Soviet Union,Soviet Union,Vasyl Rats,53,53,Normal
1986,1986-06-05,Group stage,France,Soviet Union,France,Luis Fernández,62,62,Normal
1986,1986-06-05,Group stage,South Korea,Bulgaria,Bulgaria,Plamen Getov,11,11,Normal
1986,1986-06-05,Group stage,South Korea,Bulgaria,South Korea,Jong-boo Kim,70,70,Normal
1986,1986-06-06,Group stage,Hungary,Canada,Hungary,Márton Esterházy,2,2,Normal
1986,1986-06-06,Group stage,Hungary,Canada,Hungary,Lajos Détári,75,75,Normal
1986,1986-06-06,Group stage,Brazil,Algeria,Brazil,not applicable Careca,66,66,Normal
1986,1986-06-07,Group stage,Mexico,Paraguay,Mexico,Luis Flores,3,3,Normal
1986,1986-06-07,Group stage,Mexico,Paraguay,Paraguay,Julio César Romero,85,85,Normal
1986,1986-06-07,Group stage,Northern Ireland,Spain,Spain,Emilio Butragueño,1,1,Normal
1986,1986-06-07,Group stage,Northern Ireland,Spain,Spain,Julio Salinas,18,18,Normal
1986,1986-06-07,Group stage,Northern Ireland,Spain,Northern Ireland,Colin Clarke,46,46,Normal
1986,1986-06-07,Group stage,Poland,Portugal,Poland,Włodzimierz Smolarek,68,68,Normal
1986,1986-06-08,Group stage,Iraq,Belgium,Belgium,Enzo Scifo,16,16,Normal
1986,1986-06-08,Group stage,Iraq,Belgium,Belgium,Nico Claesen,21,21,Penalty
1986,1986-06-08,Group stage,Iraq,Belgium,Iraq,Ahmed Radhi,59,59,Normal
1986,1986-06-08,Group stage,West Germany,Scotland,Scotland,Gordon Strachan,18,18,Normal
1986,1986-06-08,Group stage,West Germany,Scotland,West Germany,Rudi Völler,23,23,Normal
1986,1986-06-08,Group stage,West Germany,Scotland,West Germany,Klaus Allofs,49,49,Normal
1986,1986-06-08,Group stage,Denmark,Uruguay,Denmark,Preben Elkjær,11,11,Normal
1986,1986-06-08,Group stage,Denmark,Uruguay,Denmark,Søren Lerby,41,41,Normal
1986,1986-06-08,Group stage,Denmark,Uruguay,Uruguay,Enzo Francescoli,45,45,Penalty
1986,1986-06-08,Group stage,Denmark,Uruguay,Denmark,Michael Laudrup,52,52,Normal
1986,1986-06-08,Group stage,Denmark,Uruguay,Denmark,Preben Elkjær,67,67,Normal
1986,1986-06-08,Group stage,Denmark,Uruguay,Denmark,Preben Elkjær,80,80,Normal
1986,1986-06-08,Group stage,Denmark,Uruguay,Denmark,Jesper Olsen,88,88,Normal
1986,1986-06-09,Group stage,Hungary,France,France,Yannick Stopyra,29,29,Normal
1986,1986-06-09,Group stage,Hungary,France,France,Jean Tigana,62,62,Normal
1986,1986-06-09,Group stage,Hungary,France,France,Dominique Rocheteau,84,84,Normal
1986,1986-06-09,Group stage,Soviet Union,Canada,Soviet Union,Oleh Blokhin,58,58,Normal
1986,1986-06-09,Group stage,Soviet Union,Canada,Soviet Union,Oleksandr Zavarov,74,74,Normal
1986,1986-06-10,Group stage,Argentina,Bulgaria,Argentina,Jorge Valdano,4,4,Normal
1986,1986-06-10,Group stage,Argentina,Bulgaria,Argentina,Jorge Burruchaga,77,77,Normal
1986,1986-06-10,Group stage,South Korea,Italy,Italy,Alessandro Altobelli,17,17,Normal
1986,1986-06-10,Group stage,South Korea,Italy,South Korea,Soon-ho Choi,62,62,Normal
1986,1986-06-10,Group stage,South Korea,Italy,Italy,Alessandro Altobelli,73,73,Normal
1986,1986-06-10,Group stage,South Korea,Italy,Italy,Kwang-rae Cho,82,82,Own Goal
1986,1986-06-10,Group stage,South Korea,Italy,South Korea,Jung-moo Huh,83,83,Normal
1986,1986-06-11,Group stage,Iraq,Mexico,Mexico,Fernando Quirarte,54,54,Normal
1986,1986-06-11,Group stage,Paraguay,Belgium,Belgium,Franky Vercauteren,30,30,Normal
1986,1986-06-11,Group stage,Paraguay,Belgium,Paraguay,Roberto Cabañas,50,50,Normal
1986,1986-06-11,Group stage,Paraguay,Belgium,Belgium,Daniel Veyt,59,59,Normal
1986,1986-06-11,Group stage,Paraguay,Belgium,Paraguay,Roberto Cabañas,76,76,Normal
1986,1986-06-11,Group stage,England,Poland,England,Gary Lineker,9,9,Normal
1986,1986-06-11,Group stage,England,Poland,England,Gary Lineker,14,14,Normal
1986,1986-06-11,Group stage,England,Poland,England,Gary Lineker,34,34,Normal
1986,1986-06-11,Group stage,Portugal,Morocco,Morocco,Abderrazak Khairi,19,19,Normal
1986,1986-06-11,Group stage,Portugal,Morocco,Morocco,Abderrazak Khairi,26,26,Normal
1986,1986-06-11,Group stage,Portugal,Morocco,Morocco,Abdelkrim Merry,62,62,Normal
1986,1986-06-11,Group stage,Portugal,Morocco,Portugal,not applicable Diamantino,80,80,Normal
1986,1986-06-12,Group stage,Algeria,Spain,Spain,Ramón Calderé,15,15,Normal
1986,1986-06-12,Group stage,Algeria,Spain,Spain,Ramón Calderé,68,68,Normal
1986,1986-06-12,Group stage,Algeria,Spain,Spain,not applicable Eloy,70,70,Normal
1986,1986-06-12,Group stage,Northern Ireland,Brazil,Brazil,not applicable Careca,15,15,Normal
1986,1986-06-12,Group stage,Northern Ireland,Brazil,Brazil,not applicable Josimar,42,42,Normal
1986,1986-06-12,Group stage,Northern Ireland,Brazil,Brazil,not applicable Careca,87,87,Normal
1986,1986-06-13,Group stage,Denmark,West Germany,Denmark,Jesper Olsen,43,43,Penalty
1986,1986-06-13,Group stage,Denmark,West Germany,Denmark,John Eriksen,62,62,Normal
1986,1986-06-15,Round of 16,Mexico,Bulgaria,Mexico,Manuel Negrete,34,34,Normal
1986,1986-06-15,Round of 16,Mexico,Bulgaria,Mexico,Raúl Servín,61,61,Normal
1986,1986-06-15,Round of 16,Soviet Union,Belgium,Soviet Union,Ihor Belanov,27,27,Normal
1986,1986-06-15,Round of 16,Soviet Union,Belgium,Belgium,Enzo Scifo,56,56,Normal
1986,1986-06-15,Round of 16,Soviet Union,Belgium,Soviet Union,Ihor Belanov,70,70,Normal
1986,1986-06-15,Round of 16,Soviet Union,Belgium,Belgium,Jan Ceulemans,77,77,Normal
1986,1986-06-15,Round of 16,Soviet Union,Belgium,Belgium,Stéphane Demol,102,102,Normal
1986,1986-06-15,Round of 16,Soviet Union,Belgium,Belgium,Nico Claesen,110,110,Normal
1986,1986-06-15,Round of 16,Soviet Union,Belgium,Soviet Union,Ihor Belanov,111,111,Penalty
1986,1986-06-16,Round of 16,Brazil,Poland,Brazil,not applicable Sócrates,30,30,Penalty
1986,1986-06-16,Round of 16,Brazil,Poland,Brazil,not applicable Josimar,55,55,Normal
1986,1986-06-16,Round of 16,Brazil,Poland,Brazil,not applicable Edinho,79,79,Normal
1986,1986-06-16,Round of 16,Brazil,Poland,Brazil,not applicable Careca,83,83,Penalty
1986,1986-06-16,Round of 16,Argentina,Uruguay,Argentina,Pedro Pasculli,42,42,Normal
1986,1986-06-17,Round of 16,Italy,France,France,Michel Platini,15,15,Normal
1986,1986-06-17,Round of 16,Italy,France,France,Yannick Stopyra,57,57,Normal
1986,1986-06-17,Round of 16,Morocco,West Germany,West Germany,Lothar Matthäus,87,87,Normal
1986,1986-06-18,Round of 16,England,Paraguay,England,Gary Lineker,31,31,Normal
1986,1986-06-18,Round of 16,England,Paraguay,England,Peter Beardsley,56,56,Normal
1986,1986-06-18,Round of 16,England,Paraguay,England,Gary Lineker,73,73,Normal
1986,1986-06-18,Round of 16,Denmark,Spain,Denmark,Jesper Olsen,33,33,Penalty
1986,1986-06-18,Round of 16,Denmark,Spain,Spain,Emilio Butragueño,43,43,Normal
1986,1986-06-18,Round of 16,Denmark,Spain,Spain,Emilio Butragueño,56,56,Normal
1986,1986-06-18,Round of 16,Denmark,Spain,Spain,Andoni Goikoetxea,68,68,Penalty
1986,1986-06-18,Round of 16,Denmark,Spain,Spain,Emilio Butragueño,80,80,Normal
1986,1986-06-18,Round of 16,Denmark,Spain,Spain,Emilio Butragueño,88,88,Penalty
1986,1986-06-21,Quarter-finals,Brazil,France,Brazil,not applicable Careca,17,17,Normal
1986,1986-06-21,Quarter-finals,Brazil,France,France,Michel Platini,40,40,Normal
1986,1986-06-22,Quarter-finals,Argentina,England,Argentina,Diego Maradona,51,51,Normal
1986,1986-06-22,Quarter-finals,Argentina,England,Argentina,Diego Maradona,55,55,Normal
1986,1986-06-22,Quarter-finals,Argentina,England,England,Gary Lineker,81,81,Normal
1986,1986-06-22,Quarter-finals,Spain,Belgium,Belgium,Jan Ceulemans,35,35,Normal
1986,1986-06-22,Quarter-finals,Spain,Belgium,Spain,Juan Antonio Señor,85,85,Normal
1986,1986-06-25,Semi-finals,France,West Germany,West Germany,Andreas Brehme,9,9,Normal
1986,1986-06-25,Semi-finals,France,West Germany,West Germany,Rudi Völler,90,90,Normal
1986,1986-06-25,Semi-finals,Argentina,Belgium,Argentina,Diego Maradona,51,51,Normal
1986,1986-06-25,Semi-finals,Argentina,Belgium,Argentina,Diego Maradona,63,63,Normal
1986,1986-06-28,Third-place match,Belgium,France,Belgium,Jan Ceulemans,11,11,Normal
1986,1986-06-28,Third-place match,Belgium,France,France,Jean-Marc Ferreri,27,27,Normal
1986,1986-06-28,Third-place match,Belgium,France,France,Jean-Pierre Papin,43,43,Normal
1986,1986-06-28,Third-place match,Belgium,France,Belgium,Nico Claesen,73,73,Normal
1986,1986-06-28,Third-place match,Belgium,France,France,Bernard Genghini,104,104,Normal
1986,1986-06-28,Third-place match,Belgium,France,France,Manuel Amoros,111,111,Penalty
1986,1986-06-29,Final,Argentina,West Germany,Argentina,José Luis Brown,23,23,Normal
1986,1986-06-29,Final,Argentina,West Germany,Argentina,Jorge Valdano,56,56,Normal
1986,1986-06-29,Final,Argentina,West Germany,West Germany,Karl-Heinz Rummenigge,74,74,Normal
1986,1986-06-29,Final,Argentina,West Germany,West Germany,Rudi Völler,81,81,Normal
1986,1986-06-29,Final,Argentina,West Germany,Argentina,Jorge Burruchaga,84,84,Normal
1982,1982-06-13,Group stage,Argentina,Belgium,Belgium,Erwin Vandenbergh,62,62,Normal
1982,1982-06-14,Group stage,Brazil,Soviet Union,Soviet Union,Andriy Bal,34,34,Normal
1982,1982-06-14,Group stage,Brazil,Soviet Union,Brazil,not applicable Sócrates,75,75,Normal
1982,1982-06-14,Group stage,Brazil,Soviet Union,Brazil,not applicable Éder,88,88,Normal
1982,1982-06-15,Group stage,Hungary,El Salvador,Hungary,Tibor Nyilasi,4,4,Normal
1982,1982-06-15,Group stage,Hungary,El Salvador,Hungary,Gábor Pölöskei,11,11,Normal
1982,1982-06-15,Group stage,Hungary,El Salvador,Hungary,László Fazekas,23,23,Normal
1982,1982-06-15,Group stage,Hungary,El Salvador,Hungary,József Tóth,50,50,Normal
1982,1982-06-15,Group stage,Hungary,El Salvador,Hungary,László Fazekas,54,54,Normal
1982,1982-06-15,Group stage,Hungary,El Salvador,El Salvador,Luis Ramírez Zapata,64,64,Normal
1982,1982-06-15,Group stage,Hungary,El Salvador,Hungary,László Kiss,69,69,Normal
1982,1982-06-15,Group stage,Hungary,El Salvador,Hungary,Lázár Szentes,70,70,Normal
1982,1982-06-15,Group stage,Hungary,El Salvador,Hungary,László Kiss,72,72,Normal
1982,1982-06-15,Group stage,Hungary,El Salvador,Hungary,László Kiss,76,76,Normal
1982,1982-06-15,Group stage,Hungary,El Salvador,Hungary,Tibor Nyilasi,83,83,Normal
1982,1982-06-15,Group stage,Scotland,New Zealand,Scotland,Kenny Dalglish,18,18,Normal
1982,1982-06-15,Group stage,Scotland,New Zealand,Scotland,John Wark,29,29,Normal
1982,1982-06-15,Group stage,Scotland,New Zealand,Scotland,John Wark,32,32,Normal
1982,1982-06-15,Group stage,Scotland,New Zealand,New Zealand,Steve Sumner,54,54,Normal
1982,1982-06-15,Group stage,Scotland,New Zealand,New Zealand,Steve Wooddin,64,64,Normal
1982,1982-06-15,Group stage,Scotland,New Zealand,Scotland,John Robertson,73,73,Normal
1982,1982-06-15,Group stage,Scotland,New Zealand,Scotland,Steve Archibald,79,79,Normal
1982,1982-06-16,Group stage,West Germany,Algeria,Algeria,Rabah Madjer,54,54,Normal
1982,1982-06-16,Group stage,West Germany,Algeria,West Germany,Karl-Heinz Rummenigge,67,67,Normal
1982,1982-06-16,Group stage,West Germany,Algeria,Algeria,Lakhdar Belloumi,68,68,Normal
1982,1982-06-16,Group stage,England,France,England,Bryan Robson,1,1,Normal
1982,1982-06-16,Group stage,England,France,France,Gérard Soler,24,24,Normal
1982,1982-06-16,Group stage,England,France,England,Bryan Robson,67,67,Normal
1982,1982-06-16,Group stage,England,France,England,Paul Mariner,83,83,Normal
1982,1982-06-16,Group stage,Spain,Honduras,Honduras,Héctor Zelaya,8,8,Normal
1982,1982-06-16,Group stage,Spain,Honduras,Spain,Roberto López Ufarte,65,65,Penalty
1982,1982-06-17,Group stage,Chile,Austria,Austria,Walter Schachner,22,22,Normal
1982,1982-06-17,Group stage,Czechoslovakia,Kuwait,Czechoslovakia,Antonín Panenka,21,21,Penalty
1982,1982-06-17,Group stage,Czechoslovakia,Kuwait,Kuwait,Faisal Al-Dakhil,57,57,Normal
1982,1982-06-18,Group stage,Italy,Peru,Italy,Bruno Conti,18,18,Normal
1982,1982-06-18,Group stage,Italy,Peru,Peru,Rubén Toribio Díaz,83,83,Normal
1982,1982-06-18,Group stage,Argentina,Hungary,Argentina,Daniel Bertoni,26,26,Normal
1982,1982-06-18,Group stage,Argentina,Hungary,Argentina,Diego Maradona,28,28,Normal
1982,1982-06-18,Group stage,Argentina,Hungary,Argentina,Diego Maradona,57,57,Normal
1982,1982-06-18,Group stage,Argentina,Hungary,Argentina,Osvaldo Ardiles,60,60,Normal
1982,1982-06-18,Group stage,Argentina,Hungary,Hungary,Gábor Pölöskei,76,76,Normal
1982,1982-06-18,Group stage,Brazil,Scotland,Scotland,David Narey,18,18,Normal
1982,1982-06-18,Group stage,Brazil,Scotland,Brazil,not applicable Zico,33,33,Normal
1982,1982-06-18,Group stage,Brazil,Scotland,Brazil,not applicable Oscar,48,48,Normal
1982,1982-06-18,Group stage,Brazil,Scotland,Brazil,not applicable Éder,63,63,Normal
1982,1982-06-18,Group stage,Brazil,Scotland,Brazil,not applicable Falcão,87,87,Normal
1982,1982-06-19,Group stage,Belgium,El Salvador,Belgium,Ludo Coeck,19,19,Normal
1982,1982-06-19,Group stage,Soviet Union,New Zealand,Soviet Union,Yuri Gavrilov,24,24,Normal
1982,1982-06-19,Group stage,Soviet Union,New Zealand,Soviet Union,Oleh Blokhin,48,48,Normal
1982,1982-06-19,Group stage,Soviet Union,New Zealand,Soviet Union,Sergei Baltacha,68,68,Normal
1982,1982-06-20,Group stage,West Germany,Chile,West Germany,Karl-Heinz Rummenigge,9,9,Normal
1982,1982-06-20,Group stage,West Germany,Chile,West Germany,Karl-Heinz Rummenigge,57,57,Normal
1982,1982-06-20,Group stage,West Germany,Chile,West Germany,Karl-Heinz Rummenigge,66,66,Normal
1982,1982-06-20,Group stage,West Germany,Chile,West Germany,Uwe Reinders,81,81,Normal
1982,1982-06-20,Group stage,West Germany,Chile,Chile,Gustavo Moscoso,90,90,Normal
1982,1982-06-20,Group stage,England,Czechoslovakia,England,Trevor Francis,62,62,Normal
1982,1982-06-20,Group stage,England,Czechoslovakia,England,Jozef Barmoš,66,66,Own Goal
1982,1982-06-20,Group stage,Spain,Yugoslavia,Yugoslavia,Ivan Gudelj,10,10,Normal
1982,1982-06-20,Group stage,Spain,Yugoslavia,Spain,not applicable Juanito,14,14,Penalty
1982,1982-06-20,Group stage,Spain,Yugoslavia,Spain,Enrique Saura,66,66,Normal
1982,1982-06-21,Group stage,Algeria,Austria,Austria,Walter Schachner,55,55,Normal
1982,1982-06-21,Group stage,Algeria,Austria,Austria,Hans Krankl,67,67,Normal
1982,1982-06-21,Group stage,France,Kuwait,France,Bernard Genghini,31,31,Normal
1982,1982-06-21,Group stage,France,Kuwait,France,Michel Platini,43,43,Normal
1982,1982-06-21,Group stage,France,Kuwait,France,Didier Six,48,48,Normal
1982,1982-06-21,Group stage,France,Kuwait,Kuwait,Abdullah Al-Buloushi,75,75,Normal
1982,1982-06-21,Group stage,France,Kuwait,France,Maxime Bossis,89,89,Normal
1982,1982-06-21,Group stage,Honduras,Northern Ireland,Northern Ireland,Gerry Armstrong,10,10,Normal
1982,1982-06-21,Group stage,Honduras,Northern Ireland,Honduras,Antonio Laing,60,60,Normal
1982,1982-06-22,Group stage,Poland,Peru,Poland,Włodzimierz Smolarek,55,55,Normal
1982,1982-06-22,Group stage,Poland,Peru,Poland,Grzegorz Lato,58,58,Normal
1982,1982-06-22,Group stage,Poland,Peru,Poland,Zbigniew Boniek,61,61,Normal
1982,1982-06-22,Group stage,Poland,Peru,Poland,Andrzej Buncol,68,68,Normal
1982,1982-06-22,Group stage,Poland,Peru,Poland,Włodzimierz Ciołek,76,76,Normal
1982,1982-06-22,Group stage,Poland,Peru,Peru,Guillermo La Rosa,83,83,Normal
1982,1982-06-22,Group stage,Belgium,Hungary,Hungary,József Varga,27,27,Normal
1982,1982-06-22,Group stage,Belgium,Hungary,Belgium,Alexandre Czerniatynski,76,76,Normal
1982,1982-06-22,Group stage,Soviet Union,Scotland,Scotland,Joe Jordan,15,15,Normal
1982,1982-06-22,Group stage,Soviet Union,Scotland,Soviet Union,Aleksandr Chivadze,59,59,Normal
1982,1982-06-22,Group stage,Soviet Union,Scotland,Soviet Union,Ramaz Shengelia,84,84,Normal
1982,1982-06-22,Group stage,Soviet Union,Scotland,Scotland,Graeme Souness,86,86,Normal
1982,1982-06-23,Group stage,Italy,Cameroon,Italy,Francesco Graziani,60,60,Normal
1982,1982-06-23,Group stage,Italy,Cameroon,Cameroon,Grégoire M'Bida,61,61,Normal
1982,1982-06-23,Group stage,Argentina,El Salvador,Argentina,Daniel Passarella,22,22,Penalty
1982,1982-06-23,Group stage,Argentina,El Salvador,Argentina,Daniel Bertoni,54,54,Normal
1982,1982-06-23,Group stage,Brazil,New Zealand,Brazil,not applicable Zico,28,28,Normal
1982,1982-06-23,Group stage,Brazil,New Zealand,Brazil,not applicable Zico,31,31,Normal
1982,1982-06-23,Group stage,Brazil,New Zealand,Brazil,not applicable Falcão,64,64,Normal
1982,1982-06-23,Group stage,Brazil,New Zealand,Brazil,not applicable Serginho,70,70,Normal
1982,1982-06-24,Group stage,Algeria,Chile,Algeria,Salah Assad,7,7,Normal
1982,1982-06-24,Group stage,Algeria,Chile,Algeria,Salah Assad,31,31,Normal
1982,1982-06-24,Group stage,Algeria,Chile,Algeria,Tedj Bensaoula,35,35,Normal
1982,1982-06-24,Group stage,Algeria,Chile,Chile,Miguel Ángel Neira,59,59,Penalty
1982,1982-06-24,Group stage,Algeria,Chile,Chile,Juan Carlos Letelier,73,73,Normal
1982,1982-06-24,Group stage,France,Czechoslovakia,France,Didier Six,66,66,Normal
1982,1982-06-24,Group stage,France,Czechoslovakia,Czechoslovakia,Antonín Panenka,84,84,Penalty
1982,1982-06-24,Group stage,Honduras,Yugoslavia,Yugoslavia,Vladimir Petrović,88,88,Penalty
1982,1982-06-25,Group stage,West Germany,Austria,West Germany,Horst Hrubesch,10,10,Normal
1982,1982-06-25,Group stage,England,Kuwait,England,Trevor Francis,27,27,Normal
1982,1982-06-25,Group stage,Spain,Northern Ireland,Northern Ireland,Gerry Armstrong,47,47,Normal
1982,1982-06-28,Second group stage,Austria,France,France,Bernard Genghini,39,39,Normal
1982,1982-06-28,Second group stage,Poland,Belgium,Poland,Zbigniew Boniek,4,4,Normal
1982,1982-06-28,Second group stage,Poland,Belgium,Poland,Zbigniew Boniek,26,26,Normal
1982,1982-06-28,Second group stage,Poland,Belgium,Poland,Zbigniew Boniek,53,53,Normal
1982,1982-06-29,Second group stage,Italy,Argentina,Italy,Marco Tardelli,57,57,Normal
1982,1982-06-29,Second group stage,Italy,Argentina,Italy,Antonio Cabrini,67,67,Normal
1982,1982-06-29,Second group stage,Italy,Argentina,Argentina,Daniel Passarella,83,83,Normal
1982,1982-07-01,Second group stage,Austria,Northern Ireland,Northern Ireland,Billy Hamilton,27,27,Normal
1982,1982-07-01,Second group stage,Austria,Northern Ireland,Austria,Bruno Pezzey,50,50,Normal
1982,1982-07-01,Second group stage,Austria,Northern Ireland,Austria,Reinhold Hintermaier,68,68,Normal
1982,1982-07-01,Second group stage,Austria,Northern Ireland,Northern Ireland,Billy Hamilton,75,75,Normal
1982,1982-07-01,Second group stage,Belgium,Soviet Union,Soviet Union,Khoren Hovhannisyan,48,48,Normal
1982,1982-07-02,Second group stage,Argentina,Brazil,Brazil,not applicable Zico,11,11,Normal
1982,1982-07-02,Second group stage,Argentina,Brazil,Brazil,not applicable Serginho,66,66,Normal
1982,1982-07-02,Second group stage,Argentina,Brazil,Brazil,not applicable Júnior,75,75,Normal
1982,1982-07-02,Second group stage,Argentina,Brazil,Argentina,Ramón Díaz,89,89,Normal
1982,1982-07-02,Second group stage,West Germany,Spain,West Germany,Pierre Littbarski,50,50,Normal
1982,1982-07-02,Second group stage,West Germany,Spain,West Germany,Klaus Fischer,75,75,Normal
1982,1982-07-02,Second group stage,West Germany,Spain,Spain,Jesús María Zamora,82,82,Normal
1982,1982-07-04,Second group stage,France,Northern Ireland,France,Alain Giresse,33,33,Normal
1982,1982-07-04,Second group stage,France,Northern Ireland,France,Dominique Rocheteau,46,46,Normal
1982,1982-07-04,Second group stage,France,Northern Ireland,France,Dominique Rocheteau,68,68,Normal
1982,1982-07-04,Second group stage,France,Northern Ireland,Northern Ireland,Gerry Armstrong,75,75,Normal
1982,1982-07-04,Second group stage,France,Northern Ireland,France,Alain Giresse,80,80,Normal
1982,1982-07-05,Second group stage,Italy,Brazil,Italy,Paolo Rossi,5,5,Normal
1982,1982-07-05,Second group stage,Italy,Brazil,Brazil,not applicable Sócrates,12,12,Normal
1982,1982-07-05,Second group stage,Italy,Brazil,Italy,Paolo Rossi,25,25,Normal
1982,1982-07-05,Second group stage,Italy,Brazil,Brazil,not applicable Falcão,68,68,Normal
1982,1982-07-05,Second group stage,Italy,Brazil,Italy,Paolo Rossi,74,74,Normal
1982,1982-07-08,Semi-finals,Poland,Italy,Italy,Paolo Rossi,22,22,Normal
1982,1982-07-08,Semi-finals,Poland,Italy,Italy,Paolo Rossi,73,73,Normal
1982,1982-07-08,Semi-finals,West Germany,France,West Germany,Pierre Littbarski,17,17,Normal
1982,1982-07-08,Semi-finals,West Germany,France,France,Michel Platini,26,26,Penalty
1982,1982-07-08,Semi-finals,West Germany,France,France,Marius Trésor,92,92,Normal
1982,1982-07-08,Semi-finals,West Germany,France,France,Alain Giresse,98,98,Normal
1982,1982-07-08,Semi-finals,West Germany,France,West Germany,Karl-Heinz Rummenigge,102,102,Normal
1982,1982-07-08,Semi-finals,West Germany,France,West Germany,Klaus Fischer,108,108,Normal
1982,1982-07-10,Third-place match,Poland,France,France,René Girard,13,13,Normal
1982,1982-07-10,Third-place match,Poland,France,Poland,Andrzej Szarmach,40,40,Normal
1982,1982-07-10,Third-place match,Poland,France,Poland,Stefan Majewski,44,44,Normal
1982,1982-07-10,Third-place match,Poland,France,Poland,Janusz Kupcewicz,46,46,Normal
1982,1982-07-10,Third-place match,Poland,France,France,Alain Couriol,72,72,Normal
1982,1982-07-11,Final,Italy,West Germany,Italy,Paolo Rossi,57,57,Normal
1982,1982-07-11,Final,Italy,West Germany,Italy,Marco Tardelli,69,69,Normal
1982,1982-07-11,Final,Italy,West Germany,Italy,Alessandro Altobelli,81,81,Normal
1982,1982-07-11,Final,Italy,West Germany,West Germany,Paul Breitner,83,83,Normal
1978,1978-06-02,Group stage,Italy,France,France,Bernard Lacombe,1,1,Normal
1978,1978-06-02,Group stage,Italy,France,Italy,Paolo Rossi,29,29,Normal
1978,1978-06-02,Group stage,Italy,France,Italy,Renato Zaccarelli,54,54,Normal
1978,1978-06-02,Group stage,Tunisia,Mexico,Mexico,Arturo Vázquez Ayala,45,45,Penalty
1978,1978-06-02,Group stage,Tunisia,Mexico,Tunisia,Ali Kaabi,55,55,Normal
1978,1978-06-02,Group stage,Tunisia,Mexico,Tunisia,Néjib Ghommidh,79,79,Normal
1978,1978-06-02,Group stage,Tunisia,Mexico,Tunisia,Mokhtar Dhouib,87,87,Normal
1978,1978-06-02,Group stage,Argentina,Hungary,Hungary,Károly Csapó,9,9,Normal
1978,1978-06-02,Group stage,Argentina,Hungary,Argentina,Leopoldo Luque,14,14,Normal
1978,1978-06-02,Group stage,Argentina,Hungary,Argentina,Daniel Bertoni,83,83,Normal
1978,1978-06-03,Group stage,Austria,Spain,Austria,Walter Schachner,10,10,Normal
1978,1978-06-03,Group stage,Austria,Spain,Spain,not applicable Dani,21,21,Normal
1978,1978-06-03,Group stage,Austria,Spain,Austria,Hans Krankl,76,76,Normal
1978,1978-06-03,Group stage,Brazil,Sweden,Sweden,Thomas Sjöberg,37,37,Normal
1978,1978-06-03,Group stage,Brazil,Sweden,Brazil,not applicable Reinaldo,45,45,Normal
1978,1978-06-03,Group stage,Netherlands,Iran,Netherlands,Rob Rensenbrink,40,40,Penalty
1978,1978-06-03,Group stage,Netherlands,Iran,Netherlands,Rob Rensenbrink,62,62,Normal
1978,1978-06-03,Group stage,Netherlands,Iran,Netherlands,Rob Rensenbrink,78,78,Penalty
1978,1978-06-03,Group stage,Peru,Scotland,Scotland,Joe Jordan,14,14,Normal
1978,1978-06-03,Group stage,Peru,Scotland,Peru,César Cueto,43,43,Normal
1978,1978-06-03,Group stage,Peru,Scotland,Peru,Teófilo Cubillas,71,71,Normal
1978,1978-06-03,Group stage,Peru,Scotland,Peru,Teófilo Cubillas,77,77,Normal
1978,1978-06-06,Group stage,Italy,Hungary,Italy,Paolo Rossi,34,34,Normal
1978,1978-06-06,Group stage,Italy,Hungary,Italy,Roberto Bettega,35,35,Normal
1978,1978-06-06,Group stage,Italy,Hungary,Italy,Romeo Benetti,61,61,Normal
1978,1978-06-06,Group stage,Italy,Hungary,Hungary,András Tóth,81,81,Penalty
1978,1978-06-06,Group stage,Poland,Tunisia,Poland,Grzegorz Lato,43,43,Normal
1978,1978-06-06,Group stage,West Germany,Mexico,West Germany,Dieter Müller,15,15,Normal
1978,1978-06-06,Group stage,West Germany,Mexico,West Germany,Hansi Müller,30,30,Normal
1978,1978-06-06,Group stage,West Germany,Mexico,West Germany,Karl-Heinz Rummenigge,38,38,Normal
1978,1978-06-06,Group stage,West Germany,Mexico,West Germany,Heinz Flohe,44,44,Normal
1978,1978-06-06,Group stage,West Germany,Mexico,West Germany,Karl-Heinz Rummenigge,73,73,Normal
1978,1978-06-06,Group stage,West Germany,Mexico,West Germany,Heinz Flohe,89,89,Normal
1978,1978-06-06,Group stage,Argentina,France,Argentina,Daniel Passarella,45,45,Penalty
1978,1978-06-06,Group stage,Argentina,France,France,Michel Platini,60,60,Normal
1978,1978-06-06,Group stage,Argentina,France,Argentina,Leopoldo Luque,73,73,Normal
1978,1978-06-07,Group stage,Austria,Sweden,Austria,Hans Krankl,42,42,Penalty
1978,1978-06-07,Group stage,Scotland,Iran,Scotland,Andranik Eskandarian,43,43,Own Goal
1978,1978-06-07,Group stage,Scotland,Iran,Iran,Iraj Danaeifard,60,60,Normal
1978,1978-06-10,Group stage,France,Hungary,France,Christian Lopez,23,23,Normal
1978,1978-06-10,Group stage,France,Hungary,France,Marc Berdoll,38,38,Normal
1978,1978-06-10,Group stage,France,Hungary,Hungary,Sándor Zombori,41,41,Normal
1978,1978-06-10,Group stage,France,Hungary,France,Dominique Rocheteau,42,42,Normal
1978,1978-06-10,Group stage,Poland,Mexico,Poland,Zbigniew Boniek,43,43,Normal
1978,1978-06-10,Group stage,Poland,Mexico,Mexico,Víctor Rangel,52,52,Normal
1978,1978-06-10,Group stage,Poland,Mexico,Poland,Kazimierz Deyna,56,56,Normal
1978,1978-06-10,Group stage,Poland,Mexico,Poland,Zbigniew Boniek,84,84,Normal
1978,1978-06-10,Group stage,Argentina,Italy,Italy,Roberto Bettega,67,67,Normal
1978,1978-06-11,Group stage,Brazil,Austria,Brazil,Roberto Dinamite,40,40,Normal
1978,1978-06-11,Group stage,Spain,Sweden,Spain,Juan Manuel Asensi,75,75,Normal
1978,1978-06-11,Group stage,Peru,Iran,Peru,José Velásquez,2,2,Normal
1978,1978-06-11,Group stage,Peru,Iran,Peru,Teófilo Cubillas,36,36,Penalty
1978,1978-06-11,Group stage,Peru,Iran,Peru,Teófilo Cubillas,39,39,Penalty
1978,1978-06-11,Group stage,Peru,Iran,Iran,Hassan Roshan,41,41,Normal
1978,1978-06-11,Group stage,Peru,Iran,Peru,Teófilo Cubillas,79,79,Normal
1978,1978-06-11,Group stage,Scotland,Netherlands,Netherlands,Rob Rensenbrink,34,34,Penalty
1978,1978-06-11,Group stage,Scotland,Netherlands,Scotland,Kenny Dalglish,45,45,Normal
1978,1978-06-11,Group stage,Scotland,Netherlands,Scotland,Archie Gemmill,46,46,Penalty
1978,1978-06-11,Group stage,Scotland,Netherlands,Scotland,Archie Gemmill,68,68,Normal
1978,1978-06-11,Group stage,Scotland,Netherlands,Netherlands,Johnny Rep,71,71,Normal
1978,1978-06-14,Second group stage,Austria,Netherlands,Netherlands,Ernie Brandts,6,6,Normal
1978,1978-06-14,Second group stage,Austria,Netherlands,Netherlands,Rob Rensenbrink,35,35,Penalty
1978,1978-06-14,Second group stage,Austria,Netherlands,Netherlands,Johnny Rep,36,36,Normal
1978,1978-06-14,Second group stage,Austria,Netherlands,Netherlands,Johnny Rep,53,53,Normal
1978,1978-06-14,Second group stage,Austria,Netherlands,Austria,Erich Obermayer,80,80,Normal
1978,1978-06-14,Second group stage,Austria,Netherlands,Netherlands,Willy van de Kerkhof,82,82,Normal
1978,1978-06-14,Second group stage,Brazil,Peru,Brazil,not applicable Dirceu,15,15,Normal
1978,1978-06-14,Second group stage,Brazil,Peru,Brazil,not applicable Dirceu,27,27,Normal
1978,1978-06-14,Second group stage,Brazil,Peru,Brazil,not applicable Zico,72,72,Penalty
1978,1978-06-14,Second group stage,Argentina,Poland,Argentina,Mario Kempes,16,16,Normal
1978,1978-06-14,Second group stage,Argentina,Poland,Argentina,Mario Kempes,71,71,Normal
1978,1978-06-18,Second group stage,Peru,Poland,Poland,Andrzej Szarmach,65,65,Normal
1978,1978-06-18,Second group stage,Italy,Austria,Italy,Paolo Rossi,13,13,Normal
1978,1978-06-18,Second group stage,Netherlands,West Germany,West Germany,Rüdiger Abramczik,3,3,Normal
1978,1978-06-18,Second group stage,Netherlands,West Germany,Netherlands,Arie Haan,27,27,Normal
1978,1978-06-18,Second group stage,Netherlands,West Germany,West Germany,Dieter Müller,70,70,Normal
1978,1978-06-18,Second group stage,Netherlands,West Germany,Netherlands,René van de Kerkhof,82,82,Normal
1978,1978-06-21,Second group stage,Austria,West Germany,West Germany,Karl-Heinz Rummenigge,19,19,Normal
1978,1978-06-21,Second group stage,Austria,West Germany,Austria,Berti Vogts,59,59,Own Goal
1978,1978-06-21,Second group stage,Austria,West Germany,Austria,Hans Krankl,66,66,Normal
1978,1978-06-21,Second group stage,Austria,West Germany,West Germany,Bernd Hölzenbein,68,68,Normal
1978,1978-06-21,Second group stage,Austria,West Germany,Austria,Hans Krankl,87,87,Normal
1978,1978-06-21,Second group stage,Italy,Netherlands,Italy,Ernie Brandts,19,19,Own Goal
1978,1978-06-21,Second group stage,Italy,Netherlands,Netherlands,Ernie Brandts,49,49,Normal
1978,1978-06-21,Second group stage,Italy,Netherlands,Netherlands,Arie Haan,76,76,Normal
1978,1978-06-21,Second group stage,Brazil,Poland,Brazil,not applicable Nelinho,13,13,Normal
1978,1978-06-21,Second group stage,Brazil,Poland,Poland,Grzegorz Lato,45,45,Normal
1978,1978-06-21,Second group stage,Brazil,Poland,Brazil,Roberto Dinamite,58,58,Normal
1978,1978-06-21,Second group stage,Brazil,Poland,Brazil,Roberto Dinamite,63,63,Normal
1978,1978-06-21,Second group stage,Argentina,Peru,Argentina,Mario Kempes,21,21,Normal
1978,1978-06-21,Second group stage,Argentina,Peru,Argentina,Alberto Tarantini,43,43,Normal
1978,1978-06-21,Second group stage,Argentina,Peru,Argentina,Mario Kempes,49,49,Normal
1978,1978-06-21,Second group stage,Argentina,Peru,Argentina,Leopoldo Luque,50,50,Normal
1978,1978-06-21,Second group stage,Argentina,Peru,Argentina,René Houseman,67,67,Normal
1978,1978-06-21,Second group stage,Argentina,Peru,Argentina,Leopoldo Luque,72,72,Normal
1978,1978-06-24,Third-place match,Brazil,Italy,Italy,Franco Causio,38,38,Normal
1978,1978-06-24,Third-place match,Brazil,Italy,Brazil,not applicable Nelinho,64,64,Normal
1978,1978-06-24,Third-place match,Brazil,Italy,Brazil,not applicable Dirceu,71,71,Normal
1978,1978-06-25,Final,Argentina,Netherlands,Argentina,Mario Kempes,38,38,Normal
1978,1978-06-25,Final,Argentina,Netherlands,Netherlands,Dick Nanninga,82,82,Normal
1978,1978-06-25,Final,Argentina,Netherlands,Argentina,Mario Kempes,105,105,Normal
1978,1978-06-25,Final,Argentina,Netherlands,Argentina,Daniel Bertoni,115,115,Normal
1974,1974-06-14,Group stage,West Germany,Chile,West Germany,Paul Breitner,18,18,Normal
1974,1974-06-14,Group stage,East Germany,Australia,East Germany,Colin Curran,58,58,Own Goal
1974,1974-06-14,Group stage,East Germany,Australia,East Germany,Joachim Streich,72,72,Normal
1974,1974-06-14,Group stage,Zaire,Scotland,Scotland,Peter Lorimer,26,26,Normal
1974,1974-06-14,Group stage,Zaire,Scotland,Scotland,Joe Jordan,34,34,Normal
1974,1974-06-15,Group stage,Uruguay,Netherlands,Netherlands,Johnny Rep,7,7,Normal
1974,1974-06-15,Group stage,Uruguay,Netherlands,Netherlands,Johnny Rep,86,86,Normal
1974,1974-06-15,Group stage,Italy,Haiti,Haiti,Emmanuel Sanon,46,46,Normal
1974,1974-06-15,Group stage,Italy,Haiti,Italy,Gianni Rivera,52,52,Normal
1974,1974-06-15,Group stage,Italy,Haiti,Italy,Romeo Benetti,66,66,Normal
1974,1974-06-15,Group stage,Italy,Haiti,Italy,Pietro Anastasi,79,79,Normal
1974,1974-06-15,Group stage,Poland,Argentina,Poland,Grzegorz Lato,7,7,Normal
1974,1974-06-15,Group stage,Poland,Argentina,Poland,Andrzej Szarmach,8,8,Normal
1974,1974-06-15,Group stage,Poland,Argentina,Argentina,Ramón Heredia,60,60,Normal
1974,1974-06-15,Group stage,Poland,Argentina,Poland,Grzegorz Lato,62,62,Normal
1974,1974-06-15,Group stage,Poland,Argentina,Argentina,Carlos Babington,66,66,Normal
1974,1974-06-18,Group stage,Australia,West Germany,West Germany,Wolfgang Overath,12,12,Normal
1974,1974-06-18,Group stage,Australia,West Germany,West Germany,Bernhard Cullmann,34,34,Normal
1974,1974-06-18,Group stage,Australia,West Germany,West Germany,Gerd Müller,53,53,Normal
1974,1974-06-18,Group stage,Chile,East Germany,East Germany,Martin Hoffmann,55,55,Normal
1974,1974-06-18,Group stage,Chile,East Germany,Chile,Sergio Ahumada,69,69,Normal
1974,1974-06-18,Group stage,Yugoslavia,Zaire,Yugoslavia,Dušan Bajević,8,8,Normal
1974,1974-06-18,Group stage,Yugoslavia,Zaire,Yugoslavia,Dragan Džajić,14,14,Normal
1974,1974-06-18,Group stage,Yugoslavia,Zaire,Yugoslavia,Ivica Šurjak,18,18,Normal
1974,1974-06-18,Group stage,Yugoslavia,Zaire,Yugoslavia,Josip Katalinski,22,22,Normal
1974,1974-06-18,Group stage,Yugoslavia,Zaire,Yugoslavia,Dušan Bajević,30,30,Normal
1974,1974-06-18,Group stage,Yugoslavia,Zaire,Yugoslavia,Vladislav Bogićević,35,35,Normal
1974,1974-06-18,Group stage,Yugoslavia,Zaire,Yugoslavia,Branko Oblak,61,61,Normal
1974,1974-06-18,Group stage,Yugoslavia,Zaire,Yugoslavia,Ilija Petković,65,65,Normal
1974,1974-06-18,Group stage,Yugoslavia,Zaire,Yugoslavia,Dušan Bajević,81,81,Normal
1974,1974-06-19,Group stage,Bulgaria,Uruguay,Bulgaria,Hristo Bonev,75,75,Normal
1974,1974-06-19,Group stage,Bulgaria,Uruguay,Uruguay,Ricardo Pavoni,87,87,Normal
1974,1974-06-19,Group stage,Argentina,Italy,Argentina,René Houseman,20,20,Normal
1974,1974-06-19,Group stage,Argentina,Italy,Italy,Roberto Perfumo,35,35,Own Goal
1974,1974-06-19,Group stage,Haiti,Poland,Poland,Grzegorz Lato,17,17,Normal
1974,1974-06-19,Group stage,Haiti,Poland,Poland,Kazimierz Deyna,18,18,Normal
1974,1974-06-19,Group stage,Haiti,Poland,Poland,Andrzej Szarmach,30,30,Normal
1974,1974-06-19,Group stage,Haiti,Poland,Poland,Jerzy Gorgoń,31,31,Normal
1974,1974-06-19,Group stage,Haiti,Poland,Poland,Andrzej Szarmach,34,34,Normal
1974,1974-06-19,Group stage,Haiti,Poland,Poland,Andrzej Szarmach,50,50,Normal
1974,1974-06-19,Group stage,Haiti,Poland,Poland,Grzegorz Lato,87,87,Normal
1974,1974-06-22,Group stage,Scotland,Yugoslavia,Yugoslavia,Stanislav Karasi,81,81,Normal
1974,1974-06-22,Group stage,Scotland,Yugoslavia,Scotland,Joe Jordan,88,88,Normal
1974,1974-06-22,Group stage,Zaire,Brazil,Brazil,not applicable Jairzinho,12,12,Normal
1974,1974-06-22,Group stage,Zaire,Brazil,Brazil,not applicable Rivellino,66,66,Normal
1974,1974-06-22,Group stage,Zaire,Brazil,Brazil,not applicable Valdomiro,79,79,Normal
1974,1974-06-22,Group stage,East Germany,West Germany,East Germany,Jürgen Sparwasser,77,77,Normal
1974,1974-06-23,Group stage,Bulgaria,Netherlands,Netherlands,Johan Neeskens,5,5,Penalty
1974,1974-06-23,Group stage,Bulgaria,Netherlands,Netherlands,Johan Neeskens,44,44,Penalty
1974,1974-06-23,Group stage,Bulgaria,Netherlands,Netherlands,Johnny Rep,71,71,Normal
1974,1974-06-23,Group stage,Bulgaria,Netherlands,Bulgaria,Ruud Krol,78,78,Own Goal
1974,1974-06-23,Group stage,Bulgaria,Netherlands,Netherlands,Theo de Jong,88,88,Normal
1974,1974-06-23,Group stage,Sweden,Uruguay,Sweden,Ralf Edström,46,46,Normal
1974,1974-06-23,Group stage,Sweden,Uruguay,Sweden,Roland Sandberg,74,74,Normal
1974,1974-06-23,Group stage,Sweden,Uruguay,Sweden,Ralf Edström,77,77,Normal
1974,1974-06-23,Group stage,Argentina,Haiti,Argentina,Héctor Yazalde,15,15,Normal
1974,1974-06-23,Group stage,Argentina,Haiti,Argentina,René Houseman,18,18,Normal
1974,1974-06-23,Group stage,Argentina,Haiti,Argentina,Rubén Ayala,55,55,Normal
1974,1974-06-23,Group stage,Argentina,Haiti,Haiti,Emmanuel Sanon,63,63,Normal
1974,1974-06-23,Group stage,Argentina,Haiti,Argentina,Héctor Yazalde,68,68,Normal
1974,1974-06-23,Group stage,Poland,Italy,Poland,Andrzej Szarmach,38,38,Normal
1974,1974-06-23,Group stage,Poland,Italy,Poland,Kazimierz Deyna,44,44,Normal
1974,1974-06-23,Group stage,Poland,Italy,Italy,Fabio Capello,85,85,Normal
1974,1974-06-26,Second group stage,Yugoslavia,West Germany,West Germany,Paul Breitner,39,39,Normal
1974,1974-06-26,Second group stage,Yugoslavia,West Germany,West Germany,Gerd Müller,82,82,Normal
1974,1974-06-26,Second group stage,Brazil,East Germany,Brazil,not applicable Rivellino,60,60,Normal
1974,1974-06-26,Second group stage,Netherlands,Argentina,Netherlands,Johan Cruyff,11,11,Normal
1974,1974-06-26,Second group stage,Netherlands,Argentina,Netherlands,Ruud Krol,25,25,Normal
1974,1974-06-26,Second group stage,Netherlands,Argentina,Netherlands,Johnny Rep,73,73,Normal
1974,1974-06-26,Second group stage,Netherlands,Argentina,Netherlands,Johan Cruyff,90,90,Normal
1974,1974-06-26,Second group stage,Sweden,Poland,Poland,Grzegorz Lato,43,43,Normal
1974,1974-06-30,Second group stage,Argentina,Brazil,Brazil,not applicable Rivellino,32,32,Normal
1974,1974-06-30,Second group stage,Argentina,Brazil,Argentina,Miguel Ángel Brindisi,35,35,Normal
1974,1974-06-30,Second group stage,Argentina,Brazil,Brazil,not applicable Jairzinho,49,49,Normal
1974,1974-06-30,Second group stage,East Germany,Netherlands,Netherlands,Johan Neeskens,7,7,Normal
1974,1974-06-30,Second group stage,East Germany,Netherlands,Netherlands,Rob Rensenbrink,59,59,Normal
1974,1974-06-30,Second group stage,Poland,Yugoslavia,Poland,Kazimierz Deyna,24,24,Penalty
1974,1974-06-30,Second group stage,Poland,Yugoslavia,Yugoslavia,Stanislav Karasi,43,43,Normal
1974,1974-06-30,Second group stage,Poland,Yugoslavia,Poland,Grzegorz Lato,62,62,Normal
1974,1974-06-30,Second group stage,West Germany,Sweden,Sweden,Ralf Edström,24,24,Normal
1974,1974-06-30,Second group stage,West Germany,Sweden,West Germany,Wolfgang Overath,51,51,Normal
1974,1974-06-30,Second group stage,West Germany,Sweden,West Germany,Rainer Bonhof,52,52,Normal
1974,1974-06-30,Second group stage,West Germany,Sweden,Sweden,Roland Sandberg,53,53,Normal
1974,1974-06-30,Second group stage,West Germany,Sweden,West Germany,Jürgen Grabowski,76,76,Normal
1974,1974-06-30,Second group stage,West Germany,Sweden,West Germany,Uli Hoeneß,89,89,Penalty
1974,1974-07-03,Second group stage,Poland,West Germany,West Germany,Gerd Müller,76,76,Normal
1974,1974-07-03,Second group stage,Argentina,East Germany,East Germany,Joachim Streich,14,14,Normal
1974,1974-07-03,Second group stage,Argentina,East Germany,Argentina,René Houseman,20,20,Normal
1974,1974-07-03,Second group stage,Netherlands,Brazil,Netherlands,Johan Neeskens,50,50,Normal
1974,1974-07-03,Second group stage,Netherlands,Brazil,Netherlands,Johan Cruyff,65,65,Normal
1974,1974-07-03,Second group stage,Sweden,Yugoslavia,Yugoslavia,Ivica Šurjak,27,27,Normal
1974,1974-07-03,Second group stage,Sweden,Yugoslavia,Sweden,Ralf Edström,29,29,Normal
1974,1974-07-03,Second group stage,Sweden,Yugoslavia,Sweden,Conny Torstensson,85,85,Normal
1974,1974-07-06,Third-place match,Brazil,Poland,Poland,Grzegorz Lato,76,76,Normal
1974,1974-07-07,Final,Netherlands,West Germany,Netherlands,Johan Neeskens,2,2,Penalty
1974,1974-07-07,Final,Netherlands,West Germany,West Germany,Paul Breitner,25,25,Penalty
1974,1974-07-07,Final,Netherlands,West Germany,West Germany,Gerd Müller,43,43,Normal
1970,1970-06-02,Group stage,Uruguay,Israel,Uruguay,Ildo Maneiro,23,23,Normal
1970,1970-06-02,Group stage,Uruguay,Israel,Uruguay,Juan Mujica,50,50,Normal
1970,1970-06-02,Group stage,England,Romania,England,Geoff Hurst,65,65,Normal
1970,1970-06-02,Group stage,Peru,Bulgaria,Bulgaria,Dinko Dermendzhiev,13,13,Normal
1970,1970-06-02,Group stage,Peru,Bulgaria,Bulgaria,Hristo Bonev,49,49,Normal
1970,1970-06-02,Group stage,Peru,Bulgaria,Peru,Alberto Gallardo,50,50,Normal
1970,1970-06-02,Group stage,Peru,Bulgaria,Peru,Héctor Chumpitaz,55,55,Normal
1970,1970-06-02,Group stage,Peru,Bulgaria,Peru,Teófilo Cubillas,73,73,Normal
1970,1970-06-03,Group stage,Belgium,El Salvador,Belgium,Wilfried Van Moer,12,12,Normal
1970,1970-06-03,Group stage,Belgium,El Salvador,Belgium,Wilfried Van Moer,54,54,Normal
1970,1970-06-03,Group stage,Belgium,El Salvador,Belgium,Raoul Lambert,76,76,Penalty
1970,1970-06-03,Group stage,Italy,Sweden,Italy,Angelo Domenghini,10,10,Normal
1970,1970-06-03,Group stage,Brazil,Czechoslovakia,Czechoslovakia,Ladislav Petráš,11,11,Normal
1970,1970-06-03,Group stage,Brazil,Czechoslovakia,Brazil,not applicable Rivellino,24,24,Normal
1970,1970-06-03,Group stage,Brazil,Czechoslovakia,Brazil,not applicable Pelé,59,59,Normal
1970,1970-06-03,Group stage,Brazil,Czechoslovakia,Brazil,not applicable Jairzinho,61,61,Normal
1970,1970-06-03,Group stage,Brazil,Czechoslovakia,Brazil,not applicable Jairzinho,83,83,Normal
1970,1970-06-03,Group stage,West Germany,Morocco,Morocco,Houmane Jarir,21,21,Normal
1970,1970-06-03,Group stage,West Germany,Morocco,West Germany,Uwe Seeler,56,56,Normal
1970,1970-06-03,Group stage,West Germany,Morocco,West Germany,Gerd Müller,80,80,Normal
1970,1970-06-06,Group stage,Soviet Union,Belgium,Soviet Union,Anatoliy Byshovets,14,14,Normal
1970,1970-06-06,Group stage,Soviet Union,Belgium,Soviet Union,Kakhi Asatiani,57,57,Normal
1970,1970-06-06,Group stage,Soviet Union,Belgium,Soviet Union,Anatoliy Byshovets,63,63,Normal
1970,1970-06-06,Group stage,Soviet Union,Belgium,Soviet Union,Vitaly Khmelnitsky,76,76,Normal
1970,1970-06-06,Group stage,Soviet Union,Belgium,Belgium,Raoul Lambert,86,86,Normal
1970,1970-06-06,Group stage,Romania,Czechoslovakia,Czechoslovakia,Ladislav Petráš,5,5,Normal
1970,1970-06-06,Group stage,Romania,Czechoslovakia,Romania,Alexandru Neagu,52,52,Normal
1970,1970-06-06,Group stage,Romania,Czechoslovakia,Romania,Florea Dumitrache,75,75,Penalty
1970,1970-06-06,Group stage,Peru,Morocco,Peru,Teófilo Cubillas,65,65,Normal
1970,1970-06-06,Group stage,Peru,Morocco,Peru,Roberto Challe,67,67,Normal
1970,1970-06-06,Group stage,Peru,Morocco,Peru,Teófilo Cubillas,75,75,Normal
1970,1970-06-07,Group stage,Mexico,El Salvador,Mexico,Javier Valdivia,45,45,Normal
1970,1970-06-07,Group stage,Mexico,El Salvador,Mexico,Javier Valdivia,46,46,Normal
1970,1970-06-07,Group stage,Mexico,El Salvador,Mexico,Javier Fragoso,58,58,Normal
1970,1970-06-07,Group stage,Mexico,El Salvador,Mexico,Juan Ignacio Basaguren,83,83,Normal
1970,1970-06-07,Group stage,Sweden,Israel,Sweden,Tom Turesson,53,53,Normal
1970,1970-06-07,Group stage,Sweden,Israel,Israel,Mordechai Spiegler,56,56,Normal
1970,1970-06-07,Group stage,Brazil,England,Brazil,not applicable Jairzinho,59,59,Normal
1970,1970-06-07,Group stage,West Germany,Bulgaria,Bulgaria,Asparuh Nikodimov,12,12,Normal
1970,1970-06-07,Group stage,West Germany,Bulgaria,West Germany,Reinhard Libuda,20,20,Normal
1970,1970-06-07,Group stage,West Germany,Bulgaria,West Germany,Gerd Müller,27,27,Normal
1970,1970-06-07,Group stage,West Germany,Bulgaria,West Germany,Gerd Müller,52,52,Penalty
1970,1970-06-07,Group stage,West Germany,Bulgaria,West Germany,Uwe Seeler,67,67,Normal
1970,1970-06-07,Group stage,West Germany,Bulgaria,West Germany,Gerd Müller,88,88,Normal
1970,1970-06-07,Group stage,West Germany,Bulgaria,Bulgaria,Todor Kolev,89,89,Normal
1970,1970-06-10,Group stage,Soviet Union,El Salvador,Soviet Union,Anatoliy Byshovets,51,51,Normal
1970,1970-06-10,Group stage,Soviet Union,El Salvador,Soviet Union,Anatoliy Byshovets,74,74,Normal
1970,1970-06-10,Group stage,Sweden,Uruguay,Sweden,Ove Grahn,90,90,Normal
1970,1970-06-10,Group stage,Brazil,Romania,Brazil,not applicable Pelé,19,19,Normal
1970,1970-06-10,Group stage,Brazil,Romania,Brazil,not applicable Jairzinho,22,22,Normal
1970,1970-06-10,Group stage,Brazil,Romania,Romania,Florea Dumitrache,34,34,Normal
1970,1970-06-10,Group stage,Brazil,Romania,Brazil,not applicable Pelé,67,67,Normal
1970,1970-06-10,Group stage,Brazil,Romania,Romania,Emerich Dembrovschi,84,84,Normal
1970,1970-06-10,Group stage,West Germany,Peru,West Germany,Gerd Müller,19,19,Normal
1970,1970-06-10,Group stage,West Germany,Peru,West Germany,Gerd Müller,26,26,Normal
1970,1970-06-10,Group stage,West Germany,Peru,West Germany,Gerd Müller,39,39,Normal
1970,1970-06-10,Group stage,West Germany,Peru,Peru,Teófilo Cubillas,44,44,Normal
1970,1970-06-11,Group stage,Mexico,Belgium,Mexico,Gustavo Peña,14,14,Penalty
1970,1970-06-11,Group stage,England,Czechoslovakia,England,Allan Clarke,50,50,Penalty
1970,1970-06-11,Group stage,Bulgaria,Morocco,Bulgaria,Dobromir Zhechev,40,40,Normal
1970,1970-06-11,Group stage,Bulgaria,Morocco,Morocco,Maouhoub Ghazouani,61,61,Normal
1970,1970-06-14,Quarter-finals,Brazil,Peru,Brazil,not applicable Rivellino,11,11,Normal
1970,1970-06-14,Quarter-finals,Brazil,Peru,Brazil,not applicable Tostão,15,15,Normal
1970,1970-06-14,Quarter-finals,Brazil,Peru,Peru,Alberto Gallardo,28,28,Normal
1970,1970-06-14,Quarter-finals,Brazil,Peru,Brazil,not applicable Tostão,52,52,Normal
1970,1970-06-14,Quarter-finals,Brazil,Peru,Peru,Teófilo Cubillas,70,70,Normal
1970,1970-06-14,Quarter-finals,Brazil,Peru,Brazil,not applicable Jairzinho,75,75,Normal
1970,1970-06-14,Quarter-finals,Italy,Mexico,Mexico,José Luis González,13,13,Normal
1970,1970-06-14,Quarter-finals,Italy,Mexico,Italy,Javier Guzmán,25,25,Own Goal
1970,1970-06-14,Quarter-finals,Italy,Mexico,Italy,Gigi Riva,63,63,Normal
1970,1970-06-14,Quarter-finals,Italy,Mexico,Italy,Gianni Rivera,70,70,Normal
1970,1970-06-14,Quarter-finals,Italy,Mexico,Italy,Gigi Riva,76,76,Normal
1970,1970-06-14,Quarter-finals,Soviet Union,Uruguay,Uruguay,Víctor Espárrago,117,117,Normal
1970,1970-06-14,Quarter-finals,West Germany,England,England,Alan Mullery,31,31,Normal
1970,1970-06-14,Quarter-finals,West Germany,England,England,Martin Peters,49,49,Normal
1970,1970-06-14,Quarter-finals,West Germany,England,West Germany,Franz Beckenbauer,68,68,Normal
1970,1970-06-14,Quarter-finals,West Germany,England,West Germany,Uwe Seeler,82,82,Normal
1970,1970-06-14,Quarter-finals,West Germany,England,West Germany,Gerd Müller,108,108,Normal
1970,1970-06-17,Semi-finals,Brazil,Uruguay,Uruguay,Luis Cubilla,19,19,Normal
1970,1970-06-17,Semi-finals,Brazil,Uruguay,Brazil,not applicable Clodoaldo,44,44,Normal
1970,1970-06-17,Semi-finals,Brazil,Uruguay,Brazil,not applicable Jairzinho,76,76,Normal
1970,1970-06-17,Semi-finals,Brazil,Uruguay,Brazil,not applicable Rivellino,89,89,Normal
1970,1970-06-17,Semi-finals,Italy,West Germany,Italy,Roberto Boninsegna,8,8,Normal
1970,1970-06-17,Semi-finals,Italy,West Germany,West Germany,Karl-Heinz Schnellinger,90,90,Normal
1970,1970-06-17,Semi-finals,Italy,West Germany,West Germany,Gerd Müller,94,94,Normal
1970,1970-06-17,Semi-finals,Italy,West Germany,Italy,Tarcisio Burgnich,98,98,Normal
1970,1970-06-17,Semi-finals,Italy,West Germany,Italy,Gigi Riva,104,104,Normal
1970,1970-06-17,Semi-finals,Italy,West Germany,West Germany,Gerd Müller,110,110,Normal
1970,1970-06-17,Semi-finals,Italy,West Germany,Italy,Gianni Rivera,111,111,Normal
1970,1970-06-20,Third-place match,West Germany,Uruguay,West Germany,Wolfgang Overath,26,26,Normal
1970,1970-06-21,Final,Brazil,Italy,Brazil,not applicable Pelé,18,18,Normal
1970,1970-06-21,Final,Brazil,Italy,Italy,Roberto Boninsegna,37,37,Normal
1970,1970-06-21,Final,Brazil,Italy,Brazil,not applicable Gérson,66,66,Normal
1970,1970-06-21,Final,Brazil,Italy,Brazil,not applicable Jairzinho,71,71,Normal
1970,1970-06-21,Final,Brazil,Italy,Brazil,Carlos Alberto,86,86,Normal
1966,1966-07-12,Group stage,West Germany,Switzerland,West Germany,Sigfried Held,16,16,Normal
1966,1966-07-12,Group stage,West Germany,Switzerland,West Germany,Helmut Haller,21,21,Normal
1966,1966-07-12,Group stage,West Germany,Switzerland,West Germany,Franz Beckenbauer,40,40,Normal
1966,1966-07-12,Group stage,West Germany,Switzerland,West Germany,Franz Beckenbauer,52,52,Normal
1966,1966-07-12,Group stage,West Germany,Switzerland,West Germany,Helmut Haller,77,77,Penalty
1966,1966-07-12,Group stage,Brazil,Bulgaria,Brazil,not applicable Pelé,15,15,Normal
1966,1966-07-12,Group stage,Brazil,Bulgaria,Brazil,not applicable Garrincha,63,63,Normal
1966,1966-07-12,Group stage,Soviet Union,North Korea,Soviet Union,Eduard Malofeyev,31,31,Normal
1966,1966-07-12,Group stage,Soviet Union,North Korea,Soviet Union,Anatoliy Banishevskiy,33,33,Normal
1966,1966-07-12,Group stage,Soviet Union,North Korea,Soviet Union,Eduard Malofeyev,88,88,Normal
1966,1966-07-13,Group stage,France,Mexico,Mexico,Enrique Borja,48,48,Normal
1966,1966-07-13,Group stage,France,Mexico,France,Gérard Hausser,62,62,Normal
1966,1966-07-13,Group stage,Argentina,Spain,Argentina,Luis Artime,65,65,Normal
1966,1966-07-13,Group stage,Argentina,Spain,Spain,not applicable Pirri,71,71,Normal
1966,1966-07-13,Group stage,Argentina,Spain,Argentina,Luis Artime,77,77,Normal
1966,1966-07-13,Group stage,Portugal,Hungary,Portugal,José Augusto,2,2,Normal
1966,1966-07-13,Group stage,Portugal,Hungary,Hungary,Ferenc Bene,60,60,Normal
1966,1966-07-13,Group stage,Portugal,Hungary,Portugal,José Augusto,67,67,Normal
1966,1966-07-13,Group stage,Portugal,Hungary,Portugal,José Torres,90,90,Normal
1966,1966-07-13,Group stage,Italy,Chile,Italy,Sandro Mazzola,8,8,Normal
1966,1966-07-13,Group stage,Italy,Chile,Italy,Paolo Barison,88,88,Normal
1966,1966-07-15,Group stage,Uruguay,France,France,Héctor De Bourgoing,15,15,Penalty
1966,1966-07-15,Group stage,Uruguay,France,Uruguay,Pedro Rocha,26,26,Normal
1966,1966-07-15,Group stage,Uruguay,France,Uruguay,Julio César Cortés,31,31,Normal
1966,1966-07-15,Group stage,Spain,Switzerland,Switzerland,René-Pierre Quentin,31,31,Normal
1966,1966-07-15,Group stage,Spain,Switzerland,Spain,Manuel Sanchís,57,57,Normal
1966,1966-07-15,Group stage,Spain,Switzerland,Spain,not applicable Amancio,75,75,Normal
1966,1966-07-15,Group stage,Hungary,Brazil,Hungary,Ferenc Bene,2,2,Normal
1966,1966-07-15,Group stage,Hungary,Brazil,Brazil,not applicable Tostão,14,14,Normal
1966,1966-07-15,Group stage,Hungary,Brazil,Hungary,János Farkas,64,64,Normal
1966,1966-07-15,Group stage,Hungary,Brazil,Hungary,Kálmán Mészöly,73,73,Penalty
1966,1966-07-15,Group stage,Chile,North Korea,Chile,Rubén Marcos,26,26,Penalty
1966,1966-07-15,Group stage,Chile,North Korea,North Korea,Seung-zin Pak,88,88,Normal
1966,1966-07-16,Group stage,Portugal,Bulgaria,Portugal,Ivan Vutsov,7,7,Own Goal
1966,1966-07-16,Group stage,Portugal,Bulgaria,Portugal,not applicable Eusébio,38,38,Normal
1966,1966-07-16,Group stage,Portugal,Bulgaria,Portugal,José Torres,81,81,Normal
1966,1966-07-16,Group stage,Soviet Union,Italy,Soviet Union,Igor Chislenko,57,57,Normal
1966,1966-07-16,Group stage,England,Mexico,England,Bobby Charlton,37,37,Normal
1966,1966-07-16,Group stage,England,Mexico,England,Roger Hunt,75,75,Normal
1966,1966-07-19,Group stage,Argentina,Switzerland,Argentina,Luis Artime,52,52,Normal
1966,1966-07-19,Group stage,Argentina,Switzerland,Argentina,Ermindo Onega,79,79,Normal
1966,1966-07-19,Group stage,Portugal,Brazil,Portugal,António Simões,15,15,Normal
1966,1966-07-19,Group stage,Portugal,Brazil,Portugal,not applicable Eusébio,27,27,Normal
1966,1966-07-19,Group stage,Portugal,Brazil,Brazil,not applicable Rildo,73,73,Normal
1966,1966-07-19,Group stage,Portugal,Brazil,Portugal,not applicable Eusébio,85,85,Normal
1966,1966-07-19,Group stage,North Korea,Italy,North Korea,Doo-ik Pak,42,42,Normal
1966,1966-07-20,Group stage,England,France,England,Roger Hunt,38,38,Normal
1966,1966-07-20,Group stage,England,France,England,Roger Hunt,75,75,Normal
1966,1966-07-20,Group stage,West Germany,Spain,Spain,Josep Maria Fusté,23,23,Normal
1966,1966-07-20,Group stage,West Germany,Spain,West Germany,Lothar Emmerich,39,39,Normal
1966,1966-07-20,Group stage,West Germany,Spain,West Germany,Uwe Seeler,84,84,Normal
1966,1966-07-20,Group stage,Hungary,Bulgaria,Bulgaria,Georgi Asparuhov,15,15,Normal
1966,1966-07-20,Group stage,Hungary,Bulgaria,Hungary,Ivan Davidov,43,43,Own Goal
1966,1966-07-20,Group stage,Hungary,Bulgaria,Hungary,Kálmán Mészöly,45,45,Normal
1966,1966-07-20,Group stage,Hungary,Bulgaria,Hungary,Ferenc Bene,54,54,Normal
1966,1966-07-20,Group stage,Soviet Union,Chile,Soviet Union,Valeriy Porkujan,28,28,Normal
1966,1966-07-20,Group stage,Soviet Union,Chile,Chile,Rubén Marcos,32,32,Normal
1966,1966-07-20,Group stage,Soviet Union,Chile,Soviet Union,Valeriy Porkujan,85,85,Normal
1966,1966-07-23,Quarter-finals,England,Argentina,England,Geoff Hurst,78,78,Normal
1966,1966-07-23,Quarter-finals,Portugal,North Korea,North Korea,Seung-zin Pak,1,1,Normal
1966,1966-07-23,Quarter-finals,Portugal,North Korea,North Korea,Dong-woon Li,22,22,Normal
1966,1966-07-23,Quarter-finals,Portugal,North Korea,North Korea,Seung-kook Yang,25,25,Normal
1966,1966-07-23,Quarter-finals,Portugal,North Korea,Portugal,not applicable Eusébio,27,27,Normal
1966,1966-07-23,Quarter-finals,Portugal,North Korea,Portugal,not applicable Eusébio,43,43,Penalty
1966,1966-07-23,Quarter-finals,Portugal,North Korea,Portugal,not applicable Eusébio,56,56,Normal
1966,1966-07-23,Quarter-finals,Portugal,North Korea,Portugal,not applicable Eusébio,59,59,Penalty
1966,1966-07-23,Quarter-finals,Portugal,North Korea,Portugal,José Augusto,80,80,Normal
1966,1966-07-23,Quarter-finals,Soviet Union,Hungary,Soviet Union,Igor Chislenko,5,5,Normal
1966,1966-07-23,Quarter-finals,Soviet Union,Hungary,Soviet Union,Valeriy Porkujan,46,46,Normal
1966,1966-07-23,Quarter-finals,Soviet Union,Hungary,Hungary,Ferenc Bene,57,57,Normal
1966,1966-07-23,Quarter-finals,West Germany,Uruguay,West Germany,Helmut Haller,11,11,Normal
1966,1966-07-23,Quarter-finals,West Germany,Uruguay,West Germany,Franz Beckenbauer,70,70,Normal
1966,1966-07-23,Quarter-finals,West Germany,Uruguay,West Germany,Uwe Seeler,75,75,Normal
1966,1966-07-23,Quarter-finals,West Germany,Uruguay,West Germany,Helmut Haller,83,83,Normal
1966,1966-07-25,Semi-finals,West Germany,Soviet Union,West Germany,Helmut Haller,43,43,Normal
1966,1966-07-25,Semi-finals,West Germany,Soviet Union,West Germany,Franz Beckenbauer,67,67,Normal
1966,1966-07-25,Semi-finals,West Germany,Soviet Union,Soviet Union,Valeriy Porkujan,88,88,Normal
1966,1966-07-26,Semi-finals,England,Portugal,England,Bobby Charlton,30,30,Normal
1966,1966-07-26,Semi-finals,England,Portugal,England,Bobby Charlton,80,80,Normal
1966,1966-07-26,Semi-finals,England,Portugal,Portugal,not applicable Eusébio,82,82,Penalty
1966,1966-07-28,Third-place match,Portugal,Soviet Union,Portugal,not applicable Eusébio,12,12,Penalty
1966,1966-07-28,Third-place match,Portugal,Soviet Union,Soviet Union,Eduard Malofeyev,43,43,Normal
1966,1966-07-28,Third-place match,Portugal,Soviet Union,Portugal,José Torres,89,89,Normal
1966,1966-07-30,Final,England,West Germany,West Germany,Helmut Haller,12,12,Normal
1966,1966-07-30,Final,England,West Germany,England,Geoff Hurst,18,18,Normal
1966,1966-07-30,Final,England,West Germany,England,Martin Peters,78,78,Normal
1966,1966-07-30,Final,England,West Germany,West Germany,Wolfgang Weber,89,89,Normal
1966,1966-07-30,Final,England,West Germany,England,Geoff Hurst,101,101,Normal
1966,1966-07-30,Final,England,West Germany,England,Geoff Hurst,120,120,Normal
1962,1962-05-30,Group stage,Uruguay,Colombia,Colombia,Francisco Zuluaga,19,19,Penalty
1962,1962-05-30,Group stage,Uruguay,Colombia,Uruguay,Luis Cubilla,56,56,Normal
1962,1962-05-30,Group stage,Uruguay,Colombia,Uruguay,José Sasía,75,75,Normal
1962,1962-05-30,Group stage,Chile,Switzerland,Switzerland,Rolf Wüthrich,6,6,Normal
1962,1962-05-30,Group stage,Chile,Switzerland,Chile,Leonel Sánchez,44,44,Normal
1962,1962-05-30,Group stage,Chile,Switzerland,Chile,Jaime Ramírez,51,51,Normal
1962,1962-05-30,Group stage,Chile,Switzerland,Chile,Leonel Sánchez,55,55,Normal
1962,1962-05-30,Group stage,Brazil,Mexico,Brazil,Mário Zagallo,56,56,Normal
1962,1962-05-30,Group stage,Brazil,Mexico,Brazil,not applicable Pelé,73,73,Normal
1962,1962-05-30,Group stage,Argentina,Bulgaria,Argentina,Héctor Facundo,4,4,Normal
1962,1962-05-31,Group stage,Soviet Union,Yugoslavia,Soviet Union,Valentin Ivanov,51,51,Normal
1962,1962-05-31,Group stage,Soviet Union,Yugoslavia,Soviet Union,Viktor Ponedelnik,83,83,Normal
1962,1962-05-31,Group stage,Czechoslovakia,Spain,Czechoslovakia,Jozef Štibrányi,80,80,Normal
1962,1962-05-31,Group stage,Hungary,England,Hungary,Lajos Tichy,17,17,Normal
1962,1962-05-31,Group stage,Hungary,England,England,Ron Flowers,60,60,Penalty
1962,1962-05-31,Group stage,Hungary,England,Hungary,Flórián Albert,71,71,Normal
1962,1962-06-02,Group stage,Yugoslavia,Uruguay,Uruguay,Ángel Cabrera,19,19,Normal
1962,1962-06-02,Group stage,Yugoslavia,Uruguay,Yugoslavia,Josip Skoblar,25,25,Penalty
1962,1962-06-02,Group stage,Yugoslavia,Uruguay,Yugoslavia,Milan Galić,29,29,Normal
1962,1962-06-02,Group stage,Yugoslavia,Uruguay,Yugoslavia,Dražan Jerković,49,49,Normal
1962,1962-06-02,Group stage,Chile,Italy,Chile,Jaime Ramírez,73,73,Normal
1962,1962-06-02,Group stage,Chile,Italy,Chile,Jorge Toro,87,87,Normal
1962,1962-06-02,Group stage,England,Argentina,England,Ron Flowers,17,17,Penalty
1962,1962-06-02,Group stage,England,Argentina,England,Bobby Charlton,42,42,Normal
1962,1962-06-02,Group stage,England,Argentina,England,Jimmy Greaves,67,67,Normal
1962,1962-06-02,Group stage,England,Argentina,Argentina,José Sanfilippo,81,81,Normal
1962,1962-06-03,Group stage,Soviet Union,Colombia,Soviet Union,Valentin Ivanov,8,8,Normal
1962,1962-06-03,Group stage,Soviet Union,Colombia,Soviet Union,Igor Chislenko,10,10,Normal
1962,1962-06-03,Group stage,Soviet Union,Colombia,Soviet Union,Valentin Ivanov,11,11,Normal
1962,1962-06-03,Group stage,Soviet Union,Colombia,Colombia,Germán Aceros,21,21,Normal
1962,1962-06-03,Group stage,Soviet Union,Colombia,Soviet Union,Viktor Ponedelnik,56,56,Normal
1962,1962-06-03,Group stage,Soviet Union,Colombia,Colombia,Marcos Coll,68,68,Normal
1962,1962-06-03,Group stage,Soviet Union,Colombia,Colombia,Antonio Rada,72,72,Normal
1962,1962-06-03,Group stage,Soviet Union,Colombia,Colombia,Marino Klinger,86,86,Normal
1962,1962-06-03,Group stage,West Germany,Switzerland,West Germany,Albert Brülls,45,45,Normal
1962,1962-06-03,Group stage,West Germany,Switzerland,West Germany,Uwe Seeler,59,59,Normal
1962,1962-06-03,Group stage,West Germany,Switzerland,Switzerland,Heinz Schneiter,73,73,Normal
1962,1962-06-03,Group stage,Spain,Mexico,Spain,Joaquín Peiró,90,90,Normal
1962,1962-06-03,Group stage,Hungary,Bulgaria,Hungary,Flórián Albert,1,1,Normal
1962,1962-06-03,Group stage,Hungary,Bulgaria,Hungary,Flórián Albert,6,6,Normal
1962,1962-06-03,Group stage,Hungary,Bulgaria,Hungary,Lajos Tichy,8,8,Normal
1962,1962-06-03,Group stage,Hungary,Bulgaria,Hungary,Ernő Solymosi,12,12,Normal
1962,1962-06-03,Group stage,Hungary,Bulgaria,Hungary,Flórián Albert,53,53,Normal
1962,1962-06-03,Group stage,Hungary,Bulgaria,Bulgaria,Georgi Sokolov,64,64,Normal
1962,1962-06-03,Group stage,Hungary,Bulgaria,Hungary,Lajos Tichy,70,70,Normal
1962,1962-06-06,Group stage,Soviet Union,Uruguay,Soviet Union,Aleksei Mamykin,38,38,Normal
1962,1962-06-06,Group stage,Soviet Union,Uruguay,Uruguay,José Sasía,54,54,Normal
1962,1962-06-06,Group stage,Soviet Union,Uruguay,Soviet Union,Valentin Ivanov,89,89,Normal
1962,1962-06-06,Group stage,West Germany,Chile,West Germany,Horst Szymaniak,21,21,Penalty
1962,1962-06-06,Group stage,West Germany,Chile,West Germany,Uwe Seeler,82,82,Normal
1962,1962-06-06,Group stage,Brazil,Spain,Spain,not applicable Adelardo,35,35,Normal
1962,1962-06-06,Group stage,Brazil,Spain,Brazil,not applicable Amarildo,72,72,Normal
1962,1962-06-06,Group stage,Brazil,Spain,Brazil,not applicable Amarildo,86,86,Normal
1962,1962-06-07,Group stage,Yugoslavia,Colombia,Yugoslavia,Milan Galić,20,20,Normal
1962,1962-06-07,Group stage,Yugoslavia,Colombia,Yugoslavia,Dražan Jerković,25,25,Normal
1962,1962-06-07,Group stage,Yugoslavia,Colombia,Yugoslavia,Milan Galić,61,61,Normal
1962,1962-06-07,Group stage,Yugoslavia,Colombia,Yugoslavia,Vojislav Melić,82,82,Normal
1962,1962-06-07,Group stage,Yugoslavia,Colombia,Yugoslavia,Dražan Jerković,87,87,Normal
1962,1962-06-07,Group stage,Italy,Switzerland,Italy,Bruno Mora,2,2,Normal
1962,1962-06-07,Group stage,Italy,Switzerland,Italy,Giacomo Bulgarelli,65,65,Normal
1962,1962-06-07,Group stage,Italy,Switzerland,Italy,Giacomo Bulgarelli,67,67,Normal
1962,1962-06-07,Group stage,Mexico,Czechoslovakia,Czechoslovakia,Václav Mašek,1,1,Normal
1962,1962-06-07,Group stage,Mexico,Czechoslovakia,Mexico,Isidoro Díaz,12,12,Normal
1962,1962-06-07,Group stage,Mexico,Czechoslovakia,Mexico,Alfredo del Águila,29,29,Normal
1962,1962-06-07,Group stage,Mexico,Czechoslovakia,Mexico,Héctor Hernández,90,90,Penalty
1962,1962-06-10,Quarter-finals,Brazil,England,Brazil,not applicable Garrincha,31,31,Normal
1962,1962-06-10,Quarter-finals,Brazil,England,England,Gerry Hitchens,38,38,Normal
1962,1962-06-10,Quarter-finals,Brazil,England,Brazil,not applicable Vavá,53,53,Normal
1962,1962-06-10,Quarter-finals,Brazil,England,Brazil,not applicable Garrincha,59,59,Normal
1962,1962-06-10,Quarter-finals,Chile,Soviet Union,Chile,Leonel Sánchez,11,11,Normal
1962,1962-06-10,Quarter-finals,Chile,Soviet Union,Soviet Union,Igor Chislenko,26,26,Normal
1962,1962-06-10,Quarter-finals,Chile,Soviet Union,Chile,Eladio Rojas,29,29,Normal
1962,1962-06-10,Quarter-finals,Czechoslovakia,Hungary,Czechoslovakia,Adolf Scherer,13,13,Normal
1962,1962-06-10,Quarter-finals,Yugoslavia,West Germany,Yugoslavia,Petar Radaković,85,85,Normal
1962,1962-06-13,Semi-finals,Brazil,Chile,Brazil,not applicable Garrincha,9,9,Normal
1962,1962-06-13,Semi-finals,Brazil,Chile,Brazil,not applicable Garrincha,32,32,Normal
1962,1962-06-13,Semi-finals,Brazil,Chile,Chile,Jorge Toro,42,42,Normal
1962,1962-06-13,Semi-finals,Brazil,Chile,Brazil,not applicable Vavá,47,47,Normal
1962,1962-06-13,Semi-finals,Brazil,Chile,Chile,Leonel Sánchez,61,61,Penalty
1962,1962-06-13,Semi-finals,Brazil,Chile,Brazil,not applicable Vavá,78,78,Normal
1962,1962-06-13,Semi-finals,Czechoslovakia,Yugoslavia,Czechoslovakia,Josef Kadraba,48,48,Normal
1962,1962-06-13,Semi-finals,Czechoslovakia,Yugoslavia,Yugoslavia,Dražan Jerković,69,69,Normal
1962,1962-06-13,Semi-finals,Czechoslovakia,Yugoslavia,Czechoslovakia,Adolf Scherer,80,80,Normal
1962,1962-06-13,Semi-finals,Czechoslovakia,Yugoslavia,Czechoslovakia,Adolf Scherer,84,84,Penalty
1962,1962-06-16,Third-place match,Chile,Yugoslavia,Chile,Eladio Rojas,90,90,Normal
1962,1962-06-17,Final,Brazil,Czechoslovakia,Czechoslovakia,Josef Masopust,15,15,Normal
1962,1962-06-17,Final,Brazil,Czechoslovakia,Brazil,not applicable Amarildo,17,17,Normal
1962,1962-06-17,Final,Brazil,Czechoslovakia,Brazil,not applicable Zito,69,69,Normal
1962,1962-06-17,Final,Brazil,Czechoslovakia,Brazil,not applicable Vavá,78,78,Normal
1958,1958-06-08,Group stage,Sweden,Mexico,Sweden,Agne Simonsson,17,17,Normal
1958,1958-06-08,Group stage,Sweden,Mexico,Sweden,Nils Liedholm,57,57,Penalty
1958,1958-06-08,Group stage,Sweden,Mexico,Sweden,Agne Simonsson,64,64,Normal
1958,1958-06-08,Group stage,Argentina,West Germany,Argentina,Oreste Corbatta,3,3,Normal
1958,1958-06-08,Group stage,Argentina,West Germany,West Germany,Helmut Rahn,32,32,Normal
1958,1958-06-08,Group stage,Argentina,West Germany,West Germany,Uwe Seeler,42,42,Normal
1958,1958-06-08,Group stage,Argentina,West Germany,West Germany,Helmut Rahn,79,79,Normal
1958,1958-06-08,Group stage,Northern Ireland,Czechoslovakia,Northern Ireland,Wilbur Cush,21,21,Normal
1958,1958-06-08,Group stage,France,Paraguay,Paraguay,Florencio Amarilla,20,20,Normal
1958,1958-06-08,Group stage,France,Paraguay,France,Just Fontaine,24,24,Normal
1958,1958-06-08,Group stage,France,Paraguay,France,Just Fontaine,30,30,Normal
1958,1958-06-08,Group stage,France,Paraguay,Paraguay,Florencio Amarilla,44,44,Penalty
1958,1958-06-08,Group stage,France,Paraguay,Paraguay,Jorge Lino Romero,50,50,Normal
1958,1958-06-08,Group stage,France,Paraguay,France,Roger Piantoni,52,52,Normal
1958,1958-06-08,Group stage,France,Paraguay,France,Maryan Wisnieski,61,61,Normal
1958,1958-06-08,Group stage,France,Paraguay,France,Just Fontaine,67,67,Normal
1958,1958-06-08,Group stage,France,Paraguay,France,Raymond Kopa,70,70,Normal
1958,1958-06-08,Group stage,France,Paraguay,France,Jean Vincent,83,83,Normal
1958,1958-06-08,Group stage,Yugoslavia,Scotland,Yugoslavia,Aleksandar Petaković,6,6,Normal
1958,1958-06-08,Group stage,Yugoslavia,Scotland,Scotland,Jimmy Murray,49,49,Normal
1958,1958-06-08,Group stage,Hungary,Wales,Hungary,József Bozsik,5,5,Normal
1958,1958-06-08,Group stage,Hungary,Wales,Wales,John Charles,27,27,Normal
1958,1958-06-08,Group stage,Brazil,Austria,Brazil,José Altafini,37,37,Normal
1958,1958-06-08,Group stage,Brazil,Austria,Brazil,Nílton Santos,50,50,Normal
1958,1958-06-08,Group stage,Brazil,Austria,Brazil,José Altafini,85,85,Normal
1958,1958-06-08,Group stage,Soviet Union,England,Soviet Union,Nikita Simonyan,13,13,Normal
1958,1958-06-08,Group stage,Soviet Union,England,Soviet Union,Aleksandr Ivanov,56,56,Normal
1958,1958-06-08,Group stage,Soviet Union,England,England,Derek Kevan,66,66,Normal
1958,1958-06-08,Group stage,Soviet Union,England,England,Tom Finney,85,85,Penalty
1958,1958-06-11,Group stage,Argentina,Northern Ireland,Northern Ireland,Peter McParland,4,4,Normal
1958,1958-06-11,Group stage,Argentina,Northern Ireland,Argentina,Oreste Corbatta,37,37,Penalty
1958,1958-06-11,Group stage,Argentina,Northern Ireland,Argentina,Norberto Menéndez,56,56,Normal
1958,1958-06-11,Group stage,Argentina,Northern Ireland,Argentina,Ludovico Avio,60,60,Normal
1958,1958-06-11,Group stage,West Germany,Czechoslovakia,Czechoslovakia,Milan Dvořák,24,24,Penalty
1958,1958-06-11,Group stage,West Germany,Czechoslovakia,Czechoslovakia,Zdeněk Zikán,42,42,Normal
1958,1958-06-11,Group stage,West Germany,Czechoslovakia,West Germany,Hans Schäfer,60,60,Normal
1958,1958-06-11,Group stage,West Germany,Czechoslovakia,West Germany,Helmut Rahn,71,71,Normal
1958,1958-06-11,Group stage,Paraguay,Scotland,Paraguay,Juan Bautista Agüero,4,4,Normal
1958,1958-06-11,Group stage,Paraguay,Scotland,Scotland,Jackie Mudie,24,24,Normal
1958,1958-06-11,Group stage,Paraguay,Scotland,Paraguay,Cayetano Ré,45,45,Normal
1958,1958-06-11,Group stage,Paraguay,Scotland,Paraguay,José Parodi,73,73,Normal
1958,1958-06-11,Group stage,Paraguay,Scotland,Scotland,Bobby Collins,74,74,Normal
1958,1958-06-11,Group stage,Yugoslavia,France,France,Just Fontaine,4,4,Normal
1958,1958-06-11,Group stage,Yugoslavia,France,Yugoslavia,Aleksandar Petaković,16,16,Normal
1958,1958-06-11,Group stage,Yugoslavia,France,Yugoslavia,Todor Veselinović,63,63,Normal
1958,1958-06-11,Group stage,Yugoslavia,France,France,Just Fontaine,85,85,Normal
1958,1958-06-11,Group stage,Yugoslavia,France,Yugoslavia,Todor Veselinović,88,88,Normal
1958,1958-06-11,Group stage,Mexico,Wales,Wales,Ivor Allchurch,32,32,Normal
1958,1958-06-11,Group stage,Mexico,Wales,Mexico,Jaime Belmonte,89,89,Normal
1958,1958-06-11,Group stage,Soviet Union,Austria,Soviet Union,Anatoli Ilyin,15,15,Normal
1958,1958-06-11,Group stage,Soviet Union,Austria,Soviet Union,Valentin Ivanov,62,62,Normal
1958,1958-06-12,Group stage,Sweden,Hungary,Sweden,Kurt Hamrin,34,34,Normal
1958,1958-06-12,Group stage,Sweden,Hungary,Sweden,Kurt Hamrin,55,55,Normal
1958,1958-06-12,Group stage,Sweden,Hungary,Hungary,Lajos Tichy,77,77,Normal
1958,1958-06-15,Group stage,Czechoslovakia,Argentina,Czechoslovakia,Milan Dvořák,8,8,Normal
1958,1958-06-15,Group stage,Czechoslovakia,Argentina,Czechoslovakia,Zdeněk Zikán,17,17,Normal
1958,1958-06-15,Group stage,Czechoslovakia,Argentina,Czechoslovakia,Zdeněk Zikán,40,40,Normal
1958,1958-06-15,Group stage,Czechoslovakia,Argentina,Argentina,Oreste Corbatta,65,65,Penalty
1958,1958-06-15,Group stage,Czechoslovakia,Argentina,Czechoslovakia,Jiří Feureisl,69,69,Normal
1958,1958-06-15,Group stage,Czechoslovakia,Argentina,Czechoslovakia,Václav Hovorka,82,82,Normal
1958,1958-06-15,Group stage,Czechoslovakia,Argentina,Czechoslovakia,Václav Hovorka,89,89,Normal
1958,1958-06-15,Group stage,West Germany,Northern Ireland,Northern Ireland,Peter McParland,18,18,Normal
1958,1958-06-15,Group stage,West Germany,Northern Ireland,West Germany,Helmut Rahn,20,20,Normal
1958,1958-06-15,Group stage,West Germany,Northern Ireland,Northern Ireland,Peter McParland,60,60,Normal
1958,1958-06-15,Group stage,West Germany,Northern Ireland,West Germany,Uwe Seeler,78,78,Normal
1958,1958-06-15,Group stage,France,Scotland,France,Raymond Kopa,22,22,Normal
1958,1958-06-15,Group stage,France,Scotland,France,Just Fontaine,44,44,Normal
1958,1958-06-15,Group stage,France,Scotland,Scotland,Sammy Baird,58,58,Normal
1958,1958-06-15,Group stage,Paraguay,Yugoslavia,Yugoslavia,Radivoje Ognjanović,18,18,Normal
1958,1958-06-15,Group stage,Paraguay,Yugoslavia,Paraguay,José Parodi,20,20,Normal
1958,1958-06-15,Group stage,Paraguay,Yugoslavia,Yugoslavia,Todor Veselinović,21,21,Normal
1958,1958-06-15,Group stage,Paraguay,Yugoslavia,Paraguay,Juan Bautista Agüero,52,52,Normal
1958,1958-06-15,Group stage,Paraguay,Yugoslavia,Yugoslavia,Zdravko Rajkov,73,73,Normal
1958,1958-06-15,Group stage,Paraguay,Yugoslavia,Paraguay,Jorge Lino Romero,80,80,Normal
1958,1958-06-15,Group stage,Hungary,Mexico,Hungary,Lajos Tichy,19,19,Normal
1958,1958-06-15,Group stage,Hungary,Mexico,Hungary,Lajos Tichy,46,46,Normal
1958,1958-06-15,Group stage,Hungary,Mexico,Hungary,Károly Sándor,54,54,Normal
1958,1958-06-15,Group stage,Hungary,Mexico,Hungary,József Bencsics,69,69,Normal
1958,1958-06-15,Group stage,Brazil,Soviet Union,Brazil,not applicable Vavá,3,3,Normal
1958,1958-06-15,Group stage,Brazil,Soviet Union,Brazil,not applicable Vavá,77,77,Normal
1958,1958-06-15,Group stage,England,Austria,Austria,Karl Koller,15,15,Normal
1958,1958-06-15,Group stage,England,Austria,England,Johnny Haynes,56,56,Normal
1958,1958-06-15,Group stage,England,Austria,Austria,Alfred Körner,71,71,Normal
1958,1958-06-15,Group stage,England,Austria,England,Derek Kevan,74,74,Normal
1958,1958-06-17,Group stage,Northern Ireland,Czechoslovakia,Czechoslovakia,Zdeněk Zikán,18,18,Normal
1958,1958-06-17,Group stage,Northern Ireland,Czechoslovakia,Northern Ireland,Peter McParland,44,44,Normal
1958,1958-06-17,Group stage,Northern Ireland,Czechoslovakia,Northern Ireland,Peter McParland,97,97,Normal
1958,1958-06-17,Group stage,Wales,Hungary,Hungary,Lajos Tichy,33,33,Normal
1958,1958-06-17,Group stage,Wales,Hungary,Wales,Ivor Allchurch,55,55,Normal
1958,1958-06-17,Group stage,Wales,Hungary,Wales,Terry Medwin,76,76,Normal
1958,1958-06-17,Group stage,Soviet Union,England,Soviet Union,Anatoli Ilyin,69,69,Normal
1958,1958-06-19,Quarter-finals,Brazil,Wales,Brazil,not applicable Pelé,66,66,Normal
1958,1958-06-19,Quarter-finals,France,Northern Ireland,France,Maryan Wisnieski,44,44,Normal
1958,1958-06-19,Quarter-finals,France,Northern Ireland,France,Just Fontaine,55,55,Normal
1958,1958-06-19,Quarter-finals,France,Northern Ireland,France,Just Fontaine,63,63,Normal
1958,1958-06-19,Quarter-finals,France,Northern Ireland,France,Roger Piantoni,68,68,Normal
1958,1958-06-19,Quarter-finals,Sweden,Soviet Union,Sweden,Kurt Hamrin,49,49,Normal
1958,1958-06-19,Quarter-finals,Sweden,Soviet Union,Sweden,Agne Simonsson,88,88,Normal
1958,1958-06-19,Quarter-finals,West Germany,Yugoslavia,West Germany,Helmut Rahn,12,12,Normal
1958,1958-06-24,Semi-finals,Brazil,France,Brazil,not applicable Vavá,2,2,Normal
1958,1958-06-24,Semi-finals,Brazil,France,France,Just Fontaine,9,9,Normal
1958,1958-06-24,Semi-finals,Brazil,France,Brazil,not applicable Didi,39,39,Normal
1958,1958-06-24,Semi-finals,Brazil,France,Brazil,not applicable Pelé,52,52,Normal
1958,1958-06-24,Semi-finals,Brazil,France,Brazil,not applicable Pelé,64,64,Normal
1958,1958-06-24,Semi-finals,Brazil,France,Brazil,not applicable Pelé,75,75,Normal
1958,1958-06-24,Semi-finals,Brazil,France,France,Roger Piantoni,83,83,Normal
1958,1958-06-24,Semi-finals,Sweden,West Germany,West Germany,Hans Schäfer,24,24,Normal
1958,1958-06-24,Semi-finals,Sweden,West Germany,Sweden,Lennart Skoglund,32,32,Normal
1958,1958-06-24,Semi-finals,Sweden,West Germany,Sweden,Gunnar Gren,81,81,Normal
1958,1958-06-24,Semi-finals,Sweden,West Germany,Sweden,Kurt Hamrin,88,88,Normal
1958,1958-06-28,Third-place match,France,West Germany,France,Just Fontaine,16,16,Normal
1958,1958-06-28,Third-place match,France,West Germany,West Germany,Hans Cieslarczyk,18,18,Normal
1958,1958-06-28,Third-place match,France,West Germany,France,Raymond Kopa,27,27,Penalty
1958,1958-06-28,Third-place match,France,West Germany,France,Just Fontaine,36,36,Normal
1958,1958-06-28,Third-place match,France,West Germany,France,Yvon Douis,50,50,Normal
1958,1958-06-28,Third-place match,France,West Germany,West Germany,Helmut Rahn,52,52,Normal
1958,1958-06-28,Third-place match,France,West Germany,France,Just Fontaine,78,78,Normal
1958,1958-06-28,Third-place match,France,West Germany,West Germany,Hans Schäfer,84,84,Normal
1958,1958-06-28,Third-place match,France,West Germany,France,Just Fontaine,89,89,Normal
1958,1958-06-29,Final,Brazil,Sweden,Sweden,Nils Liedholm,4,4,Normal
1958,1958-06-29,Final,Brazil,Sweden,Brazil,not applicable Vavá,9,9,Normal
1958,1958-06-29,Final,Brazil,Sweden,Brazil,not applicable Vavá,32,32,Normal
1958,1958-06-29,Final,Brazil,Sweden,Brazil,not applicable Pelé,55,55,Normal
1958,1958-06-29,Final,Brazil,Sweden,Brazil,Mário Zagallo,68,68,Normal
1958,1958-06-29,Final,Brazil,Sweden,Sweden,Agne Simonsson,80,80,Normal
1958,1958-06-29,Final,Brazil,Sweden,Brazil,not applicable Pelé,90,90,Normal
1954,1954-06-16,Group stage,Brazil,Mexico,Brazil,not applicable Baltazar,23,23,Normal
1954,1954-06-16,Group stage,Brazil,Mexico,Brazil,not applicable Didi,30,30,Normal
1954,1954-06-16,Group stage,Brazil,Mexico,Brazil,not applicable Pinga,34,34,Normal
1954,1954-06-16,Group stage,Brazil,Mexico,Brazil,not applicable Pinga,43,43,Normal
1954,1954-06-16,Group stage,Brazil,Mexico,Brazil,not applicable Julinho,69,69,Normal
1954,1954-06-16,Group stage,Yugoslavia,France,Yugoslavia,Miloš Milutinović,15,15,Normal
1954,1954-06-16,Group stage,Austria,Scotland,Austria,Erich Probst,33,33,Normal
1954,1954-06-16,Group stage,Uruguay,Czechoslovakia,Uruguay,Oscar Míguez,71,71,Normal
1954,1954-06-16,Group stage,Uruguay,Czechoslovakia,Uruguay,Juan Alberto Schiaffino,84,84,Normal
1954,1954-06-17,Group stage,Switzerland,Italy,Switzerland,Robert Ballaman,18,18,Normal
1954,1954-06-17,Group stage,Switzerland,Italy,Italy,Giampiero Boniperti,44,44,Normal
1954,1954-06-17,Group stage,Switzerland,Italy,Switzerland,Josef Hügi,78,78,Normal
1954,1954-06-17,Group stage,Hungary,South Korea,Hungary,Ferenc Puskás,12,12,Normal
1954,1954-06-17,Group stage,Hungary,South Korea,Hungary,Mihály Lantos,18,18,Normal
1954,1954-06-17,Group stage,Hungary,South Korea,Hungary,Sándor Kocsis,24,24,Normal
1954,1954-06-17,Group stage,Hungary,South Korea,Hungary,Sándor Kocsis,36,36,Normal
1954,1954-06-17,Group stage,Hungary,South Korea,Hungary,Sándor Kocsis,50,50,Normal
1954,1954-06-17,Group stage,Hungary,South Korea,Hungary,Zoltán Czibor,59,59,Normal
1954,1954-06-17,Group stage,Hungary,South Korea,Hungary,Péter Palotás,75,75,Normal
1954,1954-06-17,Group stage,Hungary,South Korea,Hungary,Péter Palotás,83,83,Normal
1954,1954-06-17,Group stage,Hungary,South Korea,Hungary,Ferenc Puskás,89,89,Normal
1954,1954-06-17,Group stage,West Germany,Turkey,Turkey,Suat Mamat,2,2,Normal
1954,1954-06-17,Group stage,West Germany,Turkey,West Germany,Hans Schäfer,14,14,Normal
1954,1954-06-17,Group stage,West Germany,Turkey,West Germany,Bernhard Klodt,52,52,Normal
1954,1954-06-17,Group stage,West Germany,Turkey,West Germany,Ottmar Walter,60,60,Normal
1954,1954-06-17,Group stage,West Germany,Turkey,West Germany,Max Morlock,84,84,Normal
1954,1954-06-17,Group stage,England,Belgium,Belgium,Léopold Anoul,5,5,Normal
1954,1954-06-17,Group stage,England,Belgium,England,Ivor Broadis,26,26,Normal
1954,1954-06-17,Group stage,England,Belgium,England,Nat Lofthouse,36,36,Normal
1954,1954-06-17,Group stage,England,Belgium,England,Ivor Broadis,63,63,Normal
1954,1954-06-17,Group stage,England,Belgium,Belgium,Henri Coppens,67,67,Normal
1954,1954-06-17,Group stage,England,Belgium,Belgium,Léopold Anoul,71,71,Normal
1954,1954-06-17,Group stage,England,Belgium,England,Nat Lofthouse,91,91,Normal
1954,1954-06-17,Group stage,England,Belgium,Belgium,Jimmy Dickinson,94,94,Own Goal
1954,1954-06-19,Group stage,Uruguay,Scotland,Uruguay,Carlos Borges,17,17,Normal
1954,1954-06-19,Group stage,Uruguay,Scotland,Uruguay,Oscar Míguez,30,30,Normal
1954,1954-06-19,Group stage,Uruguay,Scotland,Uruguay,Carlos Borges,47,47,Normal
1954,1954-06-19,Group stage,Uruguay,Scotland,Uruguay,Julio Abbadie,54,54,Normal
1954,1954-06-19,Group stage,Uruguay,Scotland,Uruguay,Carlos Borges,57,57,Normal
1954,1954-06-19,Group stage,Uruguay,Scotland,Uruguay,Oscar Míguez,83,83,Normal
1954,1954-06-19,Group stage,Uruguay,Scotland,Uruguay,Julio Abbadie,85,85,Normal
1954,1954-06-19,Group stage,Brazil,Yugoslavia,Yugoslavia,Branko Zebec,48,48,Normal
1954,1954-06-19,Group stage,Brazil,Yugoslavia,Brazil,not applicable Didi,69,69,Normal
1954,1954-06-19,Group stage,Austria,Czechoslovakia,Austria,Ernst Stojaspal,3,3,Normal
1954,1954-06-19,Group stage,Austria,Czechoslovakia,Austria,Erich Probst,4,4,Normal
1954,1954-06-19,Group stage,Austria,Czechoslovakia,Austria,Erich Probst,21,21,Normal
1954,1954-06-19,Group stage,Austria,Czechoslovakia,Austria,Erich Probst,24,24,Normal
1954,1954-06-19,Group stage,Austria,Czechoslovakia,Austria,Ernst Stojaspal,65,65,Normal
1954,1954-06-19,Group stage,France,Mexico,France,Jean Vincent,19,19,Normal
1954,1954-06-19,Group stage,France,Mexico,France,Raúl Cárdenas,46,46,Own Goal
1954,1954-06-19,Group stage,France,Mexico,Mexico,José Luis Lamadrid,54,54,Normal
1954,1954-06-19,Group stage,France,Mexico,Mexico,Tomás Balcázar,85,85,Normal
1954,1954-06-19,Group stage,France,Mexico,France,Raymond Kopa,88,88,Penalty
1954,1954-06-20,Group stage,Hungary,West Germany,Hungary,Sándor Kocsis,3,3,Normal
1954,1954-06-20,Group stage,Hungary,West Germany,Hungary,Ferenc Puskás,17,17,Normal
1954,1954-06-20,Group stage,Hungary,West Germany,Hungary,Sándor Kocsis,21,21,Normal
1954,1954-06-20,Group stage,Hungary,West Germany,West Germany,Alfred Pfaff,25,25,Normal
1954,1954-06-20,Group stage,Hungary,West Germany,Hungary,Nándor Hidegkuti,52,52,Normal
1954,1954-06-20,Group stage,Hungary,West Germany,Hungary,Nándor Hidegkuti,54,54,Normal
1954,1954-06-20,Group stage,Hungary,West Germany,Hungary,Sándor Kocsis,69,69,Normal
1954,1954-06-20,Group stage,Hungary,West Germany,Hungary,József Tóth,75,75,Normal
1954,1954-06-20,Group stage,Hungary,West Germany,West Germany,Helmut Rahn,77,77,Normal
1954,1954-06-20,Group stage,Hungary,West Germany,Hungary,Sándor Kocsis,78,78,Normal
1954,1954-06-20,Group stage,Hungary,West Germany,West Germany,Richard Herrmann,84,84,Normal
1954,1954-06-20,Group stage,Turkey,South Korea,Turkey,Suat Mamat,10,10,Normal
1954,1954-06-20,Group stage,Turkey,South Korea,Turkey,Lefter Küçükandonyadis,24,24,Normal
1954,1954-06-20,Group stage,Turkey,South Korea,Turkey,Suat Mamat,30,30,Normal
1954,1954-06-20,Group stage,Turkey,South Korea,Turkey,Burhan Sargun,37,37,Normal
1954,1954-06-20,Group stage,Turkey,South Korea,Turkey,Burhan Sargun,64,64,Normal
1954,1954-06-20,Group stage,Turkey,South Korea,Turkey,Burhan Sargun,70,70,Normal
1954,1954-06-20,Group stage,Turkey,South Korea,Turkey,Erol Keskin,76,76,Normal
1954,1954-06-20,Group stage,Italy,Belgium,Italy,Egisto Pandolfini,41,41,Penalty
1954,1954-06-20,Group stage,Italy,Belgium,Italy,Carlo Galli,48,48,Normal
1954,1954-06-20,Group stage,Italy,Belgium,Italy,Amleto Frignani,58,58,Normal
1954,1954-06-20,Group stage,Italy,Belgium,Italy,Benito Lorenzi,78,78,Normal
1954,1954-06-20,Group stage,Italy,Belgium,Belgium,Léopold Anoul,81,81,Normal
1954,1954-06-20,Group stage,England,Switzerland,England,Jimmy Mullen,43,43,Normal
1954,1954-06-20,Group stage,England,Switzerland,England,Dennis Wilshaw,69,69,Normal
1954,1954-06-23,Group stage,West Germany,Turkey,West Germany,Ottmar Walter,7,7,Normal
1954,1954-06-23,Group stage,West Germany,Turkey,West Germany,Hans Schäfer,12,12,Normal
1954,1954-06-23,Group stage,West Germany,Turkey,Turkey,Mustafa Ertan,21,21,Normal
1954,1954-06-23,Group stage,West Germany,Turkey,West Germany,Max Morlock,30,30,Normal
1954,1954-06-23,Group stage,West Germany,Turkey,West Germany,Max Morlock,60,60,Normal
1954,1954-06-23,Group stage,West Germany,Turkey,West Germany,Fritz Walter,62,62,Normal
1954,1954-06-23,Group stage,West Germany,Turkey,West Germany,Max Morlock,77,77,Normal
1954,1954-06-23,Group stage,West Germany,Turkey,West Germany,Hans Schäfer,79,79,Normal
1954,1954-06-23,Group stage,West Germany,Turkey,Turkey,Lefter Küçükandonyadis,82,82,Normal
1954,1954-06-23,Group stage,Switzerland,Italy,Switzerland,Josef Hügi,14,14,Normal
1954,1954-06-23,Group stage,Switzerland,Italy,Switzerland,Robert Ballaman,48,48,Normal
1954,1954-06-23,Group stage,Switzerland,Italy,Italy,Fulvio Nesti,67,67,Normal
1954,1954-06-23,Group stage,Switzerland,Italy,Switzerland,Josef Hügi,85,85,Normal
1954,1954-06-23,Group stage,Switzerland,Italy,Switzerland,Jacques Fatton,90,90,Normal
1954,1954-06-26,Quarter-finals,Austria,Switzerland,Switzerland,Robert Ballaman,16,16,Normal
1954,1954-06-26,Quarter-finals,Austria,Switzerland,Switzerland,Josef Hügi,17,17,Normal
1954,1954-06-26,Quarter-finals,Austria,Switzerland,Switzerland,Josef Hügi,19,19,Normal
1954,1954-06-26,Quarter-finals,Austria,Switzerland,Austria,Theodor Wagner,25,25,Normal
1954,1954-06-26,Quarter-finals,Austria,Switzerland,Austria,Alfred Körner,26,26,Normal
1954,1954-06-26,Quarter-finals,Austria,Switzerland,Austria,Theodor Wagner,27,27,Normal
1954,1954-06-26,Quarter-finals,Austria,Switzerland,Austria,Ernst Ocwirk,32,32,Normal
1954,1954-06-26,Quarter-finals,Austria,Switzerland,Austria,Alfred Körner,34,34,Normal
1954,1954-06-26,Quarter-finals,Austria,Switzerland,Switzerland,Robert Ballaman,39,39,Normal
1954,1954-06-26,Quarter-finals,Austria,Switzerland,Austria,Theodor Wagner,53,53,Normal
1954,1954-06-26,Quarter-finals,Austria,Switzerland,Switzerland,Josef Hügi,60,60,Normal
1954,1954-06-26,Quarter-finals,Austria,Switzerland,Austria,Erich Probst,76,76,Normal
1954,1954-06-26,Quarter-finals,Uruguay,England,Uruguay,Carlos Borges,5,5,Normal
1954,1954-06-26,Quarter-finals,Uruguay,England,England,Nat Lofthouse,16,16,Normal
1954,1954-06-26,Quarter-finals,Uruguay,England,Uruguay,Obdulio Varela,39,39,Normal
1954,1954-06-26,Quarter-finals,Uruguay,England,Uruguay,Juan Alberto Schiaffino,46,46,Normal
1954,1954-06-26,Quarter-finals,Uruguay,England,England,Tom Finney,67,67,Normal
1954,1954-06-26,Quarter-finals,Uruguay,England,Uruguay,Javier Ambrois,78,78,Normal
1954,1954-06-27,Quarter-finals,Hungary,Brazil,Hungary,Nándor Hidegkuti,4,4,Normal
1954,1954-06-27,Quarter-finals,Hungary,Brazil,Hungary,Sándor Kocsis,7,7,Normal
1954,1954-06-27,Quarter-finals,Hungary,Brazil,Brazil,Djalma Santos,18,18,Penalty
1954,1954-06-27,Quarter-finals,Hungary,Brazil,Hungary,Mihály Lantos,60,60,Penalty
1954,1954-06-27,Quarter-finals,Hungary,Brazil,Brazil,not applicable Julinho,65,65,Normal
1954,1954-06-27,Quarter-finals,Hungary,Brazil,Hungary,Sándor Kocsis,88,88,Normal
1954,1954-06-27,Quarter-finals,West Germany,Yugoslavia,West Germany,Ivica Horvat,9,9,Own Goal
1954,1954-06-27,Quarter-finals,West Germany,Yugoslavia,West Germany,Helmut Rahn,85,85,Normal
1954,1954-06-30,Semi-finals,Hungary,Uruguay,Hungary,Zoltán Czibor,13,13,Normal
1954,1954-06-30,Semi-finals,Hungary,Uruguay,Hungary,Nándor Hidegkuti,46,46,Normal
1954,1954-06-30,Semi-finals,Hungary,Uruguay,Uruguay,Juan Hohberg,75,75,Normal
1954,1954-06-30,Semi-finals,Hungary,Uruguay,Uruguay,Juan Hohberg,86,86,Normal
1954,1954-06-30,Semi-finals,Hungary,Uruguay,Hungary,Sándor Kocsis,111,111,Normal
1954,1954-06-30,Semi-finals,Hungary,Uruguay,Hungary,Sándor Kocsis,116,116,Normal
1954,1954-06-30,Semi-finals,West Germany,Austria,West Germany,Hans Schäfer,31,31,Normal
1954,1954-06-30,Semi-finals,West Germany,Austria,West Germany,Max Morlock,47,47,Normal
1954,1954-06-30,Semi-finals,West Germany,Austria,Austria,Erich Probst,51,51,Normal
1954,1954-06-30,Semi-finals,West Germany,Austria,West Germany,Fritz Walter,54,54,Penalty
1954,1954-06-30,Semi-finals,West Germany,Austria,West Germany,Ottmar Walter,61,61,Normal
1954,1954-06-30,Semi-finals,West Germany,Austria,West Germany,Fritz Walter,64,64,Penalty
1954,1954-06-30,Semi-finals,West Germany,Austria,West Germany,Ottmar Walter,89,89,Normal
1954,1954-07-03,Third-place match,Austria,Uruguay,Austria,Ernst Stojaspal,16,16,Penalty
1954,1954-07-03,Third-place match,Austria,Uruguay,Uruguay,Juan Hohberg,22,22,Normal
1954,1954-07-03,Third-place match,Austria,Uruguay,Austria,Luis Cruz,59,59,Own Goal
1954,1954-07-03,Third-place match,Austria,Uruguay,Austria,Ernst Ocwirk,89,89,Normal
1954,1954-07-04,Final,West Germany,Hungary,Hungary,Ferenc Puskás,6,6,Normal
1954,1954-07-04,Final,West Germany,Hungary,Hungary,Zoltán Czibor,8,8,Normal
1954,1954-07-04,Final,West Germany,Hungary,West Germany,Max Morlock,10,10,Normal
1954,1954-07-04,Final,West Germany,Hungary,West Germany,Helmut Rahn,18,18,Normal
1954,1954-07-04,Final,West Germany,Hungary,West Germany,Helmut Rahn,84,84,Normal
1950,1950-06-24,Group stage,Brazil,Mexico,Brazil,not applicable Ademir,30,30,Normal
1950,1950-06-24,Group stage,Brazil,Mexico,Brazil,not applicable Jair,65,65,Normal
1950,1950-06-24,Group stage,Brazil,Mexico,Brazil,not applicable Baltazar,71,71,Normal
1950,1950-06-24,Group stage,Brazil,Mexico,Brazil,not applicable Ademir,79,79,Normal
1950,1950-06-25,Group stage,Yugoslavia,Switzerland,Yugoslavia,Rajko Mitić,59,59,Normal
1950,1950-06-25,Group stage,Yugoslavia,Switzerland,Yugoslavia,Kosta Tomašević,70,70,Normal
1950,1950-06-25,Group stage,Yugoslavia,Switzerland,Yugoslavia,Tihomir Ognjanov,84,84,Normal
1950,1950-06-25,Group stage,England,Chile,England,Stan Mortensen,39,39,Normal
1950,1950-06-25,Group stage,England,Chile,England,Wilf Mannion,51,51,Normal
1950,1950-06-25,Group stage,Spain,United States,United States,Gino Pariani,17,17,Normal
1950,1950-06-25,Group stage,Spain,United States,Spain,Silvestre Igoa,81,81,Normal
1950,1950-06-25,Group stage,Spain,United States,Spain,Estanislau Basora,83,83,Normal
1950,1950-06-25,Group stage,Spain,United States,Spain,Telmo Zarra,89,89,Normal
1950,1950-06-25,Group stage,Sweden,Italy,Italy,Riccardo Carapellese,7,7,Normal
1950,1950-06-25,Group stage,Sweden,Italy,Sweden,Hasse Jeppson,25,25,Normal
1950,1950-06-25,Group stage,Sweden,Italy,Sweden,Sune Andersson,33,33,Normal
1950,1950-06-25,Group stage,Sweden,Italy,Sweden,Hasse Jeppson,68,68,Normal
1950,1950-06-25,Group stage,Sweden,Italy,Italy,Ermes Muccinelli,75,75,Normal
1950,1950-06-28,Group stage,Brazil,Switzerland,Brazil,not applicable Alfredo,3,3,Normal
1950,1950-06-28,Group stage,Brazil,Switzerland,Switzerland,Jacques Fatton,17,17,Normal
1950,1950-06-28,Group stage,Brazil,Switzerland,Brazil,not applicable Baltazar,32,32,Normal
1950,1950-06-28,Group stage,Brazil,Switzerland,Switzerland,Jacques Fatton,88,88,Normal
1950,1950-06-28,Group stage,Yugoslavia,Mexico,Yugoslavia,Stjepan Bobek,20,20,Normal
1950,1950-06-28,Group stage,Yugoslavia,Mexico,Yugoslavia,Željko Čajkovski,23,23,Normal
1950,1950-06-28,Group stage,Yugoslavia,Mexico,Yugoslavia,Željko Čajkovski,51,51,Normal
1950,1950-06-28,Group stage,Yugoslavia,Mexico,Yugoslavia,Kosta Tomašević,81,81,Normal
1950,1950-06-28,Group stage,Yugoslavia,Mexico,Mexico,Héctor Ortiz,89,89,Penalty
1950,1950-06-29,Group stage,Spain,Chile,Spain,Estanislau Basora,17,17,Normal
1950,1950-06-29,Group stage,Spain,Chile,Spain,Telmo Zarra,30,30,Normal
1950,1950-06-29,Group stage,United States,England,United States,Joe Gaetjens,38,38,Normal
1950,1950-06-29,Group stage,Sweden,Paraguay,Sweden,Stig Sundqvist,17,17,Normal
1950,1950-06-29,Group stage,Sweden,Paraguay,Sweden,Karl-Erik Palmér,26,26,Normal
1950,1950-06-29,Group stage,Sweden,Paraguay,Paraguay,Atilio López,35,35,Normal
1950,1950-06-29,Group stage,Sweden,Paraguay,Paraguay,César López Fretes,74,74,Normal
1950,1950-07-01,Group stage,Brazil,Yugoslavia,Brazil,not applicable Ademir,4,4,Normal
1950,1950-07-01,Group stage,Brazil,Yugoslavia,Brazil,not applicable Zizinho,69,69,Normal
1950,1950-07-02,Group stage,Chile,United States,Chile,George Robledo,16,16,Normal
1950,1950-07-02,Group stage,Chile,United States,Chile,Atilio Cremaschi,32,32,Normal
1950,1950-07-02,Group stage,Chile,United States,United States,Frank Wallace,47,47,Normal
1950,1950-07-02,Group stage,Chile,United States,United States,Joe Maca,48,48,Penalty
1950,1950-07-02,Group stage,Chile,United States,Chile,Andrés Prieto,54,54,Normal
1950,1950-07-02,Group stage,Chile,United States,Chile,Atilio Cremaschi,60,60,Normal
1950,1950-07-02,Group stage,Chile,United States,Chile,Fernando Riera,82,82,Normal
1950,1950-07-02,Group stage,Spain,England,Spain,Telmo Zarra,48,48,Normal
1950,1950-07-02,Group stage,Italy,Paraguay,Italy,Riccardo Carapellese,12,12,Normal
1950,1950-07-02,Group stage,Italy,Paraguay,Italy,Egisto Pandolfini,62,62,Normal
1950,1950-07-02,Group stage,Uruguay,Bolivia,Uruguay,Oscar Míguez,14,14,Normal
1950,1950-07-02,Group stage,Uruguay,Bolivia,Uruguay,Ernesto Vidal,18,18,Normal
1950,1950-07-02,Group stage,Uruguay,Bolivia,Uruguay,Juan Alberto Schiaffino,23,23,Normal
1950,1950-07-02,Group stage,Uruguay,Bolivia,Uruguay,Oscar Míguez,40,40,Normal
1950,1950-07-02,Group stage,Uruguay,Bolivia,Uruguay,Oscar Míguez,51,51,Normal
1950,1950-07-02,Group stage,Uruguay,Bolivia,Uruguay,Juan Alberto Schiaffino,54,54,Normal
1950,1950-07-02,Group stage,Uruguay,Bolivia,Uruguay,Julio Pérez,83,83,Normal
1950,1950-07-02,Group stage,Uruguay,Bolivia,Uruguay,Alcides Ghiggia,87,87,Normal
1950,1950-07-02,Group stage,Switzerland,Mexico,Switzerland,René Bader,10,10,Normal
1950,1950-07-02,Group stage,Switzerland,Mexico,Switzerland,Charles Antenen,44,44,Normal
1950,1950-07-02,Group stage,Switzerland,Mexico,Mexico,Horacio Casarín,89,89,Normal
1950,1950-07-09,Final round,Brazil,Sweden,Brazil,not applicable Ademir,17,17,Normal
1950,1950-07-09,Final round,Brazil,Sweden,Brazil,not applicable Ademir,36,36,Normal
1950,1950-07-09,Final round,Brazil,Sweden,Brazil,not applicable Chico,39,39,Normal
1950,1950-07-09,Final round,Brazil,Sweden,Brazil,not applicable Ademir,52,52,Normal
1950,1950-07-09,Final round,Brazil,Sweden,Brazil,not applicable Ademir,58,58,Normal
1950,1950-07-09,Final round,Brazil,Sweden,Sweden,Sune Andersson,67,67,Penalty
1950,1950-07-09,Final round,Brazil,Sweden,Brazil,not applicable Maneca,85,85,Normal
1950,1950-07-09,Final round,Brazil,Sweden,Brazil,not applicable Chico,88,88,Normal
1950,1950-07-09,Final round,Uruguay,Spain,Uruguay,Alcides Ghiggia,29,29,Normal
1950,1950-07-09,Final round,Uruguay,Spain,Spain,Estanislau Basora,37,37,Normal
1950,1950-07-09,Final round,Uruguay,Spain,Spain,Estanislau Basora,39,39,Normal
1950,1950-07-09,Final round,Uruguay,Spain,Uruguay,Obdulio Varela,73,73,Normal
1950,1950-07-13,Final round,Brazil,Spain,Brazil,not applicable Ademir,15,15,Normal
1950,1950-07-13,Final round,Brazil,Spain,Brazil,not applicable Jair,21,21,Normal
1950,1950-07-13,Final round,Brazil,Spain,Brazil,not applicable Chico,31,31,Normal
1950,1950-07-13,Final round,Brazil,Spain,Brazil,not applicable Chico,55,55,Normal
1950,1950-07-13,Final round,Brazil,Spain,Brazil,not applicable Ademir,57,57,Normal
1950,1950-07-13,Final round,Brazil,Spain,Brazil,not applicable Zizinho,67,67,Normal
1950,1950-07-13,Final round,Brazil,Spain,Spain,Silvestre Igoa,71,71,Normal
1950,1950-07-13,Final round,Uruguay,Sweden,Sweden,Karl-Erik Palmér,5,5,Normal
1950,1950-07-13,Final round,Uruguay,Sweden,Uruguay,Alcides Ghiggia,39,39,Normal
1950,1950-07-13,Final round,Uruguay,Sweden,Sweden,Stig Sundqvist,40,40,Normal
1950,1950-07-13,Final round,Uruguay,Sweden,Uruguay,Oscar Míguez,77,77,Normal
1950,1950-07-13,Final round,Uruguay,Sweden,Uruguay,Oscar Míguez,85,85,Normal
1950,1950-07-16,Final round,Sweden,Spain,Sweden,Stig Sundqvist,15,15,Normal
1950,1950-07-16,Final round,Sweden,Spain,Sweden,Bror Mellberg,33,33,Normal
1950,1950-07-16,Final round,Sweden,Spain,Sweden,Karl-Erik Palmér,80,80,Normal
1950,1950-07-16,Final round,Sweden,Spain,Spain,Telmo Zarra,82,82,Normal
1950,1950-07-16,Final round,Uruguay,Brazil,Brazil,not applicable Friaça,47,47,Normal
1950,1950-07-16,Final round,Uruguay,Brazil,Uruguay,Juan Alberto Schiaffino,66,66,Normal
1950,1950-07-16,Final round,Uruguay,Brazil,Uruguay,Alcides Ghiggia,79,79,Normal
1938,1938-06-04,Round of 16,Switzerland,Germany,Germany,Josef Gauchel,29,29,Normal
1938,1938-06-04,Round of 16,Switzerland,Germany,Switzerland,André Abegglen,43,43,Normal
1938,1938-06-05,Round of 16,Cuba,Romania,Romania,Silviu Bindea,35,35,Normal
1938,1938-06-05,Round of 16,Cuba,Romania,Cuba,Héctor Socorro,44,44,Normal
1938,1938-06-05,Round of 16,Cuba,Romania,Cuba,José Magriñá,69,69,Normal
1938,1938-06-05,Round of 16,Cuba,Romania,Romania,Iuliu Baratky,88,88,Normal
1938,1938-06-05,Round of 16,Cuba,Romania,Cuba,Héctor Socorro,103,103,Normal
1938,1938-06-05,Round of 16,Cuba,Romania,Romania,Ștefan Dobay,105,105,Normal
1938,1938-06-05,Round of 16,France,Belgium,France,Émile Veinante,1,1,Normal
1938,1938-06-05,Round of 16,France,Belgium,France,Jean Nicolas,16,16,Normal
1938,1938-06-05,Round of 16,France,Belgium,Belgium,Hendrik Isemborghs,38,38,Normal
1938,1938-06-05,Round of 16,France,Belgium,France,Jean Nicolas,69,69,Normal
1938,1938-06-05,Round of 16,Hungary,Dutch East Indies,Hungary,Vilmos Kohut,13,13,Normal
1938,1938-06-05,Round of 16,Hungary,Dutch East Indies,Hungary,Géza Toldi,15,15,Normal
1938,1938-06-05,Round of 16,Hungary,Dutch East Indies,Hungary,György Sárosi,28,28,Normal
1938,1938-06-05,Round of 16,Hungary,Dutch East Indies,Hungary,Gyula Zsengellér,35,35,Normal
1938,1938-06-05,Round of 16,Hungary,Dutch East Indies,Hungary,Gyula Zsengellér,76,76,Normal
1938,1938-06-05,Round of 16,Hungary,Dutch East Indies,Hungary,György Sárosi,89,89,Normal
1938,1938-06-05,Round of 16,Italy,Norway,Italy,Pietro Ferraris,2,2,Normal
1938,1938-06-05,Round of 16,Italy,Norway,Norway,Arne Brustad,83,83,Normal
1938,1938-06-05,Round of 16,Italy,Norway,Italy,Silvio Piola,94,94,Normal
1938,1938-06-05,Round of 16,Brazil,Poland,Brazil,not applicable Leônidas,18,18,Normal
1938,1938-06-05,Round of 16,Brazil,Poland,Poland,Fryderyk Scherfke,23,23,Penalty
1938,1938-06-05,Round of 16,Brazil,Poland,Brazil,not applicable Romeu,25,25,Normal
1938,1938-06-05,Round of 16,Brazil,Poland,Brazil,not applicable Perácio,44,44,Normal
1938,1938-06-05,Round of 16,Brazil,Poland,Poland,Ernst Wilimowski,53,53,Normal
1938,1938-06-05,Round of 16,Brazil,Poland,Poland,Ernst Wilimowski,59,59,Normal
1938,1938-06-05,Round of 16,Brazil,Poland,Brazil,not applicable Perácio,71,71,Normal
1938,1938-06-05,Round of 16,Brazil,Poland,Poland,Ernst Wilimowski,89,89,Normal
1938,1938-06-05,Round of 16,Brazil,Poland,Brazil,not applicable Leônidas,93,93,Normal
1938,1938-06-05,Round of 16,Brazil,Poland,Brazil,not applicable Leônidas,104,104,Normal
1938,1938-06-05,Round of 16,Brazil,Poland,Poland,Ernst Wilimowski,118,118,Normal
1938,1938-06-05,Round of 16,Czechoslovakia,Netherlands,Czechoslovakia,Josef Košťálek,93,93,Normal
1938,1938-06-05,Round of 16,Czechoslovakia,Netherlands,Czechoslovakia,Josef Zeman,111,111,Normal
1938,1938-06-05,Round of 16,Czechoslovakia,Netherlands,Czechoslovakia,Oldřich Nejedlý,118,118,Normal
1938,1938-06-09,Round of 16,Cuba,Romania,Romania,Ștefan Dobay,35,35,Normal
1938,1938-06-09,Round of 16,Cuba,Romania,Cuba,Héctor Socorro,51,51,Normal
1938,1938-06-09,Round of 16,Cuba,Romania,Cuba,Tomás Fernández,57,57,Normal
1938,1938-06-09,Round of 16,Switzerland,Germany,Germany,Wilhelm Hahnemann,8,8,Normal
1938,1938-06-09,Round of 16,Switzerland,Germany,Germany,Ernst Lörtscher,22,22,Own Goal
1938,1938-06-09,Round of 16,Switzerland,Germany,Switzerland,Eugen Walaschek,42,42,Normal
1938,1938-06-09,Round of 16,Switzerland,Germany,Switzerland,Alfred Bickel,64,64,Normal
1938,1938-06-09,Round of 16,Switzerland,Germany,Switzerland,André Abegglen,75,75,Normal
1938,1938-06-09,Round of 16,Switzerland,Germany,Switzerland,André Abegglen,78,78,Normal
1938,1938-06-12,Quarter-finals,Brazil,Czechoslovakia,Brazil,not applicable Leônidas,30,30,Normal
1938,1938-06-12,Quarter-finals,Brazil,Czechoslovakia,Czechoslovakia,Oldřich Nejedlý,65,65,Penalty
1938,1938-06-12,Quarter-finals,Hungary,Switzerland,Hungary,György Sárosi,40,40,Normal
1938,1938-06-12,Quarter-finals,Hungary,Switzerland,Hungary,Gyula Zsengellér,89,89,Normal
1938,1938-06-12,Quarter-finals,Italy,France,Italy,Gino Colaussi,9,9,Normal
1938,1938-06-12,Quarter-finals,Italy,France,France,Oscar Heisserer,10,10,Normal
1938,1938-06-12,Quarter-finals,Italy,France,Italy,Silvio Piola,51,51,Normal
1938,1938-06-12,Quarter-finals,Italy,France,Italy,Silvio Piola,72,72,Normal
1938,1938-06-12,Quarter-finals,Sweden,Cuba,Sweden,Harry Andersson,9,9,Normal
1938,1938-06-12,Quarter-finals,Sweden,Cuba,Sweden,Gustav Wetterström,22,22,Normal
1938,1938-06-12,Quarter-finals,Sweden,Cuba,Sweden,Gustav Wetterström,37,37,Normal
1938,1938-06-12,Quarter-finals,Sweden,Cuba,Sweden,Gustav Wetterström,44,44,Normal
1938,1938-06-12,Quarter-finals,Sweden,Cuba,Sweden,Tore Keller,80,80,Normal
1938,1938-06-12,Quarter-finals,Sweden,Cuba,Sweden,Harry Andersson,81,81,Normal
1938,1938-06-12,Quarter-finals,Sweden,Cuba,Sweden,Arne Nyberg,84,84,Normal
1938,1938-06-12,Quarter-finals,Sweden,Cuba,Sweden,Harry Andersson,89,89,Normal
1938,1938-06-14,Quarter-finals,Brazil,Czechoslovakia,Czechoslovakia,Vlastimil Kopecký,25,25,Normal
1938,1938-06-14,Quarter-finals,Brazil,Czechoslovakia,Brazil,not applicable Leônidas,57,57,Normal
1938,1938-06-14,Quarter-finals,Brazil,Czechoslovakia,Brazil,not applicable Roberto,62,62,Normal
1938,1938-06-16,Semi-finals,Hungary,Sweden,Sweden,Arne Nyberg,1,1,Normal
1938,1938-06-16,Semi-finals,Hungary,Sweden,Hungary,Sven Jacobsson,19,19,Own Goal
1938,1938-06-16,Semi-finals,Hungary,Sweden,Hungary,Pál Titkos,37,37,Normal
1938,1938-06-16,Semi-finals,Hungary,Sweden,Hungary,Gyula Zsengellér,39,39,Normal
1938,1938-06-16,Semi-finals,Hungary,Sweden,Hungary,György Sárosi,65,65,Normal
1938,1938-06-16,Semi-finals,Hungary,Sweden,Hungary,Gyula Zsengellér,85,85,Normal
1938,1938-06-16,Semi-finals,Italy,Brazil,Italy,Gino Colaussi,51,51,Normal
1938,1938-06-16,Semi-finals,Italy,Brazil,Italy,Giuseppe Meazza,60,60,Penalty
1938,1938-06-16,Semi-finals,Italy,Brazil,Brazil,not applicable Romeu,87,87,Normal
1938,1938-06-19,Third-place match,Brazil,Sweden,Sweden,Sven Jonasson,28,28,Normal
1938,1938-06-19,Third-place match,Brazil,Sweden,Sweden,Arne Nyberg,38,38,Normal
1938,1938-06-19,Third-place match,Brazil,Sweden,Brazil,not applicable Romeu,44,44,Normal
1938,1938-06-19,Third-place match,Brazil,Sweden,Brazil,not applicable Leônidas,63,63,Normal
1938,1938-06-19,Third-place match,Brazil,Sweden,Brazil,not applicable Leônidas,74,74,Normal
1938,1938-06-19,Third-place match,Brazil,Sweden,Brazil,not applicable Perácio,80,80,Normal
1938,1938-06-19,Final,Italy,Hungary,Italy,Gino Colaussi,6,6,Normal
1938,1938-06-19,Final,Italy,Hungary,Hungary,Pál Titkos,8,8,Normal
1938,1938-06-19,Final,Italy,Hungary,Italy,Silvio Piola,16,16,Normal
1938,1938-06-19,Final,Italy,Hungary,Italy,Gino Colaussi,35,35,Normal
1938,1938-06-19,Final,Italy,Hungary,Hungary,György Sárosi,70,70,Normal
1938,1938-06-19,Final,Italy,Hungary,Italy,Silvio Piola,82,82,Normal
1934,1934-05-27,Round of 16,Austria,France,France,Jean Nicolas,18,18,Normal
1934,1934-05-27,Round of 16,Austria,France,Austria,Matthias Sindelar,44,44,Normal
1934,1934-05-27,Round of 16,Austria,France,Austria,Anton Schall,93,93,Normal
1934,1934-05-27,Round of 16,Austria,France,Austria,Josef Bican,109,109,Normal
1934,1934-05-27,Round of 16,Austria,France,France,Georges Verriest,116,116,Penalty
1934,1934-05-27,Round of 16,Czechoslovakia,Romania,Romania,Ștefan Dobay,11,11,Normal
1934,1934-05-27,Round of 16,Czechoslovakia,Romania,Czechoslovakia,Antonín Puč,50,50,Normal
1934,1934-05-27,Round of 16,Czechoslovakia,Romania,Czechoslovakia,Oldřich Nejedlý,67,67,Normal
1934,1934-05-27,Round of 16,Germany,Belgium,Germany,Stanislaus Kobierski,25,25,Normal
1934,1934-05-27,Round of 16,Germany,Belgium,Belgium,Bernard Voorhoof,29,29,Normal
1934,1934-05-27,Round of 16,Germany,Belgium,Belgium,Bernard Voorhoof,43,43,Normal
1934,1934-05-27,Round of 16,Germany,Belgium,Germany,Otto Siffling,49,49,Normal
1934,1934-05-27,Round of 16,Germany,Belgium,Germany,Edmund Conen,66,66,Normal
1934,1934-05-27,Round of 16,Germany,Belgium,Germany,Edmund Conen,70,70,Normal
1934,1934-05-27,Round of 16,Germany,Belgium,Germany,Edmund Conen,87,87,Normal
1934,1934-05-27,Round of 16,Hungary,Egypt,Hungary,Pál Teleki,11,11,Normal
1934,1934-05-27,Round of 16,Hungary,Egypt,Hungary,Géza Toldi,31,31,Normal
1934,1934-05-27,Round of 16,Hungary,Egypt,Egypt,Abdulrahman Fawzi,35,35,Normal
1934,1934-05-27,Round of 16,Hungary,Egypt,Egypt,Abdulrahman Fawzi,39,39,Normal
1934,1934-05-27,Round of 16,Hungary,Egypt,Hungary,Jenő Vincze,53,53,Normal
1934,1934-05-27,Round of 16,Hungary,Egypt,Hungary,Géza Toldi,61,61,Normal
1934,1934-05-27,Round of 16,Italy,United States,Italy,Angelo Schiavio,18,18,Normal
1934,1934-05-27,Round of 16,Italy,United States,Italy,Raimundo Orsi,20,20,Normal
1934,1934-05-27,Round of 16,Italy,United States,Italy,Angelo Schiavio,29,29,Normal
1934,1934-05-27,Round of 16,Italy,United States,United States,Aldo Donelli,57,57,Normal
1934,1934-05-27,Round of 16,Italy,United States,Italy,Giovanni Ferrari,63,63,Normal
1934,1934-05-27,Round of 16,Italy,United States,Italy,Angelo Schiavio,64,64,Normal
1934,1934-05-27,Round of 16,Italy,United States,Italy,Raimundo Orsi,69,69,Normal
1934,1934-05-27,Round of 16,Italy,United States,Italy,Giuseppe Meazza,90,90,Normal
1934,1934-05-27,Round of 16,Spain,Brazil,Spain,José Iraragorri,18,18,Penalty
1934,1934-05-27,Round of 16,Spain,Brazil,Spain,José Iraragorri,25,25,Normal
1934,1934-05-27,Round of 16,Spain,Brazil,Spain,Isidro Lángara,29,29,Normal
1934,1934-05-27,Round of 16,Spain,Brazil,Brazil,not applicable Leônidas,55,55,Normal
1934,1934-05-27,Round of 16,Sweden,Argentina,Argentina,Ernesto Belis,4,4,Normal
1934,1934-05-27,Round of 16,Sweden,Argentina,Sweden,Sven Jonasson,9,9,Normal
1934,1934-05-27,Round of 16,Sweden,Argentina,Argentina,Alberto Galateo,48,48,Normal
1934,1934-05-27,Round of 16,Sweden,Argentina,Sweden,Sven Jonasson,67,67,Normal
1934,1934-05-27,Round of 16,Sweden,Argentina,Sweden,Knut Kroon,79,79,Normal
1934,1934-05-27,Round of 16,Switzerland,Netherlands,Switzerland,Leopold Kielholz,7,7,Normal
1934,1934-05-27,Round of 16,Switzerland,Netherlands,Netherlands,Kick Smit,29,29,Normal
1934,1934-05-27,Round of 16,Switzerland,Netherlands,Switzerland,Leopold Kielholz,43,43,Normal
1934,1934-05-27,Round of 16,Switzerland,Netherlands,Switzerland,André Abegglen,66,66,Normal
1934,1934-05-27,Round of 16,Switzerland,Netherlands,Netherlands,Leen Vente,69,69,Normal
1934,1934-05-31,Quarter-finals,Austria,Hungary,Austria,Johann Horvath,8,8,Normal
1934,1934-05-31,Quarter-finals,Austria,Hungary,Austria,Karl Zischek,51,51,Normal
1934,1934-05-31,Quarter-finals,Austria,Hungary,Hungary,György Sárosi,60,60,Penalty
1934,1934-05-31,Quarter-finals,Czechoslovakia,Switzerland,Switzerland,Leopold Kielholz,18,18,Normal
1934,1934-05-31,Quarter-finals,Czechoslovakia,Switzerland,Czechoslovakia,František Svoboda,24,24,Normal
1934,1934-05-31,Quarter-finals,Czechoslovakia,Switzerland,Czechoslovakia,Jiří Sobotka,49,49,Normal
1934,1934-05-31,Quarter-finals,Czechoslovakia,Switzerland,Switzerland,Willy Jäggi,78,78,Normal
1934,1934-05-31,Quarter-finals,Czechoslovakia,Switzerland,Czechoslovakia,Oldřich Nejedlý,82,82,Normal
1934,1934-05-31,Quarter-finals,Germany,Sweden,Germany,Karl Hohmann,60,60,Normal
1934,1934-05-31,Quarter-finals,Germany,Sweden,Germany,Karl Hohmann,63,63,Normal
1934,1934-05-31,Quarter-finals,Germany,Sweden,Sweden,Gösta Dunker,82,82,Normal
1934,1934-05-31,Quarter-finals,Italy,Spain,Spain,Luis Regueiro,30,30,Normal
1934,1934-05-31,Quarter-finals,Italy,Spain,Italy,Giovanni Ferrari,44,44,Normal
1934,1934-06-01,Quarter-finals,Italy,Spain,Italy,Giuseppe Meazza,11,11,Normal
1934,1934-06-03,Semi-finals,Czechoslovakia,Germany,Czechoslovakia,Oldřich Nejedlý,21,21,Normal
1934,1934-06-03,Semi-finals,Czechoslovakia,Germany,Germany,Rudolf Noack,62,62,Normal
1934,1934-06-03,Semi-finals,Czechoslovakia,Germany,Czechoslovakia,Oldřich Nejedlý,69,69,Normal
1934,1934-06-03,Semi-finals,Czechoslovakia,Germany,Czechoslovakia,Oldřich Nejedlý,80,80,Normal
1934,1934-06-03,Semi-finals,Italy,Austria,Italy,Enrique Guaita,19,19,Normal
1934,1934-06-07,Third-place match,Germany,Austria,Germany,Ernst Lehner,1,1,Normal
1934,1934-06-07,Third-place match,Germany,Austria,Germany,Edmund Conen,27,27,Normal
1934,1934-06-07,Third-place match,Germany,Austria,Austria,Johann Horvath,28,28,Normal
1934,1934-06-07,Third-place match,Germany,Austria,Germany,Ernst Lehner,42,42,Normal
1934,1934-06-07,Third-place match,Germany,Austria,Austria,Karl Sesta,54,54,Normal
1934,1934-06-10,Final,Italy,Czechoslovakia,Czechoslovakia,Antonín Puč,71,71,Normal
1934,1934-06-10,Final,Italy,Czechoslovakia,Italy,Raimundo Orsi,81,81,Normal
1934,1934-06-10,Final,Italy,Czechoslovakia,Italy,Angelo Schiavio,95,95,Normal
1930,1930-07-13,Group stage,France,Mexico,France,Lucien Laurent,19,19,Normal
1930,1930-07-13,Group stage,France,Mexico,France,Marcel Langiller,40,40,Normal
1930,1930-07-13,Group stage,France,Mexico,France,André Maschinot,43,43,Normal
1930,1930-07-13,Group stage,France,Mexico,Mexico,Juan Carreño,70,70,Normal
1930,1930-07-13,Group stage,France,Mexico,France,André Maschinot,87,87,Normal
1930,1930-07-13,Group stage,United States,Belgium,United States,Bart McGhee,23,23,Normal
1930,1930-07-13,Group stage,United States,Belgium,United States,Tom Florie,45,45,Normal
1930,1930-07-13,Group stage,United States,Belgium,United States,Bert Patenaude,69,69,Normal
1930,1930-07-14,Group stage,Yugoslavia,Brazil,Yugoslavia,Aleksandar Tirnanić,21,21,Normal
1930,1930-07-14,Group stage,Yugoslavia,Brazil,Yugoslavia,Ivan Bek,30,30,Normal
1930,1930-07-14,Group stage,Yugoslavia,Brazil,Brazil,not applicable Preguinho,62,62,Normal
1930,1930-07-14,Group stage,Romania,Peru,Romania,Adalbert Deşu,1,1,Normal
1930,1930-07-14,Group stage,Romania,Peru,Peru,Luis Souza Ferreira,75,75,Normal
1930,1930-07-14,Group stage,Romania,Peru,Romania,Constantin Stanciu,79,79,Normal
1930,1930-07-14,Group stage,Romania,Peru,Romania,Miklós Kovács,89,89,Normal
1930,1930-07-15,Group stage,Argentina,France,Argentina,Luis Monti,81,81,Normal
1930,1930-07-16,Group stage,Chile,Mexico,Chile,Carlos Vidal,3,3,Normal
1930,1930-07-16,Group stage,Chile,Mexico,Chile,Manuel Rosas,52,52,Own Goal
1930,1930-07-16,Group stage,Chile,Mexico,Chile,Carlos Vidal,65,65,Normal
1930,1930-07-17,Group stage,Yugoslavia,Bolivia,Yugoslavia,Ivan Bek,60,60,Normal
1930,1930-07-17,Group stage,Yugoslavia,Bolivia,Yugoslavia,Blagoje Marjanović,65,65,Normal
1930,1930-07-17,Group stage,Yugoslavia,Bolivia,Yugoslavia,Ivan Bek,67,67,Normal
1930,1930-07-17,Group stage,Yugoslavia,Bolivia,Yugoslavia,Đorđe Vujadinović,85,85,Normal
1930,1930-07-17,Group stage,United States,Paraguay,United States,Bert Patenaude,10,10,Normal
1930,1930-07-17,Group stage,United States,Paraguay,United States,Bert Patenaude,15,15,Normal
1930,1930-07-17,Group stage,United States,Paraguay,United States,Bert Patenaude,50,50,Normal
1930,1930-07-18,Group stage,Uruguay,Peru,Uruguay,Héctor Castro,65,65,Normal
1930,1930-07-19,Group stage,Chile,France,Chile,Guillermo Subiabre,67,67,Normal
1930,1930-07-19,Group stage,Argentina,Mexico,Argentina,Guillermo Stábile,8,8,Normal
1930,1930-07-19,Group stage,Argentina,Mexico,Argentina,Adolfo Zumelzú,12,12,Normal
1930,1930-07-19,Group stage,Argentina,Mexico,Argentina,Guillermo Stábile,17,17,Normal
1930,1930-07-19,Group stage,Argentina,Mexico,Mexico,Manuel Rosas,42,42,Penalty
1930,1930-07-19,Group stage,Argentina,Mexico,Argentina,Francisco Varallo,53,53,Normal
1930,1930-07-19,Group stage,Argentina,Mexico,Argentina,Adolfo Zumelzú,55,55,Normal
1930,1930-07-19,Group stage,Argentina,Mexico,Mexico,Manuel Rosas,65,65,Normal
1930,1930-07-19,Group stage,Argentina,Mexico,Mexico,Roberto Gayón,75,75,Normal
1930,1930-07-19,Group stage,Argentina,Mexico,Argentina,Guillermo Stábile,80,80,Normal
1930,1930-07-20,Group stage,Brazil,Bolivia,Brazil,not applicable Moderato,37,37,Normal
1930,1930-07-20,Group stage,Brazil,Bolivia,Brazil,not applicable Preguinho,57,57,Normal
1930,1930-07-20,Group stage,Brazil,Bolivia,Brazil,not applicable Moderato,73,73,Normal
1930,1930-07-20,Group stage,Brazil,Bolivia,Brazil,not applicable Preguinho,83,83,Normal
1930,1930-07-20,Group stage,Paraguay,Belgium,Paraguay,Luis Vargas Peña,40,40,Normal
1930,1930-07-21,Group stage,Uruguay,Romania,Uruguay,Pablo Dorado,7,7,Normal
1930,1930-07-21,Group stage,Uruguay,Romania,Uruguay,Héctor Scarone,26,26,Normal
1930,1930-07-21,Group stage,Uruguay,Romania,Uruguay,Peregrino Anselmo,31,31,Normal
1930,1930-07-21,Group stage,Uruguay,Romania,Uruguay,Pedro Cea,35,35,Normal
1930,1930-07-22,Group stage,Argentina,Chile,Argentina,Guillermo Stábile,12,12,Normal
1930,1930-07-22,Group stage,Argentina,Chile,Argentina,Guillermo Stábile,13,13,Normal
1930,1930-07-22,Group stage,Argentina,Chile,Chile,Guillermo Subiabre,15,15,Normal
1930,1930-07-22,Group stage,Argentina,Chile,Argentina,Mario Evaristo,51,51,Normal
1930,1930-07-26,Semi-finals,Argentina,United States,Argentina,Luis Monti,20,20,Normal
1930,1930-07-26,Semi-finals,Argentina,United States,Argentina,Alejandro Scopelli,56,56,Normal
1930,1930-07-26,Semi-finals,Argentina,United States,Argentina,Guillermo Stábile,69,69,Normal
1930,1930-07-26,Semi-finals,Argentina,United States,Argentina,Carlos Peucelle,80,80,Normal
1930,1930-07-26,Semi-finals,Argentina,United States,Argentina,Carlos Peucelle,85,85,Normal
1930,1930-07-26,Semi-finals,Argentina,United States,Argentina,Guillermo Stábile,87,87,Normal
1930,1930-07-26,Semi-finals,Argentina,United States,United States,Jim Brown,89,89,Normal
1930,1930-07-27,Semi-finals,Uruguay,Yugoslavia,Yugoslavia,Đorđe Vujadinović,4,4,Normal
1930,1930-07-27,Semi-finals,Uruguay,Yugoslavia,Uruguay,Pedro Cea,18,18,Normal
1930,1930-07-27,Semi-finals,Uruguay,Yugoslavia,Uruguay,Peregrino Anselmo,20,20,Normal
1930,1930-07-27,Semi-finals,Uruguay,Yugoslavia,Uruguay,Peregrino Anselmo,31,31,Normal
1930,1930-07-27,Semi-finals,Uruguay,Yugoslavia,Uruguay,Santos Iriarte,61,61,Normal
1930,1930-07-27,Semi-finals,Uruguay,Yugoslavia,Uruguay,Pedro Cea,67,67,Normal
1930,1930-07-27,Semi-finals,Uruguay,Yugoslavia,Uruguay,Pedro Cea,72,72,Normal
1930,1930-07-30,Final,Uruguay,Argentina,Uruguay,Pablo Dorado,12,12,Normal
1930,1930-07-30,Final,Uruguay,Argentina,Argentina,Carlos Peucelle,20,20,Normal
1930,1930-07-30,Final,Uruguay,Argentina,Argentina,Guillermo Stábile,37,37,Normal
1930,1930-07-30,Final,Uruguay,Argentina,Uruguay,Pedro Cea,57,57,Normal
1930,1930-07-30,Final,Uruguay,Argentina,Uruguay,Santos Iriarte,68,68,Normal
1930,1930-07-30,Final,Uruguay,Argentina,Uruguay,Héctor Castro,89,89,Normal
