year,host_country,round,stage_type,date,home_team,away_team,home_score,away_score,total_goals,goal_diff,result,winner,home_xg,away_xg,home_penalty_shootout,away_penalty_shootout,venue,attendance,referee,home_manager,away_manager,home_captain,away_captain,notes
2022,Qatar,Final,Knockout,2022-12-18,Argentina,France,3.0,3.0,6.0,0.0,Home Win (pens),Argentina,3.3,2.2,4.0,2.0,"Lusail Iconic Stadium, Lusail",88966,Szymon Marciniak,Lionel Scaloni,Didier Deschamps,Lionel Messi,Hugo Lloris,Argentina won on penalty kicks following extra time
2022,Qatar,Third-place match,Knockout,2022-12-17,Croatia,Morocco,2.0,1.0,3.0,1.0,Home Win,Croatia,0.7,1.2,,,"Khalifa International Stadium, Doha",44137,Abdulrahman Ibrahim Al Jassim,Zlatko Dalić,Hoalid Regragui,Luka Modrić,Hakim Ziyech,
2022,Qatar,Semi-finals,Knockout,2022-12-14,France,Morocco,2.0,0.0,2.0,2.0,Home Win,France,2.0,0.9,,,"Al Bayt Stadium, Al Khor",68294,César Arturo Ramos,Didier Deschamps,Hoalid Regragui,Hugo Lloris,Romain Saïss,
2022,Qatar,Semi-finals,Knockout,2022-12-13,Argentina,Croatia,3.0,0.0,3.0,3.0,Home Win,Argentina,2.3,0.5,,,"Lusail Iconic Stadium, Lusail",88966,Daniele Orsato,Lionel Scaloni,Zlatko Dalić,Lionel Messi,Luka Modrić,
2022,Qatar,Quarter-finals,Knockout,2022-12-10,Morocco,Portugal,1.0,0.0,1.0,1.0,Home Win,Morocco,1.4,0.9,,,"Al Thumama Stadium, ath-Thumāma",44198,Facundo Tello,Hoalid Regragui,Fernando Santos,Romain Saïss,Pepe,
2022,Qatar,Quarter-finals,Knockout,2022-12-10,England,France,1.0,2.0,3.0,-1.0,Away Win,France,2.4,0.9,,,"Al Bayt Stadium, Al Khor",68895,Wilton Sampaio,Gareth Southgate,Didier Deschamps,Harry Kane,Hugo Lloris,
2022,Qatar,Quarter-finals,Knockout,2022-12-09,Croatia,Brazil,1.0,1.0,2.0,0.0,Home Win (pens),Croatia,0.6,2.5,4.0,2.0,"Education City Stadium, Doha",43893,Michael Oliver,Zlatko Dalić,Tite,Luka Modrić,Thiago Silva,Croatia won on penalty kicks following extra time
2022,Qatar,Quarter-finals,Knockout,2022-12-09,Netherlands,Argentina,2.0,2.0,4.0,0.0,Away Win (pens),Argentina,0.6,1.9,3.0,4.0,"Lusail Iconic Stadium, Lusail",88235,Antonio Matéu,Louis van Gaal,Lionel Scaloni,Virgil van Dijk,Lionel Messi,Argentina won on penalty kicks following extra time
2022,Qatar,Round of 16,Knockout,2022-12-06,Morocco,Spain,0.0,0.0,0.0,0.0,Home Win (pens),Morocco,0.7,1.0,3.0,0.0,"Education City Stadium, Doha",44667,Fernando Rapallini,Hoalid Regragui,Luis Enrique,Romain Saïss,Sergio Busquets,Morocco won on penalty kicks following extra time
2022,Qatar,Round of 16,Knockout,2022-12-06,Portugal,Switzerland,6.0,1.0,7.0,5.0,Home Win,Portugal,2.3,1.2,,,"Lusail Iconic Stadium, Lusail",83720,César Arturo Ramos,Fernando Santos,Murat Yakin,Pepe,Granit Xhaka,
2022,Qatar,Round of 16,Knockout,2022-12-05,Japan,Croatia,1.0,1.0,2.0,0.0,Away Win (pens),Croatia,1.2,1.4,1.0,3.0,"Al Janoub Stadium, Al Wakrah",42523,Ismail Elfath,Hajime Moriyasu,Zlatko Dalić,Maya Yoshida,Luka Modrić,Croatia won on penalty kicks following extra time
2022,Qatar,Round of 16,Knockout,2022-12-05,Brazil,Korea Republic,4.0,1.0,5.0,3.0,Home Win,Brazil,3.6,0.5,,,"Stadium 974, Doha",43847,Clément Turpin,Tite,Paulo Bento,Thiago Silva,Son Heung-min,
2022,Qatar,Round of 16,Knockout,2022-12-04,France,Poland,3.0,1.0,4.0,2.0,Home Win,France,1.4,1.7,,,"Al Thumama Stadium, ath-Thumāma",40989,Jesús Valenzuela,Didier Deschamps,Czesław Michniewicz,Hugo Lloris,Robert Lewandowski,
2022,Qatar,Round of 16,Knockout,2022-12-04,England,Senegal,3.0,0.0,3.0,3.0,Home Win,England,1.0,0.8,,,"Al Bayt Stadium, Al Khor",65985,Iván Barton,Gareth Southgate,Aliou Cissé,Harry Kane,Kalidou Koulibaly,
2022,Qatar,Round of 16,Knockout,2022-12-03,Netherlands,United States,3.0,1.0,4.0,2.0,Home Win,Netherlands,1.7,1.5,,,"Khalifa International Stadium, Doha",44846,Wilton Sampaio,Louis van Gaal,Gregg Berhalter,Virgil van Dijk,Tyler Adams,
2022,Qatar,Round of 16,Knockout,2022-12-03,Argentina,Australia,2.0,1.0,3.0,1.0,Home Win,Argentina,1.6,0.6,,,"Ahmed bin Ali Stadium, Umm al-Afā'ī",45032,Szymon Marciniak,Lionel Scaloni,Graham Arnold,Lionel Messi,Mathew Ryan,
2022,Qatar,Group stage,Group Stage,2022-12-02,Korea Republic,Portugal,2.0,1.0,3.0,1.0,Home Win,Korea Republic,1.7,1.3,,,"Education City Stadium, Doha",44097,Facundo Tello,Sérgio Costa,Fernando Santos,Son Heung-min,Cristiano Ronaldo,
2022,Qatar,Group stage,Group Stage,2022-12-02,Ghana,Uruguay,0.0,2.0,2.0,-2.0,Away Win,Uruguay,1.6,1.8,,,"Al Janoub Stadium, Al Wakrah",43443,Daniel Siebert,Otto Addo,Diego Alonso,André Ayew,Luis Suárez,
2022,Qatar,Group stage,Group Stage,2022-12-02,Cameroon,Brazil,1.0,0.0,1.0,1.0,Home Win,Cameroon,0.5,2.5,,,"Lusail Iconic Stadium, Lusail",85986,Ismail Elfath,Rigobert Song,Tite,Vincent Aboubakar,Dani Alves,
2022,Qatar,Group stage,Group Stage,2022-12-02,Serbia,Switzerland,2.0,3.0,5.0,-1.0,Away Win,Switzerland,1.3,2.7,,,"Stadium 974, Doha",41378,Fernando Rapallini,Dragan Stojković,Murat Yakin,Dušan Tadić,Granit Xhaka,
2022,Qatar,Group stage,Group Stage,2022-12-01,Canada,Morocco,1.0,2.0,3.0,-1.0,Away Win,Morocco,1.4,0.5,,,"Al Thumama Stadium, ath-Thumāma",43102,Raphael Claus,John Herdman,Hoalid Regragui,Milan Borjan,Romain Saïss,
2022,Qatar,Group stage,Group Stage,2022-12-01,Croatia,Belgium,0.0,0.0,0.0,0.0,Draw,Draw,0.7,3.0,,,"Ahmed bin Ali Stadium, Umm al-Afā'ī",43984,Anthony Taylor,Zlatko Dalić,Roberto Martínez,Luka Modrić,Kevin De Bruyne,
2022,Qatar,Group stage,Group Stage,2022-12-01,Costa Rica,Germany,2.0,4.0,6.0,-2.0,Away Win,Germany,1.3,5.7,,,"Al Bayt Stadium, Al Khor",67054,Stéphanie Frappart,Luis Fernando Suárez,Hansi Flick,Keylor Navas,Manuel Neuer,
2022,Qatar,Group stage,Group Stage,2022-12-01,Japan,Spain,2.0,1.0,3.0,1.0,Home Win,Japan,1.4,1.0,,,"Khalifa International Stadium, Doha",44851,Victor Gomes,Hajime Moriyasu,Luis Enrique,Maya Yoshida,Sergio Busquets,
2022,Qatar,Group stage,Group Stage,2022-11-30,Australia,Denmark,1.0,0.0,1.0,1.0,Home Win,Australia,0.6,0.6,,,"Al Janoub Stadium, Al Wakrah",41232,Mustapha Ghorbal,Graham Arnold,Kasper Hjulmand,Mathew Ryan,Christian Eriksen,
2022,Qatar,Group stage,Group Stage,2022-11-30,Tunisia,France,1.0,0.0,1.0,1.0,Home Win,Tunisia,0.5,0.8,,,"Education City Stadium, Doha",43627,Matt Conger,Jalel Kadri,Didier Deschamps,Wahbi Khazri,Raphaël Varane,
2022,Qatar,Group stage,Group Stage,2022-11-30,Saudi Arabia,Mexico,1.0,2.0,3.0,-1.0,Away Win,Mexico,1.1,2.3,,,"Lusail Iconic Stadium, Lusail",84985,Michael Oliver,Hervé Renard,Tata Martino,Salem Al-Dawsari,Guillermo Ochoa,
2022,Qatar,Group stage,Group Stage,2022-11-30,Poland,Argentina,0.0,2.0,2.0,-2.0,Away Win,Argentina,0.3,3.5,,,"Stadium 974, Doha",44089,Danny Makkelie,Czesław Michniewicz,Lionel Scaloni,Robert Lewandowski,Lionel Messi,
2022,Qatar,Group stage,Group Stage,2022-11-29,Ecuador,Senegal,1.0,2.0,3.0,-1.0,Away Win,Senegal,0.9,2.1,,,"Khalifa International Stadium, Doha",44569,Clément Turpin,Gustavo Alfaro,Aliou Cissé,Enner Valencia,Kalidou Koulibaly,
2022,Qatar,Group stage,Group Stage,2022-11-29,Netherlands,Qatar,2.0,0.0,2.0,2.0,Home Win,Netherlands,1.6,0.1,,,"Al Bayt Stadium, Al Khor",66784,Bakary Papa Gassama,Louis van Gaal,Félix Sánchez,Virgil van Dijk,Hassan Al-Haydos,
2022,Qatar,Group stage,Group Stage,2022-11-29,IR Iran,United States,0.0,1.0,1.0,-1.0,Away Win,United States,0.4,1.2,,,"Al Thumama Stadium, ath-Thumāma",42127,Antonio Matéu,Carlos Queiroz,Gregg Berhalter,Ehsan Hajsafi,Tyler Adams,
2022,Qatar,Group stage,Group Stage,2022-11-29,Wales,England,0.0,3.0,3.0,-3.0,Away Win,England,0.3,2.4,,,"Ahmed bin Ali Stadium, Umm al-Afā'ī",44297,Slavko Vinčič,Rob Page,Gareth Southgate,Gareth Bale,Harry Kane,
2022,Qatar,Group stage,Group Stage,2022-11-28,Cameroon,Serbia,3.0,3.0,6.0,0.0,Draw,Draw,2.2,1.9,,,"Al Janoub Stadium, Al Wakrah",39789,Mohammed Abdulla Hassan,Rigobert Song,Dragan Stojković,Eric Maxim Choupo-Moting,Dušan Tadić,
2022,Qatar,Group stage,Group Stage,2022-11-28,Korea Republic,Ghana,2.0,3.0,5.0,-1.0,Away Win,Ghana,1.8,1.6,,,"Education City Stadium, Doha",43983,Anthony Taylor,Paulo Bento,Otto Addo,Son Heung-min,André Ayew,
2022,Qatar,Group stage,Group Stage,2022-11-28,Brazil,Switzerland,1.0,0.0,1.0,1.0,Home Win,Brazil,1.0,0.3,,,"Stadium 974, Doha",43649,Iván Barton,Tite,Murat Yakin,Thiago Silva,Granit Xhaka,
2022,Qatar,Group stage,Group Stage,2022-11-28,Portugal,Uruguay,2.0,0.0,2.0,2.0,Home Win,Portugal,1.3,1.3,,,"Lusail Iconic Stadium, Lusail",88668,Alireza Faghani,Fernando Santos,Diego Alonso,Cristiano Ronaldo,Diego Godín,
2022,Qatar,Group stage,Group Stage,2022-11-27,Japan,Costa Rica,0.0,1.0,1.0,-1.0,Away Win,Costa Rica,0.9,0.1,,,"Ahmed bin Ali Stadium, Umm al-Afā'ī",41479,Michael Oliver,Hajime Moriyasu,Luis Fernando Suárez,Maya Yoshida,Keylor Navas,
2022,Qatar,Group stage,Group Stage,2022-11-27,Belgium,Morocco,0.0,2.0,2.0,-2.0,Away Win,Morocco,1.0,1.5,,,"Al Thumama Stadium, ath-Thumāma",43738,César Arturo Ramos,Roberto Martínez,Hoalid Regragui,Eden Hazard,Romain Saïss,
2022,Qatar,Group stage,Group Stage,2022-11-27,Croatia,Canada,4.0,1.0,5.0,3.0,Home Win,Croatia,2.6,0.4,,,"Khalifa International Stadium, Doha",44374,Andrés Matonte,Zlatko Dalić,John Herdman,Luka Modrić,Atiba Hutchinson,
2022,Qatar,Group stage,Group Stage,2022-11-27,Spain,Germany,1.0,1.0,2.0,0.0,Draw,Draw,0.6,1.3,,,"Al Bayt Stadium, Al Khor",68895,Danny Makkelie,Luis Enrique,Hansi Flick,Sergio Busquets,Manuel Neuer,
2022,Qatar,Group stage,Group Stage,2022-11-26,Tunisia,Australia,0.0,1.0,1.0,-1.0,Away Win,Australia,0.9,0.6,,,"Al Janoub Stadium, Al Wakrah",41823,Daniel Siebert,Jalel Kadri,Graham Arnold,Youssef Msakni,Mathew Ryan,
2022,Qatar,Group stage,Group Stage,2022-11-26,Poland,Saudi Arabia,2.0,0.0,2.0,2.0,Home Win,Poland,1.6,1.7,,,"Education City Stadium, Doha",44259,Wilton Sampaio,Czesław Michniewicz,Hervé Renard,Robert Lewandowski,Salem Al-Dawsari,
2022,Qatar,Group stage,Group Stage,2022-11-26,France,Denmark,2.0,1.0,3.0,1.0,Home Win,France,2.4,0.6,,,"Stadium 974, Doha",42860,Szymon Marciniak,Didier Deschamps,Kasper Hjulmand,Hugo Lloris,Kasper Schmeichel,
2022,Qatar,Group stage,Group Stage,2022-11-26,Argentina,Mexico,2.0,0.0,2.0,2.0,Home Win,Argentina,0.3,0.3,,,"Lusail Iconic Stadium, Lusail",88966,Daniele Orsato,Lionel Scaloni,Tata Martino,Lionel Messi,Andrés Guardado,
2022,Qatar,Group stage,Group Stage,2022-11-25,Wales,IR Iran,0.0,2.0,2.0,-2.0,Away Win,IR Iran,0.9,1.4,,,"Ahmed bin Ali Stadium, Umm al-Afā'ī",40875,Mario Escobar,Rob Page,Carlos Queiroz,Gareth Bale,Ehsan Hajsafi,
2022,Qatar,Group stage,Group Stage,2022-11-25,Qatar,Senegal,1.0,3.0,4.0,-2.0,Away Win,Senegal,1.0,0.8,,,"Al Thumama Stadium, ath-Thumāma",41797,Antonio Matéu,Félix Sánchez,Aliou Cissé,Hassan Al-Haydos,Kalidou Koulibaly,
2022,Qatar,Group stage,Group Stage,2022-11-25,Netherlands,Ecuador,1.0,1.0,2.0,0.0,Draw,Draw,0.1,1.7,,,"Khalifa International Stadium, Doha",44833,Mustapha Ghorbal,Louis van Gaal,Gustavo Alfaro,Virgil van Dijk,Enner Valencia,
2022,Qatar,Group stage,Group Stage,2022-11-25,England,United States,0.0,0.0,0.0,0.0,Draw,Draw,0.8,0.6,,,"Al Bayt Stadium, Al Khor",68463,Jesús Valenzuela,Gareth Southgate,Gregg Berhalter,Harry Kane,Tyler Adams,
2022,Qatar,Group stage,Group Stage,2022-11-24,Switzerland,Cameroon,1.0,0.0,1.0,1.0,Home Win,Switzerland,1.4,0.7,,,"Al Janoub Stadium, Al Wakrah",39089,Facundo Tello,Murat Yakin,Rigobert Song,Granit Xhaka,Eric Maxim Choupo-Moting,
2022,Qatar,Group stage,Group Stage,2022-11-24,Uruguay,Korea Republic,0.0,0.0,0.0,0.0,Draw,Draw,0.6,0.6,,,"Education City Stadium, Doha",41663,Clément Turpin,Diego Alonso,Paulo Bento,Diego Godín,Son Heung-min,
2022,Qatar,Group stage,Group Stage,2022-11-24,Portugal,Ghana,3.0,2.0,5.0,1.0,Home Win,Portugal,2.0,0.9,,,"Stadium 974, Doha",42662,Ismail Elfath,Fernando Santos,Otto Addo,Cristiano Ronaldo,André Ayew,
2022,Qatar,Group stage,Group Stage,2022-11-24,Brazil,Serbia,2.0,0.0,2.0,2.0,Home Win,Brazil,2.4,0.2,,,"Lusail Iconic Stadium, Lusail",88103,Alireza Faghani,Tite,Dragan Stojković,Thiago Silva,Dušan Tadić,
2022,Qatar,Group stage,Group Stage,2022-11-23,Morocco,Croatia,0.0,0.0,0.0,0.0,Draw,Draw,0.4,0.5,,,"Al Bayt Stadium, Al Khor",59407,Fernando Rapallini,Hoalid Regragui,Zlatko Dalić,Romain Saïss,Luka Modrić,
2022,Qatar,Group stage,Group Stage,2022-11-23,Germany,Japan,1.0,2.0,3.0,-1.0,Away Win,Japan,3.1,1.5,,,"Khalifa International Stadium, Doha",42608,Iván Barton,Hansi Flick,Hajime Moriyasu,Manuel Neuer,Maya Yoshida,
2022,Qatar,Group stage,Group Stage,2022-11-23,Spain,Costa Rica,7.0,0.0,7.0,7.0,Home Win,Spain,3.5,0.0,,,"Al Thumama Stadium, ath-Thumāma",40013,Mohammed Abdulla Hassan,Luis Enrique,Luis Fernando Suárez,Sergio Busquets,Keylor Navas,
2022,Qatar,Group stage,Group Stage,2022-11-23,Belgium,Canada,1.0,0.0,1.0,1.0,Home Win,Belgium,0.8,2.4,,,"Ahmed bin Ali Stadium, Umm al-Afā'ī",40432,Janny Sikazwe,Roberto Martínez,John Herdman,Eden Hazard,Atiba Hutchinson,
2022,Qatar,Group stage,Group Stage,2022-11-22,Argentina,Saudi Arabia,1.0,2.0,3.0,-1.0,Away Win,Saudi Arabia,2.2,0.1,,,"Lusail Iconic Stadium, Lusail",88012,Slavko Vinčič,Lionel Scaloni,Hervé Renard,Lionel Messi,Salman Al-Faraj,
2022,Qatar,Group stage,Group Stage,2022-11-22,Denmark,Tunisia,0.0,0.0,0.0,0.0,Draw,Draw,1.4,0.9,,,"Education City Stadium, Doha",42925,César Arturo Ramos,Kasper Hjulmand,Jalel Kadri,Simon Kjær,Youssef Msakni,
2022,Qatar,Group stage,Group Stage,2022-11-22,Mexico,Poland,0.0,0.0,0.0,0.0,Draw,Draw,0.7,0.9,,,"Stadium 974, Doha",39369,Chris Beath,Tata Martino,Czesław Michniewicz,Guillermo Ochoa,Robert Lewandowski,
2022,Qatar,Group stage,Group Stage,2022-11-22,France,Australia,4.0,1.0,5.0,3.0,Home Win,France,4.0,0.5,,,"Al Janoub Stadium, Al Wakrah",40875,Victor Gomes,Didier Deschamps,Graham Arnold,Hugo Lloris,Mathew Ryan,
2022,Qatar,Group stage,Group Stage,2022-11-21,England,IR Iran,6.0,2.0,8.0,4.0,Home Win,England,2.1,1.4,,,"Khalifa International Stadium, Doha",45334,Raphael Claus,Gareth Southgate,Carlos Queiroz,Harry Kane,Ehsan Hajsafi,
2022,Qatar,Group stage,Group Stage,2022-11-21,Senegal,Netherlands,0.0,2.0,2.0,-2.0,Away Win,Netherlands,0.9,0.7,,,"Al Thumama Stadium, ath-Thumāma",41721,Wilton Sampaio,Aliou Cissé,Louis van Gaal,Kalidou Koulibaly,Virgil van Dijk,
2022,Qatar,Group stage,Group Stage,2022-11-21,United States,Wales,1.0,1.0,2.0,0.0,Draw,Draw,0.8,1.5,,,"Ahmed bin Ali Stadium, Umm al-Afā'ī",43418,Abdulrahman Ibrahim Al Jassim,Gregg Berhalter,Rob Page,Tyler Adams,Gareth Bale,
2022,Qatar,Group stage,Group Stage,2022-11-20,Qatar,Ecuador,0.0,2.0,2.0,-2.0,Away Win,Ecuador,0.3,1.2,,,"Al Bayt Stadium, Al Khor",67372,Daniele Orsato,Félix Sánchez,Gustavo Alfaro,Hassan Al-Haydos,Enner Valencia,
2018,Russia,Final,Knockout,2018-07-15,France,Croatia,4.0,2.0,6.0,2.0,Home Win,France,1.1,1.1,,,"Olimpiyskiy stadion Luzhniki, Moskva",78011,Néstor Pitana,Didier Deschamps,Zlatko Dalić,Hugo Lloris,Luka Modrić,
2018,Russia,Third-place match,Knockout,2018-07-14,Belgium,England,2.0,0.0,2.0,2.0,Home Win,Belgium,1.5,1.0,,,"Gazprom Arena, Sankt-Petersburg",64406,Alireza Faghani,Roberto Martínez,Gareth Southgate,Eden Hazard,Harry Kane,
2018,Russia,Semi-finals,Knockout,2018-07-11,Croatia,England,2.0,1.0,3.0,1.0,Home Win,Croatia,1.7,0.6,,,"Olimpiyskiy stadion Luzhniki, Moskva",78011,Cüneyt Çakιr,Zlatko Dalić,Gareth Southgate,Luka Modrić,Harry Kane,Required Extra Time
2018,Russia,Semi-finals,Knockout,2018-07-10,France,Belgium,1.0,0.0,1.0,1.0,Home Win,France,1.7,0.4,,,"Gazprom Arena, Sankt-Petersburg",64286,Andrés Cunha,Didier Deschamps,Roberto Martínez,Hugo Lloris,Eden Hazard,
2018,Russia,Quarter-finals,Knockout,2018-07-07,Sweden,England,0.0,2.0,2.0,-2.0,Away Win,England,0.5,1.0,,,"Cosmos Arena, Samara",39991,Björn Kuipers,Janne Andersson,Gareth Southgate,Andreas Granqvist,Harry Kane,
2018,Russia,Quarter-finals,Knockout,2018-07-07,Russia,Croatia,2.0,2.0,4.0,0.0,Away Win (pens),Croatia,1.0,1.7,3.0,4.0,"Olimpiyskiy Stadion Fisht, Sochi",44287,Sandro Ricci,Stanislav Cherchesov,Zlatko Dalić,Igor Akinfeev,Luka Modrić,Croatia won on penalty kicks following extra time
2018,Russia,Quarter-finals,Knockout,2018-07-06,Uruguay,France,0.0,2.0,2.0,-2.0,Away Win,France,0.9,0.5,,,"Stadion Nizhny Novgorod, Nizhny Novgorod",43319,Néstor Pitana,Óscar Tabárez,Didier Deschamps,Diego Godín,Hugo Lloris,
2018,Russia,Quarter-finals,Knockout,2018-07-06,Brazil,Belgium,1.0,2.0,3.0,-1.0,Away Win,Belgium,2.8,0.5,,,"Kazan Arena, Kazan",42873,Milorad Mažić,Tite,Roberto Martínez,Miranda,Eden Hazard,
2018,Russia,Round of 16,Knockout,2018-07-03,Sweden,Switzerland,1.0,0.0,1.0,1.0,Home Win,Sweden,1.3,0.7,,,"Gazprom Arena, Sankt-Petersburg",64042,Damir Skomina,Janne Andersson,Vladimir Petković,Andreas Granqvist,Valon Behrami,
2018,Russia,Round of 16,Knockout,2018-07-03,Colombia,England,1.0,1.0,2.0,0.0,Away Win (pens),England,0.6,2.1,3.0,4.0,"Otkrytie Arena, Moskva",44190,Mark Geiger,José Pekerman,Gareth Southgate,Radamel Falcao,Harry Kane,England won on penalty kicks following extra time
2018,Russia,Round of 16,Knockout,2018-07-02,Brazil,Mexico,2.0,0.0,2.0,2.0,Home Win,Brazil,2.7,0.7,,,"Cosmos Arena, Samara",41970,Gianluca Rocchi,Tite,Juan Carlos Osorio,Thiago Silva,Rafael Márquez,
2018,Russia,Round of 16,Knockout,2018-07-02,Belgium,Japan,3.0,2.0,5.0,1.0,Home Win,Belgium,2.5,0.7,,,"Rostov Arena, Rostov-na-Donu",41466,Malang Diédhiou,Roberto Martínez,Akira Nishino,Eden Hazard,Makoto Hasebe,
2018,Russia,Round of 16,Knockout,2018-07-01,Spain,Russia,1.0,1.0,2.0,0.0,Away Win (pens),Russia,1.8,1.0,3.0,4.0,"Olimpiyskiy stadion Luzhniki, Moskva",78011,Björn Kuipers,Fernando Hierro,Stanislav Cherchesov,Sergio Ramos,Igor Akinfeev,Russia won on penalty kicks following extra time
2018,Russia,Round of 16,Knockout,2018-07-01,Croatia,Denmark,1.0,1.0,2.0,0.0,Home Win (pens),Croatia,2.5,0.9,3.0,2.0,"Stadion Nizhny Novgorod, Nizhny Novgorod",40851,Néstor Pitana,Zlatko Dalić,Åge Hareide,Luka Modrić,Simon Kjær,Croatia won on penalty kicks following extra time
2018,Russia,Round of 16,Knockout,2018-06-30,France,Argentina,4.0,3.0,7.0,1.0,Home Win,France,2.2,0.8,,,"Kazan Arena, Kazan",42873,Alireza Faghani,Didier Deschamps,Jorge Sampaoli,Hugo Lloris,Lionel Messi,
2018,Russia,Round of 16,Knockout,2018-06-30,Uruguay,Portugal,2.0,1.0,3.0,1.0,Home Win,Uruguay,0.6,1.0,,,"Olimpiyskiy Stadion Fisht, Sochi",44287,César Arturo Ramos,Óscar Tabárez,Fernando Santos,Diego Godín,Cristiano Ronaldo,
2018,Russia,Group stage,Group Stage,2018-06-28,Japan,Poland,0.0,1.0,1.0,-1.0,Away Win,Poland,0.7,1.4,,,"Volgograd Arena, Volgograd",42189,Janny Sikazwe,Akira Nishino,Adam Nawałka,Eiji Kawashima,Robert Lewandowski,
2018,Russia,Group stage,Group Stage,2018-06-28,Senegal,Colombia,0.0,1.0,1.0,-1.0,Away Win,Colombia,0.5,0.3,,,"Cosmos Arena, Samara",41970,Milorad Mažić,Aliou Cissé,José Pekerman,Cheikhou Kouyaté,Radamel Falcao,
2018,Russia,Group stage,Group Stage,2018-06-28,England,Belgium,0.0,1.0,1.0,-1.0,Away Win,Belgium,0.9,1.3,,,"Kaliningrad Stadium, Kaliningrad",33973,Damir Skomina,Gareth Southgate,Roberto Martínez,Eric Dier,Thibaut Courtois,
2018,Russia,Group stage,Group Stage,2018-06-28,Panama,Tunisia,1.0,2.0,3.0,-1.0,Away Win,Tunisia,0.6,2.1,,,"Mordovia Arena, Saransk",37168,Nawaf Shukralla,Hernán Darío Gómez,Nabil Maâloul,Román Torres,Aymen Mathlouthi,
2018,Russia,Group stage,Group Stage,2018-06-27,Korea Republic,Germany,2.0,0.0,2.0,2.0,Home Win,Korea Republic,1.7,2.7,,,"Kazan Arena, Kazan",41835,Mark Geiger,Shin Taeyong,Joachim Löw,Son Heung-min,Manuel Neuer,
2018,Russia,Group stage,Group Stage,2018-06-27,Mexico,Sweden,0.0,3.0,3.0,-3.0,Away Win,Sweden,1.4,2.4,,,"Stadion Central'nyj, Yekaterinburg",33061,Néstor Pitana,Juan Carlos Osorio,Janne Andersson,Andrés Guardado,Robin Olsen,
2018,Russia,Group stage,Group Stage,2018-06-27,Switzerland,Costa Rica,2.0,2.0,4.0,0.0,Draw,Draw,1.4,1.5,,,"Stadion Nizhny Novgorod, Nizhny Novgorod",43319,Clément Turpin,Vladimir Petković,Oscar Ramírez,Stephan Lichtsteiner,Bryan Ruiz,
2018,Russia,Group stage,Group Stage,2018-06-27,Serbia,Brazil,0.0,2.0,2.0,-2.0,Away Win,Brazil,0.8,1.4,,,"Otkrytie Arena, Moskva",44190,Alireza Faghani,Mladen Krstajić,Tite,Aleksandar Kolarov,Miranda,
2018,Russia,Group stage,Group Stage,2018-06-26,Australia,Peru,0.0,2.0,2.0,-2.0,Away Win,Peru,0.9,0.2,,,"Olimpiyskiy Stadion Fisht, Sochi",44073,Sergey Karasev,Bert van Marwijk,Ricardo Gareca,Mile Jedinak,Paolo Guerrero,
2018,Russia,Group stage,Group Stage,2018-06-26,Denmark,France,0.0,0.0,0.0,0.0,Draw,Draw,0.2,0.4,,,"Olimpiyskiy stadion Luzhniki, Moskva",78011,Sandro Ricci,Åge Hareide,Didier Deschamps,Simon Kjær,Raphaël Varane,
2018,Russia,Group stage,Group Stage,2018-06-26,Iceland,Croatia,1.0,2.0,3.0,-1.0,Away Win,Croatia,2.1,0.7,,,"Rostov Arena, Rostov-na-Donu",43472,Antonio Matéu Lahoz,Heimir Hallgrímsson,Zlatko Dalić,Aron Gunnarsson,Luka Modrić,
2018,Russia,Group stage,Group Stage,2018-06-26,Nigeria,Argentina,1.0,2.0,3.0,-1.0,Away Win,Argentina,1.4,0.9,,,"Gazprom Arena, Sankt-Petersburg",64468,Cüneyt Çakιr,Gernot Rohr,Jorge Sampaoli,John Obi Mikel,Lionel Messi,
2018,Russia,Group stage,Group Stage,2018-06-25,Saudi Arabia,Egypt,2.0,1.0,3.0,1.0,Home Win,Saudi Arabia,2.6,0.8,,,"Volgograd Arena, Volgograd",36823,Wilmar Roldán,Juan Antonio Pizzi,Héctor Cúper,Osama Hawsawi,Essam El-Hadary,
2018,Russia,Group stage,Group Stage,2018-06-25,Uruguay,Russia,3.0,0.0,3.0,3.0,Home Win,Uruguay,2.4,0.1,,,"Cosmos Arena, Samara",41970,Malang Diédhiou,Óscar Tabárez,Stanislav Cherchesov,Diego Godín,Igor Akinfeev,
2018,Russia,Group stage,Group Stage,2018-06-25,Spain,Morocco,2.0,2.0,4.0,0.0,Draw,Draw,2.9,1.2,,,"Kaliningrad Stadium, Kaliningrad",33973,Ravshan Irmatov,Fernando Hierro,Hervé Renard,Sergio Ramos,M'barek Boussoufa,
2018,Russia,Group stage,Group Stage,2018-06-25,IR Iran,Portugal,1.0,1.0,2.0,0.0,Draw,Draw,1.4,1.3,,,"Mordovia Arena, Saransk",41685,Enrique Cáceres,Carlos Queiroz,Fernando Santos,Ehsan Hajsafi,Cristiano Ronaldo,
2018,Russia,Group stage,Group Stage,2018-06-24,England,Panama,6.0,1.0,7.0,5.0,Home Win,England,2.8,1.1,,,"Stadion Nizhny Novgorod, Nizhny Novgorod",43319,Gehad Grisha,Gareth Southgate,Hernán Darío Gómez,Harry Kane,Román Torres,
2018,Russia,Group stage,Group Stage,2018-06-24,Japan,Senegal,2.0,2.0,4.0,0.0,Draw,Draw,0.9,1.4,,,"Stadion Central'nyj, Yekaterinburg",32572,Gianluca Rocchi,Akira Nishino,Aliou Cissé,Makoto Hasebe,Sadio Mané,
2018,Russia,Group stage,Group Stage,2018-06-24,Poland,Colombia,0.0,3.0,3.0,-3.0,Away Win,Colombia,1.1,2.1,,,"Kazan Arena, Kazan",42873,César Arturo Ramos,Adam Nawałka,José Pekerman,Robert Lewandowski,Radamel Falcao,
2018,Russia,Group stage,Group Stage,2018-06-23,Belgium,Tunisia,5.0,2.0,7.0,3.0,Home Win,Belgium,5.2,1.1,,,"Otkrytie Arena, Moskva",44190,Jair Marrufo,Roberto Martínez,Nabil Maâloul,Eden Hazard,Wahbi Khazri,
2018,Russia,Group stage,Group Stage,2018-06-23,Korea Republic,Mexico,1.0,2.0,3.0,-1.0,Away Win,Mexico,0.9,1.9,,,"Rostov Arena, Rostov-na-Donu",43472,Milorad Mažić,Shin Taeyong,Juan Carlos Osorio,Cho Hyun-woo,Guillermo Ochoa,
2018,Russia,Group stage,Group Stage,2018-06-23,Germany,Sweden,2.0,1.0,3.0,1.0,Home Win,Germany,1.4,0.9,,,"Olimpiyskiy Stadion Fisht, Sochi",44287,Szymon Marciniak,Joachim Löw,Janne Andersson,Manuel Neuer,Andreas Granqvist,
2018,Russia,Group stage,Group Stage,2018-06-22,Brazil,Costa Rica,2.0,0.0,2.0,2.0,Home Win,Brazil,2.6,0.1,,,"Gazprom Arena, Sankt-Petersburg",64468,Björn Kuipers,Tite,Oscar Ramírez,Thiago Silva,Bryan Ruiz,
2018,Russia,Group stage,Group Stage,2018-06-22,Nigeria,Iceland,2.0,0.0,2.0,2.0,Home Win,Nigeria,0.9,1.3,,,"Volgograd Arena, Volgograd",40904,Matt Conger,Gernot Rohr,Heimir Hallgrímsson,John Obi Mikel,Aron Gunnarsson,
2018,Russia,Group stage,Group Stage,2018-06-22,Serbia,Switzerland,1.0,2.0,3.0,-1.0,Away Win,Switzerland,1.5,2.1,,,"Kaliningrad Stadium, Kaliningrad",33167,Felix Brych,Mladen Krstajić,Vladimir Petković,Aleksandar Kolarov,Stephan Lichtsteiner,
2018,Russia,Group stage,Group Stage,2018-06-21,Denmark,Australia,1.0,1.0,2.0,0.0,Draw,Draw,0.8,1.3,,,"Cosmos Arena, Samara",40727,Antonio Matéu Lahoz,Åge Hareide,Bert van Marwijk,Simon Kjær,Mile Jedinak,
2018,Russia,Group stage,Group Stage,2018-06-21,France,Peru,1.0,0.0,1.0,1.0,Home Win,France,2.0,0.4,,,"Stadion Central'nyj, Yekaterinburg",32789,Mohammed Abdulla Hassan,Didier Deschamps,Ricardo Gareca,Hugo Lloris,Paolo Guerrero,
2018,Russia,Group stage,Group Stage,2018-06-21,Argentina,Croatia,0.0,3.0,3.0,-3.0,Away Win,Croatia,1.3,1.9,,,"Stadion Nizhny Novgorod, Nizhny Novgorod",43319,Ravshan Irmatov,Jorge Sampaoli,Zlatko Dalić,Lionel Messi,Luka Modrić,
2018,Russia,Group stage,Group Stage,2018-06-20,Portugal,Morocco,1.0,0.0,1.0,1.0,Home Win,Portugal,1.2,0.9,,,"Olimpiyskiy stadion Luzhniki, Moskva",78011,Mark Geiger,Fernando Santos,Hervé Renard,Cristiano Ronaldo,Medhi Benatia,
2018,Russia,Group stage,Group Stage,2018-06-20,Uruguay,Saudi Arabia,1.0,0.0,1.0,1.0,Home Win,Uruguay,1.7,0.3,,,"Rostov Arena, Rostov-na-Donu",42678,Clément Turpin,Óscar Tabárez,Juan Antonio Pizzi,Diego Godín,Osama Hawsawi,
2018,Russia,Group stage,Group Stage,2018-06-20,IR Iran,Spain,0.0,1.0,1.0,-1.0,Away Win,Spain,0.7,1.9,,,"Kazan Arena, Kazan",42718,Andrés Cunha,Carlos Queiroz,Fernando Hierro,Ehsan Hajsafi,Sergio Ramos,
2018,Russia,Group stage,Group Stage,2018-06-19,Colombia,Japan,1.0,2.0,3.0,-1.0,Away Win,Japan,1.0,2.0,,,"Mordovia Arena, Saransk",40842,Damir Skomina,José Pekerman,Akira Nishino,Radamel Falcao,Makoto Hasebe,
2018,Russia,Group stage,Group Stage,2018-06-19,Poland,Senegal,1.0,2.0,3.0,-1.0,Away Win,Senegal,0.8,1.0,,,"Otkrytie Arena, Moskva",44190,Nawaf Shukralla,Adam Nawałka,Aliou Cissé,Robert Lewandowski,Sadio Mané,
2018,Russia,Group stage,Group Stage,2018-06-19,Russia,Egypt,3.0,1.0,4.0,2.0,Home Win,Russia,1.2,1.4,,,"Gazprom Arena, Sankt-Petersburg",64468,Enrique Cáceres,Stanislav Cherchesov,Héctor Cúper,Igor Akinfeev,Ahmed Fathy,
2018,Russia,Group stage,Group Stage,2018-06-18,Sweden,Korea Republic,1.0,0.0,1.0,1.0,Home Win,Sweden,2.3,0.3,,,"Stadion Nizhny Novgorod, Nizhny Novgorod",42300,Joel Aguilar,Janne Andersson,Shin Taeyong,Robin Olsen,Ki Sung-yueng,
2018,Russia,Group stage,Group Stage,2018-06-18,Belgium,Panama,3.0,0.0,3.0,3.0,Home Win,Belgium,2.0,0.5,,,"Olimpiyskiy Stadion Fisht, Sochi",43257,Janny Sikazwe,Roberto Martínez,Hernán Darío Gómez,Eden Hazard,Román Torres,
2018,Russia,Group stage,Group Stage,2018-06-18,Tunisia,England,1.0,2.0,3.0,-1.0,Away Win,England,1.0,2.8,,,"Volgograd Arena, Volgograd",41064,Wilmar Roldán,Nabil Maâloul,Gareth Southgate,Wahbi Khazri,Harry Kane,
2018,Russia,Group stage,Group Stage,2018-06-17,Costa Rica,Serbia,0.0,1.0,1.0,-1.0,Away Win,Serbia,0.9,0.9,,,"Cosmos Arena, Samara",41432,Malang Diédhiou,Oscar Ramírez,Mladen Krstajić,Bryan Ruiz,Aleksandar Kolarov,
2018,Russia,Group stage,Group Stage,2018-06-17,Germany,Mexico,0.0,1.0,1.0,-1.0,Away Win,Mexico,1.4,1.3,,,"Olimpiyskiy stadion Luzhniki, Moskva",78011,Alireza Faghani,Joachim Löw,Juan Carlos Osorio,Manuel Neuer,Andrés Guardado,
2018,Russia,Group stage,Group Stage,2018-06-17,Brazil,Switzerland,1.0,1.0,2.0,0.0,Draw,Draw,2.2,0.9,,,"Rostov Arena, Rostov-na-Donu",43109,César Ramos,Tite,Vladimir Petković,Marcelo,Stephan Lichtsteiner,
2018,Russia,Group stage,Group Stage,2018-06-16,France,Australia,2.0,1.0,3.0,1.0,Home Win,France,1.3,1.0,,,"Kazan Arena, Kazan",41279,Andrés Cunha,Didier Deschamps,Bert van Marwijk,Hugo Lloris,Mile Jedinak,
2018,Russia,Group stage,Group Stage,2018-06-16,Argentina,Iceland,1.0,1.0,2.0,0.0,Draw,Draw,1.9,1.0,,,"Otkrytie Arena, Moskva",44190,Szymon Marciniak,Jorge Sampaoli,Heimir Hallgrímsson,Lionel Messi,Aron Gunnarsson,
2018,Russia,Group stage,Group Stage,2018-06-16,Peru,Denmark,0.0,1.0,1.0,-1.0,Away Win,Denmark,1.7,1.0,,,"Mordovia Arena, Saransk",40502,Bakary Papa Gassama,Ricardo Gareca,Åge Hareide,Alberto Rodríguez,Simon Kjær,
2018,Russia,Group stage,Group Stage,2018-06-16,Croatia,Nigeria,2.0,0.0,2.0,2.0,Home Win,Croatia,1.5,0.7,,,"Kaliningrad Stadium, Kaliningrad",31136,Sandro Ricci,Zlatko Dalić,Gernot Rohr,Luka Modrić,John Obi Mikel,
2018,Russia,Group stage,Group Stage,2018-06-15,Egypt,Uruguay,0.0,1.0,1.0,-1.0,Away Win,Uruguay,0.3,1.6,,,"Stadion Central'nyj, Yekaterinburg",27015,Björn Kuipers,Héctor Cúper,Óscar Tabárez,Ahmed Fathy,Diego Godín,
2018,Russia,Group stage,Group Stage,2018-06-15,Morocco,IR Iran,0.0,1.0,1.0,-1.0,Away Win,IR Iran,0.7,1.0,,,"Gazprom Arena, Sankt-Petersburg",62548,Cüneyt Çakιr,Hervé Renard,Carlos Queiroz,Medhi Benatia,Masoud Shojaei,
2018,Russia,Group stage,Group Stage,2018-06-15,Portugal,Spain,3.0,3.0,6.0,0.0,Draw,Draw,1.2,1.6,,,"Olimpiyskiy Stadion Fisht, Sochi",43866,Gianluca Rocchi,Fernando Santos,Fernando Hierro,Cristiano Ronaldo,Sergio Ramos,
2018,Russia,Group stage,Group Stage,2018-06-14,Russia,Saudi Arabia,5.0,0.0,5.0,5.0,Home Win,Russia,1.7,0.2,,,"Olimpiyskiy stadion Luzhniki, Moskva",78011,Néstor Pitana,Stanislav Cherchesov,Juan Antonio Pizzi,Igor Akinfeev,Osama Hawsawi,
2014,Brazil,Final,Knockout,2014-07-13,Germany,Argentina,1.0,0.0,1.0,1.0,Home Win,Germany,,,,,"Estadio Jornalista Mário Filho, Rio de Janeiro",74738,Nicola Rizzoli,Joachim Löw,Alejandro Sabella,,,Required Extra Time
2014,Brazil,Third-place match,Knockout,2014-07-12,Brazil,Netherlands,0.0,3.0,3.0,-3.0,Away Win,Netherlands,,,,,"Estádio Nacional de Brasília, Brasília",68034,Djamel Haïmoudi,Luiz Felipe Scolari,Louis van Gaal,,,
2014,Brazil,Semi-finals,Knockout,2014-07-09,Netherlands,Argentina,0.0,0.0,0.0,0.0,Away Win (pens),Argentina,,,2.0,4.0,"Arena Corinthians, São Paulo",63267,Cüneyt Çakιr,Louis van Gaal,Alejandro Sabella,,,Argentina won on penalty kicks following extra time
2014,Brazil,Semi-finals,Knockout,2014-07-08,Brazil,Germany,1.0,7.0,8.0,-6.0,Away Win,Germany,,,,,"Estádio Governador Magalhães Pinto, Belo Horizonte",58141,Marco Antonio Rodríguez,Luiz Felipe Scolari,Joachim Löw,,,
2014,Brazil,Quarter-finals,Knockout,2014-07-05,Argentina,Belgium,1.0,0.0,1.0,1.0,Home Win,Argentina,,,,,"Estádio Nacional de Brasília, Brasília",68551,Nicola Rizzoli,Alejandro Sabella,Marc Wilmots,,,
2014,Brazil,Quarter-finals,Knockout,2014-07-05,Netherlands,Costa Rica,0.0,0.0,0.0,0.0,Home Win (pens),Netherlands,,,4.0,3.0,"Itaipava Arena Fonte Nova, Salvador",51179,Ravshan Irmatov,Louis van Gaal,Jorge Luis Pinto,,,Netherlands won on penalty kicks following extra time
2014,Brazil,Quarter-finals,Knockout,2014-07-04,France,Germany,0.0,1.0,1.0,-1.0,Away Win,Germany,,,,,"Estadio Jornalista Mário Filho, Rio de Janeiro",74240,Néstor Pitana,Didier Deschamps,Joachim Löw,,,
2014,Brazil,Quarter-finals,Knockout,2014-07-04,Brazil,Colombia,2.0,1.0,3.0,1.0,Home Win,Brazil,,,,,"Estádio Castelão, Fortaleza",60342,Carlos Velasco,Luiz Felipe Scolari,José Pekerman,,,
2014,Brazil,Round of 16,Knockout,2014-07-01,Argentina,Switzerland,1.0,0.0,1.0,1.0,Home Win,Argentina,,,,,"Arena Corinthians, São Paulo",63255,Jonas Eriksson,Alejandro Sabella,Ottmar Hitzfeld,,,Required Extra Time
2014,Brazil,Round of 16,Knockout,2014-07-01,Belgium,United States,2.0,1.0,3.0,1.0,Home Win,Belgium,,,,,"Itaipava Arena Fonte Nova, Salvador",51227,Djamel Haïmoudi,Marc Wilmots,Jürgen Klinsmann,,,Required Extra Time
2014,Brazil,Round of 16,Knockout,2014-06-30,France,Nigeria,2.0,0.0,2.0,2.0,Home Win,France,,,,,"Estádio Nacional de Brasília, Brasília",67882,Mark Geiger,Didier Deschamps,Stephen Keshi,,,
2014,Brazil,Round of 16,Knockout,2014-06-30,Germany,Algeria,2.0,1.0,3.0,1.0,Home Win,Germany,,,,,"Estádio José Pinheiro Borba, Porto Alegre",43063,Sandro Ricci,Joachim Löw,Vahid Halilhodžić,,,Required Extra Time
2014,Brazil,Round of 16,Knockout,2014-06-29,Netherlands,Mexico,2.0,1.0,3.0,1.0,Home Win,Netherlands,,,,,"Estádio Castelão, Fortaleza",58817,Pedro Proença,Louis van Gaal,Miguel Herrera,,,
2014,Brazil,Round of 16,Knockout,2014-06-29,Costa Rica,Greece,1.0,1.0,2.0,0.0,Home Win (pens),Costa Rica,,,5.0,3.0,"Itaipava Arena Pernambuco, Recife",41242,Benjamin Williams,Jorge Luis Pinto,Fernando Santos,,,Costa Rica won on penalty kicks following extra time
2014,Brazil,Round of 16,Knockout,2014-06-28,Brazil,Chile,1.0,1.0,2.0,0.0,Home Win (pens),Brazil,,,3.0,2.0,"Estádio Governador Magalhães Pinto, Belo Horizonte",57714,Howard Webb,Luiz Felipe Scolari,Jorge Sampaoli,,,Brazil won on penalty kicks following extra time
2014,Brazil,Round of 16,Knockout,2014-06-28,Colombia,Uruguay,2.0,0.0,2.0,2.0,Home Win,Colombia,,,,,"Estadio Jornalista Mário Filho, Rio de Janeiro",73804,Björn Kuipers,José Pekerman,Óscar Tabárez,,,
2014,Brazil,Group stage,Group Stage,2014-06-26,United States,Germany,0.0,1.0,1.0,-1.0,Away Win,Germany,,,,,"Itaipava Arena Pernambuco, Recife",41876,Ravshan Irmatov,Jürgen Klinsmann,Joachim Löw,,,
2014,Brazil,Group stage,Group Stage,2014-06-26,Portugal,Ghana,2.0,1.0,3.0,1.0,Home Win,Portugal,,,,,"Estádio Nacional de Brasília, Brasília",67540,Nawaf Shukralla,Paulo Bento,Kwesi Appiah,,,
2014,Brazil,Group stage,Group Stage,2014-06-26,Korea Republic,Belgium,0.0,1.0,1.0,-1.0,Away Win,Belgium,,,,,"Arena Corinthians, São Paulo",61397,Benjamin Williams,Hong Myung-bo,Marc Wilmots,,,
2014,Brazil,Group stage,Group Stage,2014-06-26,Algeria,Russia,1.0,1.0,2.0,0.0,Draw,Draw,,,,,"Estádio Joaquim Américo Guimarães, Curitiba",39311,Cüneyt Çakιr,Vahid Halilhodžić,Fabio Capello,,,
2014,Brazil,Group stage,Group Stage,2014-06-25,Bosnia and Herzegovina,IR Iran,3.0,1.0,4.0,2.0,Home Win,Bosnia and Herzegovina,,,,,"Itaipava Arena Fonte Nova, Salvador",48011,Carlos Velasco,Safet Sušić,Carlos Queiroz,,,
2014,Brazil,Group stage,Group Stage,2014-06-25,Nigeria,Argentina,2.0,3.0,5.0,-1.0,Away Win,Argentina,,,,,"Estádio José Pinheiro Borba, Porto Alegre",43285,Nicola Rizzoli,Stephen Keshi,Alejandro Sabella,,,
2014,Brazil,Group stage,Group Stage,2014-06-25,Honduras,Switzerland,0.0,3.0,3.0,-3.0,Away Win,Switzerland,,,,,"Arena da Amazônia, Manaus",40322,Néstor Pitana,Luis Suárez,Ottmar Hitzfeld,,,
2014,Brazil,Group stage,Group Stage,2014-06-25,Ecuador,France,0.0,0.0,0.0,0.0,Draw,Draw,,,,,"Estadio Jornalista Mário Filho, Rio de Janeiro",73749,Noumandiez Doué,Reinaldo Rueda,Didier Deschamps,,,
2014,Brazil,Group stage,Group Stage,2014-06-24,Costa Rica,England,0.0,0.0,0.0,0.0,Draw,Draw,,,,,"Estádio Governador Magalhães Pinto, Belo Horizonte",57823,Djamel Haïmoudi,Jorge Luis Pinto,Roy Hodgson,,,
2014,Brazil,Group stage,Group Stage,2014-06-24,Italy,Uruguay,0.0,1.0,1.0,-1.0,Away Win,Uruguay,,,,,"Arena das Dunas, Natal",39706,Marco Antonio Rodríguez,Cesare Prandelli,Óscar Tabárez,,,
2014,Brazil,Group stage,Group Stage,2014-06-24,Japan,Colombia,1.0,4.0,5.0,-3.0,Away Win,Colombia,,,,,"Arena Pantanal, Cuiabá",40340,Pedro Proença,Alberto Zaccheroni,José Pekerman,,,
2014,Brazil,Group stage,Group Stage,2014-06-24,Greece,Côte d'Ivoire,2.0,1.0,3.0,1.0,Home Win,Greece,,,,,"Estádio Castelão, Fortaleza",59095,Carlos Vera,Fernando Santos,Sabri Lamouchi,,,
2014,Brazil,Group stage,Group Stage,2014-06-23,Australia,Spain,0.0,3.0,3.0,-3.0,Away Win,Spain,,,,,"Estádio Joaquim Américo Guimarães, Curitiba",39375,Nawaf Shukralla,Ange Postecoglou,Del Bosque,,,
2014,Brazil,Group stage,Group Stage,2014-06-23,Netherlands,Chile,2.0,0.0,2.0,2.0,Home Win,Netherlands,,,,,"Arena Corinthians, São Paulo",62996,Bakary Papa Gassama,Louis van Gaal,Jorge Sampaoli,,,
2014,Brazil,Group stage,Group Stage,2014-06-23,Croatia,Mexico,1.0,3.0,4.0,-2.0,Away Win,Mexico,,,,,"Itaipava Arena Pernambuco, Recife",41212,Ravshan Irmatov,Niko Kovač,Miguel Herrera,,,
2014,Brazil,Group stage,Group Stage,2014-06-23,Cameroon,Brazil,1.0,4.0,5.0,-3.0,Away Win,Brazil,,,,,"Estádio Nacional de Brasília, Brasília",69112,Jonas Eriksson,Volker Finke,Luiz Felipe Scolari,,,
2014,Brazil,Group stage,Group Stage,2014-06-22,Belgium,Russia,1.0,0.0,1.0,1.0,Home Win,Belgium,,,,,"Estadio Jornalista Mário Filho, Rio de Janeiro",73819,Felix Brych,Marc Wilmots,Fabio Capello,,,
2014,Brazil,Group stage,Group Stage,2014-06-22,Korea Republic,Algeria,2.0,4.0,6.0,-2.0,Away Win,Algeria,,,,,"Estádio José Pinheiro Borba, Porto Alegre",42732,Wilmar Roldán,Hong Myung-bo,Vahid Halilhodžić,,,
2014,Brazil,Group stage,Group Stage,2014-06-22,United States,Portugal,2.0,2.0,4.0,0.0,Draw,Draw,,,,,"Arena da Amazônia, Manaus",40123,Néstor Pitana,Jürgen Klinsmann,Paulo Bento,,,
2014,Brazil,Group stage,Group Stage,2014-06-21,Argentina,IR Iran,1.0,0.0,1.0,1.0,Home Win,Argentina,,,,,"Estádio Governador Magalhães Pinto, Belo Horizonte",57698,Milorad Mažić,Alejandro Sabella,Carlos Queiroz,,,
2014,Brazil,Group stage,Group Stage,2014-06-21,Germany,Ghana,2.0,2.0,4.0,0.0,Draw,Draw,,,,,"Estádio Castelão, Fortaleza",59621,Sandro Ricci,Joachim Löw,Kwesi Appiah,,,
2014,Brazil,Group stage,Group Stage,2014-06-21,Nigeria,Bosnia and Herzegovina,1.0,0.0,1.0,1.0,Home Win,Nigeria,,,,,"Arena Pantanal, Cuiabá",40499,Peter O'Leary,Stephen Keshi,Safet Sušić,,,
2014,Brazil,Group stage,Group Stage,2014-06-20,Italy,Costa Rica,0.0,1.0,1.0,-1.0,Away Win,Costa Rica,,,,,"Itaipava Arena Pernambuco, Recife",40285,Enrique Osses,Cesare Prandelli,Jorge Luis Pinto,,,
2014,Brazil,Group stage,Group Stage,2014-06-20,Switzerland,France,2.0,5.0,7.0,-3.0,Away Win,France,,,,,"Itaipava Arena Fonte Nova, Salvador",51003,Björn Kuipers,Ottmar Hitzfeld,Didier Deschamps,,,
2014,Brazil,Group stage,Group Stage,2014-06-20,Honduras,Ecuador,1.0,2.0,3.0,-1.0,Away Win,Ecuador,,,,,"Estádio Joaquim Américo Guimarães, Curitiba",39224,Benjamin Williams,Luis Suárez,Reinaldo Rueda,,,
2014,Brazil,Group stage,Group Stage,2014-06-19,Colombia,Côte d'Ivoire,2.0,1.0,3.0,1.0,Home Win,Colombia,,,,,"Estádio Nacional de Brasília, Brasília",68748,Howard Webb,José Pekerman,Sabri Lamouchi,,,
2014,Brazil,Group stage,Group Stage,2014-06-19,Uruguay,England,2.0,1.0,3.0,1.0,Home Win,Uruguay,,,,,"Arena Corinthians, São Paulo",62575,Carlos Velasco,Óscar Tabárez,Roy Hodgson,,,
2014,Brazil,Group stage,Group Stage,2014-06-19,Japan,Greece,0.0,0.0,0.0,0.0,Draw,Draw,,,,,"Arena das Dunas, Natal",39485,Joel Aguilar,Alberto Zaccheroni,Fernando Santos,,,
2014,Brazil,Group stage,Group Stage,2014-06-18,Australia,Netherlands,2.0,3.0,5.0,-1.0,Away Win,Netherlands,,,,,"Estádio José Pinheiro Borba, Porto Alegre",42877,Djamel Haïmoudi,Ange Postecoglou,Louis van Gaal,,,
2014,Brazil,Group stage,Group Stage,2014-06-18,Spain,Chile,0.0,2.0,2.0,-2.0,Away Win,Chile,,,,,"Estadio Jornalista Mário Filho, Rio de Janeiro",74101,Mark Geiger,Del Bosque,Jorge Sampaoli,,,
2014,Brazil,Group stage,Group Stage,2014-06-18,Cameroon,Croatia,0.0,4.0,4.0,-4.0,Away Win,Croatia,,,,,"Arena da Amazônia, Manaus",39982,Pedro Proença,Volker Finke,Niko Kovač,,,
2014,Brazil,Group stage,Group Stage,2014-06-17,Belgium,Algeria,2.0,1.0,3.0,1.0,Home Win,Belgium,,,,,"Estádio Governador Magalhães Pinto, Belo Horizonte",56800,Marcos Rodriguez,Marc Wilmots,Vahid Halilhodžić,,,
2014,Brazil,Group stage,Group Stage,2014-06-17,Brazil,Mexico,0.0,0.0,0.0,0.0,Draw,Draw,,,,,"Estádio Castelão, Fortaleza",60342,Cüneyt Çakιr,Luiz Felipe Scolari,Miguel Herrera,,,
2014,Brazil,Group stage,Group Stage,2014-06-17,Russia,Korea Republic,1.0,1.0,2.0,0.0,Draw,Draw,,,,,"Arena Pantanal, Cuiabá",37603,Néstor Pitana,Fabio Capello,Hong Myung-bo,,,
2014,Brazil,Group stage,Group Stage,2014-06-16,Germany,Portugal,4.0,0.0,4.0,4.0,Home Win,Germany,,,,,"Itaipava Arena Fonte Nova, Salvador",51081,Milorad Mažić,Joachim Löw,Paulo Bento,,,
2014,Brazil,Group stage,Group Stage,2014-06-16,IR Iran,Nigeria,0.0,0.0,0.0,0.0,Draw,Draw,,,,,"Estádio Joaquim Américo Guimarães, Curitiba",39081,Carlos Vera,Carlos Queiroz,Stephen Keshi,,,
2014,Brazil,Group stage,Group Stage,2014-06-16,Ghana,United States,1.0,2.0,3.0,-1.0,Away Win,United States,,,,,"Arena das Dunas, Natal",39760,Jonas Eriksson,Kwesi Appiah,Jürgen Klinsmann,,,
2014,Brazil,Group stage,Group Stage,2014-06-15,Switzerland,Ecuador,2.0,1.0,3.0,1.0,Home Win,Switzerland,,,,,"Estádio Nacional de Brasília, Brasília",68351,Ravshan Irmatov,Ottmar Hitzfeld,Reinaldo Rueda,,,
2014,Brazil,Group stage,Group Stage,2014-06-15,France,Honduras,3.0,0.0,3.0,3.0,Home Win,France,,,,,"Estádio José Pinheiro Borba, Porto Alegre",43012,Sandro Ricci,Didier Deschamps,Luis Suárez,,,
2014,Brazil,Group stage,Group Stage,2014-06-15,Argentina,Bosnia and Herzegovina,2.0,1.0,3.0,1.0,Home Win,Argentina,,,,,"Estadio Jornalista Mário Filho, Rio de Janeiro",74738,Joel Aguilar,Alejandro Sabella,Safet Sušić,,,
2014,Brazil,Group stage,Group Stage,2014-06-14,Colombia,Greece,3.0,0.0,3.0,3.0,Home Win,Colombia,,,,,"Estádio Governador Magalhães Pinto, Belo Horizonte",57174,Mark Geiger,José Pekerman,Fernando Santos,,,
2014,Brazil,Group stage,Group Stage,2014-06-14,Uruguay,Costa Rica,1.0,3.0,4.0,-2.0,Away Win,Costa Rica,,,,,"Estádio Castelão, Fortaleza",58679,Felix Brych,Óscar Tabárez,Jorge Luis Pinto,,,
2014,Brazil,Group stage,Group Stage,2014-06-14,England,Italy,1.0,2.0,3.0,-1.0,Away Win,Italy,,,,,"Arena da Amazônia, Manaus",39800,Björn Kuipers,Roy Hodgson,Cesare Prandelli,,,
2014,Brazil,Group stage,Group Stage,2014-06-14,Côte d'Ivoire,Japan,2.0,1.0,3.0,1.0,Home Win,Côte d'Ivoire,,,,,"Itaipava Arena Pernambuco, Recife",40267,Enrique Osses,Sabri Lamouchi,Alberto Zaccheroni,,,
2014,Brazil,Group stage,Group Stage,2014-06-13,Mexico,Cameroon,1.0,0.0,1.0,1.0,Home Win,Mexico,,,,,"Arena das Dunas, Natal",39216,Wilmar Roldán,Miguel Herrera,Volker Finke,,,
2014,Brazil,Group stage,Group Stage,2014-06-13,Spain,Netherlands,1.0,5.0,6.0,-4.0,Away Win,Netherlands,,,,,"Itaipava Arena Fonte Nova, Salvador",48173,Nicola Rizzoli,Del Bosque,Louis van Gaal,,,
2014,Brazil,Group stage,Group Stage,2014-06-13,Chile,Australia,3.0,1.0,4.0,2.0,Home Win,Chile,,,,,"Arena Pantanal, Cuiabá",40275,Noumandiez Doué,Jorge Sampaoli,Ange Postecoglou,,,
2014,Brazil,Group stage,Group Stage,2014-06-12,Brazil,Croatia,3.0,1.0,4.0,2.0,Home Win,Brazil,,,,,"Arena Corinthians, São Paulo",62103,Yuichi Nishimura,Luiz Felipe Scolari,Niko Kovač,,,
2010,South Africa,Final,Knockout,2010-07-11,Netherlands,Spain,0.0,1.0,1.0,-1.0,Away Win,Spain,,,,,"Soccer City, Johannesburg",84490,Howard Webb,Bert van Marwijk,Vicente del Bosque,,,Required Extra Time
2010,South Africa,Third-place match,Knockout,2010-07-10,Uruguay,Germany,2.0,3.0,5.0,-1.0,Away Win,Germany,,,,,"Nelson Mandela Bay Stadium, Port Elizabeth",36254,,Óscar Tabárez,Joachim Löw,,,
2010,South Africa,Semi-finals,Knockout,2010-07-07,Germany,Spain,0.0,1.0,1.0,-1.0,Away Win,Spain,,,,,"Moses Mabhida Stadium, Durban",60960,,Joachim Löw,Vicente del Bosque,,,
2010,South Africa,Semi-finals,Knockout,2010-07-06,Uruguay,Netherlands,2.0,3.0,5.0,-1.0,Away Win,Netherlands,,,,,"Cape Town Stadium, Cape Town",62479,,Óscar Tabárez,Bert van Marwijk,,,
2010,South Africa,Quarter-finals,Knockout,2010-07-03,Argentina,Germany,0.0,4.0,4.0,-4.0,Away Win,Germany,,,,,"Cape Town Stadium, Cape Town",64100,,Diego Maradona,Joachim Löw,,,
2010,South Africa,Quarter-finals,Knockout,2010-07-03,Paraguay,Spain,0.0,1.0,1.0,-1.0,Away Win,Spain,,,,,"Emirates Airline Park, Johannesburg",55359,,Gerardo Martino,Vicente del Bosque,,,
2010,South Africa,Quarter-finals,Knockout,2010-07-02,Netherlands,Brazil,2.0,1.0,3.0,1.0,Home Win,Netherlands,,,,,"Nelson Mandela Bay Stadium, Port Elizabeth",40186,,Bert van Marwijk,Dunga,,,
2010,South Africa,Quarter-finals,Knockout,2010-07-02,Uruguay,Ghana,1.0,1.0,2.0,0.0,Home Win (pens),Uruguay,,,4.0,2.0,"Soccer City, Johannesburg",84017,,Óscar Tabárez,Milovan Rajevac,,,Uruguay won on penalty kicks following extra time
2010,South Africa,Round of 16,Knockout,2010-06-29,Paraguay,Japan,0.0,0.0,0.0,0.0,Home Win (pens),Paraguay,,,5.0,3.0,"Loftus Versfeld Stadium, Pretoria",36742,,Gerardo Martino,Takeshi Okada,,,Paraguay won on penalty kicks following extra time
2010,South Africa,Round of 16,Knockout,2010-06-29,Spain,Portugal,1.0,0.0,1.0,1.0,Home Win,Spain,,,,,"Cape Town Stadium, Cape Town",62955,,Vicente del Bosque,Carlos Queiroz,,,
2010,South Africa,Round of 16,Knockout,2010-06-28,Netherlands,Slovakia,2.0,1.0,3.0,1.0,Home Win,Netherlands,,,,,"Moses Mabhida Stadium, Durban",61962,,Bert van Marwijk,Vladimír Weiss,,,
2010,South Africa,Round of 16,Knockout,2010-06-28,Brazil,Chile,3.0,0.0,3.0,3.0,Home Win,Brazil,,,,,"Emirates Airline Park, Johannesburg",54096,,Dunga,Marcelo Bielsa,,,
2010,South Africa,Round of 16,Knockout,2010-06-27,Germany,England,4.0,1.0,5.0,3.0,Home Win,Germany,,,,,"Toyota Stadium, Bloemfontein",40510,,Joachim Löw,Fabio Capello,,,
2010,South Africa,Round of 16,Knockout,2010-06-27,Argentina,Mexico,3.0,1.0,4.0,2.0,Home Win,Argentina,,,,,"Soccer City, Johannesburg",84377,,Diego Maradona,Javier Aguirre,,,
2010,South Africa,Round of 16,Knockout,2010-06-26,Uruguay,Korea Republic,2.0,1.0,3.0,1.0,Home Win,Uruguay,,,,,"Nelson Mandela Bay Stadium, Port Elizabeth",30597,,Óscar Tabárez,Huh Jung-moo,,,
2010,South Africa,Round of 16,Knockout,2010-06-26,United States,Ghana,1.0,2.0,3.0,-1.0,Away Win,Ghana,,,,,"Royal Bafokeng Stadium, Phokeng",34976,,Bob Bradley,Milovan Rajevac,,,Required Extra Time
2010,South Africa,Group stage,Group Stage,2010-06-25,Portugal,Brazil,0.0,0.0,0.0,0.0,Draw,Draw,,,,,"Moses Mabhida Stadium, Durban",62712,,Carlos Queiroz,Dunga,,,
2010,South Africa,Group stage,Group Stage,2010-06-25,Korea DPR,Côte d'Ivoire,0.0,3.0,3.0,-3.0,Away Win,Côte d'Ivoire,,,,,"Mbombela Stadium, Nelspruit",34763,,Kim Jong-hun,Sven-Göran Eriksson,,,
2010,South Africa,Group stage,Group Stage,2010-06-25,Chile,Spain,1.0,2.0,3.0,-1.0,Away Win,Spain,,,,,"Loftus Versfeld Stadium, Pretoria",41958,,Marcelo Bielsa,Vicente del Bosque,,,
2010,South Africa,Group stage,Group Stage,2010-06-25,Switzerland,Honduras,0.0,0.0,0.0,0.0,Draw,Draw,,,,,"Toyota Stadium, Bloemfontein",28042,,Ottmar Hitzfeld,Reinaldo Rueda,,,
2010,South Africa,Group stage,Group Stage,2010-06-24,Paraguay,New Zealand,0.0,0.0,0.0,0.0,Draw,Draw,,,,,"Peter Mokaba Stadium, Polokwane",34850,,Gerardo Martino,Ricki Herbert,,,
2010,South Africa,Group stage,Group Stage,2010-06-24,Slovakia,Italy,3.0,2.0,5.0,1.0,Home Win,Slovakia,,,,,"Emirates Airline Park, Johannesburg",53412,,Vladimír Weiss,Marcello Lippi,,,
2010,South Africa,Group stage,Group Stage,2010-06-24,Denmark,Japan,1.0,3.0,4.0,-2.0,Away Win,Japan,,,,,"Royal Bafokeng Stadium, Phokeng",27967,,Morten Olsen,Takeshi Okada,,,
2010,South Africa,Group stage,Group Stage,2010-06-24,Cameroon,Netherlands,1.0,2.0,3.0,-1.0,Away Win,Netherlands,,,,,"Cape Town Stadium, Cape Town",63093,,Paul Le Guen,Bert van Marwijk,,,
2010,South Africa,Group stage,Group Stage,2010-06-23,Slovenia,England,0.0,1.0,1.0,-1.0,Away Win,England,,,,,"Nelson Mandela Bay Stadium, Port Elizabeth",36893,,Matjaž Kek,Fabio Capello,,,
2010,South Africa,Group stage,Group Stage,2010-06-23,United States,Algeria,1.0,0.0,1.0,1.0,Home Win,United States,,,,,"Loftus Versfeld Stadium, Pretoria",35827,,Bob Bradley,Rabah Saâdane,,,
2010,South Africa,Group stage,Group Stage,2010-06-23,Ghana,Germany,0.0,1.0,1.0,-1.0,Away Win,Germany,,,,,"Soccer City, Johannesburg",83391,,Milovan Rajevac,Joachim Löw,,,
2010,South Africa,Group stage,Group Stage,2010-06-23,Australia,Serbia,2.0,1.0,3.0,1.0,Home Win,Australia,,,,,"Mbombela Stadium, Nelspruit",37836,,Pim Verbeek,Radomir Antić,,,
2010,South Africa,Group stage,Group Stage,2010-06-22,Mexico,Uruguay,0.0,1.0,1.0,-1.0,Away Win,Uruguay,,,,,"Royal Bafokeng Stadium, Phokeng",33425,,Javier Aguirre,Óscar Tabárez,,,
2010,South Africa,Group stage,Group Stage,2010-06-22,France,South Africa,1.0,2.0,3.0,-1.0,Away Win,South Africa,,,,,"Toyota Stadium, Bloemfontein",39415,,Raymond Domenech,Carlos Alberto Parreira,,,
2010,South Africa,Group stage,Group Stage,2010-06-22,Nigeria,Korea Republic,2.0,2.0,4.0,0.0,Draw,Draw,,,,,"Moses Mabhida Stadium, Durban",61874,,Lars Lagerbäck,Huh Jung-moo,,,
2010,South Africa,Group stage,Group Stage,2010-06-22,Greece,Argentina,0.0,2.0,2.0,-2.0,Away Win,Argentina,,,,,"Peter Mokaba Stadium, Polokwane",38891,,Otto Rehhagel,Diego Maradona,,,
2010,South Africa,Group stage,Group Stage,2010-06-21,Portugal,Korea DPR,7.0,0.0,7.0,7.0,Home Win,Portugal,,,,,"Cape Town Stadium, Cape Town",63644,,Carlos Queiroz,Kim Jong-hun,,,
2010,South Africa,Group stage,Group Stage,2010-06-21,Chile,Switzerland,1.0,0.0,1.0,1.0,Home Win,Chile,,,,,"Nelson Mandela Bay Stadium, Port Elizabeth",34872,,Marcelo Bielsa,Ottmar Hitzfeld,,,
2010,South Africa,Group stage,Group Stage,2010-06-21,Spain,Honduras,2.0,0.0,2.0,2.0,Home Win,Spain,,,,,"Emirates Airline Park, Johannesburg",54386,,Vicente del Bosque,Reinaldo Rueda,,,
2010,South Africa,Group stage,Group Stage,2010-06-20,Slovakia,Paraguay,0.0,2.0,2.0,-2.0,Away Win,Paraguay,,,,,"Toyota Stadium, Bloemfontein",26643,,Vladimír Weiss,Gerardo Martino,,,
2010,South Africa,Group stage,Group Stage,2010-06-20,Italy,New Zealand,1.0,1.0,2.0,0.0,Draw,Draw,,,,,"Mbombela Stadium, Nelspruit",38229,,Marcello Lippi,Ricki Herbert,,,
2010,South Africa,Group stage,Group Stage,2010-06-20,Brazil,Côte d'Ivoire,3.0,1.0,4.0,2.0,Home Win,Brazil,,,,,"Soccer City, Johannesburg",84455,,Dunga,Sven-Göran Eriksson,,,
2010,South Africa,Group stage,Group Stage,2010-06-19,Netherlands,Japan,1.0,0.0,1.0,1.0,Home Win,Netherlands,,,,,"Moses Mabhida Stadium, Durban",62010,,Bert van Marwijk,Takeshi Okada,,,
2010,South Africa,Group stage,Group Stage,2010-06-19,Ghana,Australia,1.0,1.0,2.0,0.0,Draw,Draw,,,,,"Royal Bafokeng Stadium, Phokeng",34812,,Milovan Rajevac,Pim Verbeek,,,
2010,South Africa,Group stage,Group Stage,2010-06-19,Cameroon,Denmark,1.0,2.0,3.0,-1.0,Away Win,Denmark,,,,,"Loftus Versfeld Stadium, Pretoria",38074,,Paul Le Guen,Morten Olsen,,,
2010,South Africa,Group stage,Group Stage,2010-06-18,Germany,Serbia,0.0,1.0,1.0,-1.0,Away Win,Serbia,,,,,"Nelson Mandela Bay Stadium, Port Elizabeth",38294,,Joachim Löw,Radomir Antić,,,
2010,South Africa,Group stage,Group Stage,2010-06-18,Slovenia,United States,2.0,2.0,4.0,0.0,Draw,Draw,,,,,"Emirates Airline Park, Johannesburg",45573,,Matjaž Kek,Bob Bradley,,,
2010,South Africa,Group stage,Group Stage,2010-06-18,England,Algeria,0.0,0.0,0.0,0.0,Draw,Draw,,,,,"Cape Town Stadium, Cape Town",64100,,Fabio Capello,Rabah Saâdane,,,
2010,South Africa,Group stage,Group Stage,2010-06-17,Argentina,Korea Republic,4.0,1.0,5.0,3.0,Home Win,Argentina,,,,,"Soccer City, Johannesburg",82174,,Diego Maradona,Huh Jung-moo,,,
2010,South Africa,Group stage,Group Stage,2010-06-17,Greece,Nigeria,2.0,1.0,3.0,1.0,Home Win,Greece,,,,,"Toyota Stadium, Bloemfontein",31593,,Otto Rehhagel,Lars Lagerbäck,,,
2010,South Africa,Group stage,Group Stage,2010-06-17,France,Mexico,0.0,2.0,2.0,-2.0,Away Win,Mexico,,,,,"Peter Mokaba Stadium, Polokwane",35370,,Raymond Domenech,Javier Aguirre,,,
2010,South Africa,Group stage,Group Stage,2010-06-16,Honduras,Chile,0.0,1.0,1.0,-1.0,Away Win,Chile,,,,,"Mbombela Stadium, Nelspruit",32664,,Reinaldo Rueda,Marcelo Bielsa,,,
2010,South Africa,Group stage,Group Stage,2010-06-16,Spain,Switzerland,0.0,1.0,1.0,-1.0,Away Win,Switzerland,,,,,"Moses Mabhida Stadium, Durban",62453,,Vicente del Bosque,Ottmar Hitzfeld,,,
2010,South Africa,Group stage,Group Stage,2010-06-16,South Africa,Uruguay,0.0,3.0,3.0,-3.0,Away Win,Uruguay,,,,,"Loftus Versfeld Stadium, Pretoria",42658,,Carlos Alberto Parreira,Óscar Tabárez,,,
2010,South Africa,Group stage,Group Stage,2010-06-15,New Zealand,Slovakia,1.0,1.0,2.0,0.0,Draw,Draw,,,,,"Royal Bafokeng Stadium, Phokeng",23871,,Ricki Herbert,Vladimír Weiss,,,
2010,South Africa,Group stage,Group Stage,2010-06-15,Côte d'Ivoire,Portugal,0.0,0.0,0.0,0.0,Draw,Draw,,,,,"Nelson Mandela Bay Stadium, Port Elizabeth",37034,,Sven-Göran Eriksson,Carlos Queiroz,,,
2010,South Africa,Group stage,Group Stage,2010-06-15,Brazil,Korea DPR,2.0,1.0,3.0,1.0,Home Win,Brazil,,,,,"Emirates Airline Park, Johannesburg",54331,,Dunga,Kim Jong-hun,,,
2010,South Africa,Group stage,Group Stage,2010-06-14,Netherlands,Denmark,2.0,0.0,2.0,2.0,Home Win,Netherlands,,,,,"Soccer City, Johannesburg",83465,,Bert van Marwijk,Morten Olsen,,,
2010,South Africa,Group stage,Group Stage,2010-06-14,Japan,Cameroon,1.0,0.0,1.0,1.0,Home Win,Japan,,,,,"Toyota Stadium, Bloemfontein",30620,,Takeshi Okada,Paul Le Guen,,,
2010,South Africa,Group stage,Group Stage,2010-06-14,Italy,Paraguay,1.0,1.0,2.0,0.0,Draw,Draw,,,,,"Cape Town Stadium, Cape Town",62869,,Marcello Lippi,Gerardo Martino,,,
2010,South Africa,Group stage,Group Stage,2010-06-13,Algeria,Slovenia,0.0,1.0,1.0,-1.0,Away Win,Slovenia,,,,,"Peter Mokaba Stadium, Polokwane",30325,,Rabah Saâdane,Matjaž Kek,,,
2010,South Africa,Group stage,Group Stage,2010-06-13,Serbia,Ghana,0.0,1.0,1.0,-1.0,Away Win,Ghana,,,,,"Loftus Versfeld Stadium, Pretoria",38833,,Radomir Antić,Milovan Rajevac,,,
2010,South Africa,Group stage,Group Stage,2010-06-13,Germany,Australia,4.0,0.0,4.0,4.0,Home Win,Germany,,,,,"Moses Mabhida Stadium, Durban",62660,,Joachim Löw,Pim Verbeek,,,
2010,South Africa,Group stage,Group Stage,2010-06-12,Korea Republic,Greece,2.0,0.0,2.0,2.0,Home Win,Korea Republic,,,,,"Nelson Mandela Bay Stadium, Port Elizabeth",31513,,Huh Jung-moo,Otto Rehhagel,,,
2010,South Africa,Group stage,Group Stage,2010-06-12,Argentina,Nigeria,1.0,0.0,1.0,1.0,Home Win,Argentina,,,,,"Emirates Airline Park, Johannesburg",55686,,Diego Maradona,Lars Lagerbäck,,,
2010,South Africa,Group stage,Group Stage,2010-06-12,England,United States,1.0,1.0,2.0,0.0,Draw,Draw,,,,,"Royal Bafokeng Stadium, Phokeng",38646,,Fabio Capello,Bob Bradley,,,
2010,South Africa,Group stage,Group Stage,2010-06-11,South Africa,Mexico,1.0,1.0,2.0,0.0,Draw,Draw,,,,,"Soccer City, Johannesburg",84490,,Carlos Alberto Parreira,Javier Aguirre,,,
2010,South Africa,Group stage,Group Stage,2010-06-11,Uruguay,France,0.0,0.0,0.0,0.0,Draw,Draw,,,,,"Cape Town Stadium, Cape Town",64100,,Óscar Tabárez,Raymond Domenech,,,
2006,Germany,Final,Knockout,2006-07-09,Italy,France,1.0,1.0,2.0,0.0,Home Win (pens),Italy,,,5.0,3.0,"Olympiastadion Berlin, Berlin",69000,,Marcello Lippi,Raymond Domenech,,,Italy won on penalty kicks following extra time
2006,Germany,Third-place match,Knockout,2006-07-08,Germany,Portugal,3.0,1.0,4.0,2.0,Home Win,Germany,,,,,"Mercedes-Benz Arena, Stuttgart",52000,,Jürgen Klinsmann,Luiz Felipe Scolari,,,
2006,Germany,Semi-finals,Knockout,2006-07-05,Portugal,France,0.0,1.0,1.0,-1.0,Away Win,France,,,,,"Allianz Arena, München",66000,,Luiz Felipe Scolari,Raymond Domenech,,,
2006,Germany,Semi-finals,Knockout,2006-07-04,Germany,Italy,0.0,2.0,2.0,-2.0,Away Win,Italy,,,,,"Signal Iduna Park, Dortmund",65000,,Jürgen Klinsmann,Marcello Lippi,,,Required Extra Time
2006,Germany,Quarter-finals,Knockout,2006-07-01,England,Portugal,0.0,0.0,0.0,0.0,Away Win (pens),Portugal,,,1.0,3.0,"Veltins-Arena, Gelsenkirchen",52000,,Sven-Göran Eriksson,Luiz Felipe Scolari,,,Portugal won on penalty kicks following extra time
2006,Germany,Quarter-finals,Knockout,2006-07-01,Brazil,France,0.0,1.0,1.0,-1.0,Away Win,France,,,,,"Commerzbank-Arena, Frankfurt am Main",48000,,Carlos Alberto Parreira,Raymond Domenech,,,
2006,Germany,Quarter-finals,Knockout,2006-06-30,Germany,Argentina,1.0,1.0,2.0,0.0,Home Win (pens),Germany,,,4.0,2.0,"Olympiastadion Berlin, Berlin",72000,,Jürgen Klinsmann,José Pékerman,,,Germany won on penalty kicks following extra time
2006,Germany,Quarter-finals,Knockout,2006-06-30,Italy,Ukraine,3.0,0.0,3.0,3.0,Home Win,Italy,,,,,"Volksparkstadion, Hamburg",50000,,Marcello Lippi,Oleh Blokhin,,,
2006,Germany,Round of 16,Knockout,2006-06-27,Brazil,Ghana,3.0,0.0,3.0,3.0,Home Win,Brazil,,,,,"Signal Iduna Park, Dortmund",65000,,Carlos Alberto Parreira,Ratomir Dujković,,,
2006,Germany,Round of 16,Knockout,2006-06-27,Spain,France,1.0,3.0,4.0,-2.0,Away Win,France,,,,,"HDI-Arena, Hannover",43000,,Luis Aragonés,Raymond Domenech,,,
2006,Germany,Round of 16,Knockout,2006-06-26,Italy,Australia,1.0,0.0,1.0,1.0,Home Win,Italy,,,,,"Fritz-Walter-Stadion, Kaiserslautern",46000,,Marcello Lippi,Guus Hiddink,,,
2006,Germany,Round of 16,Knockout,2006-06-26,Switzerland,Ukraine,0.0,0.0,0.0,0.0,Away Win (pens),Ukraine,,,0.0,3.0,"RheinEnergieSTADION, Köln",45000,,Köbi Kuhn,Oleh Blokhin,,,Ukraine won on penalty kicks following extra time
2006,Germany,Round of 16,Knockout,2006-06-25,England,Ecuador,1.0,0.0,1.0,1.0,Home Win,England,,,,,"Mercedes-Benz Arena, Stuttgart",52000,,Sven-Göran Eriksson,Luis Fernando Suárez,,,
2006,Germany,Round of 16,Knockout,2006-06-25,Portugal,Netherlands,1.0,0.0,1.0,1.0,Home Win,Portugal,,,,,"Max-Morlock-Stadion, Nürnberg",41000,,Luiz Felipe Scolari,Marco van Basten,,,
2006,Germany,Round of 16,Knockout,2006-06-24,Germany,Sweden,2.0,0.0,2.0,2.0,Home Win,Germany,,,,,"Allianz Arena, München",66000,,Jürgen Klinsmann,Lars Lagerbäck,,,
2006,Germany,Round of 16,Knockout,2006-06-24,Argentina,Mexico,2.0,1.0,3.0,1.0,Home Win,Argentina,,,,,"Red Bull Arena, Leipzig",43000,,José Pékerman,Ricardo La Volpe,,,Required Extra Time
2006,Germany,Group stage,Group Stage,2006-06-23,Saudi Arabia,Spain,0.0,1.0,1.0,-1.0,Away Win,Spain,,,,,"Fritz-Walter-Stadion, Kaiserslautern",46000,,Marcos Paquetá,Luis Aragonés,,,
2006,Germany,Group stage,Group Stage,2006-06-23,Ukraine,Tunisia,1.0,0.0,1.0,1.0,Home Win,Ukraine,,,,,"Olympiastadion Berlin, Berlin",72000,,Oleh Blokhin,Roger Lemerre,,,
2006,Germany,Group stage,Group Stage,2006-06-23,Togo,France,0.0,2.0,2.0,-2.0,Away Win,France,,,,,"RheinEnergieSTADION, Köln",45000,,Otto Pfister,Raymond Domenech,,,
2006,Germany,Group stage,Group Stage,2006-06-23,Switzerland,Korea Republic,2.0,0.0,2.0,2.0,Home Win,Switzerland,,,,,"HDI-Arena, Hannover",43000,,Köbi Kuhn,Dick Advocaat,,,
2006,Germany,Group stage,Group Stage,2006-06-22,Ghana,United States,2.0,1.0,3.0,1.0,Home Win,Ghana,,,,,"Max-Morlock-Stadion, Nürnberg",41000,,Ratomir Dujković,Bruce Arena,,,
2006,Germany,Group stage,Group Stage,2006-06-22,Czech Republic,Italy,0.0,2.0,2.0,-2.0,Away Win,Italy,,,,,"Volksparkstadion, Hamburg",50000,,Karel Brückner,Marcello Lippi,,,
2006,Germany,Group stage,Group Stage,2006-06-22,Japan,Brazil,1.0,4.0,5.0,-3.0,Away Win,Brazil,,,,,"Signal Iduna Park, Dortmund",65000,,Zico,Carlos Alberto Parreira,,,
2006,Germany,Group stage,Group Stage,2006-06-22,Croatia,Australia,2.0,2.0,4.0,0.0,Draw,Draw,,,,,"Mercedes-Benz Arena, Stuttgart",52000,,Zlatko Kranjčar,Guus Hiddink,,,
2006,Germany,Group stage,Group Stage,2006-06-21,Portugal,Mexico,2.0,1.0,3.0,1.0,Home Win,Portugal,,,,,"Veltins-Arena, Gelsenkirchen",52000,,Luiz Felipe Scolari,Ricardo La Volpe,,,
2006,Germany,Group stage,Group Stage,2006-06-21,IR Iran,Angola,1.0,1.0,2.0,0.0,Draw,Draw,,,,,"Red Bull Arena, Leipzig",38000,,Branko Ivanković,Oliveira Gonçalves,,,
2006,Germany,Group stage,Group Stage,2006-06-21,Côte d'Ivoire,Serbia and Montenegro,3.0,2.0,5.0,1.0,Home Win,Côte d'Ivoire,,,,,"Allianz Arena, München",66000,,Henri Michel,Ilija Petković,,,
2006,Germany,Group stage,Group Stage,2006-06-21,Netherlands,Argentina,0.0,0.0,0.0,0.0,Draw,Draw,,,,,"Commerzbank-Arena, Frankfurt am Main",48000,,Marco van Basten,José Pékerman,,,
2006,Germany,Group stage,Group Stage,2006-06-20,Costa Rica,Poland,1.0,2.0,3.0,-1.0,Away Win,Poland,,,,,"HDI-Arena, Hannover",43000,,Alexandre Guimarães,Paweł Janas,,,
2006,Germany,Group stage,Group Stage,2006-06-20,Ecuador,Germany,0.0,3.0,3.0,-3.0,Away Win,Germany,,,,,"Olympiastadion Berlin, Berlin",72000,,Luis Fernando Suárez,Jürgen Klinsmann,,,
2006,Germany,Group stage,Group Stage,2006-06-20,Paraguay,Trinidad and Tobago,2.0,0.0,2.0,2.0,Home Win,Paraguay,,,,,"Fritz-Walter-Stadion, Kaiserslautern",46000,,Aníbal Ruiz,Leo Beenhakker,,,
2006,Germany,Group stage,Group Stage,2006-06-20,Sweden,England,2.0,2.0,4.0,0.0,Draw,Draw,,,,,"RheinEnergieSTADION, Köln",45000,,Lars Lagerbäck,Sven-Göran Eriksson,,,
2006,Germany,Group stage,Group Stage,2006-06-19,Togo,Switzerland,0.0,2.0,2.0,-2.0,Away Win,Switzerland,,,,,"Signal Iduna Park, Dortmund",65000,,Otto Pfister,Köbi Kuhn,,,
2006,Germany,Group stage,Group Stage,2006-06-19,Saudi Arabia,Ukraine,0.0,4.0,4.0,-4.0,Away Win,Ukraine,,,,,"Volksparkstadion, Hamburg",50000,,Marcos Paquetá,Oleh Blokhin,,,
2006,Germany,Group stage,Group Stage,2006-06-19,Spain,Tunisia,3.0,1.0,4.0,2.0,Home Win,Spain,,,,,"Mercedes-Benz Arena, Stuttgart",52000,,Luis Aragonés,Roger Lemerre,,,
2006,Germany,Group stage,Group Stage,2006-06-18,Japan,Croatia,0.0,0.0,0.0,0.0,Draw,Draw,,,,,"Max-Morlock-Stadion, Nürnberg",41000,,Zico,Zlatko Kranjčar,,,
2006,Germany,Group stage,Group Stage,2006-06-18,Brazil,Australia,2.0,0.0,2.0,2.0,Home Win,Brazil,,,,,"Allianz Arena, München",66000,,Carlos Alberto Parreira,Guus Hiddink,,,
2006,Germany,Group stage,Group Stage,2006-06-18,France,Korea Republic,1.0,1.0,2.0,0.0,Draw,Draw,,,,,"Red Bull Arena, Leipzig",43000,,Raymond Domenech,Dick Advocaat,,,
2006,Germany,Group stage,Group Stage,2006-06-17,Portugal,IR Iran,2.0,0.0,2.0,2.0,Home Win,Portugal,,,,,"Commerzbank-Arena, Frankfurt am Main",48000,,Luiz Felipe Scolari,Branko Ivanković,,,
2006,Germany,Group stage,Group Stage,2006-06-17,Czech Republic,Ghana,0.0,2.0,2.0,-2.0,Away Win,Ghana,,,,,"RheinEnergieSTADION, Köln",45000,,Karel Brückner,Ratomir Dujković,,,
2006,Germany,Group stage,Group Stage,2006-06-17,Italy,United States,1.0,1.0,2.0,0.0,Draw,Draw,,,,,"Fritz-Walter-Stadion, Kaiserslautern",46000,,Marcello Lippi,Bruce Arena,,,
2006,Germany,Group stage,Group Stage,2006-06-16,Argentina,Serbia and Montenegro,6.0,0.0,6.0,6.0,Home Win,Argentina,,,,,"Veltins-Arena, Gelsenkirchen",52000,,José Pékerman,Ilija Petković,,,
2006,Germany,Group stage,Group Stage,2006-06-16,Netherlands,Côte d'Ivoire,2.0,1.0,3.0,1.0,Home Win,Netherlands,,,,,"Mercedes-Benz Arena, Stuttgart",52000,,Marco van Basten,Henri Michel,,,
2006,Germany,Group stage,Group Stage,2006-06-16,Mexico,Angola,0.0,0.0,0.0,0.0,Draw,Draw,,,,,"HDI-Arena, Hannover",43000,,Ricardo La Volpe,Oliveira Gonçalves,,,
2006,Germany,Group stage,Group Stage,2006-06-15,Ecuador,Costa Rica,3.0,0.0,3.0,3.0,Home Win,Ecuador,,,,,"Veltins-Arena, Gelsenkirchen",50000,,Luis Fernando Suárez,Alexandre Guimarães,,,
2006,Germany,Group stage,Group Stage,2006-06-15,England,Trinidad and Tobago,2.0,0.0,2.0,2.0,Home Win,England,,,,,"Max-Morlock-Stadion, Nürnberg",41000,,Sven-Göran Eriksson,Leo Beenhakker,,,
2006,Germany,Group stage,Group Stage,2006-06-15,Sweden,Paraguay,1.0,0.0,1.0,1.0,Home Win,Sweden,,,,,"Olympiastadion Berlin, Berlin",72000,,Lars Lagerbäck,Aníbal Ruiz,,,
2006,Germany,Group stage,Group Stage,2006-06-14,Spain,Ukraine,4.0,0.0,4.0,4.0,Home Win,Spain,,,,,"Red Bull Arena, Leipzig",43000,,Luis Aragonés,Oleh Blokhin,,,
2006,Germany,Group stage,Group Stage,2006-06-14,Tunisia,Saudi Arabia,2.0,2.0,4.0,0.0,Draw,Draw,,,,,"Allianz Arena, München",66000,,Roger Lemerre,Marcos Paquetá,,,
2006,Germany,Group stage,Group Stage,2006-06-14,Germany,Poland,1.0,0.0,1.0,1.0,Home Win,Germany,,,,,"Signal Iduna Park, Dortmund",65000,,Jürgen Klinsmann,Paweł Janas,,,
2006,Germany,Group stage,Group Stage,2006-06-13,Korea Republic,Togo,2.0,1.0,3.0,1.0,Home Win,Korea Republic,,,,,"Commerzbank-Arena, Frankfurt am Main",48000,,Dick Advocaat,Otto Pfister,,,
2006,Germany,Group stage,Group Stage,2006-06-13,France,Switzerland,0.0,0.0,0.0,0.0,Draw,Draw,,,,,"Mercedes-Benz Arena, Stuttgart",52000,,Raymond Domenech,Köbi Kuhn,,,
2006,Germany,Group stage,Group Stage,2006-06-13,Brazil,Croatia,1.0,0.0,1.0,1.0,Home Win,Brazil,,,,,"Olympiastadion Berlin, Berlin",72000,,Carlos Alberto Parreira,Zlatko Kranjčar,,,
2006,Germany,Group stage,Group Stage,2006-06-12,Australia,Japan,3.0,1.0,4.0,2.0,Home Win,Australia,,,,,"Fritz-Walter-Stadion, Kaiserslautern",46000,,Guus Hiddink,Zico,,,
2006,Germany,Group stage,Group Stage,2006-06-12,United States,Czech Republic,0.0,3.0,3.0,-3.0,Away Win,Czech Republic,,,,,"Veltins-Arena, Gelsenkirchen",52000,,Bruce Arena,Karel Brückner,,,
2006,Germany,Group stage,Group Stage,2006-06-12,Italy,Ghana,2.0,0.0,2.0,2.0,Home Win,Italy,,,,,"HDI-Arena, Hannover",43000,,Marcello Lippi,Ratomir Dujković,,,
2006,Germany,Group stage,Group Stage,2006-06-11,Serbia and Montenegro,Netherlands,0.0,1.0,1.0,-1.0,Away Win,Netherlands,,,,,"Red Bull Arena, Leipzig",37216,,Ilija Petković,Marco van Basten,,,
2006,Germany,Group stage,Group Stage,2006-06-11,Mexico,IR Iran,3.0,1.0,4.0,2.0,Home Win,Mexico,,,,,"Max-Morlock-Stadion, Nürnberg",41000,,Ricardo La Volpe,Branko Ivanković,,,
2006,Germany,Group stage,Group Stage,2006-06-11,Angola,Portugal,0.0,1.0,1.0,-1.0,Away Win,Portugal,,,,,"RheinEnergieSTADION, Köln",45000,,Oliveira Gonçalves,Luiz Felipe Scolari,,,
2006,Germany,Group stage,Group Stage,2006-06-10,England,Paraguay,1.0,0.0,1.0,1.0,Home Win,England,,,,,"Commerzbank-Arena, Frankfurt am Main",48000,,Sven-Göran Eriksson,Aníbal Ruiz,,,
2006,Germany,Group stage,Group Stage,2006-06-10,Trinidad and Tobago,Sweden,0.0,0.0,0.0,0.0,Draw,Draw,,,,,"Signal Iduna Park, Dortmund",62959,,Leo Beenhakker,Lars Lagerbäck,,,
2006,Germany,Group stage,Group Stage,2006-06-10,Argentina,Côte d'Ivoire,2.0,1.0,3.0,1.0,Home Win,Argentina,,,,,"Volksparkstadion, Hamburg",49480,,José Pékerman,Henri Michel,,,
2006,Germany,Group stage,Group Stage,2006-06-09,Germany,Costa Rica,4.0,2.0,6.0,2.0,Home Win,Germany,,,,,"Allianz Arena, München",64950,,Jürgen Klinsmann,Alexandre Guimarães,,,
2006,Germany,Group stage,Group Stage,2006-06-09,Poland,Ecuador,0.0,2.0,2.0,-2.0,Away Win,Ecuador,,,,,"Veltins-Arena, Gelsenkirchen",52000,,Paweł Janas,Luis Fernando Suárez,,,
2002,"Korea Republic, Japan",Final,Knockout,2002-06-30,Germany,Brazil,0.0,2.0,2.0,-2.0,Away Win,Brazil,,,,,"Nissan Stadium, Yokohama",69029,,Rudi Völler,Luiz Felipe Scolari,,,
2002,"Korea Republic, Japan",Third-place match,Knockout,2002-06-29,Korea Republic,Türkiye,2.0,3.0,5.0,-1.0,Away Win,Türkiye,,,,,"Daegu Main Stadium, Daegu",63483,,Guus Hiddink,Şenol Güneş,,,
2002,"Korea Republic, Japan",Semi-finals,Knockout,2002-06-26,Brazil,Türkiye,1.0,0.0,1.0,1.0,Home Win,Brazil,,,,,"Saitama Stadium 2002, Saitama",61058,,Luiz Felipe Scolari,Şenol Güneş,,,
2002,"Korea Republic, Japan",Semi-finals,Knockout,2002-06-25,Germany,Korea Republic,1.0,0.0,1.0,1.0,Home Win,Germany,,,,,"Seoul World Cup Stadium, Seoul",65625,,Rudi Völler,Guus Hiddink,,,
2002,"Korea Republic, Japan",Quarter-finals,Knockout,2002-06-22,Spain,Korea Republic,0.0,0.0,0.0,0.0,Away Win (pens),Korea Republic,,,3.0,5.0,"Guus Hiddink Stadium, Gwangju",42114,,José Antonio Camacho,Guus Hiddink,,,Korea Republic won on penalty kicks following extra time
2002,"Korea Republic, Japan",Quarter-finals,Knockout,2002-06-22,Senegal,Türkiye,0.0,1.0,1.0,-1.0,Away Win,Türkiye,,,,,"Yanmar Stadium Nagai, Osaka",44233,,Bruno Metsu,Şenol Güneş,,,Required Extra Time
2002,"Korea Republic, Japan",Quarter-finals,Knockout,2002-06-21,England,Brazil,1.0,2.0,3.0,-1.0,Away Win,Brazil,,,,,"Daejeon World Cup Stadium, Daejeon",47436,,Sven-Göran Eriksson,Luiz Felipe Scolari,,,
2002,"Korea Republic, Japan",Quarter-finals,Knockout,2002-06-21,Germany,United States,1.0,0.0,1.0,1.0,Home Win,Germany,,,,,"Munsu Cup Stadium, Ulsan",37337,,Rudi Völler,Bruce Arena,,,
2002,"Korea Republic, Japan",Round of 16,Knockout,2002-06-18,Japan,Türkiye,0.0,1.0,1.0,-1.0,Away Win,Türkiye,,,,,"Miyagi Stadium, Rifu",45666,,Philippe Troussier,Şenol Güneş,,,
2002,"Korea Republic, Japan",Round of 16,Knockout,2002-06-18,Korea Republic,Italy,2.0,1.0,3.0,1.0,Home Win,Korea Republic,,,,,"Daejeon World Cup Stadium, Daejeon",38588,,Guus Hiddink,Giovanni Trapattoni,,,Required Extra Time
2002,"Korea Republic, Japan",Round of 16,Knockout,2002-06-17,Mexico,United States,0.0,2.0,2.0,-2.0,Away Win,United States,,,,,"Jeonju World Cup Stadium, Jeonju",36380,,Javier Aguirre,Bruce Arena,,,
2002,"Korea Republic, Japan",Round of 16,Knockout,2002-06-17,Brazil,Belgium,2.0,0.0,2.0,2.0,Home Win,Brazil,,,,,"NOEVIR Stadium Kobe, Kobe",40440,,Luiz Felipe Scolari,Robert Waseige,,,
2002,"Korea Republic, Japan",Round of 16,Knockout,2002-06-16,Sweden,Senegal,1.0,2.0,3.0,-1.0,Away Win,Senegal,,,,,"Ōita Bank Dome, Ōita",39747,,Lars Lagerbäck,Bruno Metsu,,,Required Extra Time
2002,"Korea Republic, Japan",Round of 16,Knockout,2002-06-16,Spain,Republic of Ireland,1.0,1.0,2.0,0.0,Home Win (pens),Spain,,,3.0,2.0,"Suwon World Cup Stadium, Suwon",38926,,José Antonio Camacho,Mick McCarthy,,,Spain won on penalty kicks following extra time
2002,"Korea Republic, Japan",Round of 16,Knockout,2002-06-15,Germany,Paraguay,1.0,0.0,1.0,1.0,Home Win,Germany,,,,,"Jeju World Cup Stadium, Jeju",25176,,Rudi Völler,Cesare Maldini,,,
2002,"Korea Republic, Japan",Round of 16,Knockout,2002-06-15,Denmark,England,0.0,3.0,3.0,-3.0,Away Win,England,,,,,"Denka Big Swan Stadium, Niigata",40582,,Morten Olsen,Sven-Göran Eriksson,,,
2002,"Korea Republic, Japan",Group stage,Group Stage,2002-06-14,Tunisia,Japan,0.0,2.0,2.0,-2.0,Away Win,Japan,,,,,"Yanmar Stadium Nagai, Osaka",45213,,Ammar Souayah,Philippe Troussier,,,
2002,"Korea Republic, Japan",Group stage,Group Stage,2002-06-14,Belgium,Russia,3.0,2.0,5.0,1.0,Home Win,Belgium,,,,,"Shizuoka Stadium Ecopa, Fukuroi",46640,,Robert Waseige,Oleg Romantsev,,,
2002,"Korea Republic, Japan",Group stage,Group Stage,2002-06-14,Portugal,Korea Republic,0.0,1.0,1.0,-1.0,Away Win,Korea Republic,,,,,"Incheon Munhak Stadium, Incheon",50239,,António Luís Alves Ribeiro Oliveira,Guus Hiddink,,,
2002,"Korea Republic, Japan",Group stage,Group Stage,2002-06-14,Poland,United States,3.0,1.0,4.0,2.0,Home Win,Poland,,,,,"Daejeon World Cup Stadium, Daejeon",26482,,Jerzy Engel,Bruce Arena,,,
2002,"Korea Republic, Japan",Group stage,Group Stage,2002-06-13,Costa Rica,Brazil,2.0,5.0,7.0,-3.0,Away Win,Brazil,,,,,"Suwon World Cup Stadium, Suwon",38524,,Alexandre Guimarães,Luiz Felipe Scolari,,,
2002,"Korea Republic, Japan",Group stage,Group Stage,2002-06-13,Türkiye,China PR,3.0,0.0,3.0,3.0,Home Win,Türkiye,,,,,"Seoul World Cup Stadium, Seoul",43605,,Şenol Güneş,Bora Milutinović,,,
2002,"Korea Republic, Japan",Group stage,Group Stage,2002-06-13,Mexico,Italy,1.0,1.0,2.0,0.0,Draw,Draw,,,,,"Ōita Bank Dome, Ōita",39291,,Javier Aguirre,Giovanni Trapattoni,,,
2002,"Korea Republic, Japan",Group stage,Group Stage,2002-06-13,Ecuador,Croatia,1.0,0.0,1.0,1.0,Home Win,Ecuador,,,,,"Nissan Stadium, Yokohama",65862,,Hernán Darío Gómez,Mirko Jozić,,,
2002,"Korea Republic, Japan",Group stage,Group Stage,2002-06-12,Sweden,Argentina,1.0,1.0,2.0,0.0,Draw,Draw,,,,,"Miyagi Stadium, Rifu",45777,,Lars Lagerbäck,Marcelo Bielsa,,,
2002,"Korea Republic, Japan",Group stage,Group Stage,2002-06-12,Nigeria,England,0.0,0.0,0.0,0.0,Draw,Draw,,,,,"Yanmar Stadium Nagai, Osaka",44864,,Festus Onigbinde,Sven-Göran Eriksson,,,
2002,"Korea Republic, Japan",Group stage,Group Stage,2002-06-12,South Africa,Spain,2.0,3.0,5.0,-1.0,Away Win,Spain,,,,,"Daejeon World Cup Stadium, Daejeon",31024,,Jomo Sono,José Antonio Camacho,,,
2002,"Korea Republic, Japan",Group stage,Group Stage,2002-06-12,Slovenia,Paraguay,1.0,3.0,4.0,-2.0,Away Win,Paraguay,,,,,"Jeju World Cup Stadium, Jeju",30176,,Srečko Katanec,Cesare Maldini,,,
2002,"Korea Republic, Japan",Group stage,Group Stage,2002-06-11,Denmark,France,2.0,0.0,2.0,2.0,Home Win,Denmark,,,,,"Incheon Munhak Stadium, Incheon",48100,,Morten Olsen,Roger Lemerre,,,
2002,"Korea Republic, Japan",Group stage,Group Stage,2002-06-11,Senegal,Uruguay,3.0,3.0,6.0,0.0,Draw,Draw,,,,,"Suwon World Cup Stadium, Suwon",33681,,Bruno Metsu,Víctor Púa,,,
2002,"Korea Republic, Japan",Group stage,Group Stage,2002-06-11,Saudi Arabia,Republic of Ireland,0.0,3.0,3.0,-3.0,Away Win,Republic of Ireland,,,,,"Nissan Stadium, Yokohama",65320,,Nasser Al-Johar,Mick McCarthy,,,
2002,"Korea Republic, Japan",Group stage,Group Stage,2002-06-11,Cameroon,Germany,0.0,2.0,2.0,-2.0,Away Win,Germany,,,,,"Shizuoka Stadium Ecopa, Fukuroi",47085,,Winfried Schäfer,Rudi Völler,,,
2002,"Korea Republic, Japan",Group stage,Group Stage,2002-06-10,Korea Republic,United States,1.0,1.0,2.0,0.0,Draw,Draw,,,,,"Daegu Main Stadium, Daegu",60778,,Guus Hiddink,Bruce Arena,,,
2002,"Korea Republic, Japan",Group stage,Group Stage,2002-06-10,Tunisia,Belgium,1.0,1.0,2.0,0.0,Draw,Draw,,,,,"Ōita Bank Dome, Ōita",39700,,Ammar Souayah,Robert Waseige,,,
2002,"Korea Republic, Japan",Group stage,Group Stage,2002-06-10,Portugal,Poland,4.0,0.0,4.0,4.0,Home Win,Portugal,,,,,"Jeonju World Cup Stadium, Jeonju",31000,,António Luís Alves Ribeiro Oliveira,Jerzy Engel,,,
2002,"Korea Republic, Japan",Group stage,Group Stage,2002-06-09,Mexico,Ecuador,2.0,1.0,3.0,1.0,Home Win,Mexico,,,,,"Sapporo Dome, Sapporo",45610,,Javier Aguirre,Hernán Darío Gómez,,,
2002,"Korea Republic, Japan",Group stage,Group Stage,2002-06-09,Costa Rica,Türkiye,1.0,1.0,2.0,0.0,Draw,Draw,,,,,"Incheon Munhak Stadium, Incheon",42299,,Alexandre Guimarães,Şenol Güneş,,,
2002,"Korea Republic, Japan",Group stage,Group Stage,2002-06-09,Japan,Russia,1.0,0.0,1.0,1.0,Home Win,Japan,,,,,"Nissan Stadium, Yokohama",66108,,Philippe Troussier,Oleg Romantsev,,,
2002,"Korea Republic, Japan",Group stage,Group Stage,2002-06-08,South Africa,Slovenia,1.0,0.0,1.0,1.0,Home Win,South Africa,,,,,"Daegu Main Stadium, Daegu",47226,,Jomo Sono,Srečko Katanec,,,
2002,"Korea Republic, Japan",Group stage,Group Stage,2002-06-08,Italy,Croatia,1.0,2.0,3.0,-1.0,Away Win,Croatia,,,,,"Kashima Soccer Stadium, Kashima",36472,,Giovanni Trapattoni,Mirko Jozić,,,
2002,"Korea Republic, Japan",Group stage,Group Stage,2002-06-08,Brazil,China PR,4.0,0.0,4.0,4.0,Home Win,Brazil,,,,,"Jeju World Cup Stadium, Jeju",36750,,Luiz Felipe Scolari,Bora Milutinović,,,
2002,"Korea Republic, Japan",Group stage,Group Stage,2002-06-07,Sweden,Nigeria,2.0,1.0,3.0,1.0,Home Win,Sweden,,,,,"NOEVIR Stadium Kobe, Kobe",36194,,Tommy Söderberg,Festus Onigbinde,,,
2002,"Korea Republic, Japan",Group stage,Group Stage,2002-06-07,Spain,Paraguay,3.0,1.0,4.0,2.0,Home Win,Spain,,,,,"Jeonju World Cup Stadium, Jeonju",24000,,José Antonio Camacho,Cesare Maldini,,,
2002,"Korea Republic, Japan",Group stage,Group Stage,2002-06-07,Argentina,England,0.0,1.0,1.0,-1.0,Away Win,England,,,,,"Sapporo Dome, Sapporo",35927,,Marcelo Bielsa,Sven-Göran Eriksson,,,
2002,"Korea Republic, Japan",Group stage,Group Stage,2002-06-06,Denmark,Senegal,1.0,1.0,2.0,0.0,Draw,Draw,,,,,"Daegu Main Stadium, Daegu",43500,,Morten Olsen,Bruno Metsu,,,
2002,"Korea Republic, Japan",Group stage,Group Stage,2002-06-06,Cameroon,Saudi Arabia,1.0,0.0,1.0,1.0,Home Win,Cameroon,,,,,"Saitama Stadium 2002, Saitama",52328,,Winfried Schäfer,Nasser Al-Johar,,,
2002,"Korea Republic, Japan",Group stage,Group Stage,2002-06-06,France,Uruguay,0.0,0.0,0.0,0.0,Draw,Draw,,,,,"Busan Sport Complex Asiad Stadium, Busan",38070,,Roger Lemerre,Víctor Púa,,,
2002,"Korea Republic, Japan",Group stage,Group Stage,2002-06-05,Russia,Tunisia,2.0,0.0,2.0,2.0,Home Win,Russia,,,,,"NOEVIR Stadium Kobe, Kobe",30957,,Oleg Romantsev,Ammar Souayah,,,
2002,"Korea Republic, Japan",Group stage,Group Stage,2002-06-05,United States,Portugal,3.0,2.0,5.0,1.0,Home Win,United States,,,,,"Suwon World Cup Stadium, Suwon",37306,,Bruce Arena,António Luís Alves Ribeiro Oliveira,,,
2002,"Korea Republic, Japan",Group stage,Group Stage,2002-06-05,Germany,Republic of Ireland,1.0,1.0,2.0,0.0,Draw,Draw,,,,,"Kashima Soccer Stadium, Kashima",35854,,Rudi Völler,Mick McCarthy,,,
2002,"Korea Republic, Japan",Group stage,Group Stage,2002-06-04,China PR,Costa Rica,0.0,2.0,2.0,-2.0,Away Win,Costa Rica,,,,,"Guus Hiddink Stadium, Gwangju",27217,,Bora Milutinović,Alexandre Guimarães,,,
2002,"Korea Republic, Japan",Group stage,Group Stage,2002-06-04,Japan,Belgium,2.0,2.0,4.0,0.0,Draw,Draw,,,,,"Saitama Stadium 2002, Saitama",55256,,Philippe Troussier,Robert Waseige,,,
2002,"Korea Republic, Japan",Group stage,Group Stage,2002-06-04,Korea Republic,Poland,2.0,0.0,2.0,2.0,Home Win,Korea Republic,,,,,"Busan Sport Complex Asiad Stadium, Busan",48760,,Guus Hiddink,Jerzy Engel,,,
2002,"Korea Republic, Japan",Group stage,Group Stage,2002-06-03,Croatia,Mexico,0.0,1.0,1.0,-1.0,Away Win,Mexico,,,,,"Denka Big Swan Stadium, Niigata",32239,,Mirko Jozić,Javier Aguirre,,,
2002,"Korea Republic, Japan",Group stage,Group Stage,2002-06-03,Brazil,Türkiye,2.0,1.0,3.0,1.0,Home Win,Brazil,,,,,"Munsu Cup Stadium, Ulsan",33842,,Luiz Felipe Scolari,Şenol Güneş,,,
2002,"Korea Republic, Japan",Group stage,Group Stage,2002-06-03,Italy,Ecuador,2.0,0.0,2.0,2.0,Home Win,Italy,,,,,"Sapporo Dome, Sapporo",31081,,Giovanni Trapattoni,Hernán Darío Gómez,,,
2002,"Korea Republic, Japan",Group stage,Group Stage,2002-06-02,Argentina,Nigeria,1.0,0.0,1.0,1.0,Home Win,Argentina,,,,,"Kashima Soccer Stadium, Kashima",34050,,Marcelo Bielsa,Festus Onigbinde,,,
2002,"Korea Republic, Japan",Group stage,Group Stage,2002-06-02,Paraguay,South Africa,2.0,2.0,4.0,0.0,Draw,Draw,,,,,"Busan Sport Complex Asiad Stadium, Busan",25186,,Cesare Maldini,Jomo Sono,,,
2002,"Korea Republic, Japan",Group stage,Group Stage,2002-06-02,England,Sweden,1.0,1.0,2.0,0.0,Draw,Draw,,,,,"Saitama Stadium 2002, Saitama",52721,,Sven-Göran Eriksson,Tommy Söderberg,,,
2002,"Korea Republic, Japan",Group stage,Group Stage,2002-06-02,Spain,Slovenia,3.0,1.0,4.0,2.0,Home Win,Spain,,,,,"Guus Hiddink Stadium, Gwangju",28588,,José Antonio Camacho,Srečko Katanec,,,
2002,"Korea Republic, Japan",Group stage,Group Stage,2002-06-01,Republic of Ireland,Cameroon,1.0,1.0,2.0,0.0,Draw,Draw,,,,,"Denka Big Swan Stadium, Niigata",33679,,Mick McCarthy,Winfried Schäfer,,,
2002,"Korea Republic, Japan",Group stage,Group Stage,2002-06-01,Uruguay,Denmark,1.0,2.0,3.0,-1.0,Away Win,Denmark,,,,,"Munsu Cup Stadium, Ulsan",30157,,Víctor Púa,Morten Olsen,,,
2002,"Korea Republic, Japan",Group stage,Group Stage,2002-06-01,Germany,Saudi Arabia,8.0,0.0,8.0,8.0,Home Win,Germany,,,,,"Sapporo Dome, Sapporo",32218,,Rudi Völler,Nasser Al-Johar,,,
2002,"Korea Republic, Japan",Group stage,Group Stage,2002-05-31,France,Senegal,0.0,1.0,1.0,-1.0,Away Win,Senegal,,,,,"Seoul World Cup Stadium, Seoul",62561,,Roger Lemerre,Bruno Metsu,,,
1998,France,Final,Knockout,1998-07-12,Brazil,France,0.0,3.0,3.0,-3.0,Away Win,France,,,,,"Stade de France, Paris",80000,,Mário Zagallo,Aimé Jacquet,,,
1998,France,Third-place match,Knockout,1998-07-11,Netherlands,Croatia,1.0,2.0,3.0,-1.0,Away Win,Croatia,,,,,"Parc des Princes, Paris",44000,,Guus Hiddink,Miroslav Blažević,,,
1998,France,Semi-finals,Knockout,1998-07-08,France,Croatia,2.0,1.0,3.0,1.0,Home Win,France,,,,,"Stade de France, Paris",80000,,Aimé Jacquet,Miroslav Blažević,,,
1998,France,Semi-finals,Knockout,1998-07-07,Brazil,Netherlands,1.0,1.0,2.0,0.0,Home Win (pens),Brazil,,,4.0,2.0,"Orange Vélodrome, Marseille",60000,,Mário Zagallo,Guus Hiddink,,,Brazil won on penalty kicks following extra time
1998,France,Quarter-finals,Knockout,1998-07-04,Netherlands,Argentina,2.0,1.0,3.0,1.0,Home Win,Netherlands,,,,,"Orange Vélodrome, Marseille",60000,,Guus Hiddink,Daniel Passarella,,,
1998,France,Quarter-finals,Knockout,1998-07-04,Germany,Croatia,0.0,3.0,3.0,-3.0,Away Win,Croatia,,,,,"Matmut Stadium de Gerland, Lyon",43300,,Berti Vogts,Miroslav Blažević,,,
1998,France,Quarter-finals,Knockout,1998-07-03,Italy,France,0.0,0.0,0.0,0.0,Away Win (pens),France,,,3.0,4.0,"Stade de France, Paris",80000,,Cesare Maldini,Aimé Jacquet,,,France won on penalty kicks following extra time
1998,France,Quarter-finals,Knockout,1998-07-03,Brazil,Denmark,3.0,2.0,5.0,1.0,Home Win,Brazil,,,,,"Stade de la Beaujoire - Louis Fonteneau, Nantes",49500,,Mário Zagallo,Bo Johansson,,,
1998,France,Round of 16,Knockout,1998-06-30,Romania,Croatia,0.0,1.0,1.0,-1.0,Away Win,Croatia,,,,,"Stade Jacques Chaban-Delmas, Bordeaux",31800,,Anghel Iordănescu,Miroslav Blažević,,,
1998,France,Round of 16,Knockout,1998-06-30,Argentina,England,2.0,2.0,4.0,0.0,Home Win (pens),Argentina,,,4.0,3.0,"Stade Geoffroy-Guichard, Saint-Étienne",30600,,Daniel Passarella,Glenn Hoddle,,,Argentina won on penalty kicks following extra time
1998,France,Round of 16,Knockout,1998-06-29,Germany,Mexico,2.0,1.0,3.0,1.0,Home Win,Germany,,,,,"Stade de la Mosson, Montpellier",29800,,Berti Vogts,Manuel Lapuente,,,
1998,France,Round of 16,Knockout,1998-06-29,Netherlands,FR Yugoslavia,2.0,1.0,3.0,1.0,Home Win,Netherlands,,,,,"Stadium Municipal, Toulouse",33000,,Guus Hiddink,Slobodan Santrač,,,
1998,France,Round of 16,Knockout,1998-06-28,France,Paraguay,1.0,0.0,1.0,1.0,Home Win,France,,,,,"Stade Bollaert-Delelis, Lens",31800,,Aimé Jacquet,Paulo César Carpegiani,,,Required Extra Time
1998,France,Round of 16,Knockout,1998-06-28,Nigeria,Denmark,1.0,4.0,5.0,-3.0,Away Win,Denmark,,,,,"Stade de France, Paris",77000,,Bora Milutinović,Bo Johansson,,,
1998,France,Round of 16,Knockout,1998-06-27,Italy,Norway,1.0,0.0,1.0,1.0,Home Win,Italy,,,,,"Orange Vélodrome, Marseille",55000,,Cesare Maldini,Egil Olsen,,,
1998,France,Round of 16,Knockout,1998-06-27,Brazil,Chile,4.0,1.0,5.0,3.0,Home Win,Brazil,,,,,"Parc des Princes, Paris",45500,,Mário Zagallo,Nelson Acosta,,,
1998,France,Group stage,Group Stage,1998-06-26,Argentina,Croatia,1.0,0.0,1.0,1.0,Home Win,Argentina,,,,,"Stade Jacques Chaban-Delmas, Bordeaux",31800,,Daniel Passarella,Miroslav Blažević,,,
1998,France,Group stage,Group Stage,1998-06-26,Japan,Jamaica,1.0,2.0,3.0,-1.0,Away Win,Jamaica,,,,,"Matmut Stadium de Gerland, Lyon",39100,,Takeshi Okada,René Simões,,,
1998,France,Group stage,Group Stage,1998-06-26,Romania,Tunisia,1.0,1.0,2.0,0.0,Draw,Draw,,,,,"Stade de France, Paris",80000,,Anghel Iordănescu,Ali Selmi,,,
1998,France,Group stage,Group Stage,1998-06-26,Colombia,England,0.0,2.0,2.0,-2.0,Away Win,England,,,,,"Stade Bollaert-Delelis, Lens",42000,,Hernán Darío Gómez,Glenn Hoddle,,,
1998,France,Group stage,Group Stage,1998-06-25,Netherlands,Mexico,2.0,2.0,4.0,0.0,Draw,Draw,,,,,"Stade Geoffroy-Guichard, Saint-Étienne",30600,,Guus Hiddink,Manuel Lapuente,,,
1998,France,Group stage,Group Stage,1998-06-25,Belgium,Korea Republic,1.0,1.0,2.0,0.0,Draw,Draw,,,,,"Parc des Princes, Paris",45500,,Georges Leekens,Kim Pyung-seok,,,
1998,France,Group stage,Group Stage,1998-06-25,United States,FR Yugoslavia,0.0,1.0,1.0,-1.0,Away Win,FR Yugoslavia,,,,,"Stade de la Beaujoire - Louis Fonteneau, Nantes",38500,,Steve Sampson,Slobodan Santrač,,,
1998,France,Group stage,Group Stage,1998-06-25,Germany,IR Iran,2.0,0.0,2.0,2.0,Home Win,Germany,,,,,"Stade de la Mosson, Montpellier",35500,,Berti Vogts,Jalal Talebi,,,
1998,France,Group stage,Group Stage,1998-06-24,South Africa,Saudi Arabia,2.0,2.0,4.0,0.0,Draw,Draw,,,,,"Stade Jacques Chaban-Delmas, Bordeaux",31800,,Philippe Troussier,Mohammed Al-Kharashy,,,
1998,France,Group stage,Group Stage,1998-06-24,France,Denmark,2.0,1.0,3.0,1.0,Home Win,France,,,,,"Matmut Stadium de Gerland, Lyon",39100,,Aimé Jacquet,Bo Johansson,,,
1998,France,Group stage,Group Stage,1998-06-24,Spain,Bulgaria,6.0,1.0,7.0,5.0,Home Win,Spain,,,,,"Stade Bollaert-Delelis, Lens",41275,,Javier Clemente,Hristo Bonev,,,
1998,France,Group stage,Group Stage,1998-06-24,Nigeria,Paraguay,1.0,3.0,4.0,-2.0,Away Win,Paraguay,,,,,"Stadium Municipal, Toulouse",33400,,Bora Milutinović,Paulo César Carpegiani,,,
1998,France,Group stage,Group Stage,1998-06-23,Italy,Austria,2.0,1.0,3.0,1.0,Home Win,Italy,,,,,"Stade de France, Paris",80000,,Cesare Maldini,Herbert Prohaska,,,
1998,France,Group stage,Group Stage,1998-06-23,Chile,Cameroon,1.0,1.0,2.0,0.0,Draw,Draw,,,,,"Stade de la Beaujoire - Louis Fonteneau, Nantes",39500,,Nelson Acosta,Claude Le Roy,,,
1998,France,Group stage,Group Stage,1998-06-23,Brazil,Norway,1.0,2.0,3.0,-1.0,Away Win,Norway,,,,,"Orange Vélodrome, Marseille",57000,,Mário Zagallo,Egil Olsen,,,
1998,France,Group stage,Group Stage,1998-06-23,Scotland,Morocco,0.0,3.0,3.0,-3.0,Away Win,Morocco,,,,,"Stade Geoffroy-Guichard, Saint-Étienne",36000,,Craig Brown,Henri Michel,,,
1998,France,Group stage,Group Stage,1998-06-22,Colombia,Tunisia,1.0,0.0,1.0,1.0,Home Win,Colombia,,,,,"Stade de la Mosson, Montpellier",35500,,Hernán Darío Gómez,Henryk Kasperczak,,,
1998,France,Group stage,Group Stage,1998-06-22,Romania,England,2.0,1.0,3.0,1.0,Home Win,Romania,,,,,"Stadium Municipal, Toulouse",33140,,Anghel Iordănescu,Glenn Hoddle,,,
1998,France,Group stage,Group Stage,1998-06-21,Germany,FR Yugoslavia,2.0,2.0,4.0,0.0,Draw,Draw,,,,,"Stade Bollaert-Delelis, Lens",41275,,Berti Vogts,Slobodan Santrač,,,
1998,France,Group stage,Group Stage,1998-06-21,Argentina,Jamaica,5.0,0.0,5.0,5.0,Home Win,Argentina,,,,,"Parc des Princes, Paris",45500,,Daniel Passarella,René Simões,,,
1998,France,Group stage,Group Stage,1998-06-21,United States,IR Iran,1.0,2.0,3.0,-1.0,Away Win,IR Iran,,,,,"Matmut Stadium de Gerland, Lyon",43300,,Steve Sampson,Jalal Talebi,,,
1998,France,Group stage,Group Stage,1998-06-20,Japan,Croatia,0.0,1.0,1.0,-1.0,Away Win,Croatia,,,,,"Stade de la Beaujoire - Louis Fonteneau, Nantes",35500,,Takeshi Okada,Miroslav Blažević,,,
1998,France,Group stage,Group Stage,1998-06-20,Belgium,Mexico,2.0,2.0,4.0,0.0,Draw,Draw,,,,,"Stade Jacques Chaban-Delmas, Bordeaux",31800,,Georges Leekens,Manuel Lapuente,,,
1998,France,Group stage,Group Stage,1998-06-20,Netherlands,Korea Republic,5.0,0.0,5.0,5.0,Home Win,Netherlands,,,,,"Orange Vélodrome, Marseille",55000,,Guus Hiddink,Cha Bum-kun,,,
1998,France,Group stage,Group Stage,1998-06-19,Nigeria,Bulgaria,1.0,0.0,1.0,1.0,Home Win,Nigeria,,,,,"Parc des Princes, Paris",48000,,Bora Milutinović,Hristo Bonev,,,
1998,France,Group stage,Group Stage,1998-06-19,Spain,Paraguay,0.0,0.0,0.0,0.0,Draw,Draw,,,,,"Stade Geoffroy-Guichard, Saint-Étienne",36000,,Javier Clemente,Paulo César Carpegiani,,,
1998,France,Group stage,Group Stage,1998-06-18,South Africa,Denmark,1.0,1.0,2.0,0.0,Draw,Draw,,,,,"Stadium Municipal, Toulouse",33500,,Philippe Troussier,Bo Johansson,,,
1998,France,Group stage,Group Stage,1998-06-18,France,Saudi Arabia,4.0,0.0,4.0,4.0,Home Win,France,,,,,"Stade de France, Paris",80000,,Aimé Jacquet,Carlos Alberto Parreira,,,
1998,France,Group stage,Group Stage,1998-06-17,Chile,Austria,1.0,1.0,2.0,0.0,Draw,Draw,,,,,"Stade Geoffroy-Guichard, Saint-Étienne",36000,,Nelson Acosta,Herbert Prohaska,,,
1998,France,Group stage,Group Stage,1998-06-17,Italy,Cameroon,3.0,0.0,3.0,3.0,Home Win,Italy,,,,,"Stade de la Mosson, Montpellier",35500,,Cesare Maldini,Claude Le Roy,,,
1998,France,Group stage,Group Stage,1998-06-16,Scotland,Norway,1.0,1.0,2.0,0.0,Draw,Draw,,,,,"Stade Jacques Chaban-Delmas, Bordeaux",31800,,Craig Brown,Egil Olsen,,,
1998,France,Group stage,Group Stage,1998-06-16,Brazil,Morocco,3.0,0.0,3.0,3.0,Home Win,Brazil,,,,,"Stade de la Beaujoire - Louis Fonteneau, Nantes",38500,,Mário Zagallo,Henri Michel,,,
1998,France,Group stage,Group Stage,1998-06-15,England,Tunisia,2.0,0.0,2.0,2.0,Home Win,England,,,,,"Orange Vélodrome, Marseille",54587,,Glenn Hoddle,Henryk Kasperczak,,,
1998,France,Group stage,Group Stage,1998-06-15,Romania,Colombia,1.0,0.0,1.0,1.0,Home Win,Romania,,,,,"Matmut Stadium de Gerland, Lyon",43300,,Anghel Iordănescu,Hernán Darío Gómez,,,
1998,France,Group stage,Group Stage,1998-06-15,Germany,United States,2.0,0.0,2.0,2.0,Home Win,Germany,,,,,"Parc des Princes, Paris",49000,,Berti Vogts,Steve Sampson,,,
1998,France,Group stage,Group Stage,1998-06-14,Argentina,Japan,1.0,0.0,1.0,1.0,Home Win,Argentina,,,,,"Stadium Municipal, Toulouse",33500,,Daniel Passarella,Takeshi Okada,,,
1998,France,Group stage,Group Stage,1998-06-14,FR Yugoslavia,IR Iran,1.0,0.0,1.0,1.0,Home Win,FR Yugoslavia,,,,,"Stade Geoffroy-Guichard, Saint-Étienne",36000,,Slobodan Santrač,Jalal Talebi,,,
1998,France,Group stage,Group Stage,1998-06-14,Jamaica,Croatia,1.0,3.0,4.0,-2.0,Away Win,Croatia,,,,,"Stade Bollaert-Delelis, Lens",38100,,René Simões,Miroslav Blažević,,,
1998,France,Group stage,Group Stage,1998-06-13,Spain,Nigeria,2.0,3.0,5.0,-1.0,Away Win,Nigeria,,,,,"Stade de la Beaujoire - Louis Fonteneau, Nantes",38000,,Javier Clemente,Bora Milutinović,,,
1998,France,Group stage,Group Stage,1998-06-13,Korea Republic,Mexico,1.0,3.0,4.0,-2.0,Away Win,Mexico,,,,,"Matmut Stadium de Gerland, Lyon",39100,,Cha Bum-kun,Manuel Lapuente,,,
1998,France,Group stage,Group Stage,1998-06-13,Netherlands,Belgium,0.0,0.0,0.0,0.0,Draw,Draw,,,,,"Stade de France, Paris",77000,,Guus Hiddink,Georges Leekens,,,
1998,France,Group stage,Group Stage,1998-06-12,Paraguay,Bulgaria,0.0,0.0,0.0,0.0,Draw,Draw,,,,,"Stade de la Mosson, Montpellier",27650,,Paulo César Carpegiani,Hristo Bonev,,,
1998,France,Group stage,Group Stage,1998-06-12,Saudi Arabia,Denmark,0.0,1.0,1.0,-1.0,Away Win,Denmark,,,,,"Stade Bollaert-Delelis, Lens",38100,,Carlos Alberto Parreira,Bo Johansson,,,
1998,France,Group stage,Group Stage,1998-06-12,France,South Africa,3.0,0.0,3.0,3.0,Home Win,France,,,,,"Orange Vélodrome, Marseille",55000,,Aimé Jacquet,Philippe Troussier,,,
1998,France,Group stage,Group Stage,1998-06-11,Italy,Chile,2.0,2.0,4.0,0.0,Draw,Draw,,,,,"Stade Jacques Chaban-Delmas, Bordeaux",35200,,Cesare Maldini,Nelson Acosta,,,
1998,France,Group stage,Group Stage,1998-06-11,Cameroon,Austria,1.0,1.0,2.0,0.0,Draw,Draw,,,,,"Stadium Municipal, Toulouse",36500,,Claude Le Roy,Herbert Prohaska,,,
1998,France,Group stage,Group Stage,1998-06-10,Brazil,Scotland,2.0,1.0,3.0,1.0,Home Win,Brazil,,,,,"Stade de France, Paris",80000,,Mário Zagallo,Craig Brown,,,
1998,France,Group stage,Group Stage,1998-06-10,Morocco,Norway,2.0,2.0,4.0,0.0,Draw,Draw,,,,,"Stade de la Mosson, Montpellier",29750,,Henri Michel,Egil Olsen,,,
1994,United States,Final,Knockout,1994-07-17,Brazil,Italy,0.0,0.0,0.0,0.0,Home Win (pens),Brazil,,,3.0,2.0,"Rose Bowl, Los Angeles",94194,Sandor Puhl,Carlos Alberto Parreira,Arrigo Sacchi,Dunga,Franco Baresi,Brazil won on penalty kicks following extra time
1994,United States,Third-place match,Knockout,1994-07-16,Sweden,Bulgaria,4.0,0.0,4.0,4.0,Home Win,Sweden,,,,,"Rose Bowl, Los Angeles",91500,Ali Bujsaim,Tommy Svensson,Dimitar Penev,Roland Nilsson,Borislav Mikhailov,
1994,United States,Semi-finals,Knockout,1994-07-13,Bulgaria,Italy,1.0,2.0,3.0,-1.0,Away Win,Italy,,,,,"Giants Stadium, New York/New Jersey",74110,Joel Quiniou,Dimitar Penev,Arrigo Sacchi,Borislav Mikhailov,Paolo Maldini,
1994,United States,Semi-finals,Knockout,1994-07-13,Sweden,Brazil,0.0,1.0,1.0,-1.0,Away Win,Brazil,,,,,"Rose Bowl, Los Angeles",91856,Jose Joaquin Torres Cadena,Tommy Svensson,Carlos Alberto Parreira,Jonas Thern,Dunga,
1994,United States,Quarter-finals,Knockout,1994-07-10,Bulgaria,Germany,2.0,1.0,3.0,1.0,Home Win,Bulgaria,,,,,"Giants Stadium, New York/New Jersey",72000,Jose Joaquin Torres Cadena,Dimitar Penev,Berti Vogts,Borislav Mikhailov,Lothar Matthäus,
1994,United States,Quarter-finals,Knockout,1994-07-10,Romania,Sweden,2.0,2.0,4.0,0.0,Away Win (pens),Sweden,,,4.0,5.0,"Stanford Stadium, San Francisco",83500,Philip Don,Anghel Iordanescu,Tommy Svensson,Gheorghe Hagi,Roland Nilsson,Sweden won on penalty kicks following extra time
1994,United States,Quarter-finals,Knockout,1994-07-09,Italy,Spain,2.0,1.0,3.0,1.0,Home Win,Italy,,,,,"Foxboro Stadium, Boston",53400,Sandor Puhl,Arrigo Sacchi,Javier Clemente,Paolo Maldini,Andoni Zubizarreta,
1994,United States,Quarter-finals,Knockout,1994-07-09,Netherlands,Brazil,2.0,3.0,5.0,-1.0,Away Win,Brazil,,,,,"Cotton Bowl, Dallas",63500,Rodrigo Badilla,Dick Advocaat,Carlos Alberto Parreira,Ronald Koeman,Dunga,
1994,United States,Round of 16,Knockout,1994-07-05,Nigeria,Italy,1.0,2.0,3.0,-1.0,Away Win,Italy,,,,,"Foxboro Stadium, Boston",54367,Arturo Brizio Carter,Clemens Westerhof,Arrigo Sacchi,Peter Rufai,Paolo Maldini,Required Extra Time
1994,United States,Round of 16,Knockout,1994-07-05,Mexico,Bulgaria,1.0,1.0,2.0,0.0,Away Win (pens),Bulgaria,,,1.0,3.0,"Giants Stadium, New York/New Jersey",71030,Jamal Al Sharif,Miguel Mejia Baron,Dimitar Penev,Ignacio Ambríz,Borislav Mikhailov,Bulgaria won on penalty kicks following extra time
1994,United States,Round of 16,Knockout,1994-07-04,Netherlands,Republic of Ireland,2.0,0.0,2.0,2.0,Home Win,Netherlands,,,,,"Citrus Bowl, Orlando",61355,Peter Mikkelsen,Dick Advocaat,Jack Charlton,Ronald Koeman,Andy Townsend,
1994,United States,Round of 16,Knockout,1994-07-04,Brazil,United States,1.0,0.0,1.0,1.0,Home Win,Brazil,,,,,"Stanford Stadium, San Francisco",84147,Joel Quiniou,Carlos Alberto Parreira,Bora Milutinovic,Dunga,Tony Meola,
1994,United States,Round of 16,Knockout,1994-07-03,Saudi Arabia,Sweden,1.0,3.0,4.0,-2.0,Away Win,Sweden,,,,,"Cotton Bowl, Dallas",60277,Renato Marsiglia,Jorge Solari,Tommy Svensson,Mohamed Al-Jawad,Jonas Thern,
1994,United States,Round of 16,Knockout,1994-07-03,Romania,Argentina,3.0,2.0,5.0,1.0,Home Win,Romania,,,,,"Rose Bowl, Los Angeles",90469,Pierluigi Pairetto,Anghel Iordanescu,Alfio Basile,Gheorghe Hagi,Oscar Ruggeri,
1994,United States,Round of 16,Knockout,1994-07-02,Germany,Belgium,3.0,2.0,5.0,1.0,Home Win,Germany,,,,,"Soldier Field, Chicago",60246,Kurt Roethlisberger,Berti Vogts,Paul Van Himst,Lothar Matthäus,Georges Grün,
1994,United States,Round of 16,Knockout,1994-07-02,Spain,Switzerland,3.0,0.0,3.0,3.0,Home Win,Spain,,,,,"RFK Stadium, Washington Dc",53121,Mario Van Der Ende,Javier Clemente,Roy Hodgson,Andoni Zubizarreta,Alain Geiger,
1994,United States,Group stage,Group Stage,1994-06-30,Greece,Nigeria,0.0,2.0,2.0,-2.0,Away Win,Nigeria,,,,,"Foxboro Stadium, Boston",53001,Leslie Mottram,Alkis Panagoulias,Clemens Westerhof,Tasos Mitropoulos,Stephen Keshi,
1994,United States,Group stage,Group Stage,1994-06-30,Argentina,Bulgaria,0.0,2.0,2.0,-2.0,Away Win,Bulgaria,,,,,"Cotton Bowl, Dallas",63998,Neji Jouini,Alfio Basile,Dimitar Penev,Oscar Ruggeri,Borislav Mikhailov,
1994,United States,Group stage,Group Stage,1994-06-29,Morocco,Netherlands,1.0,2.0,3.0,-1.0,Away Win,Netherlands,,,,,"Citrus Bowl, Orlando",60578,Alberto Tejada Noriega,Abdellah Blinda,Dick Advocaat,Tahar El Khalej,Ronald Koeman,
1994,United States,Group stage,Group Stage,1994-06-29,Belgium,Saudi Arabia,0.0,1.0,1.0,-1.0,Away Win,Saudi Arabia,,,,,"RFK Stadium, Washington Dc",52959,Hellmut Krug,Paul Van Himst,Jorge Solari,Enzo Scifo,Majed Abdullah,
1994,United States,Group stage,Group Stage,1994-06-28,Italy,Mexico,1.0,1.0,2.0,0.0,Draw,Draw,,,,,"RFK Stadium, Washington Dc",52535,Francisco Oscar Lamolina,Arrigo Sacchi,Miguel Mejia Baron,Paolo Maldini,Ignacio Ambríz,
1994,United States,Group stage,Group Stage,1994-06-28,Republic of Ireland,Norway,0.0,0.0,0.0,0.0,Draw,Draw,,,,,"Giants Stadium, New York/New Jersey",72404,Jose Joaquin Torres Cadena,Jack Charlton,Egil Olsen,Andy Townsend,Rune Bratseth,
1994,United States,Group stage,Group Stage,1994-06-28,Russia,Cameroon,6.0,1.0,7.0,5.0,Home Win,Russia,,,,,"Stanford Stadium, San Francisco",74914,Jamal Al Sharif,Pavel Sadyrin,Henri Michel,Viktor Onopko,Stephen Tataw,
1994,United States,Group stage,Group Stage,1994-06-28,Brazil,Sweden,1.0,1.0,2.0,0.0,Draw,Draw,,,,,"Pontiac Silverdome, Detroit",77217,Sandor Puhl,Carlos Alberto Parreira,Tommy Svensson,Raí,Jonas Thern,
1994,United States,Group stage,Group Stage,1994-06-27,Germany,Korea Republic,3.0,2.0,5.0,1.0,Home Win,Germany,,,,,"Cotton Bowl, Dallas",63998,Joel Quiniou,Berti Vogts,Ho Kon Kim,Lothar Matthäus,Choi In-young,
1994,United States,Group stage,Group Stage,1994-06-27,Bolivia,Spain,1.0,3.0,4.0,-2.0,Away Win,Spain,,,,,"Soldier Field, Chicago",63089,Rodrigo Badilla,Xavier Azkargorta Uriarte,Javier Clemente,Carlos Fernando Borja,Andoni Zubizarreta,
1994,United States,Group stage,Group Stage,1994-06-26,Bulgaria,Greece,4.0,0.0,4.0,4.0,Home Win,Bulgaria,,,,,"Soldier Field, Chicago",63160,Ali Bujsaim,Dimitar Penev,Alkis Panagoulias,Borislav Mikhailov,Stratos Apostolakis,
1994,United States,Group stage,Group Stage,1994-06-26,United States,Romania,0.0,1.0,1.0,-1.0,Away Win,Romania,,,,,"Rose Bowl, Los Angeles",93869,Mario Van Der Ende,Bora Milutinovic,Anghel Iordanescu,Tony Meola,Gheorghe Hagi,
1994,United States,Group stage,Group Stage,1994-06-26,Switzerland,Colombia,0.0,2.0,2.0,-2.0,Away Win,Colombia,,,,,"Stanford Stadium, San Francisco",83401,Peter Mikkelsen,Roy Hodgson,Francisco Maturana,Alain Geiger,Carlos Valderrama,
1994,United States,Group stage,Group Stage,1994-06-25,Belgium,Netherlands,1.0,0.0,1.0,1.0,Home Win,Belgium,,,,,"Citrus Bowl, Orlando",62387,Renato Marsiglia,Paul Van Himst,Dick Advocaat,Georges Grün,Ronald Koeman,
1994,United States,Group stage,Group Stage,1994-06-25,Saudi Arabia,Morocco,2.0,1.0,3.0,1.0,Home Win,Saudi Arabia,,,,,"Giants Stadium, New York/New Jersey",76322,Philip Don,Jorge Solari,Abdellah Blinda,Mohamed Al-Jawad,Khalil Azmi,
1994,United States,Group stage,Group Stage,1994-06-25,Argentina,Nigeria,2.0,1.0,3.0,1.0,Home Win,Argentina,,,,,"Foxboro Stadium, Boston",54453,Bo Karlsson,Alfio Basile,Clemens Westerhof,Diego Maradona,Peter Rufai,
1994,United States,Group stage,Group Stage,1994-06-24,Mexico,Republic of Ireland,2.0,1.0,3.0,1.0,Home Win,Mexico,,,,,"Citrus Bowl, Orlando",60790,Kurt Roethlisberger,Miguel Mejia Baron,Jack Charlton,Ignacio Ambríz,Andy Townsend,
1994,United States,Group stage,Group Stage,1994-06-24,Brazil,Cameroon,3.0,0.0,3.0,3.0,Home Win,Brazil,,,,,"Stanford Stadium, San Francisco",83401,Arturo Brizio Carter,Carlos Alberto Parreira,Henri Michel,Raí,Stephen Tataw,
1994,United States,Group stage,Group Stage,1994-06-24,Sweden,Russia,3.0,1.0,4.0,2.0,Home Win,Sweden,,,,,"Pontiac Silverdome, Detroit",71528,Joel Quiniou,Tommy Svensson,Pavel Sadyrin,Jonas Thern,Dmitri Kharine,
1994,United States,Group stage,Group Stage,1994-06-23,Italy,Norway,1.0,0.0,1.0,1.0,Home Win,Italy,,,,,"Giants Stadium, New York/New Jersey",74624,Hellmut Krug,Arrigo Sacchi,Egil Olsen,Franco Baresi,Rune Bratseth,
1994,United States,Group stage,Group Stage,1994-06-23,Korea Republic,Bolivia,0.0,0.0,0.0,0.0,Draw,Draw,,,,,"Foxboro Stadium, Boston",54453,Leslie Mottram,Ho Kon Kim,Xavier Azkargorta Uriarte,Choi In-young,Carlos Fernando Borja,
1994,United States,Group stage,Group Stage,1994-06-22,Romania,Switzerland,1.0,4.0,5.0,-3.0,Away Win,Switzerland,,,,,"Pontiac Silverdome, Detroit",61428,Neji Jouini,Anghel Iordanescu,Roy Hodgson,Gheorghe Hagi,Alain Geiger,
1994,United States,Group stage,Group Stage,1994-06-22,United States,Colombia,2.0,1.0,3.0,1.0,Home Win,United States,,,,,"Rose Bowl, Los Angeles",93869,Fabio Baldas,Bora Milutinovic,Francisco Maturana,Tony Meola,Carlos Valderrama,
1994,United States,Group stage,Group Stage,1994-06-21,Argentina,Greece,4.0,0.0,4.0,4.0,Home Win,Argentina,,,,,"Foxboro Stadium, Boston",54456,Arturo Angeles,Alfio Basile,Alkis Panagoulias,Diego Maradona,Dimitris Saravakos,
1994,United States,Group stage,Group Stage,1994-06-21,Germany,Spain,1.0,1.0,2.0,0.0,Draw,Draw,,,,,"Soldier Field, Chicago",63113,Ernesto Filippi,Berti Vogts,Javier Clemente,Lothar Matthäus,Andoni Zubizarreta,
1994,United States,Group stage,Group Stage,1994-06-21,Nigeria,Bulgaria,3.0,0.0,3.0,3.0,Home Win,Nigeria,,,,,"Cotton Bowl, Dallas",44132,Rodrigo Badilla,Clemens Westerhof,Dimitar Penev,Peter Rufai,Borislav Mikhailov,
1994,United States,Group stage,Group Stage,1994-06-20,Brazil,Russia,2.0,0.0,2.0,2.0,Home Win,Brazil,,,,,"Stanford Stadium, San Francisco",81061,An Yan Lim Kee Chong,Carlos Alberto Parreira,Pavel Sadyrin,Raí,Dmitri Kharine,
1994,United States,Group stage,Group Stage,1994-06-20,Netherlands,Saudi Arabia,2.0,1.0,3.0,1.0,Home Win,Netherlands,,,,,"RFK Stadium, Washington Dc",50535,Manuel Diaz Vega,Dick Advocaat,Jorge Solari,Ronald Koeman,Majed Abdullah,
1994,United States,Group stage,Group Stage,1994-06-19,Belgium,Morocco,1.0,0.0,1.0,1.0,Home Win,Belgium,,,,,"Citrus Bowl, Orlando",61219,Jose Joaquin Torres Cadena,Paul Van Himst,Abdellah Blinda,Georges Grün,Mustafa El Haddaoui,
1994,United States,Group stage,Group Stage,1994-06-19,Norway,Mexico,1.0,0.0,1.0,1.0,Home Win,Norway,,,,,"RFK Stadium, Washington Dc",52395,Sandor Puhl,Egil Olsen,Miguel Mejia Baron,Rune Bratseth,Ignacio Ambríz,
1994,United States,Group stage,Group Stage,1994-06-19,Cameroon,Sweden,2.0,2.0,4.0,0.0,Draw,Draw,,,,,"Rose Bowl, Los Angeles",93194,Alberto Tejada Noriega,Henri Michel,Tommy Svensson,Stephen Tataw,Jonas Thern,
1994,United States,Group stage,Group Stage,1994-06-18,United States,Switzerland,1.0,1.0,2.0,0.0,Draw,Draw,,,,,"Pontiac Silverdome, Detroit",73425,Francisco Oscar Lamolina,Bora Milutinovic,Roy Hodgson,Tony Meola,Alain Geiger,
1994,United States,Group stage,Group Stage,1994-06-18,Italy,Republic of Ireland,0.0,1.0,1.0,-1.0,Away Win,Republic of Ireland,,,,,"Giants Stadium, New York/New Jersey",75338,Mario Van Der Ende,Arrigo Sacchi,Jack Charlton,Franco Baresi,Andy Townsend,
1994,United States,Group stage,Group Stage,1994-06-18,Colombia,Romania,1.0,3.0,4.0,-2.0,Away Win,Romania,,,,,"Rose Bowl, Los Angeles",91856,Jamal Al Sharif,Francisco Maturana,Anghel Iordanescu,Carlos Valderrama,Gheorghe Hagi,
1994,United States,Group stage,Group Stage,1994-06-17,Germany,Bolivia,1.0,0.0,1.0,1.0,Home Win,Germany,,,,,"Soldier Field, Chicago",63117,Arturo Brizio Carter,Berti Vogts,Xavier Azkargorta Uriarte,Lothar Matthäus,Carlos Fernando Borja,
1994,United States,Group stage,Group Stage,1994-06-17,Spain,Korea Republic,2.0,2.0,4.0,0.0,Draw,Draw,,,,,"Cotton Bowl, Dallas",56247,Peter Mikkelsen,Javier Clemente,Ho Kon Kim,Miguel Ángel Nadal,Choi In-young,
1990,Italy,Final,Knockout,1990-07-08,West Germany,Argentina,1.0,0.0,1.0,1.0,Home Win,West Germany,,,,,"Stadio Olimpico, Rome",73603,Edgardo Codesal Mendez,Franz Beckenbauer,Carlos Bilardo,Lothar Matthäus,Diego Maradona,
1990,Italy,Third-place match,Knockout,1990-07-07,Italy,England,2.0,1.0,3.0,1.0,Home Win,Italy,,,,,"Stadio San Nicola, Bari",51426,Joel Quiniou,Azeglio Vicini,Bobby Robson,Giuseppe Bergomi,Peter Shilton,
1990,Italy,Semi-finals,Knockout,1990-07-04,West Germany,England,1.0,1.0,2.0,0.0,Home Win (pens),West Germany,,,4.0,3.0,"Stadio delle Alpi, Turin",62628,Jose Ramiz Wright,Franz Beckenbauer,Bobby Robson,Lothar Matthäus,Terry Butcher,West Germany won on penalty kicks following extra time
1990,Italy,Semi-finals,Knockout,1990-07-03,Italy,Argentina,1.0,1.0,2.0,0.0,Away Win (pens),Argentina,,,3.0,4.0,"San Paolo, Naples",59978,Michel Vautrot,Azeglio Vicini,Carlos Bilardo,Giuseppe Bergomi,Diego Maradona,Argentina won on penalty kicks following extra time
1990,Italy,Quarter-finals,Knockout,1990-07-01,West Germany,Czechoslovakia,1.0,0.0,1.0,1.0,Home Win,West Germany,,,,,"Giuseppe Meazza, Milan",73347,Helmut Kohl,Franz Beckenbauer,Jozef Venglos,Lothar Matthäus,Ivan Hašek,
1990,Italy,Quarter-finals,Knockout,1990-07-01,England,Cameroon,3.0,2.0,5.0,1.0,Home Win,England,,,,,"San Paolo, Naples",55205,Edgardo Codesal Mendez,Bobby Robson,Valeri Nepomnyashchi,Terry Butcher,Stephen Tataw,Required Extra Time
1990,Italy,Quarter-finals,Knockout,1990-06-30,Yugoslavia,Argentina,0.0,0.0,0.0,0.0,Away Win (pens),Argentina,,,2.0,3.0,"Comunale, Florence",38971,Kurt Roethlisberger,Ivica Osim,Carlos Bilardo,Zlatko Vujović,Diego Maradona,Argentina won on penalty kicks following extra time
1990,Italy,Quarter-finals,Knockout,1990-06-30,Italy,Republic of Ireland,1.0,0.0,1.0,1.0,Home Win,Italy,,,,,"Stadio Olimpico, Rome",73303,Carlos Alberto Silva Valente,Azeglio Vicini,Jack Charlton,Giuseppe Bergomi,Mick McCarthy,
1990,Italy,Round of 16,Knockout,1990-06-26,Spain,Yugoslavia,1.0,2.0,3.0,-1.0,Away Win,Yugoslavia,,,,,"Marc Antonio Bentegodi, Verona",35500,Aron Schmidhuber,Luis Suarez,Ivica Osim,Emilio Butragueño,Zlatko Vujović,Required Extra Time
1990,Italy,Round of 16,Knockout,1990-06-26,England,Belgium,1.0,0.0,1.0,1.0,Home Win,England,,,,,"Renato Dall Ara, Bologna",34520,Peter Mikkelsen,Bobby Robson,Guy Thys,Terry Butcher,Jan Ceulemans,Required Extra Time
1990,Italy,Round of 16,Knockout,1990-06-25,Republic of Ireland,Romania,0.0,0.0,0.0,0.0,Home Win (pens),Republic of Ireland,,,5.0,4.0,"Luigi Ferraris, Genoa",31818,Jose Ramiz Wright,Jack Charlton,Emerich Jenei,Paul McGrath,Silviu Lung,Rep. of Ireland won on penalty kicks following extra time
1990,Italy,Round of 16,Knockout,1990-06-25,Italy,Uruguay,2.0,0.0,2.0,2.0,Home Win,Italy,,,,,"Stadio Olimpico, Rome",73303,George Courtney,Azeglio Vicini,Oscar Tabarez,Giuseppe Bergomi,Enzo Francescoli,
1990,Italy,Round of 16,Knockout,1990-06-24,Brazil,Argentina,0.0,1.0,1.0,-1.0,Away Win,Argentina,,,,,"Stadio delle Alpi, Turin",61381,Joel Quiniou,Sebastiao Lazaroni,Carlos Bilardo,Ricardo Gomes,Diego Maradona,
1990,Italy,Round of 16,Knockout,1990-06-24,West Germany,Netherlands,2.0,1.0,3.0,1.0,Home Win,West Germany,,,,,"Giuseppe Meazza, Milan",74559,Juan Loustau,Franz Beckenbauer,Leo Beenhakker,Lothar Matthäus,Ruud Gullit,
1990,Italy,Round of 16,Knockout,1990-06-23,Cameroon,Colombia,2.0,1.0,3.0,1.0,Home Win,Cameroon,,,,,"San Paolo, Naples",50026,Tullio Lanese,Valeri Nepomnyashchi,Francisco Maturana,Stephen Tataw,Carlos Valderrama,Required Extra Time
1990,Italy,Round of 16,Knockout,1990-06-23,Czechoslovakia,Costa Rica,4.0,1.0,5.0,3.0,Home Win,Czechoslovakia,,,,,"Stadio San Nicola, Bari",47673,Siegfried Kirschen,Jozef Venglos,Bora Milutinovic,Ivan Hašek,Róger Flores,
1990,Italy,Group stage,Group Stage,1990-06-21,Belgium,Spain,1.0,2.0,3.0,-1.0,Away Win,Spain,,,,,"Marc Antonio Bentegodi, Verona",35950,Juan Loustau,Guy Thys,Luis Suarez,Jan Ceulemans,Emilio Butragueño,
1990,Italy,Group stage,Group Stage,1990-06-21,Korea Republic,Uruguay,0.0,1.0,1.0,-1.0,Away Win,Uruguay,,,,,"Friuli, Udine",29039,Tullio Lanese,Hoe Taik Lee,Oscar Tabarez,Choi Soon-ho,Enzo Francescoli,
1990,Italy,Group stage,Group Stage,1990-06-21,Republic of Ireland,Netherlands,1.0,1.0,2.0,0.0,Draw,Draw,,,,,"Della Favorita, Palermo",33288,Michel Vautrot,Jack Charlton,Leo Beenhakker,Mick McCarthy,Ruud Gullit,
1990,Italy,Group stage,Group Stage,1990-06-21,England,Egypt,1.0,0.0,1.0,1.0,Home Win,England,,,,,"Sant Elia, Cagliari",34959,Kurt Roethlisberger,Bobby Robson,Mahmoud El Gohary,Peter Shilton,Gamal Abdel-Hameed,
1990,Italy,Group stage,Group Stage,1990-06-20,Sweden,Costa Rica,1.0,2.0,3.0,-1.0,Away Win,Costa Rica,,,,,"Luigi Ferraris, Genoa",30223,Zoran Petrovic,Olle Nordin,Bora Milutinovic,Glenn Hysén,Róger Flores,
1990,Italy,Group stage,Group Stage,1990-06-20,Brazil,Scotland,1.0,0.0,1.0,1.0,Home Win,Brazil,,,,,"Stadio delle Alpi, Turin",62502,Helmut Kohl,Sebastiao Lazaroni,Andy Roxburgh,Ricardo Gomes,Roy Aitken,
1990,Italy,Group stage,Group Stage,1990-06-19,West Germany,Colombia,1.0,1.0,2.0,0.0,Draw,Draw,,,,,"Giuseppe Meazza, Milan",72510,Alan Snoddy,Franz Beckenbauer,Francisco Maturana,Lothar Matthäus,Carlos Valderrama,
1990,Italy,Group stage,Group Stage,1990-06-19,Yugoslavia,United Arab Emirates,4.0,1.0,5.0,3.0,Home Win,Yugoslavia,,,,,"Renato Dall Ara, Bologna",27833,Shizuo Takada,Ivica Osim,Carlos Alberto Parreira,Zlatko Vujović,Abdulrahman Mohamed,
1990,Italy,Group stage,Group Stage,1990-06-19,Austria,United States,2.0,1.0,3.0,1.0,Home Win,Austria,,,,,"Comunale, Florence",34857,Jamal Al Sharif,Josef Hickersberger,Bob Gansler,Toni Polster,Mike Windischmann,
1990,Italy,Group stage,Group Stage,1990-06-19,Italy,Czechoslovakia,2.0,0.0,2.0,2.0,Home Win,Italy,,,,,"Stadio Olimpico, Rome",73303,Joel Quiniou,Azeglio Vicini,Jozef Venglos,Giuseppe Bergomi,Ivan Hašek,
1990,Italy,Group stage,Group Stage,1990-06-18,Argentina,Romania,1.0,1.0,2.0,0.0,Draw,Draw,,,,,"San Paolo, Naples",52733,Carlos Alberto Silva Valente,Carlos Bilardo,Emerich Jenei,Diego Maradona,Silviu Lung,
1990,Italy,Group stage,Group Stage,1990-06-18,Cameroon,Soviet Union,0.0,4.0,4.0,-4.0,Away Win,Soviet Union,,,,,"Stadio San Nicola, Bari",37307,Jose Ramiz Wright,Valeri Nepomnyashchi,Valeriy Lobanovskyi,Stephen Tataw,Anatoliy Demyanenko,
1990,Italy,Group stage,Group Stage,1990-06-17,Republic of Ireland,Egypt,0.0,0.0,0.0,0.0,Draw,Draw,,,,,"Della Favorita, Palermo",33288,Marcel Van Langenhove,Jack Charlton,Mahmoud El Gohary,Mick McCarthy,Rabie Yassin,
1990,Italy,Group stage,Group Stage,1990-06-17,Belgium,Uruguay,3.0,1.0,4.0,2.0,Home Win,Belgium,,,,,"Marc Antonio Bentegodi, Verona",33759,Siegfried Kirschen,Guy Thys,Oscar Tabarez,Jan Ceulemans,Enzo Francescoli,
1990,Italy,Group stage,Group Stage,1990-06-17,Korea Republic,Spain,1.0,3.0,4.0,-2.0,Away Win,Spain,,,,,"Dacia Arena, Udine",32733,Elias V. Jacome Guerrero,Hoe Taik Lee,Luis Suarez,Choi Soon-ho,Emilio Butragueño,
1990,Italy,Group stage,Group Stage,1990-06-16,Brazil,Costa Rica,1.0,0.0,1.0,1.0,Home Win,Brazil,,,,,"Stadio delle Alpi, Turin",58007,Neji Jouini,Sebastiao Lazaroni,Bora Milutinovic,Ricardo Gomes,Róger Flores,
1990,Italy,Group stage,Group Stage,1990-06-16,England,Netherlands,0.0,0.0,0.0,0.0,Draw,Draw,,,,,"Sant Elia, Cagliari",35267,Zoran Petrovic,Bobby Robson,Leo Beenhakker,Bryan Robson,Ruud Gullit,
1990,Italy,Group stage,Group Stage,1990-06-16,Sweden,Scotland,1.0,2.0,3.0,-1.0,Away Win,Scotland,,,,,"Luigi Ferraris, Genoa",31823,Carlos Maciel,Olle Nordin,Andy Roxburgh,Glenn Hysén,Roy Aitken,
1990,Italy,Group stage,Group Stage,1990-06-15,Austria,Czechoslovakia,0.0,1.0,1.0,-1.0,Away Win,Czechoslovakia,,,,,"Comunale, Florence",38962,George Smith,Josef Hickersberger,Jozef Venglos,Toni Polster,Ivan Hašek,
1990,Italy,Group stage,Group Stage,1990-06-15,West Germany,United Arab Emirates,5.0,1.0,6.0,4.0,Home Win,West Germany,,,,,"Giuseppe Meazza, Milan",71169,Alexey Spirin,Franz Beckenbauer,Carlos Alberto Parreira,Lothar Matthäus,Abdulrahman Mohamed,
1990,Italy,Group stage,Group Stage,1990-06-14,Yugoslavia,Colombia,1.0,0.0,1.0,1.0,Home Win,Yugoslavia,,,,,"Renato Dall Ara, Bologna",32257,Luigi Agnolin,Ivica Osim,Francisco Maturana,Zlatko Vujović,Carlos Valderrama,
1990,Italy,Group stage,Group Stage,1990-06-14,Cameroon,Romania,2.0,1.0,3.0,1.0,Home Win,Cameroon,,,,,"Stadio San Nicola, Bari",38687,Hernan Silva Arce,Valeri Nepomnyashchi,Emerich Jenei,Stephen Tataw,Silviu Lung,
1990,Italy,Group stage,Group Stage,1990-06-14,Italy,United States,1.0,0.0,1.0,1.0,Home Win,Italy,,,,,"Stadio Olimpico, Rome",73423,Edgardo Codesal Mendez,Azeglio Vicini,Bob Gansler,Giuseppe Bergomi,Mike Windischmann,
1990,Italy,Group stage,Group Stage,1990-06-13,Uruguay,Spain,0.0,0.0,0.0,0.0,Draw,Draw,,,,,"Dacia Arena, Udine",35713,Helmut Kohl,Oscar Tabarez,Luis Suarez,Enzo Francescoli,Emilio Butragueño,
1990,Italy,Group stage,Group Stage,1990-06-13,Argentina,Soviet Union,2.0,0.0,2.0,2.0,Home Win,Argentina,,,,,"San Paolo, Naples",55759,Erik Fredriksson,Carlos Bilardo,Valeriy Lobanovskyi,Diego Maradona,Oleh Kuznetsov,
1990,Italy,Group stage,Group Stage,1990-06-12,Belgium,Korea Republic,2.0,0.0,2.0,2.0,Home Win,Belgium,,,,,"Marc Antonio Bentegodi, Verona",32790,Vincent Mauro,Guy Thys,Hoe Taik Lee,Eric Gerets,Chung Yong-hwan,
1990,Italy,Group stage,Group Stage,1990-06-12,Netherlands,Egypt,1.0,1.0,2.0,0.0,Draw,Draw,,,,,"Della Favorita, Palermo",33288,Emilio Soriano Aladren,Leo Beenhakker,Mahmoud El Gohary,Ruud Gullit,Gamal Abdel-Hameed,
1990,Italy,Group stage,Group Stage,1990-06-11,Costa Rica,Scotland,1.0,0.0,1.0,1.0,Home Win,Costa Rica,,,,,"Luigi Ferraris, Genoa",30867,Juan Loustau,Bora Milutinovic,Andy Roxburgh,Róger Flores,Roy Aitken,
1990,Italy,Group stage,Group Stage,1990-06-11,England,Republic of Ireland,1.0,1.0,2.0,0.0,Draw,Draw,,,,,"Sant Elia, Cagliari",35238,Aron Schmidhuber,Bobby Robson,Jack Charlton,Bryan Robson,Mick McCarthy,
1990,Italy,Group stage,Group Stage,1990-06-10,United States,Czechoslovakia,1.0,5.0,6.0,-4.0,Away Win,Czechoslovakia,,,,,"Comunale, Florence",33266,Kurt Roethlisberger,Bob Gansler,Jozef Venglos,Mike Windischmann,Ivan Hašek,
1990,Italy,Group stage,Group Stage,1990-06-10,West Germany,Yugoslavia,4.0,1.0,5.0,3.0,Home Win,West Germany,,,,,"Giuseppe Meazza, Milan",74765,Peter Mikkelsen,Franz Beckenbauer,Ivica Osim,Lothar Matthäus,Zlatko Vujović,
1990,Italy,Group stage,Group Stage,1990-06-10,Brazil,Sweden,2.0,1.0,3.0,1.0,Home Win,Brazil,,,,,"Stadio delle Alpi, Turin",62628,Tullio Lanese,Sebastiao Lazaroni,Olle Nordin,Ricardo Gomes,Jonas Thern,
1990,Italy,Group stage,Group Stage,1990-06-09,United Arab Emirates,Colombia,0.0,2.0,2.0,-2.0,Away Win,Colombia,,,,,"Renato Dall Ara, Bologna",30791,George Courtney,Carlos Alberto Parreira,Francisco Maturana,Fahad Khamees,Carlos Valderrama,
1990,Italy,Group stage,Group Stage,1990-06-09,Soviet Union,Romania,0.0,2.0,2.0,-2.0,Away Win,Romania,,,,,"Stadio San Nicola, Bari",42907,Juan Cardellino De San Vicente,Valeriy Lobanovskyi,Emerich Jenei,Rinat Dasayev,Silviu Lung,
1990,Italy,Group stage,Group Stage,1990-06-09,Italy,Austria,1.0,0.0,1.0,1.0,Home Win,Italy,,,,,"Stadio Olimpico, Rome",73303,Jose Ramiz Wright,Azeglio Vicini,Josef Hickersberger,Giuseppe Bergomi,Toni Polster,
1990,Italy,Group stage,Group Stage,1990-06-08,Argentina,Cameroon,0.0,1.0,1.0,-1.0,Away Win,Cameroon,,,,,"Giuseppe Meazza, Milan",73780,Michel Vautrot,Carlos Bilardo,Valeri Nepomnyashchi,Diego Maradona,Stephen Tataw,
1986,Mexico,Final,Knockout,1986-06-29,Argentina,West Germany,3.0,2.0,5.0,1.0,Home Win,Argentina,,,,,"Estadio Azteca, Mexico City",114600,Romualdo Arppi Filho,Carlos Bilardo,Franz Beckenbauer,Diego Maradona,Karl-Heinz Rummenigge,
1986,Mexico,Third-place match,Knockout,1986-06-28,France,Belgium,4.0,2.0,6.0,2.0,Home Win,France,,,,,"Cuauhtemoc, Puebla",21000,George Courtney,Henri Michel,Guy Thys,Patrick Battiston,Jan Ceulemans,Required Extra Time
1986,Mexico,Semi-finals,Knockout,1986-06-25,France,West Germany,0.0,2.0,2.0,-2.0,Away Win,West Germany,,,,,"Jalisco, Guadalajara",45000,Luigi Agnolin,Henri Michel,Franz Beckenbauer,Michel Platini,Karl-Heinz Rummenigge,
1986,Mexico,Semi-finals,Knockout,1986-06-25,Argentina,Belgium,2.0,0.0,2.0,2.0,Home Win,Argentina,,,,,"Estadio Azteca, Mexico City",114500,Antonio Marquez Ramirez,Carlos Bilardo,Guy Thys,Diego Maradona,Jan Ceulemans,
1986,Mexico,Quarter-finals,Knockout,1986-06-22,Argentina,England,2.0,1.0,3.0,1.0,Home Win,Argentina,,,,,"Estadio Azteca, Mexico City",114580,Ali Bennaceur,Carlos Bilardo,Bobby Robson,Diego Maradona,Peter Shilton,
1986,Mexico,Quarter-finals,Knockout,1986-06-22,Spain,Belgium,1.0,1.0,2.0,0.0,Away Win (pens),Belgium,,,4.0,5.0,"Cuauhtemoc, Puebla",45000,Siegfried Kirschen,Miguel Munoz,Guy Thys,José Antonio Camacho,Jan Ceulemans,Belgium won on penalty kicks following extra time
1986,Mexico,Quarter-finals,Knockout,1986-06-21,Brazil,France,1.0,1.0,2.0,0.0,Away Win (pens),France,,,3.0,4.0,"Jalisco, Guadalajara",65000,Ioan Igna,Tele Santana,Henri Michel,Edinho,Michel Platini,France won on penalty kicks following extra time
1986,Mexico,Quarter-finals,Knockout,1986-06-21,West Germany,Mexico,0.0,0.0,0.0,0.0,Home Win (pens),West Germany,,,4.0,1.0,"Estadio Universitario, Monterrey",41700,Jesus Diaz Palacio,Franz Beckenbauer,Bora Milutinovic,Karl-Heinz Rummenigge,Tomás Boy,West Germany won on penalty kicks following extra time
1986,Mexico,Round of 16,Knockout,1986-06-18,England,Paraguay,3.0,0.0,3.0,3.0,Home Win,England,,,,,"Estadio Azteca, Mexico City",98728,Jamal Al Sharif,Bobby Robson,Cayetano Re,Peter Shilton,Rogelio Delgado,
1986,Mexico,Round of 16,Knockout,1986-06-18,Denmark,Spain,1.0,5.0,6.0,-4.0,Away Win,Spain,,,,,"Estadio Corregidora, Queretaro",38500,Jan Keizer,Sepp Piontek,Miguel Munoz,Morten Olsen,José Antonio Camacho,
1986,Mexico,Round of 16,Knockout,1986-06-17,Italy,France,0.0,2.0,2.0,-2.0,Away Win,France,,,,,"Estadio Olï¿½mpico Universitario, Mexico City",70000,Carlos Esposito,Enzo Bearzot,Henri Michel,Gaetano Scirea,Michel Platini,
1986,Mexico,Round of 16,Knockout,1986-06-17,Morocco,West Germany,0.0,1.0,1.0,-1.0,Away Win,West Germany,,,,,"Estadio Universitario, Monterrey",19800,Zoran Petrovic,Jose Faria,Franz Beckenbauer,Ezzaki Badou,Karl-Heinz Rummenigge,
1986,Mexico,Round of 16,Knockout,1986-06-16,Brazil,Poland,4.0,0.0,4.0,4.0,Home Win,Brazil,,,,,"Jalisco, Guadalajara",45000,Volker Roth,Tele Santana,Antoni Piechniczek,Edinho,Zbigniew Boniek,
1986,Mexico,Round of 16,Knockout,1986-06-16,Argentina,Uruguay,1.0,0.0,1.0,1.0,Home Win,Argentina,,,,,"Cuauhtemoc, Puebla",26000,Luigi Agnolin,Carlos Bilardo,Omar Borras,Diego Maradona,Jorge Barrios,
1986,Mexico,Round of 16,Knockout,1986-06-15,Mexico,Bulgaria,2.0,0.0,2.0,2.0,Home Win,Mexico,,,,,"Estadio Azteca, Mexico City",114580,Romualdo Arppi Filho,Bora Milutinovic,Ivan Vutsov,Tomás Boy,Georgi Dimitrov,
1986,Mexico,Round of 16,Knockout,1986-06-15,Soviet Union,Belgium,3.0,4.0,7.0,-1.0,Away Win,Belgium,,,,,"Nou Camp - Estadio Leï¿½n, Leon",32277,Erik Fredriksson,Valeriy Lobanovskyi,Guy Thys,Anatoliy Demyanenko,Jan Ceulemans,Required Extra Time
1986,Mexico,Group stage,Group Stage,1986-06-13,Scotland,Uruguay,0.0,0.0,0.0,0.0,Draw,Draw,,,,,"Neza, Nezahualcoyotl",20000,Joel Quiniou,Alex Ferguson,Omar Borras,Willie Miller,Jorge Barrios,
1986,Mexico,Group stage,Group Stage,1986-06-13,Denmark,West Germany,2.0,0.0,2.0,2.0,Home Win,Denmark,,,,,"Estadio Corregidora, Queretaro",36000,Alexis Ponnet,Sepp Piontek,Franz Beckenbauer,Morten Olsen,Harald Schumacher,
1986,Mexico,Group stage,Group Stage,1986-06-12,Algeria,Spain,0.0,3.0,3.0,-3.0,Away Win,Spain,,,,,"Tecnologico, Monterrey",23980,Shizuo Takada,Rabah Saadane,Miguel Munoz,Mahmoud Guendouz,José Antonio Camacho,
1986,Mexico,Group stage,Group Stage,1986-06-12,Northern Ireland,Brazil,0.0,3.0,3.0,-3.0,Away Win,Brazil,,,,,"Jalisco, Guadalajara",51000,Siegfried Kirschen,Billy Bingham,Tele Santana,Sammy McIlroy,Edinho,
1986,Mexico,Group stage,Group Stage,1986-06-11,Paraguay,Belgium,2.0,2.0,4.0,0.0,Draw,Draw,,,,,"Bombonera - Estadio Nemesio Diez, Toluca",16000,Bogdan Dotchev,Cayetano Re,Guy Thys,Rogelio Delgado,Jan Ceulemans,
1986,Mexico,Group stage,Group Stage,1986-06-11,Iraq,Mexico,0.0,1.0,1.0,-1.0,Away Win,Mexico,,,,,"Estadio Azteca, Mexico City",103763,Zoran Petrovic,Evaristo,Bora Milutinovic,Khalil Allawi,Tomás Boy,
1986,Mexico,Group stage,Group Stage,1986-06-11,England,Poland,3.0,0.0,3.0,3.0,Home Win,England,,,,,"Tecnologico, Monterrey",22700,Andre Daina,Bobby Robson,Antoni Piechniczek,Peter Shilton,Zbigniew Boniek,
1986,Mexico,Group stage,Group Stage,1986-06-11,Portugal,Morocco,1.0,3.0,4.0,-2.0,Away Win,Morocco,,,,,"Tres de Marzo, Guadalajara",28000,Alan Snoddy,Jose Torres,Jose Faria,Fernando Gomes,Ezzaki Badou,
1986,Mexico,Group stage,Group Stage,1986-06-10,Argentina,Bulgaria,2.0,0.0,2.0,2.0,Home Win,Argentina,,,,,"Estadio Olï¿½mpico Universitario, Mexico City",65000,Berny Ulloa Morera,Carlos Bilardo,Ivan Vutsov,Diego Maradona,Georgi Dimitrov,
1986,Mexico,Group stage,Group Stage,1986-06-10,Korea Republic,Italy,2.0,3.0,5.0,-1.0,Away Win,Italy,,,,,"Cuauhtemoc, Puebla",20000,David Socha,Jung Nam Kim,Enzo Bearzot,Park Chang-sun,Gaetano Scirea,
1986,Mexico,Group stage,Group Stage,1986-06-09,Soviet Union,Canada,2.0,0.0,2.0,2.0,Home Win,Soviet Union,,,,,"Estadio Irapuato, Irapuato",14200,Idrissa Traore,Valeriy Lobanovskyi,Tony Waiters,Oleh Blokhin,Bruce Wilson,
1986,Mexico,Group stage,Group Stage,1986-06-09,Hungary,France,0.0,3.0,3.0,-3.0,Away Win,France,,,,,"Nou Camp - Estadio Leï¿½n, Leon",31420,Carlos Alberto Silva Valente,Gyorgy Mezey,Henri Michel,Imre Garaba,Michel Platini,
1986,Mexico,Group stage,Group Stage,1986-06-08,West Germany,Scotland,2.0,1.0,3.0,1.0,Home Win,West Germany,,,,,"Estadio Corregidora, Queretaro",30000,Ioan Igna,Franz Beckenbauer,Alex Ferguson,Harald Schumacher,Graeme Souness,
1986,Mexico,Group stage,Group Stage,1986-06-08,Iraq,Belgium,1.0,2.0,3.0,-1.0,Away Win,Belgium,,,,,"Bombonera - Estadio Nemesio Diez, Toluca",20000,Jesus Diaz Palacio,Evaristo,Guy Thys,Raad Hammoudi,Jan Ceulemans,
1986,Mexico,Group stage,Group Stage,1986-06-08,Denmark,Uruguay,6.0,1.0,7.0,5.0,Home Win,Denmark,,,,,"Neza, Nezahualcoyotl",26500,Antonio Marquez Ramirez,Sepp Piontek,Omar Borras,Morten Olsen,Eduardo Acevedo,
1986,Mexico,Group stage,Group Stage,1986-06-07,Mexico,Paraguay,1.0,1.0,2.0,0.0,Draw,Draw,,,,,"Estadio Azteca, Mexico City",114600,George Courtney,Bora Milutinovic,Cayetano Re,Tomás Boy,Rogelio Delgado,
1986,Mexico,Group stage,Group Stage,1986-06-07,Northern Ireland,Spain,1.0,2.0,3.0,-1.0,Away Win,Spain,,,,,"Tres de Marzo, Guadalajara",28000,Horst Brummeier,Billy Bingham,Miguel Munoz,Sammy McIlroy,José Antonio Camacho,
1986,Mexico,Group stage,Group Stage,1986-06-07,Poland,Portugal,1.0,0.0,1.0,1.0,Home Win,Poland,,,,,"Estadio Universitario, Monterrey",19915,Ali Bennaceur,Antoni Piechniczek,Jose Torres,Zbigniew Boniek,Fernando Gomes,
1986,Mexico,Group stage,Group Stage,1986-06-06,Brazil,Algeria,1.0,0.0,1.0,1.0,Home Win,Brazil,,,,,"Jalisco, Guadalajara",48000,Romulo Mendez Molina,Tele Santana,Rabah Saadane,Edinho,Mahmoud Guendouz,
1986,Mexico,Group stage,Group Stage,1986-06-06,Hungary,Canada,2.0,0.0,2.0,2.0,Home Win,Hungary,,,,,"Estadio Irapuato, Irapuato",13800,Jamal Al Sharif,Gyorgy Mezey,Tony Waiters,Antal Nagy,Bruce Wilson,
1986,Mexico,Group stage,Group Stage,1986-06-06,England,Morocco,0.0,0.0,0.0,0.0,Draw,Draw,,,,,"Tecnologico, Monterrey",20200,Gabriel Gonzalez Roa,Bobby Robson,Jose Faria,Bryan Robson,Ezzaki Badou,
1986,Mexico,Group stage,Group Stage,1986-06-05,Italy,Argentina,1.0,1.0,2.0,0.0,Draw,Draw,,,,,"Cuauhtemoc, Puebla",32000,Jan Keizer,Enzo Bearzot,Carlos Bilardo,Gaetano Scirea,Diego Maradona,
1986,Mexico,Group stage,Group Stage,1986-06-05,France,Soviet Union,1.0,1.0,2.0,0.0,Draw,Draw,,,,,"Nou Camp - Estadio Leï¿½n, Leon",36540,Romualdo Arppi Filho,Henri Michel,Valeriy Lobanovskyi,Michel Platini,Anatoliy Demyanenko,
1986,Mexico,Group stage,Group Stage,1986-06-05,Korea Republic,Bulgaria,1.0,1.0,2.0,0.0,Draw,Draw,,,,,"Estadio Olï¿½mpico Universitario, Mexico City",45000,Fallaj Khuzam Al Shanar,Jung Nam Kim,Ivan Vutsov,Park Chang-sun,Georgi Dimitrov,
1986,Mexico,Group stage,Group Stage,1986-06-04,Paraguay,Iraq,1.0,0.0,1.0,1.0,Home Win,Paraguay,,,,,"Bombonera - Estadio Nemesio Diez, Toluca",24000,Edwin Picon-Ackong,Cayetano Re,Evaristo,Rogelio Delgado,Raad Hammoudi,
1986,Mexico,Group stage,Group Stage,1986-06-04,Uruguay,West Germany,1.0,1.0,2.0,0.0,Draw,Draw,,,,,"Estadio Corregidora, Queretaro",30500,Vojtech Christov,Omar Borras,Franz Beckenbauer,Jorge Barrios,Harald Schumacher,
1986,Mexico,Group stage,Group Stage,1986-06-04,Scotland,Denmark,0.0,1.0,1.0,-1.0,Away Win,Denmark,,,,,"Neza, Nezahualcoyotl",18000,Lajos Nemeth,Alex Ferguson,Sepp Piontek,Graeme Souness,Morten Olsen,
1986,Mexico,Group stage,Group Stage,1986-06-03,Belgium,Mexico,1.0,2.0,3.0,-1.0,Away Win,Mexico,,,,,"Estadio Azteca, Mexico City",110000,Carlos Esposito,Guy Thys,Bora Milutinovic,Jan Ceulemans,Tomás Boy,
1986,Mexico,Group stage,Group Stage,1986-06-03,Algeria,Northern Ireland,1.0,1.0,2.0,0.0,Draw,Draw,,,,,"Tres de Marzo, Guadalajara",22000,Valeri Butenko,Rabah Saadane,Billy Bingham,Mahmoud Guendouz,Sammy McIlroy,
1986,Mexico,Group stage,Group Stage,1986-06-03,Portugal,England,1.0,0.0,1.0,1.0,Home Win,Portugal,,,,,"Tecnologico, Monterrey",23000,Volker Roth,Jose Torres,Bobby Robson,Manuel Bento,Bryan Robson,
1986,Mexico,Group stage,Group Stage,1986-06-02,Soviet Union,Hungary,6.0,0.0,6.0,6.0,Home Win,Soviet Union,,,,,"Estadio Irapuato, Irapuato",16500,Luigi Agnolin,Valeriy Lobanovskyi,Gyorgy Mezey,Anatoliy Demyanenko,Antal Nagy,
1986,Mexico,Group stage,Group Stage,1986-06-02,Argentina,Korea Republic,3.0,1.0,4.0,2.0,Home Win,Argentina,,,,,"Estadio Olï¿½mpico Universitario, Mexico City",60000,Victoriano Sanchez Arminio,Carlos Bilardo,Jung Nam Kim,Diego Maradona,Park Chang-sun,
1986,Mexico,Group stage,Group Stage,1986-06-02,Morocco,Poland,0.0,0.0,0.0,0.0,Draw,Draw,,,,,"Estadio Universitario, Monterrey",19900,Jose Luis Martinez Bazan,Jose Faria,Antoni Piechniczek,Ezzaki Badou,Zbigniew Boniek,
1986,Mexico,Group stage,Group Stage,1986-06-01,Spain,Brazil,0.0,1.0,1.0,-1.0,Away Win,Brazil,,,,,"Jalisco, Guadalajara",35748,Christopher Bambridge,Miguel Munoz,Tele Santana,José Antonio Camacho,Edinho,
1986,Mexico,Group stage,Group Stage,1986-06-01,Canada,France,0.0,1.0,1.0,-1.0,Away Win,France,,,,,"Nou Camp - Estadio Leï¿½n, Leon",65500,Hernan Silva Arce,Tony Waiters,Henri Michel,Bruce Wilson,Michel Platini,
1986,Mexico,Group stage,Group Stage,1986-05-31,Bulgaria,Italy,1.0,1.0,2.0,0.0,Draw,Draw,,,,,"Estadio Azteca, Mexico City",96000,Erik Fredriksson,Ivan Vutsov,Enzo Bearzot,Georgi Dimitrov,Gaetano Scirea,
1982,Spain,Final,Knockout,1982-07-11,Italy,West Germany,3.0,1.0,4.0,2.0,Home Win,Italy,,,,,"Santiago Bernabeu, Madrid",90000,Arnaldo Coelho,Enzo Bearzot,Jupp Derwall,Dino Zoff,Karl-Heinz Rummenigge,
1982,Spain,Third-place match,Knockout,1982-07-10,Poland,France,3.0,2.0,5.0,1.0,Home Win,Poland,,,,,"Jose Rico Perez, Alicante",28000,Antonio Garrido,Antoni Piechniczek,Michel Hidalgo,Władysław Żmuda,Marius Trésor,
1982,Spain,Semi-finals,Knockout,1982-07-08,Poland,Italy,0.0,2.0,2.0,-2.0,Away Win,Italy,,,,,"Camp Nou, Barcelona",50000,Juan Cardellino De San Vicente,Antoni Piechniczek,Enzo Bearzot,Władysław Żmuda,Dino Zoff,
1982,Spain,Semi-finals,Knockout,1982-07-08,West Germany,France,3.0,3.0,6.0,0.0,Home Win (pens),West Germany,,,5.0,4.0,"Ramon Sanchez Pizjuan, Seville",70000,Charles Corver,Jupp Derwall,Michel Hidalgo,Manfred Kaltz,Michel Platini,West Germany won on penalty kicks following extra time
1982,Spain,Second group stage,Group Stage,1982-07-05,Italy,Brazil,3.0,2.0,5.0,1.0,Home Win,Italy,,,,,"Sarria, Barcelona",44000,Abraham Klein,Enzo Bearzot,Tele Santana,Dino Zoff,Sócrates,
1982,Spain,Second group stage,Group Stage,1982-07-05,Spain,England,0.0,0.0,0.0,0.0,Draw,Draw,,,,,"Santiago Bernabeu, Madrid",75000,Alexis Ponnet,Jose Santamaria,Ron Greenwood,Luis Arconada,Mick Mills,
1982,Spain,Second group stage,Group Stage,1982-07-04,France,Northern Ireland,4.0,1.0,5.0,3.0,Home Win,France,,,,,"Vicente Calderon, Madrid",37000,Alojzy Jarguz,Michel Hidalgo,Billy Bingham,Michel Platini,Martin O'Neill,
1982,Spain,Second group stage,Group Stage,1982-07-04,Poland,Soviet Union,0.0,0.0,0.0,0.0,Draw,Draw,,,,,"Camp Nou, Barcelona",65000,Robert Valentine,Antoni Piechniczek,Konstantin Beskov,Władysław Żmuda,Aleksandre Chivadze,
1982,Spain,Second group stage,Group Stage,1982-07-02,Argentina,Brazil,1.0,3.0,4.0,-2.0,Away Win,Brazil,,,,,"Sarria, Barcelona",44000,Mario Rubio Vazquez,Cesar Luis Menotti,Tele Santana,Daniel Passarella,Sócrates,
1982,Spain,Second group stage,Group Stage,1982-07-02,West Germany,Spain,2.0,1.0,3.0,1.0,Home Win,West Germany,,,,,"Santiago Bernabeu, Madrid",90089,Paolo Casarin,Jupp Derwall,Jose Santamaria,Karl-Heinz Rummenigge,Luis Arconada,
1982,Spain,Second group stage,Group Stage,1982-07-01,Austria,Northern Ireland,2.0,2.0,4.0,0.0,Draw,Draw,,,,,"Vicente Calderon, Madrid",20000,Adolf Prokop,Georg Schmidt,Billy Bingham,Erich Obermayer,Martin O'Neill,
1982,Spain,Second group stage,Group Stage,1982-07-01,Belgium,Soviet Union,0.0,1.0,1.0,-1.0,Away Win,Soviet Union,,,,,"Camp Nou, Barcelona",45000,Michel Vautrot,Guy Thys,Konstantin Beskov,Walter Meeuws,Aleksandre Chivadze,
1982,Spain,Second group stage,Group Stage,1982-06-29,Italy,Argentina,2.0,1.0,3.0,1.0,Home Win,Italy,,,,,"Sarria, Barcelona",43000,Nicolae Rainea,Enzo Bearzot,Cesar Luis Menotti,Dino Zoff,Daniel Passarella,
1982,Spain,Second group stage,Group Stage,1982-06-29,West Germany,England,0.0,0.0,0.0,0.0,Draw,Draw,,,,,"Santiago Bernabeu, Madrid",75000,Arnaldo Coelho,Jupp Derwall,Ron Greenwood,Karl-Heinz Rummenigge,Mick Mills,
1982,Spain,Second group stage,Group Stage,1982-06-28,Austria,France,0.0,1.0,1.0,-1.0,Away Win,France,,,,,"Vicente Calderon, Madrid",37000,Karoly Palotai,Georg Schmidt,Michel Hidalgo,Erich Obermayer,Marius Trésor,
1982,Spain,Second group stage,Group Stage,1982-06-28,Poland,Belgium,3.0,0.0,3.0,3.0,Home Win,Poland,,,,,"Camp Nou, Barcelona",65000,Jesus Paulino Siles,Antoni Piechniczek,Guy Thys,Władysław Żmuda,Walter Meeuws,
1982,Spain,First group stage,Group Stage,1982-06-25,England,Kuwait,1.0,0.0,1.0,1.0,Home Win,England,,,,,"San Mames, Bilbao",39700,Gilberto Aristizabal Murcia,Ron Greenwood,Carlos Alberto Parreira,Mick Mills,Saad Al-Houti,
1982,Spain,First group stage,Group Stage,1982-06-25,West Germany,Austria,1.0,0.0,1.0,1.0,Home Win,West Germany,,,,,"El Molinon, Gijon",41000,Robert Valentine,Jupp Derwall,Georg Schmidt,Karl-Heinz Rummenigge,Erich Obermayer,
1982,Spain,First group stage,Group Stage,1982-06-25,Northern Ireland,Spain,1.0,0.0,1.0,1.0,Home Win,Northern Ireland,,,,,"Luis Casanova, Valencia",49562,Hector Ortiz,Billy Bingham,Jose Santamaria,Martin O'Neill,Luis Arconada,
1982,Spain,First group stage,Group Stage,1982-06-24,France,Czechoslovakia,1.0,1.0,2.0,0.0,Draw,Draw,,,,,"Jose Zorrilla, Valladolid",28000,Paolo Casarin,Michel Hidalgo,Jozef Venglos,Michel Platini,Zdeněk Nehoda,
1982,Spain,First group stage,Group Stage,1982-06-24,Algeria,Chile,3.0,2.0,5.0,1.0,Home Win,Algeria,,,,,"Carlos Tartiere, Oviedo",16000,Romulo Mendez Molina,Rachid Mekhloufi,Luis Alberto Santibanez,Ali Fergani,Elías Figueroa,
1982,Spain,First group stage,Group Stage,1982-06-24,Honduras,Yugoslavia,0.0,1.0,1.0,-1.0,Away Win,Yugoslavia,,,,,"La Romareda, Zaragoza",25000,Gaston Castro,Jose De La Paz,Miljan Miljanic,Ramón Maradiaga,Ivica Šurjak,
1982,Spain,First group stage,Group Stage,1982-06-23,Italy,Cameroon,1.0,1.0,2.0,0.0,Draw,Draw,,,,,"Estadio Municipal de Balaï¿½dos, Vigo",20000,Bogdan Dotchev,Enzo Bearzot,Jean Vincent,Dino Zoff,Thomas N'Kono,
1982,Spain,First group stage,Group Stage,1982-06-23,Argentina,El Salvador,2.0,0.0,2.0,2.0,Home Win,Argentina,,,,,"Jose Rico Perez, Alicante",32500,Luis Barrancos,Cesar Luis Menotti,Mauricio Rodriguez,Daniel Passarella,Norberto Huezo,
1982,Spain,First group stage,Group Stage,1982-06-23,Brazil,New Zealand,4.0,0.0,4.0,4.0,Home Win,Brazil,,,,,"Benito Villamarin, Seville",43000,Damir Matovinovic,Tele Santana,John Adshead,Sócrates,Steve Sumner,
1982,Spain,First group stage,Group Stage,1982-06-22,Poland,Peru,5.0,1.0,6.0,4.0,Home Win,Poland,,,,,"Riazor, La Coruï¿½A",25000,Mario Rubio Vazquez,Antoni Piechniczek,Tim,Władysław Żmuda,Rubén Toribio Díaz,
1982,Spain,First group stage,Group Stage,1982-06-22,Belgium,Hungary,1.0,1.0,2.0,0.0,Draw,Draw,,,,,"Nuevo Estadio, Elche",37000,Clive White,Guy Thys,Kalman Meszoly,Eric Gerets,Tibor Nyilasi,
1982,Spain,First group stage,Group Stage,1982-06-22,Soviet Union,Scotland,2.0,2.0,4.0,0.0,Draw,Draw,,,,,"La Rosaleda, Malaga",45000,Nicolae Rainea,Konstantin Beskov,Jock Stein,Aleksandre Chivadze,Graeme Souness,
1982,Spain,First group stage,Group Stage,1982-06-21,Algeria,Austria,0.0,2.0,2.0,-2.0,Away Win,Austria,,,,,"Carlos Tartiere, Oviedo",22000,Tony Boskovic,Rachid Mekhloufi,Georg Schmidt,Ali Fergani,Erich Obermayer,
1982,Spain,First group stage,Group Stage,1982-06-21,France,Kuwait,4.0,1.0,5.0,3.0,Home Win,France,,,,,"Jose Zorrilla, Valladolid",30043,Miroslav Stupar,Michel Hidalgo,Carlos Alberto Parreira,Michel Platini,Saad Al-Houti,
1982,Spain,First group stage,Group Stage,1982-06-21,Honduras,Northern Ireland,1.0,1.0,2.0,0.0,Draw,Draw,,,,,"La Romareda, Zaragoza",15000,Thomson Tam Sun Chan,Jose De La Paz,Billy Bingham,Ramón Maradiaga,Martin O'Neill,
1982,Spain,First group stage,Group Stage,1982-06-20,West Germany,Chile,4.0,1.0,5.0,3.0,Home Win,West Germany,,,,,"El Molinon, Gijon",42000,Bruno Galler,Jupp Derwall,Luis Alberto Santibanez,Karl-Heinz Rummenigge,Elías Figueroa,
1982,Spain,First group stage,Group Stage,1982-06-20,England,Czechoslovakia,2.0,0.0,2.0,2.0,Home Win,England,,,,,"San Mames, Bilbao",41123,Charles Corver,Ron Greenwood,Jozef Venglos,Mick Mills,Zdeněk Nehoda,
1982,Spain,First group stage,Group Stage,1982-06-20,Spain,Yugoslavia,2.0,1.0,3.0,1.0,Home Win,Spain,,,,,"Luis Casanova, Valencia",48000,Henning Lund-Sorensen,Jose Santamaria,Miljan Miljanic,Luis Arconada,Ivica Šurjak,
1982,Spain,First group stage,Group Stage,1982-06-19,Poland,Cameroon,0.0,0.0,0.0,0.0,Draw,Draw,,,,,"Riazor, La Coruï¿½A",19000,Alexis Ponnet,Antoni Piechniczek,Jean Vincent,Władysław Żmuda,Thomas N'Kono,
1982,Spain,First group stage,Group Stage,1982-06-19,Soviet Union,New Zealand,3.0,0.0,3.0,3.0,Home Win,Soviet Union,,,,,"La Rosaleda, Malaga",19000,Yusef Mohamed El Ghoul,Konstantin Beskov,John Adshead,Aleksandre Chivadze,Steve Sumner,
1982,Spain,First group stage,Group Stage,1982-06-19,Belgium,El Salvador,1.0,0.0,1.0,1.0,Home Win,Belgium,,,,,"Nuevo Estadio, Elche",15000,Malcolm Moffatt,Guy Thys,Mauricio Rodriguez,Eric Gerets,Norberto Huezo,
1982,Spain,First group stage,Group Stage,1982-06-18,Italy,Peru,1.0,1.0,2.0,0.0,Draw,Draw,,,,,"Estadio Municipal de Balaï¿½dos, Vigo",25000,Walter Eschweiler,Enzo Bearzot,Tim,Dino Zoff,Rubén Toribio Díaz,
1982,Spain,First group stage,Group Stage,1982-06-18,Brazil,Scotland,4.0,1.0,5.0,3.0,Home Win,Brazil,,,,,"Benito Villamarin, Seville",47379,Jesus Paulino Siles,Tele Santana,Jock Stein,Sócrates,Graeme Souness,
1982,Spain,First group stage,Group Stage,1982-06-18,Argentina,Hungary,4.0,1.0,5.0,3.0,Home Win,Argentina,,,,,"Jose Rico Perez, Alicante",32093,Belaid Lacarne,Cesar Luis Menotti,Kalman Meszoly,Daniel Passarella,Tibor Nyilasi,
1982,Spain,First group stage,Group Stage,1982-06-17,Chile,Austria,0.0,1.0,1.0,-1.0,Away Win,Austria,,,,,"Carlos Tartiere, Oviedo",22500,Juan Cardellino De San Vicente,Luis Alberto Santibanez,Georg Schmidt,Elías Figueroa,Erich Obermayer,
1982,Spain,First group stage,Group Stage,1982-06-17,Czechoslovakia,Kuwait,1.0,1.0,2.0,0.0,Draw,Draw,,,,,"Jose Zorrilla, Valladolid",25000,Benjamin Dwomoh,Jozef Venglos,Carlos Alberto Parreira,Zdeněk Nehoda,Saad Al-Houti,
1982,Spain,First group stage,Group Stage,1982-06-17,Yugoslavia,Northern Ireland,0.0,0.0,0.0,0.0,Draw,Draw,,,,,"La Romareda, Zaragoza",25000,Erik Fredriksson,Miljan Miljanic,Billy Bingham,Ivica Šurjak,Martin O'Neill,
1982,Spain,First group stage,Group Stage,1982-06-16,England,France,3.0,1.0,4.0,2.0,Home Win,England,,,,,"San Mames, Bilbao",44172,Antonio Garrido,Ron Greenwood,Michel Hidalgo,Mick Mills,Michel Platini,
1982,Spain,First group stage,Group Stage,1982-06-16,West Germany,Algeria,1.0,2.0,3.0,-1.0,Away Win,Algeria,,,,,"El Molinon, Gijon",42000,Enrique Labo Revoredo,Jupp Derwall,Rachid Mekhloufi,Karl-Heinz Rummenigge,Ali Fergani,
1982,Spain,First group stage,Group Stage,1982-06-16,Spain,Honduras,1.0,1.0,2.0,0.0,Draw,Draw,,,,,"Luis Casanova, Valencia",49562,Arturo Andres Ithurralde,Jose Santamaria,Jose De La Paz,Luis Arconada,Ramón Maradiaga,
1982,Spain,First group stage,Group Stage,1982-06-15,Peru,Cameroon,0.0,0.0,0.0,0.0,Draw,Draw,,,,,"Riazor, La Coruï¿½A",11000,Franz Woehrer,Tim,Jean Vincent,Rubén Toribio Díaz,Thomas N'Kono,
1982,Spain,First group stage,Group Stage,1982-06-15,Hungary,El Salvador,10.0,1.0,11.0,9.0,Home Win,Hungary,,,,,"Nuevo Estadio, Elche",23000,Ebrahim Al Doy,Kalman Meszoly,Mauricio Rodriguez,Tibor Nyilasi,Norberto Huezo,
1982,Spain,First group stage,Group Stage,1982-06-15,Scotland,New Zealand,5.0,2.0,7.0,3.0,Home Win,Scotland,,,,,"La Rosaleda, Malaga",36000,David Socha,Jock Stein,John Adshead,Danny McGrain,Steve Sumner,
1982,Spain,First group stage,Group Stage,1982-06-14,Italy,Poland,0.0,0.0,0.0,0.0,Draw,Draw,,,,,"Estadio Municipal de Balaï¿½dos, Vigo",33000,Michel Vautrot,Enzo Bearzot,Antoni Piechniczek,Dino Zoff,Władysław Żmuda,
1982,Spain,First group stage,Group Stage,1982-06-14,Brazil,Soviet Union,2.0,1.0,3.0,1.0,Home Win,Brazil,,,,,"Ramon Sanchez Pizjuan, Seville",68000,Augusto Lamo Castillo,Tele Santana,Konstantin Beskov,Sócrates,Aleksandre Chivadze,
1982,Spain,First group stage,Group Stage,1982-06-13,Argentina,Belgium,0.0,1.0,1.0,-1.0,Away Win,Belgium,,,,,"Camp Nou, Barcelona",95000,Vojtech Christov,Cesar Luis Menotti,Guy Thys,Daniel Passarella,Eric Gerets,
1978,Argentina,Final,Knockout,1978-06-25,Argentina,Netherlands,3.0,1.0,4.0,2.0,Home Win,Argentina,,,,,"El Monumental - Estadio Monumental Antonio Vespuci, Buenos Aires",71483,Sergio Gonella,Cesar Luis Menotti,Ernst Happel,Daniel Passarella,Ruud Krol,Required Extra Time
1978,Argentina,Third-place match,Knockout,1978-06-24,Brazil,Italy,2.0,1.0,3.0,1.0,Home Win,Brazil,,,,,"El Monumental - Estadio Monumental Antonio Vespuci, Buenos Aires",69659,Abraham Klein,Claudio Coutinho,Enzo Bearzot,Émerson Leão,Dino Zoff,
1978,Argentina,Second round,Knockout,1978-06-21,Netherlands,Italy,2.0,1.0,3.0,1.0,Home Win,Netherlands,,,,,"El Monumental - Estadio Monumental Antonio Vespuci, Buenos Aires",67433,Angel Martinez,Ernst Happel,Enzo Bearzot,Ruud Krol,Dino Zoff,
1978,Argentina,Second round,Knockout,1978-06-21,Austria,West Germany,3.0,2.0,5.0,1.0,Home Win,Austria,,,,,"Estadio Olï¿½mpico Chateau Carreras, Cordoba",38318,Abraham Klein,Helmut Senekowitsch,Helmut Schoen,Robert Sara,Berti Vogts,
1978,Argentina,Second round,Knockout,1978-06-21,Brazil,Poland,3.0,1.0,4.0,2.0,Home Win,Brazil,,,,,"San Martin, Mendoza",39586,Juan Silvagno Cavanna,Claudio Coutinho,Jacek Gmoch,Émerson Leão,Kazimierz Deyna,
1978,Argentina,Second round,Knockout,1978-06-21,Argentina,Peru,6.0,0.0,6.0,6.0,Home Win,Argentina,,,,,"Arroyito - Estadio Dr. Lisandro de la Torre, Rosario",37315,Robert Wurtz,Cesar Luis Menotti,Marcos Calderon,Daniel Passarella,Héctor Chumpitaz,
1978,Argentina,Second round,Knockout,1978-06-18,Poland,Peru,1.0,0.0,1.0,1.0,Home Win,Poland,,,,,"San Martin, Mendoza",35288,Pat Partridge,Jacek Gmoch,Marcos Calderon,Kazimierz Deyna,Héctor Chumpitaz,
1978,Argentina,Second round,Knockout,1978-06-18,West Germany,Netherlands,2.0,2.0,4.0,0.0,Draw,Draw,,,,,"Estadio Olï¿½mpico Chateau Carreras, Cordoba",40750,Ramon Barreto Ruiz,Helmut Schoen,Ernst Happel,Berti Vogts,Ruud Krol,
1978,Argentina,Second round,Knockout,1978-06-18,Italy,Austria,1.0,0.0,1.0,1.0,Home Win,Italy,,,,,"El Monumental - Estadio Monumental Antonio Vespuci, Buenos Aires",66695,Francis Rion,Enzo Bearzot,Helmut Senekowitsch,Dino Zoff,Robert Sara,
1978,Argentina,Second round,Knockout,1978-06-18,Argentina,Brazil,0.0,0.0,0.0,0.0,Draw,Draw,,,,,"Arroyito - Estadio Dr. Lisandro de la Torre, Rosario",37326,Karoly Palotai,Cesar Luis Menotti,Claudio Coutinho,Daniel Passarella,Émerson Leão,
1978,Argentina,Second round,Knockout,1978-06-14,Netherlands,Austria,5.0,1.0,6.0,4.0,Home Win,Netherlands,,,,,"Estadio Olï¿½mpico Chateau Carreras, Cordoba",25050,John Gordon,Ernst Happel,Helmut Senekowitsch,Ruud Krol,Robert Sara,
1978,Argentina,Second round,Knockout,1978-06-14,West Germany,Italy,0.0,0.0,0.0,0.0,Draw,Draw,,,,,"El Monumental - Estadio Monumental Antonio Vespuci, Buenos Aires",67547,Dusan Maksimovic,Helmut Schoen,Enzo Bearzot,Berti Vogts,Dino Zoff,
1978,Argentina,Second round,Knockout,1978-06-14,Brazil,Peru,3.0,0.0,3.0,3.0,Home Win,Brazil,,,,,"San Martin, Mendoza",31278,Nicolae Rainea,Claudio Coutinho,Marcos Calderon,Émerson Leão,Héctor Chumpitaz,
1978,Argentina,Second round,Knockout,1978-06-14,Argentina,Poland,2.0,0.0,2.0,2.0,Home Win,Argentina,,,,,"Arroyito - Estadio Dr. Lisandro de la Torre, Rosario",37091,Ulf Eriksson,Cesar Luis Menotti,Jacek Gmoch,Daniel Passarella,Kazimierz Deyna,
1978,Argentina,First round,Knockout,1978-06-11,Brazil,Austria,1.0,0.0,1.0,1.0,Home Win,Brazil,,,,,"Estadio Josï¿½ Marï¿½a Minella, Mar Del Plata",35221,Robert Wurtz,Claudio Coutinho,Helmut Senekowitsch,Émerson Leão,Robert Sara,
1978,Argentina,First round,Knockout,1978-06-11,Spain,Sweden,1.0,0.0,1.0,1.0,Home Win,Spain,,,,,"Jose Amalfitani, Buenos Aires",42132,Ferdinand Biwersi,Ladislao Kubala,Georg Ericson,Juan Manuel Asensi,Björn Nordqvist,
1978,Argentina,First round,Knockout,1978-06-11,Peru,IR Iran,4.0,1.0,5.0,3.0,Home Win,Peru,,,,,"Estadio Olï¿½mpico Chateau Carreras, Cordoba",21262,Alojzy Jarguz,Marcos Calderon,Heshmat Mohadjerani,Héctor Chumpitaz,Ali Parvin,
1978,Argentina,First round,Knockout,1978-06-11,Scotland,Netherlands,3.0,2.0,5.0,1.0,Home Win,Scotland,,,,,"San Martin, Mendoza",35130,Erich Linemayr,Alistair Macleod,Ernst Happel,Bruce Rioch,Ruud Krol,
1978,Argentina,First round,Knockout,1978-06-10,France,Hungary,3.0,1.0,4.0,2.0,Home Win,France,,,,,"Estadio Josï¿½ Marï¿½a Minella, Mar Del Plata",23127,Arnaldo Coelho,Michel Hidalgo,Lajos Baroti,Marius Trésor,Zoltán Kereki,
1978,Argentina,First round,Knockout,1978-06-10,Poland,Mexico,3.0,1.0,4.0,2.0,Home Win,Poland,,,,,"Arroyito - Estadio Dr. Lisandro de la Torre, Rosario",22651,Jafar Namdar,Jacek Gmoch,Jose Roca,Kazimierz Deyna,Arturo Vázquez Ayala,
1978,Argentina,First round,Knockout,1978-06-10,West Germany,Tunisia,0.0,0.0,0.0,0.0,Draw,Draw,,,,,"Estadio Olï¿½mpico Chateau Carreras, Cordoba",30667,Cesar Orozco Guerrero,Helmut Schoen,Abdelmajid Chetali,Berti Vogts,Témime Lahzami,
1978,Argentina,First round,Knockout,1978-06-10,Italy,Argentina,1.0,0.0,1.0,1.0,Home Win,Italy,,,,,"El Monumental - Estadio Monumental Antonio Vespuci, Buenos Aires",71712,Abraham Klein,Enzo Bearzot,Cesar Luis Menotti,Dino Zoff,Daniel Passarella,
1978,Argentina,First round,Knockout,1978-06-07,Austria,Sweden,1.0,0.0,1.0,1.0,Home Win,Austria,,,,,"Jose Amalfitani, Buenos Aires",41424,Charles Corver,Helmut Senekowitsch,Georg Ericson,Robert Sara,Björn Nordqvist,
1978,Argentina,First round,Knockout,1978-06-07,Brazil,Spain,0.0,0.0,0.0,0.0,Draw,Draw,,,,,"Estadio Josï¿½ Marï¿½a Minella, Mar Del Plata",34771,Sergio Gonella,Claudio Coutinho,Ladislao Kubala,Émerson Leão,Juan Manuel Asensi,
1978,Argentina,First round,Knockout,1978-06-07,Netherlands,Peru,0.0,0.0,0.0,0.0,Draw,Draw,,,,,"San Martin, Mendoza",28125,Adolf Prokop,Ernst Happel,Marcos Calderon,Ruud Krol,Héctor Chumpitaz,
1978,Argentina,First round,Knockout,1978-06-07,Scotland,IR Iran,1.0,1.0,2.0,0.0,Draw,Draw,,,,,"Estadio Olï¿½mpico Chateau Carreras, Cordoba",7938,Youssou Ndiaye,Alistair Macleod,Heshmat Mohadjerani,Archie Gemmill,Ali Parvin,
1978,Argentina,First round,Knockout,1978-06-06,Italy,Hungary,3.0,1.0,4.0,2.0,Home Win,Italy,,,,,"Estadio Josï¿½ Marï¿½a Minella, Mar Del Plata",26533,Ramon Barreto Ruiz,Enzo Bearzot,Lajos Baroti,Dino Zoff,Zoltán Kereki,
1978,Argentina,First round,Knockout,1978-06-06,West Germany,Mexico,6.0,0.0,6.0,6.0,Home Win,West Germany,,,,,"Estadio Olï¿½mpico Chateau Carreras, Cordoba",35258,Farouk Bouzo,Helmut Schoen,Jose Roca,Berti Vogts,Arturo Vázquez Ayala,
1978,Argentina,First round,Knockout,1978-06-06,Poland,Tunisia,1.0,0.0,1.0,1.0,Home Win,Poland,,,,,"Arroyito - Estadio Dr. Lisandro de la Torre, Rosario",9624,Angel Martinez,Jacek Gmoch,Abdelmajid Chetali,Kazimierz Deyna,Témime Lahzami,
1978,Argentina,First round,Knockout,1978-06-06,Argentina,France,2.0,1.0,3.0,1.0,Home Win,Argentina,,,,,"El Monumental - Estadio Monumental Antonio Vespuci, Buenos Aires",71666,Jean Dubach,Cesar Luis Menotti,Michel Hidalgo,Daniel Passarella,Marius Trésor,
1978,Argentina,First round,Knockout,1978-06-03,Sweden,Brazil,1.0,1.0,2.0,0.0,Draw,Draw,,,,,"Estadio Josï¿½ Marï¿½a Minella, Mar Del Plata",32569,Clive Thomas,Georg Ericson,Claudio Coutinho,Björn Nordqvist,Rivellino,
1978,Argentina,First round,Knockout,1978-06-03,Austria,Spain,2.0,1.0,3.0,1.0,Home Win,Austria,,,,,"Jose Amalfitani, Buenos Aires",40841,Karoly Palotai,Helmut Senekowitsch,Ladislao Kubala,Robert Sara,Pirri,
1978,Argentina,First round,Knockout,1978-06-03,Peru,Scotland,3.0,1.0,4.0,2.0,Home Win,Peru,,,,,"Estadio Olï¿½mpico Chateau Carreras, Cordoba",37927,Ulf Eriksson,Marcos Calderon,Alistair Macleod,Héctor Chumpitaz,Bruce Rioch,
1978,Argentina,First round,Knockout,1978-06-03,Netherlands,IR Iran,3.0,0.0,3.0,3.0,Home Win,Netherlands,,,,,"San Martin, Mendoza",33431,Alfonso Gonzalez Archundia,Ernst Happel,Heshmat Mohadjerani,Ruud Krol,Ali Parvin,
1978,Argentina,First round,Knockout,1978-06-02,Italy,France,2.0,1.0,3.0,1.0,Home Win,Italy,,,,,"Estadio Josï¿½ Marï¿½a Minella, Mar Del Plata",42373,Nicolae Rainea,Enzo Bearzot,Michel Hidalgo,Dino Zoff,Marius Trésor,
1978,Argentina,First round,Knockout,1978-06-02,Tunisia,Mexico,3.0,1.0,4.0,2.0,Home Win,Tunisia,,,,,"Arroyito - Estadio Dr. Lisandro de la Torre, Rosario",17396,John Gordon,Abdelmajid Chetali,Jose Roca,Témime Lahzami,Arturo Vázquez Ayala,
1978,Argentina,First round,Knockout,1978-06-02,Argentina,Hungary,2.0,1.0,3.0,1.0,Home Win,Argentina,,,,,"El Monumental - Estadio Monumental Antonio Vespuci, Buenos Aires",71615,Antonio Garrido,Cesar Luis Menotti,Lajos Baroti,Daniel Passarella,Zoltán Kereki,
1978,Argentina,First round,Knockout,1978-06-01,West Germany,Poland,0.0,0.0,0.0,0.0,Draw,Draw,,,,,"El Monumental - Estadio Monumental Antonio Vespuci, Buenos Aires",67579,Norberto Angel Coerezza,Helmut Schoen,Jacek Gmoch,Berti Vogts,Kazimierz Deyna,
1974,Germany,Final,Knockout,1974-07-07,Netherlands,West Germany,1.0,2.0,3.0,-1.0,Away Win,West Germany,,,,,"Olympiastadion, Munich",78200,John Taylor,Rinus Michels,Helmut Schoen,Johan Cruyff,Franz Beckenbauer,
1974,Germany,Third-place match,Knockout,1974-07-06,Brazil,Poland,0.0,1.0,1.0,-1.0,Away Win,Poland,,,,,"Olympiastadion, Munich",77100,Aurelio Angonese,Mario Zagallo,Kazimierz Gorski,Marinho Peres,Kazimierz Deyna,
1974,Germany,Second round,Knockout,1974-07-03,Poland,West Germany,0.0,1.0,1.0,-1.0,Away Win,West Germany,,,,,"Waldstadion, Frankfurt/Main",62000,Erich Linemayr,Kazimierz Gorski,Helmut Schoen,Kazimierz Deyna,Franz Beckenbauer,
1974,Germany,Second round,Knockout,1974-07-03,Netherlands,Brazil,2.0,0.0,2.0,2.0,Home Win,Netherlands,,,,,"Westfalenstadion, Dortmund",53700,Kurt Tschenscher,Rinus Michels,Mario Zagallo,Johan Cruyff,Marinho Peres,
1974,Germany,Second round,Knockout,1974-07-03,Argentina,Germany DR,1.0,1.0,2.0,0.0,Draw,Draw,,,,,"Parkstadion, Gelsenkirchen",54254,John Taylor,Vladislao Cap,Georg Buschner,Enrique Wolff,Bernd Bransch,
1974,Germany,Second round,Knockout,1974-07-03,Sweden,Yugoslavia,2.0,1.0,3.0,1.0,Home Win,Sweden,,,,,"Rheinstadion, Dï¿½Sseldorf",41300,Luis Pestarino,Georg Ericson,Miljan Miljanic,Björn Nordqvist,Dragan Džajić,
1974,Germany,Second round,Knockout,1974-06-30,Poland,Yugoslavia,2.0,1.0,3.0,1.0,Home Win,Poland,,,,,"Waldstadion, Frankfurt/Main",58000,Rudolf Gloeckner,Kazimierz Gorski,Miljan Miljanic,Kazimierz Deyna,Jovan Aćimović,
1974,Germany,Second round,Knockout,1974-06-30,Argentina,Brazil,1.0,2.0,3.0,-1.0,Away Win,Brazil,,,,,"Niedersachsenstadion, Hanover",39400,Vital Loraux,Vladislao Cap,Mario Zagallo,Miguel Ángel Brindisi,Marinho Peres,
1974,Germany,Second round,Knockout,1974-06-30,Germany DR,Netherlands,0.0,2.0,2.0,-2.0,Away Win,Netherlands,,,,,"Parkstadion, Gelsenkirchen",68348,Ruedi Scheurer,Georg Buschner,Rinus Michels,Bernd Bransch,Johan Cruyff,
1974,Germany,Second round,Knockout,1974-06-30,West Germany,Sweden,4.0,2.0,6.0,2.0,Home Win,West Germany,,,,,"Rheinstadion, Dï¿½Sseldorf",67800,Pavel Kazakov,Helmut Schoen,Georg Ericson,Franz Beckenbauer,Bo Larsson,
1974,Germany,Second round,Knockout,1974-06-26,Yugoslavia,West Germany,0.0,2.0,2.0,-2.0,Away Win,West Germany,,,,,"Rheinstadion, Dï¿½Sseldorf",67385,Armando Marques,Miljan Miljanic,Helmut Schoen,Dragan Džajić,Franz Beckenbauer,
1974,Germany,Second round,Knockout,1974-06-26,Brazil,Germany DR,1.0,0.0,1.0,1.0,Home Win,Brazil,,,,,"Niedersachsenstadion, Hanover",59863,Clive Thomas,Mario Zagallo,Georg Buschner,Marinho Peres,Bernd Bransch,
1974,Germany,Second round,Knockout,1974-06-26,Sweden,Poland,0.0,1.0,1.0,-1.0,Away Win,Poland,,,,,"Neckarstadion, Stuttgart",44955,Ramon Barreto Ruiz,Georg Ericson,Kazimierz Gorski,Bo Larsson,Kazimierz Deyna,
1974,Germany,Second round,Knockout,1974-06-26,Netherlands,Argentina,4.0,0.0,4.0,4.0,Home Win,Netherlands,,,,,"Parkstadion, Gelsenkirchen",56548,Bob Davidson,Rinus Michels,Vladislao Cap,Johan Cruyff,Roberto Perfumo,
1974,Germany,First round,Knockout,1974-06-23,Bulgaria,Netherlands,1.0,4.0,5.0,-3.0,Away Win,Netherlands,,,,,"Westfalenstadion, Dortmund",53300,Tony Boskovic,Hristo Mladenov,Rinus Michels,Hristo Bonev,Johan Cruyff,
1974,Germany,First round,Knockout,1974-06-23,Poland,Italy,2.0,1.0,3.0,1.0,Home Win,Poland,,,,,"Neckarstadion, Stuttgart",70100,Hans Joachim Weyland,Kazimierz Gorski,Ferruccio Valcareggi,Kazimierz Deyna,Giacinto Facchetti,
1974,Germany,First round,Knockout,1974-06-23,Sweden,Uruguay,3.0,0.0,3.0,3.0,Home Win,Sweden,,,,,"Rheinstadion, Dï¿½Sseldorf",28300,Erich Linemayr,Georg Ericson,Roberto Porta,Bo Larsson,Ladislao Mazurkiewicz,
1974,Germany,First round,Knockout,1974-06-23,Argentina,Haiti,4.0,1.0,5.0,3.0,Home Win,Argentina,,,,,"Olympiastadion, Munich",25900,Pablo Sanchez Ibanez,Vladislao Cap,Antoine Tassy,Roberto Perfumo,Wilner Nazaire,
1974,Germany,First round,Knockout,1974-06-22,Scotland,Yugoslavia,1.0,1.0,2.0,0.0,Draw,Draw,,,,,"Waldstadion, Frankfurt/Main",56000,Alfonso Gonzalez Archundia,Willie Ormond,Miljan Miljanic,Billy Bremner,Dragan Džajić,
1974,Germany,First round,Knockout,1974-06-22,Australia,Chile,0.0,0.0,0.0,0.0,Draw,Draw,,,,,"Olympiastadion, Berlin West",17400,Jafar Namdar,Rale Rasic,Luis Alamos,Peter Wilson,Francisco Valdés,
1974,Germany,First round,Knockout,1974-06-22,Zaire,Brazil,0.0,3.0,3.0,-3.0,Away Win,Brazil,,,,,"Parkstadion, Gelsenkirchen",36200,Nicolae Rainea,Blagoje Vidinic,Mario Zagallo,Kidumu Mantantu,Wilson da Silva Piazza,
1974,Germany,First round,Knockout,1974-06-22,Germany DR,West Germany,1.0,0.0,1.0,1.0,Home Win,Germany DR,,,,,"Volksparkstadion, Hamburg",60200,Ramon Barreto Ruiz,Georg Buschner,Helmut Schoen,Bernd Bransch,Franz Beckenbauer,
1974,Germany,First round,Knockout,1974-06-19,Haiti,Poland,0.0,7.0,7.0,-7.0,Away Win,Poland,,,,,"Olympiastadion, Munich",25300,George Suppiah,Antoine Tassy,Kazimierz Gorski,Wilner Nazaire,Kazimierz Deyna,
1974,Germany,First round,Knockout,1974-06-19,Bulgaria,Uruguay,1.0,1.0,2.0,0.0,Draw,Draw,,,,,"Niedersachsenstadion, Hanover",13400,John Taylor,Hristo Mladenov,Roberto Porta,Hristo Bonev,Ladislao Mazurkiewicz,
1974,Germany,First round,Knockout,1974-06-19,Netherlands,Sweden,0.0,0.0,0.0,0.0,Draw,Draw,,,,,"Westfalenstadion, Dortmund",53700,Werner Winsemann,Rinus Michels,Georg Ericson,Johan Cruyff,Bo Larsson,
1974,Germany,First round,Knockout,1974-06-19,Argentina,Italy,1.0,1.0,2.0,0.0,Draw,Draw,,,,,"Neckarstadion, Stuttgart",70100,Pavel Kazakov,Vladislao Cap,Ferruccio Valcareggi,Roberto Perfumo,Giacinto Facchetti,
1974,Germany,First round,Knockout,1974-06-18,Australia,West Germany,0.0,3.0,3.0,-3.0,Away Win,West Germany,,,,,"Volksparkstadion, Hamburg",53300,Mahmoud Kamel,Rale Rasic,Helmut Schoen,Peter Wilson,Franz Beckenbauer,
1974,Germany,First round,Knockout,1974-06-18,Yugoslavia,Zaire,9.0,0.0,9.0,9.0,Home Win,Yugoslavia,,,,,"Parkstadion, Gelsenkirchen",31700,Omar Delgado,Miljan Miljanic,Blagoje Vidinic,Dragan Džajić,Kidumu Mantantu,
1974,Germany,First round,Knockout,1974-06-18,Chile,Germany DR,1.0,1.0,2.0,0.0,Draw,Draw,,,,,"Olympiastadion, Berlin West",28300,Aurelio Angonese,Luis Alamos,Georg Buschner,Francisco Valdés,Bernd Bransch,
1974,Germany,First round,Knockout,1974-06-18,Scotland,Brazil,0.0,0.0,0.0,0.0,Draw,Draw,,,,,"Waldstadion, Frankfurt/Main",62000,Arie Van Gemert,Willie Ormond,Mario Zagallo,Billy Bremner,Wilson da Silva Piazza,
1974,Germany,First round,Knockout,1974-06-15,Uruguay,Netherlands,0.0,2.0,2.0,-2.0,Away Win,Netherlands,,,,,"Niedersachsenstadion, Hanover",55100,Karoly Palotai,Roberto Porta,Rinus Michels,Juan Carlos Masnik,Johan Cruyff,
1974,Germany,First round,Knockout,1974-06-15,Sweden,Bulgaria,0.0,0.0,0.0,0.0,Draw,Draw,,,,,"Rheinstadion, Dï¿½Sseldorf",23800,Edison A. Perez Nunez,Georg Ericson,Hristo Mladenov,Bo Larsson,Hristo Bonev,
1974,Germany,First round,Knockout,1974-06-15,Italy,Haiti,3.0,1.0,4.0,2.0,Home Win,Italy,,,,,"Olympiastadion, Munich",53000,Vicente Llobregat,Ferruccio Valcareggi,Antoine Tassy,Giacinto Facchetti,Wilner Nazaire,
1974,Germany,First round,Knockout,1974-06-15,Poland,Argentina,3.0,2.0,5.0,1.0,Home Win,Poland,,,,,"Neckarstadion, Stuttgart",32700,Clive Thomas,Kazimierz Gorski,Vladislao Cap,Kazimierz Deyna,Roberto Perfumo,
1974,Germany,First round,Knockout,1974-06-14,West Germany,Chile,1.0,0.0,1.0,1.0,Home Win,West Germany,,,,,"Olympiastadion, Berlin West",81100,Dogan Babacan,Helmut Schoen,Luis Alamos,Franz Beckenbauer,Francisco Valdés,
1974,Germany,First round,Knockout,1974-06-14,Germany DR,Australia,2.0,0.0,2.0,2.0,Home Win,Germany DR,,,,,"Volksparkstadion, Hamburg",17000,Youssou Ndiaye,Georg Buschner,Rale Rasic,Bernd Bransch,Peter Wilson,
1974,Germany,First round,Knockout,1974-06-14,Zaire,Scotland,0.0,2.0,2.0,-2.0,Away Win,Scotland,,,,,"Westfalenstadion, Dortmund",27000,Gerhard Schulenburg,Blagoje Vidinic,Willie Ormond,Kidumu Mantantu,Billy Bremner,
1974,Germany,First round,Knockout,1974-06-13,Brazil,Yugoslavia,0.0,0.0,0.0,0.0,Draw,Draw,,,,,"Waldstadion, Frankfurt/Main",62000,Ruedi Scheurer,Mario Zagallo,Miljan Miljanic,Wilson da Silva Piazza,Dragan Džajić,
1970,Mexico,Final,Knockout,1970-06-21,Brazil,Italy,4.0,1.0,5.0,3.0,Home Win,Brazil,,,,,"Estadio Azteca, Mexico City",107412,Rudolf Gloeckner,Mario Zagallo,Ferruccio Valcareggi,Carlos Alberto Torres,Giacinto Facchetti,
1970,Mexico,Third-place match,Knockout,1970-06-20,West Germany,Uruguay,1.0,0.0,1.0,1.0,Home Win,West Germany,,,,,"Estadio Azteca, Mexico City",104403,Antonio Sbardella,Helmut Schoen,Juan Hohberg,Uwe Seeler,Luis Ubiña,
1970,Mexico,Semi-finals,Knockout,1970-06-17,Italy,West Germany,4.0,3.0,7.0,1.0,Home Win,Italy,,,,,"Estadio Azteca, Mexico City",102444,Arturo Yamasaki Maldonado,Ferruccio Valcareggi,Helmut Schoen,Giacinto Facchetti,Uwe Seeler,Required Extra Time
1970,Mexico,Semi-finals,Knockout,1970-06-17,Brazil,Uruguay,3.0,1.0,4.0,2.0,Home Win,Brazil,,,,,"Jalisco, Guadalajara",51261,Jose Maria Ortiz De Mendibil,Mario Zagallo,Juan Hohberg,Carlos Alberto Torres,Luis Ubiña,
1970,Mexico,Quarter-finals,Knockout,1970-06-14,Brazil,Peru,4.0,2.0,6.0,2.0,Home Win,Brazil,,,,,"Jalisco, Guadalajara",54233,Vital Loraux,Mario Zagallo,Didi,Carlos Alberto Torres,Héctor Chumpitaz,
1970,Mexico,Quarter-finals,Knockout,1970-06-14,Italy,Mexico,4.0,1.0,5.0,3.0,Home Win,Italy,,,,,"Luis Dosal, Toluca",26851,Ruedi Scheurer,Ferruccio Valcareggi,Raul Cardenas,Giacinto Facchetti,Gustavo Peña,
1970,Mexico,Quarter-finals,Knockout,1970-06-14,Uruguay,Soviet Union,1.0,0.0,1.0,1.0,Home Win,Uruguay,,,,,"Estadio Azteca, Mexico City",26085,Laurens Van Ravens,Juan Hohberg,Gavril Kachalin,Luis Ubiña,Albert Shesternyov,Required Extra Time
1970,Mexico,Quarter-finals,Knockout,1970-06-14,West Germany,England,3.0,2.0,5.0,1.0,Home Win,West Germany,,,,,"Nou Camp - Estadio Leï¿½n, Leon",23357,Norberto Angel Coerezza,Helmut Schoen,Alf Ramsey,Uwe Seeler,Bobby Moore,Required Extra Time
1970,Mexico,Group stage,Group Stage,1970-06-11,Mexico,Belgium,1.0,0.0,1.0,1.0,Home Win,Mexico,,,,,"Estadio Azteca, Mexico City",108192,Norberto Angel Coerezza,Raul Cardenas,Raymond Goethals,Gustavo Peña,Paul Van Himst,
1970,Mexico,Group stage,Group Stage,1970-06-11,Italy,Israel,0.0,0.0,0.0,0.0,Draw,Draw,,,,,"Luis Dosal, Toluca",9890,Ayrton Vieira De Moraes,Ferruccio Valcareggi,Emmanuel Sheffer,Giacinto Facchetti,Mordechai Spiegler,
1970,Mexico,Group stage,Group Stage,1970-06-11,Bulgaria,Morocco,1.0,1.0,2.0,0.0,Draw,Draw,,,,,"Nou Camp - Estadio Leï¿½n, Leon",12299,Antonio Saldanha Ribeiro,Stefan Bozhkov,Blagoje Vidinic,Aleksandar Shalamanov,Driss Bamous,
1970,Mexico,Group stage,Group Stage,1970-06-11,England,Czechoslovakia,1.0,0.0,1.0,1.0,Home Win,England,,,,,"Jalisco, Guadalajara",49292,Roger Machin,Alf Ramsey,Jozef Marko,Bobby Moore,Ivo Viktor,
1970,Mexico,Group stage,Group Stage,1970-06-10,West Germany,Peru,3.0,1.0,4.0,2.0,Home Win,West Germany,,,,,"Nou Camp - Estadio Leï¿½n, Leon",17875,Abel Aguilar Elizalde,Helmut Schoen,Didi,Uwe Seeler,Héctor Chumpitaz,
1970,Mexico,Group stage,Group Stage,1970-06-10,Brazil,Romania,3.0,2.0,5.0,1.0,Home Win,Brazil,,,,,"Jalisco, Guadalajara",50804,Ferdinand Marschall,Mario Zagallo,Angelo Niculescu,Carlos Alberto Torres,Mircea Lucescu,
1970,Mexico,Group stage,Group Stage,1970-06-10,Sweden,Uruguay,1.0,0.0,1.0,1.0,Home Win,Sweden,,,,,"Cuauhtemoc, Puebla",18163,Henry Landauer,Orvar Bergmark,Juan Hohberg,Björn Nordqvist,Luis Ubiña,
1970,Mexico,Group stage,Group Stage,1970-06-10,Soviet Union,El Salvador,2.0,0.0,2.0,2.0,Home Win,Soviet Union,,,,,"Estadio Azteca, Mexico City",89979,Rafael Hormazabal Diaz,Gavril Kachalin,Hernan Carrasco,Albert Shesternyov,Salvador Mariona,
1970,Mexico,Group stage,Group Stage,1970-06-07,Mexico,El Salvador,4.0,0.0,4.0,4.0,Home Win,Mexico,,,,,"Estadio Azteca, Mexico City",103058,Aly Hussein Kandil,Raul Cardenas,Hernan Carrasco,Gustavo Peña,Salvador Mariona,
1970,Mexico,Group stage,Group Stage,1970-06-07,Brazil,England,1.0,0.0,1.0,1.0,Home Win,Brazil,,,,,"Jalisco, Guadalajara",66843,Abraham Klein,Mario Zagallo,Alf Ramsey,Carlos Alberto Torres,Bobby Moore,
1970,Mexico,Group stage,Group Stage,1970-06-07,West Germany,Bulgaria,5.0,2.0,7.0,3.0,Home Win,West Germany,,,,,"Nou Camp - Estadio Leï¿½n, Leon",12710,Jose Maria Ortiz De Mendibil,Helmut Schoen,Stefan Bozhkov,Uwe Seeler,Boris Gaganelov,
1970,Mexico,Group stage,Group Stage,1970-06-07,Sweden,Israel,1.0,1.0,2.0,0.0,Draw,Draw,,,,,"Luis Dosal, Toluca",9624,Seyoum Tarekegn,Orvar Bergmark,Emmanuel Sheffer,Tommy Svensson,Mordechai Spiegler,
1970,Mexico,Group stage,Group Stage,1970-06-06,Romania,Czechoslovakia,2.0,1.0,3.0,1.0,Home Win,Romania,,,,,"Jalisco, Guadalajara",56818,Diego De Leo,Angelo Niculescu,Jozef Marko,Mircea Lucescu,Alexander Horváth,
1970,Mexico,Group stage,Group Stage,1970-06-06,Uruguay,Italy,0.0,0.0,0.0,0.0,Draw,Draw,,,,,"Cuauhtemoc, Puebla",29968,Rudolf Gloeckner,Juan Hohberg,Ferruccio Valcareggi,Luis Ubiña,Giacinto Facchetti,
1970,Mexico,Group stage,Group Stage,1970-06-06,Soviet Union,Belgium,4.0,1.0,5.0,3.0,Home Win,Soviet Union,,,,,"Estadio Azteca, Mexico City",95261,Ruedi Scheurer,Gavril Kachalin,Raymond Goethals,Albert Shesternyov,Paul Van Himst,
1970,Mexico,Group stage,Group Stage,1970-06-06,Peru,Morocco,3.0,0.0,3.0,3.0,Home Win,Peru,,,,,"Nou Camp - Estadio Leï¿½n, Leon",13537,Tofik Bakhramov,Didi,Blagoje Vidinic,Héctor Chumpitaz,Driss Bamous,
1970,Mexico,Group stage,Group Stage,1970-06-03,Belgium,El Salvador,3.0,0.0,3.0,3.0,Home Win,Belgium,,,,,"Estadio Azteca, Mexico City",92205,Andrei Radulescu,Raymond Goethals,Hernan Carrasco,Paul Van Himst,Salvador Mariona,
1970,Mexico,Group stage,Group Stage,1970-06-03,Brazil,Czechoslovakia,4.0,1.0,5.0,3.0,Home Win,Brazil,,,,,"Jalisco, Guadalajara",52897,Ramon Barreto Ruiz,Mario Zagallo,Jozef Marko,Carlos Alberto Torres,Alexander Horváth,
1970,Mexico,Group stage,Group Stage,1970-06-03,Italy,Sweden,1.0,0.0,1.0,1.0,Home Win,Italy,,,,,"Luis Dosal, Toluca",13433,John Taylor,Ferruccio Valcareggi,Orvar Bergmark,Giacinto Facchetti,Björn Nordqvist,
1970,Mexico,Group stage,Group Stage,1970-06-03,West Germany,Morocco,2.0,1.0,3.0,1.0,Home Win,West Germany,,,,,"Nou Camp - Estadio Leï¿½n, Leon",12942,Laurens Van Ravens,Helmut Schoen,Blagoje Vidinic,Uwe Seeler,Driss Bamous,
1970,Mexico,Group stage,Group Stage,1970-06-02,England,Romania,1.0,0.0,1.0,1.0,Home Win,England,,,,,"Jalisco, Guadalajara",50560,Vital Loraux,Alf Ramsey,Angelo Niculescu,Bobby Moore,Mircea Lucescu,
1970,Mexico,Group stage,Group Stage,1970-06-02,Peru,Bulgaria,3.0,2.0,5.0,1.0,Home Win,Peru,,,,,"Nou Camp - Estadio Leï¿½n, Leon",13765,Antonio Sbardella,Didi,Stefan Bozhkov,Héctor Chumpitaz,Ivan Dimitrov,
1970,Mexico,Group stage,Group Stage,1970-06-02,Uruguay,Israel,2.0,0.0,2.0,2.0,Home Win,Uruguay,,,,,"Cuauhtemoc, Puebla",20654,Bob Davidson,Juan Hohberg,Emmanuel Sheffer,Pedro Rocha,Mordechai Spiegler,
1970,Mexico,Group stage,Group Stage,1970-05-31,Mexico,Soviet Union,0.0,0.0,0.0,0.0,Draw,Draw,,,,,"Estadio Azteca, Mexico City",107160,Kurt Tschenscher,Raul Cardenas,Gavril Kachalin,Gustavo Peña,Albert Shesternyov,
1966,England,Final,Knockout,1966-07-30,England,West Germany,4.0,2.0,6.0,2.0,Home Win,England,,,,,"Wembley Stadium, London",96924,Gottfried Dienst,Alf Ramsey,Helmut Schoen,Bobby Moore,Uwe Seeler,Required Extra Time
1966,England,Third-place match,Knockout,1966-07-28,Portugal,Soviet Union,2.0,1.0,3.0,1.0,Home Win,Portugal,,,,,"Wembley Stadium, London",87696,Kenneth Dagnall,Otto Gloria,Nikolai Morozov,Mário Coluna,Lev Yashin,
1966,England,Semi-finals,Knockout,1966-07-26,England,Portugal,2.0,1.0,3.0,1.0,Home Win,England,,,,,"Wembley Stadium, London",94493,Pierre Schwinte,Alf Ramsey,Otto Gloria,Bobby Moore,Mário Coluna,
1966,England,Semi-finals,Knockout,1966-07-25,West Germany,Soviet Union,2.0,1.0,3.0,1.0,Home Win,West Germany,,,,,"Goodison Park, Liverpool",38273,Concetto Lo Bello,Helmut Schoen,Nikolai Morozov,Uwe Seeler,Albert Shesternyov,
1966,England,Quarter-finals,Knockout,1966-07-23,Portugal,Korea DPR,5.0,3.0,8.0,2.0,Home Win,Portugal,,,,,"Goodison Park, Liverpool",40248,Menachem Ashkenazi,Otto Gloria,Rye Hyun Myung,Mário Coluna,Pak Seung-zin,
1966,England,Quarter-finals,Knockout,1966-07-23,England,Argentina,1.0,0.0,1.0,1.0,Home Win,England,,,,,"Wembley Stadium, London",90584,Rudolf Kreitlein,Alf Ramsey,Juan Carlos Lorenzo,Bobby Moore,Antonio Rattín,
1966,England,Quarter-finals,Knockout,1966-07-23,Soviet Union,Hungary,2.0,1.0,3.0,1.0,Home Win,Soviet Union,,,,,"Roker Park Ground, Sunderland",26844,Juan Gardeazabal,Nikolai Morozov,Lajos Baroti,Albert Shesternyov,Ferenc Sipos,
1966,England,Quarter-finals,Knockout,1966-07-23,West Germany,Uruguay,4.0,0.0,4.0,4.0,Home Win,West Germany,,,,,"Hillsborough, Sheffield",40007,Jim Finney,Helmut Schoen,Ondino Viera,Uwe Seeler,Horacio Troche,
1966,England,Group stage,Group Stage,1966-07-20,England,France,2.0,0.0,2.0,2.0,Home Win,England,,,,,"Wembley Stadium, London",98270,Arturo Yamasaki Maldonado,Alf Ramsey,Henri Guerin,Bobby Moore,Marcel Artelesa,
1966,England,Group stage,Group Stage,1966-07-20,Hungary,Bulgaria,3.0,1.0,4.0,2.0,Home Win,Hungary,,,,,"Old Trafford Stadium, Manchester",24129,Roberto Goicoechea,Lajos Baroti,Rudolf Vytlacil,Ferenc Sipos,Boris Gaganelov,
1966,England,Group stage,Group Stage,1966-07-20,West Germany,Spain,2.0,1.0,3.0,1.0,Home Win,West Germany,,,,,"Villa Park, Birmingham",42187,Armando Marques,Helmut Schoen,Jose Villalonga,Uwe Seeler,Ignacio Zoco,
1966,England,Group stage,Group Stage,1966-07-20,Soviet Union,Chile,2.0,1.0,3.0,1.0,Home Win,Soviet Union,,,,,"Roker Park Ground, Sunderland",16027,John Adair,Nikolai Morozov,Luis Alamos,Albert Shesternyov,Leonel Sánchez,
1966,England,Group stage,Group Stage,1966-07-19,Uruguay,Mexico,0.0,0.0,0.0,0.0,Draw,Draw,,,,,"Wembley Stadium, London",61112,Bertil Loeoew,Ondino Viera,Ignacio Trellez,Horacio Troche,Gustavo Peña,
1966,England,Group stage,Group Stage,1966-07-19,Argentina,Switzerland,2.0,0.0,2.0,2.0,Home Win,Argentina,,,,,"Hillsborough, Sheffield",32127,Joaquim Fernandes Campos,Juan Carlos Lorenzo,Alfredo Foni,Antonio Rattín,René Brodmann,
1966,England,Group stage,Group Stage,1966-07-19,Portugal,Brazil,3.0,1.0,4.0,2.0,Home Win,Portugal,,,,,"Goodison Park, Liverpool",58479,George Mccabe,Otto Gloria,Vicente Feola,Mário Coluna,Orlando Peçanha,
1966,England,Group stage,Group Stage,1966-07-19,Korea DPR,Italy,1.0,0.0,1.0,1.0,Home Win,Korea DPR,,,,,"Ayresome Park, Middlesbrough",17829,Pierre Schwinte,Rye Hyun Myung,Edmondo Fabbri,Pak Seung-zin,Giacomo Bulgarelli,
1966,England,Group stage,Group Stage,1966-07-16,West Germany,Argentina,0.0,0.0,0.0,0.0,Draw,Draw,,,,,"Villa Park, Birmingham",46587,Konstantin Zecevic,Helmut Schoen,Juan Carlos Lorenzo,Uwe Seeler,Antonio Rattín,
1966,England,Group stage,Group Stage,1966-07-16,Soviet Union,Italy,1.0,0.0,1.0,1.0,Home Win,Soviet Union,,,,,"Roker Park Ground, Sunderland",27793,Rudolf Kreitlein,Nikolai Morozov,Edmondo Fabbri,Albert Shesternyov,Sandro Salvadore,
1966,England,Group stage,Group Stage,1966-07-16,Portugal,Bulgaria,3.0,0.0,3.0,3.0,Home Win,Portugal,,,,,"Old Trafford Stadium, Manchester",25438,Jose Maria Codesal,Otto Gloria,Rudolf Vytlacil,Mário Coluna,Boris Gaganelov,
1966,England,Group stage,Group Stage,1966-07-16,England,Mexico,2.0,0.0,2.0,2.0,Home Win,England,,,,,"Wembley Stadium, London",92570,Concetto Lo Bello,Alf Ramsey,Ignacio Trellez,Bobby Moore,Gustavo Peña,
1966,England,Group stage,Group Stage,1966-07-15,Spain,Switzerland,2.0,1.0,3.0,1.0,Home Win,Spain,,,,,"Hillsborough, Sheffield",32028,Tofik Bakhramov,Jose Villalonga,Alfredo Foni,Francisco Gento,René Brodmann,
1966,England,Group stage,Group Stage,1966-07-15,Uruguay,France,2.0,1.0,3.0,1.0,Home Win,Uruguay,,,,,"White City, London",45662,Karol Galba,Ondino Viera,Henri Guerin,Horacio Troche,Marcel Artelesa,
1966,England,Group stage,Group Stage,1966-07-15,Hungary,Brazil,3.0,1.0,4.0,2.0,Home Win,Hungary,,,,,"Goodison Park, Liverpool",51387,Kenneth Dagnall,Lajos Baroti,Vicente Feola,Ferenc Sipos,Hilderaldo Bellini,
1966,England,Group stage,Group Stage,1966-07-15,Korea DPR,Chile,1.0,1.0,2.0,0.0,Draw,Draw,,,,,"Ayresome Park, Middlesbrough",13792,Aly Hussein Kandil,Rye Hyun Myung,Luis Alamos,Pak Seung-zin,Leonel Sánchez,
1966,England,Group stage,Group Stage,1966-07-13,Argentina,Spain,2.0,1.0,3.0,1.0,Home Win,Argentina,,,,,"Villa Park, Birmingham",42738,Dimitar Rumentchev,Juan Carlos Lorenzo,Jose Villalonga,Antonio Rattín,Francisco Gento,
1966,England,Group stage,Group Stage,1966-07-13,France,Mexico,1.0,1.0,2.0,0.0,Draw,Draw,,,,,"Wembley Stadium, London",69237,Menachem Ashkenazi,Henri Guerin,Ignacio Trellez,Marcel Artelesa,Gustavo Peña,
1966,England,Group stage,Group Stage,1966-07-13,Italy,Chile,2.0,0.0,2.0,2.0,Home Win,Italy,,,,,"Roker Park Ground, Sunderland",27199,Gottfried Dienst,Edmondo Fabbri,Luis Alamos,Sandro Salvadore,Leonel Sánchez,
1966,England,Group stage,Group Stage,1966-07-13,Portugal,Hungary,3.0,1.0,4.0,2.0,Home Win,Portugal,,,,,"Old Trafford Stadium, Manchester",29886,Leo Callaghan,Otto Gloria,Lajos Baroti,Mário Coluna,Ferenc Sipos,
1966,England,Group stage,Group Stage,1966-07-12,Brazil,Bulgaria,2.0,0.0,2.0,2.0,Home Win,Brazil,,,,,"Goodison Park, Liverpool",47308,Kurt Tschenscher,Vicente Feola,Rudolf Vytlacil,Hilderaldo Bellini,Boris Gaganelov,
1966,England,Group stage,Group Stage,1966-07-12,Soviet Union,Korea DPR,3.0,0.0,3.0,3.0,Home Win,Soviet Union,,,,,"Ayresome Park, Middlesbrough",23006,Juan Gardeazabal,Nikolai Morozov,Rye Hyun Myung,Albert Shesternyov,Pak Seung-zin,
1966,England,Group stage,Group Stage,1966-07-12,West Germany,Switzerland,5.0,0.0,5.0,5.0,Home Win,West Germany,,,,,"Hillsborough, Sheffield",36127,Hugh Phillips,Helmut Schoen,Alfredo Foni,Uwe Seeler,Heinz Schneiter,
1966,England,Group stage,Group Stage,1966-07-11,England,Uruguay,0.0,0.0,0.0,0.0,Draw,Draw,,,,,"Wembley Stadium, London",87148,Istvan Zsolt,Alf Ramsey,Ondino Viera,Bobby Moore,Horacio Troche,
1962,Chile,Final,Knockout,1962-06-17,Brazil,Czechoslovakia,3.0,1.0,4.0,2.0,Home Win,Brazil,,,,,"Nacional, Santiago De Chile",68679,Nikolaj Latychev,Aymore Moreira,Rudolf Vytlacil,Mauro Ramos,Ladislav Novák,
1962,Chile,Third-place match,Knockout,1962-06-16,Chile,Yugoslavia,1.0,0.0,1.0,1.0,Home Win,Chile,,,,,"Nacional, Santiago De Chile",66697,Juan Gardeazabal,Fernando Riera,Ljubomir Lovric,Jorge Toro,Milan Galić,
1962,Chile,Semi-finals,Knockout,1962-06-13,Brazil,Chile,4.0,2.0,6.0,2.0,Home Win,Brazil,,,,,"Nacional, Santiago De Chile",76594,Arturo Yamasaki Maldonado,Aymore Moreira,Fernando Riera,Mauro Ramos,Jorge Toro,
1962,Chile,Semi-finals,Knockout,1962-06-13,Czechoslovakia,Yugoslavia,3.0,1.0,4.0,2.0,Home Win,Czechoslovakia,,,,,"Estadio Sausalito, Vina Del Mar",5890,Gottfried Dienst,Rudolf Vytlacil,Ljubomir Lovric,Ladislav Novák,Milan Galić,
1962,Chile,Quarter-finals,Knockout,1962-06-10,Chile,Soviet Union,2.0,1.0,3.0,1.0,Home Win,Chile,,,,,"Carlos Dittborn, Arica",17268,Leo Horn,Fernando Riera,Gavril Kachalin,Sergio Navarro,Igor Netto,
1962,Chile,Quarter-finals,Knockout,1962-06-10,Brazil,England,3.0,1.0,4.0,2.0,Home Win,Brazil,,,,,"Estadio Sausalito, Vina Del Mar",17736,Pierre Schwinte,Aymore Moreira,Walter Winterbottom,Mauro Ramos,Johnny Haynes,
1962,Chile,Quarter-finals,Knockout,1962-06-10,Czechoslovakia,Hungary,1.0,0.0,1.0,1.0,Home Win,Czechoslovakia,,,,,"Estadio El Teniente-Codelco, Rancagua",11690,Nikolaj Latychev,Rudolf Vytlacil,Lajos Baroti,Ladislav Novák,Gyula Grosics,
1962,Chile,Quarter-finals,Knockout,1962-06-10,Yugoslavia,West Germany,1.0,0.0,1.0,1.0,Home Win,Yugoslavia,,,,,"Nacional, Santiago De Chile",63324,Arturo Yamasaki Maldonado,Ljubomir Lovric,Sepp Herberger,Milan Galić,Hans Schäfer,
1962,Chile,Group stage,Group Stage,1962-06-07,England,Bulgaria,0.0,0.0,0.0,0.0,Draw,Draw,,,,,"Estadio El Teniente-Codelco, Rancagua",5700,Arthur Blavier,Walter Winterbottom,Georgi Pachedzhiev,Johnny Haynes,Nikola Kovachev,
1962,Chile,Group stage,Group Stage,1962-06-07,Mexico,Czechoslovakia,3.0,1.0,4.0,2.0,Home Win,Mexico,,,,,"Estadio Sausalito, Vina Del Mar",10648,Gottfried Dienst,Ignacio Trellez,Rudolf Vytlacil,Antonio Carbajal,Ladislav Novák,
1962,Chile,Group stage,Group Stage,1962-06-07,Italy,Switzerland,3.0,0.0,3.0,3.0,Home Win,Italy,,,,,"Nacional, Santiago De Chile",59828,Nikolaj Latychev,Paolo Mazza,Karl Rappan,Lorenzo Buffon,Charles Antenen,
1962,Chile,Group stage,Group Stage,1962-06-07,Yugoslavia,Colombia,5.0,0.0,5.0,5.0,Home Win,Yugoslavia,,,,,"Carlos Dittborn, Arica",7167,Carlos Robles,Ljubomir Lovric,Adolfo Pedernera,Milan Galić,Efraín Sánchez,
1962,Chile,Group stage,Group Stage,1962-06-06,West Germany,Chile,2.0,0.0,2.0,2.0,Home Win,West Germany,,,,,"Nacional, Santiago De Chile",67224,Bob Davidson,Sepp Herberger,Fernando Riera,Hans Schäfer,Sergio Navarro,
1962,Chile,Group stage,Group Stage,1962-06-06,Soviet Union,Uruguay,2.0,1.0,3.0,1.0,Home Win,Soviet Union,,,,,"Carlos Dittborn, Arica",9973,Cesare Jonni,Gavril Kachalin,Juan Carlos Corazzo,Igor Netto,Horacio Troche,
1962,Chile,Group stage,Group Stage,1962-06-06,Hungary,Argentina,0.0,0.0,0.0,0.0,Draw,Draw,,,,,"Estadio El Teniente-Codelco, Rancagua",7945,Arturo Yamasaki Maldonado,Lajos Baroti,Juan Carlos Lorenzo,Gyula Grosics,Martín Pando,
1962,Chile,Group stage,Group Stage,1962-06-06,Brazil,Spain,2.0,1.0,3.0,1.0,Home Win,Brazil,,,,,"Estadio Sausalito, Vina Del Mar",18715,Sergio Bustamante,Aymore Moreira,Helenio Herrera,Mauro Ramos,Enrique Collar,
1962,Chile,Group stage,Group Stage,1962-06-03,Spain,Mexico,1.0,0.0,1.0,1.0,Home Win,Spain,,,,,"Estadio Sausalito, Vina Del Mar",11875,Branko Tesanic,Helenio Herrera,Ignacio Trellez,Francisco Gento,Antonio Carbajal,
1962,Chile,Group stage,Group Stage,1962-06-03,Soviet Union,Colombia,4.0,4.0,8.0,0.0,Draw,Draw,,,,,"Carlos Dittborn, Arica",8040,Joao Etzel Filho,Gavril Kachalin,Adolfo Pedernera,Igor Netto,Efraín Sánchez,
1962,Chile,Group stage,Group Stage,1962-06-03,Hungary,Bulgaria,6.0,1.0,7.0,5.0,Home Win,Hungary,,,,,"Estadio El Teniente-Codelco, Rancagua",7442,Juan Gardeazabal,Lajos Baroti,Georgi Pachedzhiev,László Sárosi,Kiril Rakarov,
1962,Chile,Group stage,Group Stage,1962-06-03,West Germany,Switzerland,2.0,1.0,3.0,1.0,Home Win,West Germany,,,,,"Nacional, Santiago De Chile",64922,Leo Horn,Sepp Herberger,Karl Rappan,Hans Schäfer,Charles Antenen,
1962,Chile,Group stage,Group Stage,1962-06-02,Chile,Italy,2.0,0.0,2.0,2.0,Home Win,Chile,,,,,"Nacional, Santiago De Chile",66057,Ken Aston,Fernando Riera,Paolo Mazza,Sergio Navarro,Bruno Mora,
1962,Chile,Group stage,Group Stage,1962-06-02,Brazil,Czechoslovakia,0.0,0.0,0.0,0.0,Draw,Draw,,,,,"Estadio Sausalito, Vina Del Mar",14903,Pierre Schwinte,Aymore Moreira,Rudolf Vytlacil,Mauro Ramos,Ladislav Novák,
1962,Chile,Group stage,Group Stage,1962-06-02,England,Argentina,3.0,1.0,4.0,2.0,Home Win,England,,,,,"Estadio El Teniente-Codelco, Rancagua",9794,Nikolaj Latychev,Walter Winterbottom,Juan Carlos Lorenzo,Johnny Haynes,Rubén Marino Navarro,
1962,Chile,Group stage,Group Stage,1962-06-02,Yugoslavia,Uruguay,3.0,1.0,4.0,2.0,Home Win,Yugoslavia,,,,,"Carlos Dittborn, Arica",8829,Karol Galba,Ljubomir Lovric,Juan Carlos Corazzo,Milan Galić,Horacio Troche,
1962,Chile,Group stage,Group Stage,1962-05-31,West Germany,Italy,0.0,0.0,0.0,0.0,Draw,Draw,,,,,"Nacional, Santiago De Chile",65440,Bob Davidson,Sepp Herberger,Paolo Mazza,Hans Schäfer,Lorenzo Buffon,
1962,Chile,Group stage,Group Stage,1962-05-31,Hungary,England,2.0,1.0,3.0,1.0,Home Win,Hungary,,,,,"Estadio El Teniente-Codelco, Rancagua",7938,Leo Horn,Lajos Baroti,Walter Winterbottom,Gyula Grosics,Johnny Haynes,
1962,Chile,Group stage,Group Stage,1962-05-31,Czechoslovakia,Spain,1.0,0.0,1.0,1.0,Home Win,Czechoslovakia,,,,,"Estadio Sausalito, Vina Del Mar",12700,Carl Steiner,Rudolf Vytlacil,Helenio Herrera,Ladislav Novák,Joan Segarra,
1962,Chile,Group stage,Group Stage,1962-05-31,Soviet Union,Yugoslavia,2.0,0.0,2.0,2.0,Home Win,Soviet Union,,,,,"Carlos Dittborn, Arica",9622,Albert Dusch,Gavril Kachalin,Ljubomir Lovric,Igor Netto,Milan Galić,
1962,Chile,Group stage,Group Stage,1962-05-30,Chile,Switzerland,3.0,1.0,4.0,2.0,Home Win,Chile,,,,,"Nacional, Santiago De Chile",65006,Ken Aston,Fernando Riera,Karl Rappan,Sergio Navarro,Charles Antenen,
1962,Chile,Group stage,Group Stage,1962-05-30,Uruguay,Colombia,2.0,1.0,3.0,1.0,Home Win,Uruguay,,,,,"Carlos Dittborn, Arica",7908,Andor Dorogi,Juan Carlos Corazzo,Adolfo Pedernera,Horacio Troche,Francisco Zuluaga,
1962,Chile,Group stage,Group Stage,1962-05-30,Brazil,Mexico,2.0,0.0,2.0,2.0,Home Win,Brazil,,,,,"Estadio Sausalito, Vina Del Mar",10484,Gottfried Dienst,Aymore Moreira,Ignacio Trellez,Mauro Ramos,Antonio Carbajal,
1962,Chile,Group stage,Group Stage,1962-05-30,Argentina,Bulgaria,1.0,0.0,1.0,1.0,Home Win,Argentina,,,,,"Estadio El Teniente-Codelco, Rancagua",7134,Juan Gardeazabal,Juan Carlos Lorenzo,Georgi Pachedzhiev,Rubén Marino Navarro,Kiril Rakarov,
1958,Sweden,Final,Knockout,1958-06-29,Brazil,Sweden,5.0,2.0,7.0,3.0,Home Win,Brazil,,,,,"Rasunda Stadium, Solna",49737,Maurice Guigue,Vicente Feola,George Raynor,Hilderaldo Bellini,Nils Liedholm,
1958,Sweden,Third-place match,Knockout,1958-06-28,France,West Germany,6.0,3.0,9.0,3.0,Home Win,France,,,,,"Nya Ullevi, Gothenburg",32483,Juan Brozzi,Albert Batteaux,Sepp Herberger,Armand Penverne,Hans Schäfer,
1958,Sweden,Semi-finals,Knockout,1958-06-24,Sweden,West Germany,3.0,1.0,4.0,2.0,Home Win,Sweden,,,,,"Nya Ullevi, Gothenburg",49471,Istvan Zsolt,George Raynor,Sepp Herberger,Nils Liedholm,Hans Schäfer,
1958,Sweden,Semi-finals,Knockout,1958-06-24,Brazil,France,5.0,2.0,7.0,3.0,Home Win,Brazil,,,,,"Rasunda Stadium, Solna",27100,Benjamin Griffiths,Vicente Feola,Albert Batteaux,Hilderaldo Bellini,Robert Jonquet,
1958,Sweden,Quarter-finals,Knockout,1958-06-19,France,Northern Ireland,4.0,0.0,4.0,4.0,Home Win,France,,,,,"Idrottsparken, Norrkï¿½Ping",11800,Juan Gardeazabal,Albert Batteaux,Peter Doherty,Robert Jonquet,Danny Blanchflower,
1958,Sweden,Quarter-finals,Knockout,1958-06-19,West Germany,Yugoslavia,1.0,0.0,1.0,1.0,Home Win,West Germany,,,,,"Malmo Stadion, Malmï¿½",20055,Paul Wyssling,Sepp Herberger,Aleksandar Tirnanic,Hans Schäfer,Branko Zebec,
1958,Sweden,Quarter-finals,Knockout,1958-06-19,Brazil,Wales,1.0,0.0,1.0,1.0,Home Win,Brazil,,,,,"Nya Ullevi, Gothenburg",25923,Fritz Seipelt,Vicente Feola,James Murphy,Hilderaldo Bellini,Dave Bowen,
1958,Sweden,Quarter-finals,Knockout,1958-06-19,Sweden,Soviet Union,2.0,0.0,2.0,2.0,Home Win,Sweden,,,,,"Rasunda Stadium, Solna",31900,Reginald Leafe,George Raynor,Gavril Kachalin,Nils Liedholm,Nikita Simonyan,
1958,Sweden,Group stage play-off,Group Stage,1958-06-17,Northern Ireland,Czechoslovakia,2.0,1.0,3.0,1.0,Home Win,Northern Ireland,,,,,"Malmo Stadion, Malmï¿½",6196,Maurice Guigue,Peter Doherty,Karel Kolsky,Danny Blanchflower,Ladislav Novák,Required Extra Time
1958,Sweden,Group stage play-off,Group Stage,1958-06-17,Wales,Hungary,2.0,1.0,3.0,1.0,Home Win,Wales,,,,,"Rasunda Stadium, Solna",2823,Nikolaj Latychev,James Murphy,Lajos Baroti,Dave Bowen,József Bozsik,
1958,Sweden,Group stage play-off,Group Stage,1958-06-17,Soviet Union,England,1.0,0.0,1.0,1.0,Home Win,Soviet Union,,,,,"Nya Ullevi, Gothenburg",23182,Albert Dusch,Gavril Kachalin,Walter Winterbottom,Nikita Simonyan,Billy Wright,
1958,Sweden,Group stage,Group Stage,1958-06-15,Sweden,Wales,0.0,0.0,0.0,0.0,Draw,Draw,,,,,"Rasunda Stadium, Solna",30287,Lucien Van Nuffel,George Raynor,James Murphy,Bengt Gustavsson,Dave Bowen,
1958,Sweden,Group stage,Group Stage,1958-06-15,Paraguay,Yugoslavia,3.0,3.0,6.0,0.0,Draw,Draw,,,,,"Tunavallen, Eskilstuna",13103,Martin Macko,Aurelio Gonzalez,Aleksandar Tirnanic,Juan Bautista Agüero,Branko Zebec,
1958,Sweden,Group stage,Group Stage,1958-06-15,West Germany,Northern Ireland,2.0,2.0,4.0,0.0,Draw,Draw,,,,,"Malmo Stadion, Malmï¿½",21990,Joaquim Fernandes Campos,Sepp Herberger,Peter Doherty,Hans Schäfer,Danny Blanchflower,
1958,Sweden,Group stage,Group Stage,1958-06-15,Czechoslovakia,Argentina,6.0,1.0,7.0,5.0,Home Win,Czechoslovakia,,,,,"Olympia Stadium, Helsingborg",16418,Arthur Ellis,Karel Kolsky,Guillermo Stabile,Ladislav Novák,Pedro Dellacha,
1958,Sweden,Group stage,Group Stage,1958-06-15,England,Austria,2.0,2.0,4.0,0.0,Draw,Draw,,,,,"Ryavallen, Boras",15872,Jan Bronkhorst,Walter Winterbottom,Josef Argauer,Billy Wright,Gerhard Hanappi,
1958,Sweden,Group stage,Group Stage,1958-06-15,Brazil,Soviet Union,2.0,0.0,2.0,2.0,Home Win,Brazil,,,,,"Nya Ullevi, Gothenburg",50928,Maurice Guigue,Vicente Feola,Gavril Kachalin,Hilderaldo Bellini,Igor Netto,
1958,Sweden,Group stage,Group Stage,1958-06-15,Hungary,Mexico,4.0,0.0,4.0,4.0,Home Win,Hungary,,,,,"Jarnvallen, Sandviken",13300,Arne Eriksson,Lajos Baroti,Antonio Lopez,Nándor Hidegkuti,Antonio Carbajal,
1958,Sweden,Group stage,Group Stage,1958-06-15,France,Scotland,2.0,1.0,3.0,1.0,Home Win,France,,,,,"Eyravallen, Orebro",13554,Juan Brozzi,Albert Batteaux,Dawson Walker,Robert Jonquet,Bobby Evans,
1958,Sweden,Group stage,Group Stage,1958-06-12,Sweden,Hungary,2.0,1.0,3.0,1.0,Home Win,Sweden,,,,,"Rasunda Stadium, Solna",38850,Jack Mowat,George Raynor,Lajos Baroti,Nils Liedholm,József Bozsik,
1958,Sweden,Group stage,Group Stage,1958-06-11,Soviet Union,Austria,2.0,0.0,2.0,2.0,Home Win,Soviet Union,,,,,"Ryavallen, Boras",21239,Carl Frederik Jorgensen,Gavril Kachalin,Josef Argauer,Nikita Simonyan,Gerhard Hanappi,
1958,Sweden,Group stage,Group Stage,1958-06-11,West Germany,Czechoslovakia,2.0,2.0,4.0,0.0,Draw,Draw,,,,,"Olympia Stadium, Helsingborg",25000,Arthur Ellis,Sepp Herberger,Karel Kolsky,Hans Schäfer,Ladislav Novák,
1958,Sweden,Group stage,Group Stage,1958-06-11,Argentina,Northern Ireland,3.0,1.0,4.0,2.0,Home Win,Argentina,,,,,"Orjans Vall, Halmstad",14174,Sten Ahlner,Guillermo Stabile,Peter Doherty,Pedro Dellacha,Danny Blanchflower,
1958,Sweden,Group stage,Group Stage,1958-06-11,Yugoslavia,France,3.0,2.0,5.0,1.0,Home Win,Yugoslavia,,,,,"Arosvallen, Vasteras",12217,Benjamin Griffiths,Aleksandar Tirnanic,Albert Batteaux,Branko Zebec,Roger Marche,
1958,Sweden,Group stage,Group Stage,1958-06-11,Paraguay,Scotland,3.0,2.0,5.0,1.0,Home Win,Paraguay,,,,,"Idrottsparken, Norrkï¿½Ping",11665,Vincenzo Orlandini,Aurelio Gonzalez,Dawson Walker,Juan Bautista Agüero,Tommy Younger,
1958,Sweden,Group stage,Group Stage,1958-06-11,Brazil,England,0.0,0.0,0.0,0.0,Draw,Draw,,,,,"Nya Ullevi, Gothenburg",40895,Albert Dusch,Vicente Feola,Walter Winterbottom,Hilderaldo Bellini,Billy Wright,
1958,Sweden,Group stage,Group Stage,1958-06-11,Mexico,Wales,1.0,1.0,2.0,0.0,Draw,Draw,,,,,"Rasunda Stadium, Solna",15150,Leo Lemesic,Antonio Lopez,James Murphy,Antonio Carbajal,Dave Bowen,
1958,Sweden,Group stage,Group Stage,1958-06-08,Sweden,Mexico,3.0,0.0,3.0,3.0,Home Win,Sweden,,,,,"Rasunda Stadium, Solna",34107,Nikolaj Latychev,George Raynor,Antonio Lopez,Nils Liedholm,Antonio Carbajal,
1958,Sweden,Group stage,Group Stage,1958-06-08,Northern Ireland,Czechoslovakia,1.0,0.0,1.0,1.0,Home Win,Northern Ireland,,,,,"Orjans Vall, Halmstad",10647,Fritz Seipelt,Peter Doherty,Karel Kolsky,Danny Blanchflower,Ladislav Novák,
1958,Sweden,Group stage,Group Stage,1958-06-08,Hungary,Wales,1.0,1.0,2.0,0.0,Draw,Draw,,,,,"Jarnvallen, Sandviken",15343,Jose Maria Codesal,Lajos Baroti,James Murphy,Nándor Hidegkuti,Dave Bowen,
1958,Sweden,Group stage,Group Stage,1958-06-08,Yugoslavia,Scotland,1.0,1.0,2.0,0.0,Draw,Draw,,,,,"Arosvallen, Vasteras",9591,Paul Wyssling,Aleksandar Tirnanic,Dawson Walker,Branko Zebec,Tommy Younger,
1958,Sweden,Group stage,Group Stage,1958-06-08,Brazil,Austria,3.0,0.0,3.0,3.0,Home Win,Brazil,,,,,"Rimnersvallen, Udevalla",17788,Maurice Guigue,Vicente Feola,Josef Argauer,Hilderaldo Bellini,Gerhard Hanappi,
1958,Sweden,Group stage,Group Stage,1958-06-08,Soviet Union,England,2.0,2.0,4.0,0.0,Draw,Draw,,,,,"Nya Ullevi, Gothenburg",49348,Istvan Zsolt,Gavril Kachalin,Walter Winterbottom,Nikita Simonyan,Billy Wright,
1958,Sweden,Group stage,Group Stage,1958-06-08,France,Paraguay,7.0,3.0,10.0,4.0,Home Win,France,,,,,"Idrottsparken, Norrkï¿½Ping",16518,Juan Gardeazabal,Albert Batteaux,Aurelio Gonzalez,Robert Jonquet,Juan Bautista Agüero,
1958,Sweden,Group stage,Group Stage,1958-06-08,Argentina,West Germany,1.0,3.0,4.0,-2.0,Away Win,West Germany,,,,,"Malmo Stadion, Malmï¿½",31156,Reginald Leafe,Guillermo Stabile,Sepp Herberger,Pedro Dellacha,Hans Schäfer,
1954,Switzerland,Final,Knockout,1954-07-04,Germany,Hungary,3.0,2.0,5.0,1.0,Home Win,Germany,,,,,"Wankdorf Stadium, Berne",62500,William Ling,Sepp Herberger,Gusztav Sebes,Fritz Walter,Ferenc Puskás,
1954,Switzerland,Third-place match,Knockout,1954-07-03,Austria,Uruguay,3.0,1.0,4.0,2.0,Home Win,Austria,,,,,"Hardturm, Zurich",32000,Paul Wyssling,Walter Nausch,Juan Lopez,Ernst Ocwirk,William Martínez,
1954,Switzerland,Semi-finals,Knockout,1954-06-30,Hungary,Uruguay,4.0,2.0,6.0,2.0,Home Win,Hungary,,,,,"La Pontaise, Lausanne",45000,Benjamin Griffiths,Gusztav Sebes,Juan Lopez,József Bozsik,William Martínez,Required Extra Time
1954,Switzerland,Semi-finals,Knockout,1954-06-30,Germany,Austria,6.0,1.0,7.0,5.0,Home Win,Germany,,,,,"St. Jakob, Basel",58000,Vincenzo Orlandini,Sepp Herberger,Walter Nausch,Fritz Walter,Ernst Ocwirk,
1954,Switzerland,Quarter-finals,Knockout,1954-06-27,Germany,Yugoslavia,2.0,0.0,2.0,2.0,Home Win,Germany,,,,,"Charmilles, Geneva",17000,Istvan Zsolt,Sepp Herberger,Aleksandar Tirnanic,Fritz Walter,Rajko Mitić,
1954,Switzerland,Quarter-finals,Knockout,1954-06-27,Hungary,Brazil,4.0,2.0,6.0,2.0,Home Win,Hungary,,,,,"Wankdorf Stadium, Berne",40000,Arthur Ellis,Gusztav Sebes,Zeze Moreira,József Bozsik,Bauer,
1954,Switzerland,Quarter-finals,Knockout,1954-06-26,Uruguay,England,4.0,2.0,6.0,2.0,Home Win,Uruguay,,,,,"St. Jakob, Basel",28000,Carl Steiner,Juan Lopez,Walter Winterbottom,Obdulio Varela,Billy Wright,
1954,Switzerland,Quarter-finals,Knockout,1954-06-26,Switzerland,Austria,5.0,7.0,12.0,-2.0,Away Win,Austria,,,,,"La Pontaise, Lausanne",35000,Charlie Faultless,Karl Rappan,Walter Nausch,Roger Bocquet,Ernst Ocwirk,
1954,Switzerland,Group stage play-off,Group Stage,1954-06-23,Germany,Türkiye,7.0,2.0,9.0,5.0,Home Win,Germany,,,,,"Hardturm, Zurich",17000,Raymond Vincenti,Sepp Herberger,Sandro Puppo,Fritz Walter,Lefter Küçükandonyadis,
1954,Switzerland,Group stage play-off,Group Stage,1954-06-23,Switzerland,Italy,4.0,1.0,5.0,3.0,Home Win,Switzerland,,,,,"St. Jakob, Basel",30000,Benjamin Griffiths,Karl Rappan,Lajos Czeizler,Roger Bocquet,Egisto Pandolfini,
1954,Switzerland,Group stage,Group Stage,1954-06-20,Hungary,Germany,8.0,3.0,11.0,5.0,Home Win,Hungary,,,,,"St. Jakob, Basel",56000,William Ling,Gusztav Sebes,Sepp Herberger,Ferenc Puskás,Fritz Walter,
1954,Switzerland,Group stage,Group Stage,1954-06-20,Türkiye,Korea Republic,7.0,0.0,7.0,7.0,Home Win,Türkiye,,,,,"Charmilles, Geneva",4000,Esteban Marino,Sandro Puppo,Yong Shik Kim,Turgay Şeren,Park Kyu-chung,
1954,Switzerland,Group stage,Group Stage,1954-06-20,Italy,Belgium,4.0,1.0,5.0,3.0,Home Win,Italy,,,,,"Comunale di Cornaredo, Lugano",24000,Carl Steiner,Lajos Czeizler,Doug Livingstone,Egisto Pandolfini,Joseph Mermans,
1954,Switzerland,Group stage,Group Stage,1954-06-20,Switzerland,England,0.0,2.0,2.0,-2.0,Away Win,England,,,,,"Wankdorf Stadium, Berne",43500,Istvan Zsolt,Karl Rappan,Walter Winterbottom,Roger Bocquet,Billy Wright,
1954,Switzerland,Group stage,Group Stage,1954-06-19,Uruguay,Scotland,7.0,0.0,7.0,7.0,Home Win,Uruguay,,,,,"St. Jakob, Basel",34000,Vincenzo Orlandini,Juan Lopez,Andy Battie,Obdulio Varela,Willie Cunningham,
1954,Switzerland,Group stage,Group Stage,1954-06-19,Brazil,Yugoslavia,1.0,1.0,2.0,0.0,Draw,Draw,,,,,"La Pontaise, Lausanne",24637,Charlie Faultless,Zeze Moreira,Aleksandar Tirnanic,Bauer,Rajko Mitić,Required Extra Time
1954,Switzerland,Group stage,Group Stage,1954-06-19,Austria,Czechoslovakia,5.0,0.0,5.0,5.0,Home Win,Austria,,,,,"Hardturm, Zurich",26000,Vasa Stefanovic,Walter Nausch,Josef Cejp,Ernst Ocwirk,Ladislav Novák,
1954,Switzerland,Group stage,Group Stage,1954-06-19,France,Mexico,3.0,2.0,5.0,1.0,Home Win,France,,,,,"Charmilles, Geneva",19000,Manuel Asensi,Pierre Pibarot,Antonio Lopez,Roger Marche,José Naranjo,
1954,Switzerland,Group stage,Group Stage,1954-06-17,Switzerland,Italy,2.0,1.0,3.0,1.0,Home Win,Switzerland,,,,,"La Pontaise, Lausanne",43000,Mario Viana,Karl Rappan,Lajos Czeizler,Roger Bocquet,Giampiero Boniperti,
1954,Switzerland,Group stage,Group Stage,1954-06-17,Hungary,Korea Republic,9.0,0.0,9.0,9.0,Home Win,Hungary,,,,,"Hardturm, Zurich",13000,Raymond Vincenti,Gusztav Sebes,Yong Shik Kim,Ferenc Puskás,Min Byung-dae,
1954,Switzerland,Group stage,Group Stage,1954-06-17,Germany,Türkiye,4.0,1.0,5.0,3.0,Home Win,Germany,,,,,"Wankdorf Stadium, Berne",28000,Jose Da Costa Vieira,Sepp Herberger,Sandro Puppo,Fritz Walter,Turgay Şeren,
1954,Switzerland,Group stage,Group Stage,1954-06-17,England,Belgium,4.0,4.0,8.0,0.0,Draw,Draw,,,,,"St. Jakob, Basel",14000,Emil Schmetzer,Walter Winterbottom,Doug Livingstone,Billy Wright,Joseph Mermans,Required Extra Time
1954,Switzerland,Group stage,Group Stage,1954-06-16,Uruguay,Czechoslovakia,2.0,0.0,2.0,2.0,Home Win,Uruguay,,,,,"Wankdorf Stadium, Berne",20500,Arthur Ellis,Juan Lopez,Oldrich Nejedly,Obdulio Varela,Ladislav Novák,
1954,Switzerland,Group stage,Group Stage,1954-06-16,Yugoslavia,France,1.0,0.0,1.0,1.0,Home Win,Yugoslavia,,,,,"La Pontaise, Lausanne",16000,Benjamin Griffiths,Aleksandar Tirnanic,Pierre Pibarot,Stjepan Bobek,Robert Jonquet,
1954,Switzerland,Group stage,Group Stage,1954-06-16,Brazil,Mexico,5.0,0.0,5.0,5.0,Home Win,Brazil,,,,,"Charmilles, Geneva",13470,Paul Wyssling,Zeze Moreira,Antonio Lopez,Bauer,José Naranjo,
1954,Switzerland,Group stage,Group Stage,1954-06-16,Austria,Scotland,1.0,0.0,1.0,1.0,Home Win,Austria,,,,,"Hardturm, Zurich",25000,Laurent Franken,Walter Nausch,Andy Battie,Kurt Schmied,Willie Cunningham,
1950,Brazil,Final stage,Knockout,1950-07-16,Sweden,Spain,3.0,1.0,4.0,2.0,Home Win,Sweden,,,,,"Pacaembu, Sao Paulo",11227,Karel Van Der Meer,George Raynor,Guillermo Eizaguirre,Erik Nilsson,Telmo Zarra,
1950,Brazil,Final stage,Knockout,1950-07-16,Uruguay,Brazil,2.0,1.0,3.0,1.0,Home Win,Uruguay,,,,,"Maracanï¿½ - Estï¿½dio Jornalista Mï¿½rio Filho, Rio De Janeiro",173850,George Reader,Juan Lopez,Flavio Costa,Obdulio Varela,Augusto da Costa,
1950,Brazil,Final stage,Knockout,1950-07-13,Brazil,Spain,6.0,1.0,7.0,5.0,Home Win,Brazil,,,,,"Maracanï¿½ - Estï¿½dio Jornalista Mï¿½rio Filho, Rio De Janeiro",152772,Reginald Leafe,Flavio Costa,Guillermo Eizaguirre,Augusto da Costa,Agustín Gaínza,
1950,Brazil,Final stage,Knockout,1950-07-13,Uruguay,Sweden,3.0,2.0,5.0,1.0,Home Win,Uruguay,,,,,"Pacaembu, Sao Paulo",7987,Giovanni Galeati,Juan Lopez,George Raynor,Obdulio Varela,Erik Nilsson,
1950,Brazil,Final stage,Knockout,1950-07-09,Brazil,Sweden,7.0,1.0,8.0,6.0,Home Win,Brazil,,,,,"Maracanï¿½ - Estï¿½dio Jornalista Mï¿½rio Filho, Rio De Janeiro",138886,Arthur Ellis,Flavio Costa,George Raynor,Augusto da Costa,Erik Nilsson,
1950,Brazil,Final stage,Knockout,1950-07-09,Uruguay,Spain,2.0,2.0,4.0,0.0,Draw,Draw,,,,,"Pacaembu, Sao Paulo",44802,Benjamin Griffiths,Juan Lopez,Guillermo Eizaguirre,Obdulio Varela,Agustín Gaínza,
1950,Brazil,Group stage,Group Stage,1950-07-02,Chile,United States,5.0,2.0,7.0,3.0,Home Win,Chile,,,,,"Ilha do Retiro, Recife",8501,Mario Gardelli,Arturo Bucciardi,Bill Jeffrey,Sergio Livingstone,Walter Bahr,
1950,Brazil,Group stage,Group Stage,1950-07-02,Italy,Paraguay,2.0,0.0,2.0,2.0,Home Win,Italy,,,,,"Pacaembu, Sao Paulo",25811,Arthur Ellis,Ferruccio Novo,Manuel Fleitas Solich,Riccardo Carapellese,César López Fretes,
1950,Brazil,Group stage,Group Stage,1950-07-02,Uruguay,Bolivia,8.0,0.0,8.0,8.0,Home Win,Uruguay,,,,,"Independencia, Belo Horizonte",5284,George Reader,Juan Lopez,Mario Pretto,Obdulio Varela,José Bustamante,
1950,Brazil,Group stage,Group Stage,1950-07-02,Spain,England,1.0,0.0,1.0,1.0,Home Win,Spain,,,,,"Maracanï¿½ - Estï¿½dio Jornalista Mï¿½rio Filho, Rio De Janeiro",74462,Giovanni Galeati,Guillermo Eizaguirre,Walter Winterbottom,Agustín Gaínza,Billy Wright,
1950,Brazil,Group stage,Group Stage,1950-07-02,Switzerland,Mexico,2.0,1.0,3.0,1.0,Home Win,Switzerland,,,,,"Eucaliptos, Porto Alegre",3580,Ivan Eklind,Franco Andreoli,Octavio Vial,Roger Bocquet,Horacio Casarín,
1950,Brazil,Group stage,Group Stage,1950-07-01,Brazil,Yugoslavia,2.0,0.0,2.0,2.0,Home Win,Brazil,,,,,"Maracanï¿½ - Estï¿½dio Jornalista Mï¿½rio Filho, Rio De Janeiro",142429,Benjamin Griffiths,Flavio Costa,Milorad Arsenijevic,Augusto da Costa,Zlatko Čajkovski,
1950,Brazil,Group stage,Group Stage,1950-06-29,Spain,Chile,2.0,0.0,2.0,2.0,Home Win,Spain,,,,,"Maracanï¿½ - Estï¿½dio Jornalista Mï¿½rio Filho, Rio De Janeiro",19790,Alberto Malcher,Guillermo Eizaguirre,Arturo Bucciardi,Agustín Gaínza,Sergio Livingstone,
1950,Brazil,Group stage,Group Stage,1950-06-29,United States,England,1.0,0.0,1.0,1.0,Home Win,United States,,,,,"Independencia, Belo Horizonte",10151,Generoso Dattilo,Bill Jeffrey,Walter Winterbottom,Ed McIlvenny,Billy Wright,
1950,Brazil,Group stage,Group Stage,1950-06-29,Sweden,Paraguay,2.0,2.0,4.0,0.0,Draw,Draw,,,,,"Durival de Brito, Curitiba",7903,Robert Mitchell,George Raynor,Manuel Fleitas Solich,Erik Nilsson,César López Fretes,
1950,Brazil,Group stage,Group Stage,1950-06-28,Brazil,Switzerland,2.0,2.0,4.0,0.0,Draw,Draw,,,,,"Pacaembu, Sao Paulo",42032,Ramon Azon Roma,Flavio Costa,Franco Andreoli,Augusto da Costa,Alfred Bickel,
1950,Brazil,Group stage,Group Stage,1950-06-28,Yugoslavia,Mexico,4.0,1.0,5.0,3.0,Home Win,Yugoslavia,,,,,"Eucaliptos, Porto Alegre",11078,Reginald Leafe,Milorad Arsenijevic,Octavio Vial,Ivica Horvat,Horacio Casarín,
1950,Brazil,Group stage,Group Stage,1950-06-25,Sweden,Italy,3.0,2.0,5.0,1.0,Home Win,Sweden,,,,,"Pacaembu, Sao Paulo",36502,Jean Lutz,George Raynor,Ferruccio Novo,Erik Nilsson,Riccardo Carapellese,
1950,Brazil,Group stage,Group Stage,1950-06-25,England,Chile,2.0,0.0,2.0,2.0,Home Win,England,,,,,"Maracanï¿½ - Estï¿½dio Jornalista Mï¿½rio Filho, Rio De Janeiro",29703,Karel Van Der Meer,Walter Winterbottom,Arturo Bucciardi,Billy Wright,Sergio Livingstone,
1950,Brazil,Group stage,Group Stage,1950-06-25,Spain,United States,3.0,1.0,4.0,2.0,Home Win,Spain,,,,,"Durival de Brito, Curitiba",9511,Mario Viana,Guillermo Eizaguirre,Bill Jeffrey,Ignacio Eizaguirre,Harry Keough,
1950,Brazil,Group stage,Group Stage,1950-06-25,Yugoslavia,Switzerland,3.0,0.0,3.0,3.0,Home Win,Yugoslavia,,,,,"Independencia, Belo Horizonte",7336,Giovanni Galeati,Milorad Arsenijevic,Franco Andreoli,Rajko Mitić,Alfred Bickel,
1950,Brazil,Group stage,Group Stage,1950-06-24,Brazil,Mexico,4.0,0.0,4.0,4.0,Home Win,Brazil,,,,,"Maracanï¿½ - Estï¿½dio Jornalista Mï¿½rio Filho, Rio De Janeiro",81649,George Reader,Flavio Costa,Octavio Vial,Augusto da Costa,Alfonso Montemayor,
1938,France,Third-place match,Knockout,1938-06-19,Brazil,Sweden,4.0,2.0,6.0,2.0,Home Win,Brazil,,,,,"Stade du Parc Lescure, Bordeaux",12000,Jean Langenus,Ademar Pimenta,Joszef Nagy,Leônidas,Kurt Svanström,
1938,France,Final,Knockout,1938-06-19,Italy,Hungary,4.0,2.0,6.0,2.0,Home Win,Italy,,,,,"Stade Olympique, Colombes",45000,Georges Capdeville,Vittorio Pozzo,Karoly Dietz,Giuseppe Meazza,György Sárosi,
1938,France,Semi-finals,Knockout,1938-06-16,Hungary,Sweden,5.0,1.0,6.0,4.0,Home Win,Hungary,,,,,"Parc des Princes, Paris",20000,Lucien Leclercq,Karoly Dietz,Joszef Nagy,György Sárosi,Tore Keller,
1938,France,Semi-finals,Knockout,1938-06-16,Italy,Brazil,2.0,1.0,3.0,1.0,Home Win,Italy,,,,,"Stade Vï¿½lodrome, Marseilles",33000,Hans Wuethrich,Vittorio Pozzo,Ademar Pimenta,Giuseppe Meazza,Martim Mércio da Silveira,
1938,France,Quarter-finals,Knockout,1938-06-14,Brazil,Czechoslovakia,2.0,1.0,3.0,1.0,Home Win,Brazil,,,,,"Stade du Parc Lescure, Bordeaux",18141,Georges Capdeville,Ademar Pimenta,Vaclav Meissner,Leônidas,Jaroslav Burgr,
1938,France,Quarter-finals,Knockout,1938-06-12,Sweden,Cuba,8.0,0.0,8.0,8.0,Home Win,Sweden,,,,,"Fort Carree, Antibes",7000,Gustav Krist,Joszef Nagy,Jose Tapia,Tore Keller,Tomás Fernández,
1938,France,Quarter-finals,Knockout,1938-06-12,Brazil,Czechoslovakia,1.0,1.0,2.0,0.0,Draw,Draw,,,,,"Stade du Parc Lescure, Bordeaux",22021,Pal Von Hertzka,Ademar Pimenta,Vaclav Meissner,Martim Mércio da Silveira,František Plánička,Required Extra Time
1938,France,Quarter-finals,Knockout,1938-06-12,Hungary,Switzerland,2.0,0.0,2.0,2.0,Home Win,Hungary,,,,,"Victor Boucquey, Lille",15000,Rinaldo Barlassina,Karoly Dietz,Karl Rappan,György Sárosi,André Abegglen,
1938,France,Quarter-finals,Knockout,1938-06-12,Italy,France,3.0,1.0,4.0,2.0,Home Win,Italy,,,,,"Stade Olympique, Colombes",58455,Louis Baert,Vittorio Pozzo,Gaston Barreau,Giuseppe Meazza,Étienne Mattler,
1938,France,Round of 16,Knockout,1938-06-09,Switzerland,Germany,4.0,2.0,6.0,2.0,Home Win,Switzerland,,,,,"Parc des Princes, Paris",20025,Ivan Eklind,Karl Rappan,Sepp Herberger,Severino Minelli,Fritz Szepan,
1938,France,Round of 16,Knockout,1938-06-09,Cuba,Romania,2.0,1.0,3.0,1.0,Home Win,Cuba,,,,,"Stade Municipal, Toulouse",8000,Alfred Birlem,Jose Tapia,Coloman Braun,Tomás Fernández,Ștefan Dobay,
1938,France,Round of 16,Knockout,1938-06-05,Italy,Norway,2.0,1.0,3.0,1.0,Home Win,Italy,,,,,"Stade Vï¿½lodrome, Marseilles",19000,Alois Beranek,Vittorio Pozzo,Asbjorn Halvorsen,Giuseppe Meazza,Nils Eriksen,Required Extra Time
1938,France,Round of 16,Knockout,1938-06-05,Cuba,Romania,3.0,3.0,6.0,0.0,Draw,Draw,,,,,"Stade Municipal, Toulouse",7000,Giuseppe Scarpi,Jose Tapia,Coloman Braun,Tomás Fernández,Nicolae Kovács,Required Extra Time
1938,France,Round of 16,Knockout,1938-06-05,Hungary,Dutch East Indies,6.0,0.0,6.0,6.0,Home Win,Hungary,,,,,"Velodrome Municipale, Reims",9000,Roger Conrie,Karoly Dietz,Johannes Van Mastenbroek,György Sárosi,Frans Alfred Meeng,
1938,France,Round of 16,Knockout,1938-06-05,France,Belgium,3.0,1.0,4.0,2.0,Home Win,France,,,,,"Stade Olympique, Colombes",30454,Hans Wuethrich,Gaston Barreau,Jack Butler,Étienne Mattler,Émile Stijnen,
1938,France,Round of 16,Knockout,1938-06-05,Brazil,Poland,6.0,5.0,11.0,1.0,Home Win,Brazil,,,,,"Stade de la Meinau, Strasbourg",13452,Ivan Eklind,Ademar Pimenta,Jozef Kaluza,Martim Mércio da Silveira,Władysław Szczepaniak,Required Extra Time
1938,France,Round of 16,Knockout,1938-06-05,Czechoslovakia,Netherlands,3.0,0.0,3.0,3.0,Home Win,Czechoslovakia,,,,,"Cavee Verte, Le Havre",11000,Lucien Leclercq,Vaclav Meissner,Bob Glendenning,František Plánička,Puck van Heel,Required Extra Time
1938,France,Round of 16,Knockout,1938-06-04,Switzerland,Germany,1.0,1.0,2.0,0.0,Draw,Draw,,,,,"Parc des Princes, Paris",27152,Jean Langenus,Karl Rappan,Sepp Herberger,Severino Minelli,Hans Mock,Required Extra Time
1934,Italy,Final,Knockout,1934-06-10,Italy,Czechoslovakia,2.0,1.0,3.0,1.0,Home Win,Italy,,,,,"Nazionale PNF, Rome",55000,Ivan Eklind,Vittorio Pozzo,Karel Petru,Gianpiero Combi,František Plánička,Required Extra Time
1934,Italy,Third-place match,Knockout,1934-06-07,Germany,Austria,3.0,2.0,5.0,1.0,Home Win,Germany,,,,,"Giorgio Ascarelli, Naples",7000,Albino Carraro,Otto Nerz,Hugo Meisl,Fritz Szepan,Johann Horvath,
1934,Italy,Semi-finals,Knockout,1934-06-03,Czechoslovakia,Germany,3.0,1.0,4.0,2.0,Home Win,Czechoslovakia,,,,,"Nazionale PNF, Rome",15000,Rinaldo Barlassina,Karel Petru,Otto Nerz,František Plánička,Fritz Szepan,
1934,Italy,Semi-finals,Knockout,1934-06-03,Italy,Austria,1.0,0.0,1.0,1.0,Home Win,Italy,,,,,"San Siro, Milan",35000,Ivan Eklind,Vittorio Pozzo,Hugo Meisl,Gianpiero Combi,Josef Smistik,
1934,Italy,Quarter-finals,Knockout,1934-06-01,Italy,Spain,1.0,0.0,1.0,1.0,Home Win,Italy,,,,,"Giovanni Berta, Florence",43000,Rene Mercet,Vittorio Pozzo,Amadeo Garcia,Gianpiero Combi,Jacinto Quincoces,
1934,Italy,Quarter-finals,Knockout,1934-05-31,Austria,Hungary,2.0,1.0,3.0,1.0,Home Win,Austria,,,,,"Littorale, Bologna",23000,Francesco Mattea,Hugo Meisl,Odon Nadas,Johann Horvath,László Sternberg,
1934,Italy,Quarter-finals,Knockout,1934-05-31,Czechoslovakia,Switzerland,3.0,2.0,5.0,1.0,Home Win,Czechoslovakia,,,,,"Stadio Benito Mussolini, Turin",12000,Alois Beranek,Karel Petru,Henry Mueller,František Plánička,Severino Minelli,
1934,Italy,Quarter-finals,Knockout,1934-05-31,Italy,Spain,1.0,1.0,2.0,0.0,Draw,Draw,,,,,"Giovanni Berta, Florence",35000,Louis Baert,Vittorio Pozzo,Amadeo Garcia,Gianpiero Combi,Ricardo Zamora,Required Extra Time
1934,Italy,Quarter-finals,Knockout,1934-05-31,Germany,Sweden,2.0,1.0,3.0,1.0,Home Win,Germany,,,,,"San Siro, Milan",3000,Rinaldo Barlassina,Otto Nerz,Joszef Nagy,Fritz Szepan,Nils Rosén,
1934,Italy,Round of 16,Knockout,1934-05-27,Czechoslovakia,Romania,2.0,1.0,3.0,1.0,Home Win,Czechoslovakia,,,,,"Littorio, Trieste",9000,Jean Langenus,Karel Petru,Constantin Radulescu,František Plánička,Emerich Vogl,
1934,Italy,Round of 16,Knockout,1934-05-27,Hungary,Egypt,4.0,2.0,6.0,2.0,Home Win,Hungary,,,,,"Giorgio Ascarelli, Naples",9000,Rinaldo Barlassina,Odon Nadas,James Mcrea,László Sternberg,Mahmoud Mokhtar El-Tetsh,
1934,Italy,Round of 16,Knockout,1934-05-27,Austria,France,3.0,2.0,5.0,1.0,Home Win,Austria,,,,,"Stadio Benito Mussolini, Turin",16000,Johannes Van Moorsel,Hugo Meisl,George Kimpton,Josef Smistik,Alex Thépot,Required Extra Time
1934,Italy,Round of 16,Knockout,1934-05-27,Switzerland,Netherlands,3.0,2.0,5.0,1.0,Home Win,Switzerland,,,,,"San Siro, Milan",33000,Ivan Eklind,Henry Mueller,Bob Glendenning,Severino Minelli,Puck van Heel,
1934,Italy,Round of 16,Knockout,1934-05-27,Sweden,Argentina,3.0,2.0,5.0,1.0,Home Win,Sweden,,,,,"Littorale, Bologna",14000,Eugen Braun,Joszef Nagy,Felipe Pascucci,Nils Rosén,Alfredo Devincenzi,
1934,Italy,Round of 16,Knockout,1934-05-27,Spain,Brazil,3.0,1.0,4.0,2.0,Home Win,Spain,,,,,"Luigi Ferraris, Genoa",21000,Alfred Birlem,Amadeo Garcia,Luiz Vinhaes,Ricardo Zamora,Martim Mércio da Silveira,
1934,Italy,Round of 16,Knockout,1934-05-27,Germany,Belgium,5.0,2.0,7.0,3.0,Home Win,Germany,,,,,"Giovanni Berta, Florence",8000,Francesco Mattea,Otto Nerz,Hector Goetinck,Fritz Szepan,Félix Welkenhuysen,
1934,Italy,Round of 16,Knockout,1934-05-27,Italy,United States,7.0,1.0,8.0,6.0,Home Win,Italy,,,,,"Nazionale PNF, Rome",25000,Rene Mercet,Vittorio Pozzo,David Gould,Virginio Rosetta,George Moorhouse,
1930,Uruguay,Final,Knockout,1930-07-30,Uruguay,Argentina,4.0,2.0,6.0,2.0,Home Win,Uruguay,,,,,"Estadio Centenario, Montevideo",68346,Jean Langenus,Alberto Suppici,Francisco Olazar,José Nasazzi,Manuel Ferreira,
1930,Uruguay,Semi-finals,Knockout,1930-07-27,Uruguay,Yugoslavia,6.0,1.0,7.0,5.0,Home Win,Uruguay,,,,,"Estadio Centenario, Montevideo",79867,Gilberto Rego,Alberto Suppici,Bosko Simonovic,José Nasazzi,Milutin Ivković,
1930,Uruguay,Semi-finals,Knockout,1930-07-26,Argentina,United States,6.0,1.0,7.0,5.0,Home Win,Argentina,,,,,"Estadio Centenario, Montevideo",72886,Jean Langenus,Francisco Olazar,Bob Millar,Manuel Ferreira,Tom Florie,
1930,Uruguay,Group stage,Group Stage,1930-07-22,Argentina,Chile,3.0,1.0,4.0,2.0,Home Win,Argentina,,,,,"Estadio Centenario, Montevideo",41459,Jean Langenus,Francisco Olazar,Gyorgy Orth,Manuel Ferreira,Guillermo Subiabre,
1930,Uruguay,Group stage,Group Stage,1930-07-21,Uruguay,Romania,4.0,0.0,4.0,4.0,Home Win,Uruguay,,,,,"Estadio Centenario, Montevideo",70022,Gilberto Rego,Alberto Suppici,Octav Luchide,José Nasazzi,Emerich Vogl,
1930,Uruguay,Group stage,Group Stage,1930-07-20,Brazil,Bolivia,4.0,0.0,4.0,4.0,Home Win,Brazil,,,,,"Estadio Centenario, Montevideo",25466,Thomas Balway,Pindaro De Carvalho,Ulises Saucedo,Preguinho,Rafael Méndez,
1930,Uruguay,Group stage,Group Stage,1930-07-20,Paraguay,Belgium,1.0,0.0,1.0,1.0,Home Win,Paraguay,,,,,"Estadio Centenario, Montevideo",12000,Ricardo Vallarino,Jose Durand Laguna,Hector Goetinck,Luis Vargas Peña,Pierre Braine,
1930,Uruguay,Group stage,Group Stage,1930-07-19,Chile,France,1.0,0.0,1.0,1.0,Home Win,Chile,,,,,"Estadio Centenario, Montevideo",2000,Anibal Tejada,Gyorgy Orth,Raoul Caudron,Carlos Schneeberger,Alexandre Villaplane,
1930,Uruguay,Group stage,Group Stage,1930-07-19,Argentina,Mexico,6.0,3.0,9.0,3.0,Home Win,Argentina,,,,,"Estadio Centenario, Montevideo",42100,Ulises Saucedo,Francisco Olazar,Juan Luque,Ángel Bossio,Rafael Garza Gutiérrez,
1930,Uruguay,Group stage,Group Stage,1930-07-18,Uruguay,Peru,1.0,0.0,1.0,1.0,Home Win,Uruguay,,,,,"Estadio Centenario, Montevideo",57735,Jean Langenus,Alberto Suppici,Francisco Bru,José Nasazzi,Antonio Maquilón,
1930,Uruguay,Group stage,Group Stage,1930-07-17,Yugoslavia,Bolivia,4.0,0.0,4.0,4.0,Home Win,Yugoslavia,,,,,"Parque Central, Montevideo",18306,Francisco Mateucci,Bosko Simonovic,Ulises Saucedo,Milutin Ivković,Rafael Méndez,
1930,Uruguay,Group stage,Group Stage,1930-07-17,United States,Paraguay,3.0,0.0,3.0,3.0,Home Win,United States,,,,,"Parque Central, Montevideo",18306,Jose Macias,Bob Millar,Jose Durand Laguna,Tom Florie,Luis Vargas Peña,
1930,Uruguay,Group stage,Group Stage,1930-07-16,Chile,Mexico,3.0,0.0,3.0,3.0,Home Win,Chile,,,,,"Parque Central, Montevideo",9249,Henry Cristophe,Gyorgy Orth,Juan Luque,Carlos Schneeberger,Rafael Garza Gutiérrez,
1930,Uruguay,Group stage,Group Stage,1930-07-15,Argentina,France,1.0,0.0,1.0,1.0,Home Win,Argentina,,,,,"Parque Central, Montevideo",23409,Gilberto Rego,Francisco Olazar,Raoul Caudron,Manuel Ferreira,Alexandre Villaplane,
1930,Uruguay,Group stage,Group Stage,1930-07-14,Yugoslavia,Brazil,2.0,1.0,3.0,1.0,Home Win,Yugoslavia,,,,,"Parque Central, Montevideo",24059,Anibal Tejada,Bosko Simonovic,Pindaro De Carvalho,Milutin Ivković,Preguinho,
1930,Uruguay,Group stage,Group Stage,1930-07-14,Romania,Peru,3.0,1.0,4.0,2.0,Home Win,Romania,,,,,"Pocitos, Montevideo",2549,Alberto Warnken,Octav Luchide,Francisco Bru,Emerich Vogl,Plácido Galindo,
1930,Uruguay,Group stage,Group Stage,1930-07-13,United States,Belgium,3.0,0.0,3.0,3.0,Home Win,United States,,,,,"Parque Central, Montevideo",18346,Jose Macias,Bob Millar,Hector Goetinck,Tom Florie,Pierre Braine,
1930,Uruguay,Group stage,Group Stage,1930-07-13,France,Mexico,4.0,1.0,5.0,3.0,Home Win,France,,,,,"Pocitos, Montevideo",4444,Domingo Lombardi,Raoul Caudron,Juan Luque,Alexandre Villaplane,Rafael Garza Gutiérrez,
2026,Mexico,Group stage,Group Stage,2026-06-11,Mexico,South Africa,2.0,0.0,2.0,2.0,Home Win,Mexico,,,,,"Estadio Banorte, Coyoacán",80824,Wilton Sampaio,Javier Aguirre,Hugo Broos,César Montes,Ronwen Williams,
2026,Mexico,Group stage,Group Stage,2026-06-11,Korea Republic,Czechia,2.0,1.0,3.0,1.0,Home Win,Korea Republic,,,,,"Estadio Akron, Zapopan",44985,Amin Omar,Hong Myung-bo,Miroslav Koubek,Son Heung-min,Ladislav Krejčí,
2026,Canada,Group stage,Group Stage,2026-06-12,Canada,Bosnia–Herz,1.0,1.0,2.0,0.0,Draw,Draw,,,,,"BMO Field, Toronto",43002,Facundo Tello,Jesse Marsch,Sergej Barbarez,Stephen Eustáquio,Sead Kolašinac,
2026,USA,Group stage,Group Stage,2026-06-12,United States,Paraguay,4.0,1.0,5.0,3.0,Home Win,United States,,,,,"SoFi Stadium, Inglewood",70492,Danny Makkelie,Mauricio Pochettino,Gustavo Alfaro,Tim Ream,Gustavo Gómez,
2026,USA,Group stage,Group Stage,2026-06-13,Qatar,Switzerland,1.0,1.0,2.0,0.0,Draw,Draw,,,,,"Levi's Stadium, Santa Clara",67966,Said Martínez,Julen Lopetegui,Murat Yakin,Boualem Khoukhi,Granit Xhaka,
2026,USA,Group stage,Group Stage,2026-06-13,Brazil,Morocco,1.0,1.0,2.0,0.0,Draw,Draw,,,,,"MetLife Stadium, East Rutherford",80663,Slavko Vinčič,Carlo Ancelotti,Mohamed Ouahbi,Marquinhos,Achraf Hakimi,
2026,Canada,Group stage,Group Stage,2026-06-13,Australia,Türkiye,2.0,0.0,2.0,2.0,Home Win,Australia,,,,,"BC Place Stadium, Vancouver",52497,Jesús Valenzuela,Tony Popovic,Vincenzo Montella,Harry Souttar,Hakan Çalhanoğlu,
2026,USA,Group stage,Group Stage,2026-06-13,Haiti,Scotland,0.0,1.0,1.0,-1.0,Away Win,Scotland,,,,,"Gillette Stadium, Foxborough",64146,Mustapha Ghorbal,Sébastien Migné,Steve Clarke,Johny Placide,Andy Robertson,
2026,USA,Group stage,Group Stage,2026-06-14,Germany,Curaçao,7.0,1.0,8.0,6.0,Home Win,Germany,,,,,"Reliant Stadium, Houston",68021,Jalal Jiyed,Julian Nagelsmann,Dick Advocaat,Joshua Kimmich,Leandro Bacuna,
2026,USA,Group stage,Group Stage,2026-06-14,Netherlands,Japan,2.0,2.0,4.0,0.0,Draw,Draw,,,,,"AT&T Stadium, Arlington",69285,Ismail Elfath,Ronald Koeman,Hajime Moriyasu,Virgil van Dijk,Ritsu Doan,
2026,USA,Group stage,Group Stage,2026-06-14,Côte d'Ivoire,Ecuador,1.0,0.0,1.0,1.0,Home Win,Côte d'Ivoire,,,,,"Lincoln Financial Field, Philadelphia",68274,François Letexier,Emerse Faé,Sebastián Becaccece,Franck Kessié,Enner Valencia,
2026,Mexico,Group stage,Group Stage,2026-06-14,Sweden,Tunisia,5.0,1.0,6.0,4.0,Home Win,Sweden,,,,,"Estadio BBVA Bancomer, Guadalupe",50987,Yael Falcón,Graham Potter,Sabri Lamouchi,Victor Lindelöf,Ellyes Skhiri,
2026,USA,Group stage,Group Stage,2026-06-15,Belgium,Egypt,1.0,1.0,2.0,0.0,Draw,Draw,,,,,"Lumen Field, Seattle",66775,Ramon Abatti,Rudi Garcia,Hossam Hassan,Youri Tielemans,Mohamed Salah,
2026,USA,Group stage,Group Stage,2026-06-15,Spain,Cabo Verde,0.0,0.0,0.0,0.0,Draw,Draw,,,,,"Mercedes-Benz Stadium, Atlanta",67640,Adham Makhadmeh,Luis de la Fuente,Bubista,Rodri,Ryan Mendes,
2026,USA,Group stage,Group Stage,2026-06-15,Saudi Arabia,Uruguay,1.0,1.0,2.0,0.0,Draw,Draw,,,,,"Hard Rock Stadium, Miami Gardens",62764,Maurizio Mariani,Georgios Donis,Marcelo Bielsa,Salem Al-Dawsari,Federico Valverde,
2026,USA,Group stage,Group Stage,2026-06-15,IR Iran,New Zealand,2.0,2.0,4.0,0.0,Draw,Draw,,,,,"SoFi Stadium, Inglewood",70108,César Arturo Ramos,Amir Ghalehnoy,Darren Bazeley,Mehdi Taremi,Chris Wood,
2026,USA,Group stage,Group Stage,2026-06-16,France,Senegal,3.0,1.0,4.0,2.0,Home Win,France,,,,,"MetLife Stadium, East Rutherford",80545,Alireza Faghani,Didier Deschamps,Pape Thiaw,Kylian Mbappé,Kalidou Koulibaly,
2026,USA,Group stage,Group Stage,2026-06-16,Iraq,Norway,1.0,4.0,5.0,-3.0,Away Win,Norway,,,,,"Gillette Stadium, Foxborough",63106,Pierre Ghislain Atcho,Graham Arnold,Ståle Solbakken,Jalal Hassan,Martin Ødegaard,
2026,USA,Group stage,Group Stage,2026-06-16,Argentina,Algeria,3.0,0.0,3.0,3.0,Home Win,Argentina,,,,,"GEHA Field at Arrowhead Stadium, Kansas City",69045,Szymon Marciniak,Lionel Scaloni,Vladimir Petković,Lionel Messi,Aïssa Mandi,
2026,USA,Group stage,Group Stage,2026-06-16,Austria,Jordan,3.0,1.0,4.0,2.0,Home Win,Austria,,,,,"Levi's Stadium, Santa Clara",68527,Dahane Beida,Ralf Rangnick,Jamal Sellami,David Alaba,Ihsan Haddad,
2026,USA,Group stage,Group Stage,2026-06-17,Portugal,Congo DR,1.0,1.0,2.0,0.0,Draw,Draw,,,,,"Reliant Stadium, Houston",68777,Abdulrahman Ibrahim Al Jassim,Roberto Martínez,Sébastien Desabre,Cristiano Ronaldo,Chancel Mbemba,
2026,USA,Group stage,Group Stage,2026-06-17,England,Croatia,4.0,2.0,6.0,2.0,Home Win,England,,,,,"AT&T Stadium, Arlington",70389,Clément Turpin,Thomas Tuchel,Zlatko Dalić,Harry Kane,Luka Modrić,
2026,Canada,Group stage,Group Stage,2026-06-17,Ghana,Panama,1.0,0.0,1.0,1.0,Home Win,Ghana,,,,,"BMO Field, Toronto",42942,Glenn Nyberg,Carlos Queiroz,Thomas Christiansen,Jordan Ayew,Yoel Bárcenas,
2026,Mexico,Group stage,Group Stage,2026-06-17,Uzbekistan,Colombia,1.0,3.0,4.0,-2.0,Away Win,Colombia,,,,,"Estadio Banorte, Coyoacán",80824,Anthony Taylor,Fabio Cannavaro,Néstor Lorenzo,Eldor Shomurodov,James Rodríguez,
2026,USA,Group stage,Group Stage,2026-06-18,Czechia,South Africa,1.0,1.0,2.0,0.0,Draw,Draw,,,,,"Mercedes-Benz Stadium, Atlanta",67442,Tori Penso,Miroslav Koubek,Hugo Broos,Ladislav Krejčí,Ronwen Williams,
2026,USA,Group stage,Group Stage,2026-06-18,Switzerland,Bosnia–Herz,4.0,1.0,5.0,3.0,Home Win,Switzerland,,,,,"SoFi Stadium, Inglewood",70026,João Pinheiro,Murat Yakin,Sergej Barbarez,Granit Xhaka,Edin Džeko,
2026,Canada,Group stage,Group Stage,2026-06-18,Canada,Qatar,6.0,0.0,6.0,6.0,Home Win,Canada,,,,,"BC Place Stadium, Vancouver",52497,Cristián Garay,Jesse Marsch,Julen Lopetegui,Stephen Eustáquio,Boualem Khoukhi,
2026,Mexico,Group stage,Group Stage,2026-06-18,Mexico,Korea Republic,1.0,0.0,1.0,1.0,Home Win,Mexico,,,,,"Estadio Akron, Zapopan",45522,Gustavo Tejera,Javier Aguirre,Hong Myung-bo,Edson Álvarez,Son Heung-min,
2026,USA,Group stage,Group Stage,2026-06-19,United States,Australia,2.0,0.0,2.0,2.0,Home Win,United States,,,,,"Lumen Field, Seattle",66925,Felix Zwayer,Mauricio Pochettino,Tony Popovic,Tim Ream,Harry Souttar,
2026,USA,Group stage,Group Stage,2026-06-19,Scotland,Morocco,0.0,1.0,1.0,-1.0,Away Win,Morocco,,,,,"Gillette Stadium, Foxborough",64146,Ilgiz Tantashev,Steve Clarke,Mohamed Ouahbi,Andy Robertson,Achraf Hakimi,
2026,USA,Group stage,Group Stage,2026-06-19,Türkiye,Paraguay,0.0,1.0,1.0,-1.0,Away Win,Paraguay,,,,,"Levi's Stadium, Santa Clara",68827,Iván Barton,Vincenzo Montella,Gustavo Alfaro,Hakan Çalhanoğlu,Gustavo Gómez,
2026,USA,Group stage,Group Stage,2026-06-19,Brazil,Haiti,3.0,0.0,3.0,3.0,Home Win,Brazil,,,,,"Lincoln Financial Field, Philadelphia",68324,Alejandro Hernández,Carlo Ancelotti,Sébastien Migné,Marquinhos,Johny Placide,
2026,USA,Group stage,Group Stage,2026-06-20,Netherlands,Sweden,5.0,1.0,6.0,4.0,Home Win,Netherlands,,,,,"Reliant Stadium, Houston",68777,Michael Oliver,Ronald Koeman,Graham Potter,Virgil van Dijk,Victor Lindelöf,
2026,Canada,Group stage,Group Stage,2026-06-20,Germany,Côte d'Ivoire,2.0,1.0,3.0,1.0,Home Win,Germany,,,,,"BMO Field, Toronto",43036,Juan Gabriel Benítez,Julian Nagelsmann,Emerse Faé,Joshua Kimmich,Franck Kessié,
2026,USA,Group stage,Group Stage,2026-06-20,Ecuador,Curaçao,0.0,0.0,0.0,0.0,Draw,Draw,,,,,"GEHA Field at Arrowhead Stadium, Kansas City",68598,Ma Ning,Sebastián Becaccece,Dick Advocaat,Enner Valencia,Leandro Bacuna,
2026,Mexico,Group stage,Group Stage,2026-06-20,Tunisia,Japan,0.0,4.0,4.0,-4.0,Away Win,Japan,,,,,"Estadio BBVA, Guadalupe",51243,István Kovács,Hervé Renard,Hajime Moriyasu,Ellyes Skhiri,Ko Itakura,
2026,USA,Group stage,Group Stage,2026-06-21,Spain,Saudi Arabia,4.0,0.0,4.0,4.0,Home Win,Spain,,,,,"Mercedes-Benz Stadium, Atlanta",68239,Raphael Claus,Luis de la Fuente,Georgios Donis,Rodri,Salem Al-Dawsari,
2026,USA,Group stage,Group Stage,2026-06-21,Belgium,IR Iran,0.0,0.0,0.0,0.0,Draw,Draw,,,,,"SoFi Stadium, Inglewood",70317,Darío Herrera,Rudi Garcia,Amir Ghalehnoy,Youri Tielemans,Ehsan Hajsafi,
2026,USA,Group stage,Group Stage,2026-06-21,Uruguay,Cabo Verde,2.0,2.0,4.0,0.0,Draw,Draw,,,,,"Hard Rock Stadium, Miami Gardens",64003,Espen Eskås,Marcelo Bielsa,Bubista,Federico Valverde,Ryan Mendes,
2026,Canada,Group stage,Group Stage,2026-06-21,New Zealand,Egypt,1.0,3.0,4.0,-2.0,Away Win,Egypt,,,,,"BC Place Stadium, Vancouver",52497,Omar Mohamed Al Ali,Darren Bazeley,Hossam Hassan,Chris Wood,Mohamed Salah,
2026,USA,Group stage,Group Stage,2026-06-22,Argentina,Austria,2.0,0.0,2.0,2.0,Home Win,Argentina,,,,,"AT&T Stadium, Arlington",70649,Amin Omar,Lionel Scaloni,Ralf Rangnick,Lionel Messi,David Alaba,
2026,USA,Group stage,Group Stage,2026-06-22,France,Iraq,3.0,0.0,3.0,3.0,Home Win,France,,,,,"Lincoln Financial Field, Philadelphia",68324,Drew Fischer,Didier Deschamps,Graham Arnold,Kylian Mbappé,Ayman Hussein,
2026,USA,Group stage,Group Stage,2026-06-22,Norway,Senegal,3.0,2.0,5.0,1.0,Home Win,Norway,,,,,"MetLife Stadium, East Rutherford",80663,Wilton Sampaio,Ståle Solbakken,Pape Thiaw,Martin Ødegaard,Kalidou Koulibaly,
2026,USA,Group stage,Group Stage,2026-06-22,Jordan,Algeria,1.0,2.0,3.0,-1.0,Away Win,Algeria,,,,,"Levi's Stadium, Santa Clara",68371,Slavko Vinčič,Jamal Sellami,Vladimir Petković,Ihsan Haddad,Riyad Mahrez,
2026,USA,Group stage,Group Stage,2026-06-23,Portugal,Uzbekistan,5.0,0.0,5.0,5.0,Home Win,Portugal,,,,,"Reliant Stadium, Houston",68777,Jalal Jayed,Roberto Martínez,Fabio Cannavaro,Cristiano Ronaldo,Eldor Shomurodov,
2026,USA,Group stage,Group Stage,2026-06-23,England,Ghana,0.0,0.0,0.0,0.0,Draw,Draw,,,,,"Gillette Stadium, Foxborough",63983,Said Martínez,Thomas Tuchel,Carlos Queiroz,Harry Kane,Jordan Ayew,
2026,Canada,Group stage,Group Stage,2026-06-23,Panama,Croatia,0.0,1.0,1.0,-1.0,Away Win,Croatia,,,,,"BMO Field, Toronto",43036,Pierre Ghislain Atcho,Thomas Christiansen,Zlatko Dalić,Yoel Bárcenas,Luka Modrić,
2026,Mexico,Group stage,Group Stage,2026-06-23,Colombia,Congo DR,1.0,0.0,1.0,1.0,Home Win,Colombia,,,,,"Estadio Akron, Zapopan",45358,Maurizio Mariani,Néstor Lorenzo,Sébastien Desabre,James Rodríguez,Chancel Mbemba,
2026,Canada,Group stage,Group Stage,2026-06-24,Switzerland,Canada,2.0,1.0,3.0,1.0,Home Win,Switzerland,,,,,"BC Place Stadium, Vancouver",52497,Ramon Abatti,Murat Yakin,Jesse Marsch,Granit Xhaka,Jonathan David,
2026,USA,Group stage,Group Stage,2026-06-24,Bosnia–Herz,Qatar,3.0,1.0,4.0,2.0,Home Win,Bosnia–Herz,,,,,"Lumen Field, Seattle",66925,Jesús Valenzuela,Sergej Barbarez,Julen Lopetegui,Edin Džeko,Hassan Al-Haydos,
2026,USA,Group stage,Group Stage,2026-06-24,Scotland,Brazil,0.0,3.0,3.0,-3.0,Away Win,Brazil,,,,,"Hard Rock Stadium, Miami Gardens",64478,César Arturo Ramos,Steve Clarke,Carlo Ancelotti,Andy Robertson,Marquinhos,
2026,USA,Group stage,Group Stage,2026-06-24,Morocco,Haiti,4.0,2.0,6.0,2.0,Home Win,Morocco,,,,,"Mercedes-Benz Stadium, Atlanta",68239,Danny Makkelie,Mohamed Ouahbi,Sébastien Migné,Achraf Hakimi,Johny Placide,
2026,Mexico,Group stage,Group Stage,2026-06-24,South Africa,Korea Republic,1.0,0.0,1.0,1.0,Home Win,South Africa,,,,,"Estadio BBVA, Guadalupe",51243,Facundo Tello,Hugo Broos,Hong Myung-bo,Ronwen Williams,Kim Min-jae,
2026,Mexico,Group stage,Group Stage,2026-06-24,Czechia,Mexico,0.0,3.0,3.0,-3.0,Away Win,Mexico,,,,,"Estadio Banorte, Coyoacán",80824,Yael Falcón,Miroslav Koubek,Javier Aguirre,Ladislav Krejčí,Edson Álvarez,
2026,USA,Group stage,Group Stage,2026-06-25,Curaçao,Côte d'Ivoire,0.0,2.0,2.0,-2.0,Away Win,Côte d'Ivoire,,,,,"Lincoln Financial Field, Philadelphia",68324,Glenn Nyberg,Dick Advocaat,Emerse Faé,Leandro Bacuna,Franck Kessié,
2026,USA,Group stage,Group Stage,2026-06-25,Ecuador,Germany,2.0,1.0,3.0,1.0,Home Win,Ecuador,,,,,"MetLife Stadium, East Rutherford",80663,Tori Penso,Sebastián Becaccece,Julian Nagelsmann,Moisés Caicedo,Joshua Kimmich,
2026,USA,Group stage,Group Stage,2026-06-25,Tunisia,Netherlands,1.0,3.0,4.0,-2.0,Away Win,Netherlands,,,,,"GEHA Field at Arrowhead Stadium, Kansas City",68391,Katia García,Hervé Renard,Ronald Koeman,Ellyes Skhiri,Virgil van Dijk,
2026,USA,Group stage,Group Stage,2026-06-25,Japan,Sweden,1.0,1.0,2.0,0.0,Draw,Draw,,,,,"AT&T Stadium, Arlington",70137,Iván Barton,Hajime Moriyasu,Graham Potter,Ko Itakura,Victor Lindelöf,
2026,USA,Group stage,Group Stage,2026-06-25,Türkiye,United States,3.0,2.0,5.0,1.0,Home Win,Türkiye,,,,,"SoFi Stadium, Inglewood",70492,Mustapha Ghorbal,Vincenzo Montella,Mauricio Pochettino,Zeki Çelik,Weston McKennie,
2026,USA,Group stage,Group Stage,2026-06-25,Paraguay,Australia,0.0,0.0,0.0,0.0,Draw,Draw,,,,,"Levi's Stadium, Santa Clara",68827,Clément Turpin,Gustavo Alfaro,Tony Popovic,Gustavo Gómez,Harry Souttar,
2026,USA,Group stage,Group Stage,2026-06-26,Norway,France,1.0,4.0,5.0,-3.0,Away Win,France,,,,,"Gillette Stadium, Foxborough",64146,Michael Oliver,Ståle Solbakken,Guy Stéphan,Patrick Berg,Kylian Mbappé,
2026,Canada,Group stage,Group Stage,2026-06-26,Senegal,Iraq,5.0,0.0,5.0,5.0,Home Win,Senegal,,,,,"BMO Field, Toronto",43036,Anthony Taylor,Pape Thiaw,Graham Arnold,Idrissa Gueye,Ibrahim Bayesh,
2026,Mexico,Group stage,Group Stage,2026-06-26,Uruguay,Spain,0.0,1.0,1.0,-1.0,Away Win,Spain,,,,,"Estadio Akron, Zapopan",45065,Ismail Elfath,Marcelo Bielsa,Luis de la Fuente,Federico Valverde,Rodri,
2026,USA,Group stage,Group Stage,2026-06-26,Cabo Verde,Saudi Arabia,0.0,0.0,0.0,0.0,Draw,Draw,,,,,"Reliant Stadium, Houston",68278,François Letexier,Bubista,Georgios Donis,Ryan Mendes,Salem Al-Dawsari,
2026,USA,Group stage,Group Stage,2026-06-26,Egypt,IR Iran,1.0,1.0,2.0,0.0,Draw,Draw,,,,,"Lumen Field, Seattle",66925,Szymon Marciniak,Hossam Hassan,Amir Ghalehnoy,Mohamed Salah,Mehdi Taremi,
2026,Canada,Group stage,Group Stage,2026-06-26,New Zealand,Belgium,1.0,5.0,6.0,-4.0,Away Win,Belgium,,,,,"BC Place Stadium, Vancouver",52497,Adham Makhadmeh,Darren Bazeley,Rudi Garcia,Chris Wood,Youri Tielemans,
2026,USA,Group stage,Group Stage,2026-06-27,Croatia,Ghana,2.0,1.0,3.0,1.0,Home Win,Croatia,,,,,"Lincoln Financial Field, Philadelphia",68324,Drew Fischer,Zlatko Dalić,Carlos Queiroz,Luka Modrić,Jordan Ayew,
2026,USA,Group stage,Group Stage,2026-06-27,Panama,England,0.0,2.0,2.0,-2.0,Away Win,England,,,,,"MetLife Stadium, East Rutherford",80663,Abdulrahman Ibrahim Al Jassim,Thomas Christiansen,Thomas Tuchel,Yoel Bárcenas,Harry Kane,
2026,USA,Group stage,Group Stage,2026-06-27,Congo DR,Uzbekistan,3.0,1.0,4.0,2.0,Home Win,Congo DR,,,,,"Mercedes-Benz Stadium, Atlanta",68239,Felix Zwayer,Sébastien Desabre,Fabio Cannavaro,Chancel Mbemba,Eldor Shomurodov,
2026,USA,Group stage,Group Stage,2026-06-27,Colombia,Portugal,0.0,0.0,0.0,0.0,Draw,Draw,,,,,"Hard Rock Stadium, Miami Gardens",64478,Alireza Faghani,Néstor Lorenzo,Roberto Martínez,James Rodríguez,Cristiano Ronaldo,
2026,USA,Group stage,Group Stage,2026-06-27,Jordan,Argentina,1.0,3.0,4.0,-2.0,Away Win,Argentina,,,,,"AT&T Stadium, Arlington",70649,István Kovács,Jamal Sellami,Lionel Scaloni,Ihsan Haddad,Nicolás Otamendi,
2026,USA,Group stage,Group Stage,2026-06-27,Algeria,Austria,3.0,3.0,6.0,0.0,Draw,Draw,,,,,"GEHA Field at Arrowhead Stadium, Kansas City",69045,Ilgiz Tantashev,Vladimir Petković,Ralf Rangnick,Riyad Mahrez,David Alaba,
2026,USA,Round of 32,Knockout,2026-06-28,South Africa,Canada,0.0,1.0,1.0,-1.0,Away Win,Canada,,,,,"SoFi Stadium, Inglewood",69237,João Pinheiro,Hugo Broos,Jesse Marsch,Ronwen Williams,Stephen Eustáquio,
2026,USA,Round of 32,Knockout,2026-06-29,Brazil,Japan,2.0,1.0,3.0,1.0,Home Win,Brazil,,,,,"Reliant Stadium, Houston",68777,Maurizio Mariani,Carlo Ancelotti,Hajime Moriyasu,Marquinhos,Ritsu Doan,
2026,USA,Round of 32,Knockout,2026-06-29,Germany,Paraguay,1.0,1.0,2.0,0.0,Away Win (pens),Paraguay,,,3.0,4.0,"Gillette Stadium, Foxborough",63945,Jalal Jayed,Julian Nagelsmann,Gustavo Alfaro,Joshua Kimmich,Gustavo Gómez,Paraguay won a penalty shoot-out following extra time
2026,Mexico,Round of 32,Knockout,2026-06-29,Netherlands,Morocco,1.0,1.0,2.0,0.0,Away Win (pens),Morocco,,,2.0,3.0,"Estadio BBVA, Guadalupe",51243,Wilton Sampaio,Ronald Koeman,Mohamed Ouahbi,Virgil van Dijk,Achraf Hakimi,Morocco won a penalty shoot-out following extra time
2026,USA,Round of 32,Knockout,2026-06-30,Côte d'Ivoire,Norway,1.0,2.0,3.0,-1.0,Away Win,Norway,,,,,"AT&T Stadium, Arlington",69665,Jesús Valenzuela,Emerse Faé,Ståle Solbakken,Franck Kessié,Martin Ødegaard,
2026,USA,Round of 32,Knockout,2026-06-30,France,Sweden,3.0,0.0,3.0,3.0,Home Win,France,,,,,"MetLife Stadium, East Rutherford",80663,Danny Makkelie,Didier Deschamps,Graham Potter,Kylian Mbappé,Victor Lindelöf,
2026,Mexico,Round of 32,Knockout,2026-06-30,Mexico,Ecuador,2.0,0.0,2.0,2.0,Home Win,Mexico,,,,,"Estadio Banorte, Coyoacán",80824,Slavko Vinčič,Javier Aguirre,Sebastián Becaccece,César Montes,Moisés Caicedo,
2026,USA,Round of 32,Knockout,2026-07-01,England,Congo DR,2.0,1.0,3.0,1.0,Home Win,England,,,,,"Mercedes-Benz Stadium, Atlanta",68239,Adham Makhadmeh,Thomas Tuchel,Sébastien Desabre,Harry Kane,Chancel Mbemba,
2026,USA,Round of 32,Knockout,2026-07-01,Belgium,Senegal,3.0,2.0,5.0,1.0,Home Win,Belgium,,,,,"Lumen Field, Seattle",66925,Said Martínez,Rudi Garcia,Pape Thiaw,Youri Tielemans,Idrissa Gueye,Required Extra Time
2026,USA,Round of 32,Knockout,2026-07-01,United States,Bosnia–Herz,2.0,0.0,2.0,2.0,Home Win,United States,,,,,"Levi's Stadium, Santa Clara",68827,Raphael Claus,Mauricio Pochettino,Sergej Barbarez,Tim Ream,Edin Džeko,
2026,USA,Round of 32,Knockout,2026-07-02,Spain,Austria,3.0,0.0,3.0,3.0,Home Win,Spain,,,,,"SoFi Stadium, Inglewood",70492,Glenn Nyberg,Luis de la Fuente,Ralf Rangnick,Rodri,David Alaba,
2026,Canada,Round of 32,Knockout,2026-07-02,Portugal,Croatia,2.0,1.0,3.0,1.0,Home Win,Portugal,,,,,"BMO Field, Toronto",43036,Espen Eskås,Roberto Martínez,Zlatko Dalić,Cristiano Ronaldo,Luka Modrić,
2026,Canada,Round of 32,Knockout,2026-07-02,Switzerland,Algeria,2.0,0.0,2.0,2.0,Home Win,Switzerland,,,,,"BC Place Stadium, Vancouver",52497,Yael Falcón,Murat Yakin,Vladimir Petković,Granit Xhaka,Riyad Mahrez,
2026,USA,Round of 32,Knockout,2026-07-03,Australia,Egypt,1.0,1.0,2.0,0.0,Away Win (pens),Egypt,,,2.0,4.0,"AT&T Stadium, Arlington",70244,Gustavo Tejera,Tony Popovic,Hossam Hassan,Harry Souttar,Mohamed Salah,Egypt won a penalty shoot-out following extra time
2026,USA,Round of 32,Knockout,2026-07-03,Argentina,Cabo Verde,3.0,2.0,5.0,1.0,Home Win,Argentina,,,,,"Hard Rock Stadium, Miami Gardens",64478,Drew Fischer,Lionel Scaloni,Bubista,Lionel Messi,Ryan Mendes,Required Extra Time
2026,USA,Round of 32,Knockout,2026-07-03,Colombia,Ghana,1.0,0.0,1.0,1.0,Home Win,Colombia,,,,,"GEHA Field at Arrowhead Stadium, Kansas City",69045,Clément Turpin,Néstor Lorenzo,Carlos Queiroz,James Rodríguez,Jordan Ayew,
2026,USA,Round of 16,Knockout,2026-07-04,Canada,Morocco,0.0,3.0,3.0,-3.0,Away Win,Morocco,,,,,"Reliant Stadium, Houston",68777,Michael Oliver,Jesse Marsch,Mohamed Ouahbi,Stephen Eustáquio,Achraf Hakimi,
2026,USA,Round of 16,Knockout,2026-07-04,Paraguay,France,0.0,1.0,1.0,-1.0,Away Win,France,,,,,"Lincoln Financial Field, Philadelphia",68324,Ilgiz Tantashev,Gustavo Alfaro,Didier Deschamps,Gustavo Gómez,Kylian Mbappé,
2026,USA,Round of 16,Knockout,2026-07-05,Brazil,Norway,1.0,2.0,3.0,-1.0,Away Win,Norway,,,,,"MetLife Stadium, East Rutherford",80663,Ismail Elfath,Carlo Ancelotti,Ståle Solbakken,Marquinhos,Martin Ødegaard,
2026,Mexico,Round of 16,Knockout,2026-07-05,Mexico,England,2.0,3.0,5.0,-1.0,Away Win,England,,,,,"Estadio Banorte, Coyoacán",80824,Alireza Faghani,Javier Aguirre,Thomas Tuchel,César Montes,Harry Kane,
2026,USA,Round of 16,Knockout,2026-07-06,Portugal,Spain,0.0,1.0,1.0,-1.0,Away Win,Spain,,,,,"AT&T Stadium, Arlington",70649,Anthony Taylor,Roberto Martínez,Luis de la Fuente,Cristiano Ronaldo,Rodri,
2026,USA,Round of 16,Knockout,2026-07-06,United States,Belgium,1.0,4.0,5.0,-3.0,Away Win,Belgium,,,,,"Lumen Field, Seattle",66925,Adham Makhadmeh,Mauricio Pochettino,Rudi Garcia,Tim Ream,Youri Tielemans,
2026,USA,Round of 16,Knockout,2026-07-07,Argentina,Egypt,3.0,2.0,5.0,1.0,Home Win,Argentina,,,,,"Mercedes-Benz Stadium, Atlanta",68239,François Letexier,Lionel Scaloni,Hossam Hassan,Lionel Messi,Mohamed Salah,
2026,Canada,Round of 16,Knockout,2026-07-07,Switzerland,Colombia,0.0,0.0,0.0,0.0,Home Win (pens),Switzerland,,,4.0,3.0,"BC Place Stadium, Vancouver",52497,Iván Barton,Murat Yakin,Néstor Lorenzo,Granit Xhaka,James Rodríguez,Switzerland won a penalty shoot-out following extra time
2026,USA,Quarter-finals,Knockout,2026-07-09,France,Morocco,2.0,0.0,2.0,2.0,Home Win,France,,,,,"Gillette Stadium, Foxborough",63811,Facundo Tello,Didier Deschamps,Mohamed Ouahbi,Kylian Mbappé,Achraf Hakimi,
2026,USA,Quarter-finals,Knockout,2026-07-10,Spain,Belgium,2.0,1.0,3.0,1.0,Home Win,Spain,,,,,"SoFi Stadium, Inglewood",70492,Michael Oliver,Luis de la Fuente,Rudi Garcia,Rodri,Kevin De Bruyne,
2026,USA,Quarter-finals,Knockout,2026-07-11,Norway,England,1.0,2.0,3.0,-1.0,Away Win,England,,,,,"Hard Rock Stadium, Miami Gardens",64478,Clément Turpin,Ståle Solbakken,Thomas Tuchel,Martin Ødegaard,Harry Kane,Required Extra Time
2026,USA,Quarter-finals,Knockout,2026-07-11,Argentina,Switzerland,3.0,1.0,4.0,2.0,Home Win,Argentina,,,,,"GEHA Field at Arrowhead Stadium, Kansas City",69045,João Pinheiro,Lionel Scaloni,Murat Yakin,Lionel Messi,Granit Xhaka,Required Extra Time
2026,USA,Semi-finals,Knockout,2026-07-14,France,Spain,0.0,2.0,2.0,-2.0,Away Win,Spain,,,,,"AT&T Stadium, Arlington",70176,Iván Barton,Didier Deschamps,Luis de la Fuente,Kylian Mbappé,Rodri,
2026,USA,Semi-finals,Knockout,2026-07-15,England,Argentina,1.0,2.0,3.0,-1.0,Away Win,Argentina,,,,,"Mercedes-Benz Stadium, Atlanta",68239,Ismail Elfath,Thomas Tuchel,Lionel Scaloni,Harry Kane,Lionel Messi,
2026,USA,Third-place match,Knockout,2026-07-18,France,England,4.0,6.0,10.0,-2.0,Away Win,England,,,,,"Hard Rock Stadium, Miami Gardens",64478,Jesús Valenzuela,Didier Deschamps,Thomas Tuchel,Kylian Mbappé,Declan Rice,
2026,USA,Final,Knockout,2026-07-19,Spain,Argentina,1.0,0.0,1.0,1.0,Home Win,Spain,,,,,"MetLife Stadium, East Rutherford",80663,Slavko Vinčič,Luis de la Fuente,Lionel Scaloni,Rodri,Lionel Messi,Required Extra Time
